{
    "0":9.777999501122475,
    "1":1.8707907208780246,
    "2":0.5986530306809678,
    "3":4.689448740334248,
    "4":5.8119231728610625,
    "5":6.759790471439262,
    "6":5.587428286355699,
    "7":5.4128211524070835,
    "8":6.535295584933899,
    "9":5.911698677974557,
    "10":4.115739585931654,
    "11":3.0930406585183334,
    "12":2.993265153404839,
    "13":3.2925916687453234,
    "14":2.0204539785482667,
    "15":2.5941631329508605,
    "16":2.04539785482664,
    "17":1.995510102269893,
    "18":2.195061112496882,
    "19":1.7211274632077826,
    "20":1.5714642055375407,
    "21":0.8730356697430781,
    "22":0.7483162883512098,
    "23":1.247193813918683,
    "24":0.9229234222998255,
    "25":1.0725866799700674,
    "26":0.8979795460214518,
    "27":0.7483162883512098,
    "28":0.8730356697430781,
    "29":0.6734846595160887,
    "30":0.6485407832377151,
    "31":0.3991020204539786,
    "32":0.5238214018458469,
    "33":0.3991020204539786,
    "34":0.07483162883512097,
    "35":0.2993265153404839,
    "36":0.07483162883512097,
    "37":0.14966325767024194,
    "38":0.09977550511349464,
    "39":0.1995510102269893,
    "40":0.2993265153404839,
    "41":0.22449488650536295,
    "42":0.2993265153404839,
    "43":0.3991020204539786,
    "44":0.3741581441756049,
    "45":0.1995510102269893,
    "46":0.14966325767024194,
    "47":0.22449488650536295,
    "48":0.1247193813918683,
    "49":0.04988775255674732,
    "50":0.09977550511349464,
    "51":0.1995510102269893,
    "52":0.1247193813918683,
    "53":0.27438263906211025,
    "54":0.1995510102269893,
    "55":0.1247193813918683,
    "56":0.27438263906211025,
    "57":0.1247193813918683,
    "58":0.22449488650536295,
    "59":0.1746071339486156,
    "60":0.27438263906211025,
    "61":0.14966325767024194,
    "62":0.1746071339486156,
    "63":0.1995510102269893,
    "64":0.22449488650536295,
    "65":0.2993265153404839,
    "66":0.1247193813918683,
    "67":0.2494387627837366,
    "68":0.27438263906211025,
    "69":0.14966325767024194,
    "70":0.1995510102269893,
    "71":0.2494387627837366,
    "72":0.27438263906211025,
    "73":0.3492142678972312,
    "74":0.2494387627837366,
    "75":0.1247193813918683,
    "76":0.09977550511349464,
    "77":0.07483162883512097,
    "78":0.04988775255674732,
    "79":0.1995510102269893,
    "80":0.09977550511349464,
    "81":0.14966325767024194,
    "82":0.07483162883512097,
    "83":0.0,
    "84":0.0,
    "85":0.0,
    "86":0.0,
    "87":0.0,
    "88":0.0,
    "89":0.0,
    "90":0.0,
    "91":0.0
}