{
    "0":12.044471896232242,
    "1":2.378011117974058,
    "2":1.2353304508956144,
    "3":6.516368128474367,
    "4":5.775169857936998,
    "5":4.7869054972205065,
    "6":2.8103767757875233,
    "7":2.964793082149475,
    "8":3.4898085237801113,
    "9":2.964793082149475,
    "10":3.3662754786905493,
    "11":3.4280420012353305,
    "12":2.8412600370599135,
    "13":3.1192093885114267,
    "14":2.2235948116121063,
    "15":2.9956763434218656,
    "16":2.4088943792464486,
    "17":2.625077208153181,
    "18":3.026559604694256,
    "19":2.5941939468807904,
    "20":2.378011117974058,
    "21":1.8529956763434219,
    "22":1.2970969734403952,
    "23":1.6985793699814702,
    "24":2.1309450277949353,
    "25":1.945645460160593,
    "26":1.173563928350834,
    "27":1.2970969734403952,
    "28":1.5441630636195183,
    "29":1.173563928350834,
    "30":1.4515132798023471,
    "31":1.1426806670784435,
    "32":1.3279802347127856,
    "33":1.0809141445336627,
    "34":0.7720815318097591,
    "35":0.9573810994441012,
    "36":0.49413218035824585,
    "37":0.5558987029030266,
    "38":0.33971587399629405,
    "39":0.12353304508956146,
    "40":0.24706609017912293,
    "41":0.24706609017912293,
    "42":0.21618282890673254,
    "43":0.12353304508956146,
    "44":0.1852995676343422,
    "45":0.1852995676343422,
    "46":0.06176652254478073,
    "47":0.0926497838171711,
    "48":0.0926497838171711,
    "49":0.030883261272390366,
    "50":0.1852995676343422,
    "51":0.0,
    "52":0.0,
    "53":0.0,
    "54":0.0,
    "55":0.0,
    "56":0.0,
    "57":0.0,
    "58":0.0,
    "59":0.0
}