{
    "0":10.924152213305721,
    "1":2.0450427129174216,
    "2":1.2166709811027698,
    "3":5.022003624126327,
    "4":4.297178358788507,
    "5":3.934765726119596,
    "6":4.090085425834843,
    "7":4.400724825265337,
    "8":4.918457157649495,
    "9":4.866683924411079,
    "10":4.581931141599793,
    "11":3.3393735438778154,
    "12":3.4946932435930624,
    "13":2.6404348951592027,
    "14":2.122702562775045,
    "15":2.7957545948744498,
    "16":2.536888428682371,
    "17":2.9251876779704893,
    "18":3.287600310639399,
    "19":1.8638363965829667,
    "20":1.656743463629304,
    "21":1.2425575977219776,
    "22":1.2943308309603936,
    "23":1.4237639140564327,
    "24":1.3978772974372249,
    "25":1.3719906808180171,
    "26":1.1390111312451463,
    "27":1.3202174475796014,
    "28":1.3461040641988091,
    "29":1.164897747864354,
    "30":1.2166709811027698,
    "31":0.8801449650530676,
    "32":0.802485115195444,
    "33":0.595392182241781,
    "34":0.38829924928811804,
    "35":0.23297954957287084,
    "36":0.207092932953663,
    "37":0.1553196997152472,
    "38":0.207092932953663,
    "39":0.1553196997152472,
    "40":0.18120631633445508,
    "41":0.3106393994304944,
    "42":0.2847527828112866,
    "43":0.2847527828112866,
    "44":0.3106393994304944,
    "45":0.1553196997152472,
    "46":0.1553196997152472,
    "47":0.1553196997152472,
    "48":0.12943308309603935,
    "49":0.1035464664768315,
    "50":0.18120631633445508,
    "51":0.3106393994304944,
    "52":0.2847527828112866,
    "53":0.1035464664768315,
    "54":0.025886616619207874,
    "55":0.12943308309603935,
    "56":0.18120631633445508,
    "57":0.0776598498576236,
    "58":0.1553196997152472,
    "59":0.1553196997152472,
    "60":0.0776598498576236,
    "61":0.12943308309603935,
    "62":0.12943308309603935,
    "63":0.05177323323841575,
    "64":0.0776598498576236,
    "65":0.1553196997152472,
    "66":0.1553196997152472,
    "67":0.05177323323841575,
    "68":0.1553196997152472,
    "69":0.1553196997152472,
    "70":0.1035464664768315,
    "71":0.0776598498576236,
    "72":0.207092932953663,
    "73":0.1035464664768315,
    "74":0.1553196997152472,
    "75":0.207092932953663,
    "76":0.1035464664768315,
    "77":0.18120631633445508,
    "78":0.0776598498576236,
    "79":0.23297954957287084,
    "80":0.05177323323841575,
    "81":0.18120631633445508,
    "82":0.0,
    "83":0.0,
    "84":0.0,
    "85":0.0,
    "86":0.0,
    "87":0.0,
    "88":0.0,
    "89":0.0,
    "90":0.0
}