{
    "0":5.133710716377123,
    "1":4.9189927776693345,
    "2":11.750927191098965,
    "3":4.27483896154597,
    "4":3.2402888932266247,
    "5":3.7087643958617993,
    "6":3.806363458910794,
    "7":4.997072028108531,
    "8":4.470037087643958,
    "9":3.630685145422604,
    "10":3.4159672067148157,
    "11":3.7282842084715986,
    "12":3.0841303923482335,
    "13":2.3033378879562756,
    "14":2.5961350771032596,
    "15":2.479016201444466,
    "16":2.1862190122974816,
    "17":2.205738824907281,
    "18":1.9715010735896936,
    "19":2.2252586375170798,
    "20":1.8934218231504978,
    "21":1.776302947491704,
    "22":1.4054265079055241,
    "23":1.1126293187585399,
    "24":1.2883076322467304,
    "25":0.9564708178801484,
    "26":0.9564708178801484,
    "27":0.4294358774155768,
    "28":0.40991606480577786,
    "29":0.5465547530743704,
    "30":0.4684755026351747,
    "31":0.3123170017567832,
    "32":0.3123170017567832,
    "33":0.23423775131758734,
    "34":0.2537575639273863,
    "35":0.2927971891469842,
    "36":0.3318368143665821,
    "37":0.3123170017567832,
    "38":0.3318368143665821,
    "39":0.2927971891469842,
    "40":0.35135662697638104,
    "41":0.37087643958618,
    "42":0.3903962521959789,
    "43":0.2927971891469842,
    "44":0.3903962521959789,
    "45":0.37087643958618,
    "46":0.37087643958618,
    "47":0.4684755026351747,
    "48":0.3123170017567832,
    "49":0.23423775131758734,
    "50":0.40991606480577786,
    "51":0.17567831348819052,
    "52":0.3123170017567832,
    "53":0.37087643958618,
    "54":0.1561585008783916,
    "55":0.48799531524497364,
    "56":0.2537575639273863,
    "57":0.17567831348819052,
    "58":0.09759906304899472,
    "59":0.11711887565879367,
    "60":0.11711887565879367,
    "61":0.11711887565879367,
    "62":0.2147179387077884,
    "63":0.1561585008783916,
    "64":0.0780792504391958,
    "65":0.11711887565879367,
    "66":0.19519812609798945,
    "67":0.1561585008783916,
    "68":0.0780792504391958,
    "69":0.19519812609798945,
    "70":0.1366386882685926,
    "71":0.19519812609798945,
    "72":0.0780792504391958,
    "73":0.11711887565879367,
    "74":0.0390396252195979,
    "75":0.11711887565879367,
    "76":0.0780792504391958,
    "77":0.0780792504391958,
    "78":0.0780792504391958,
    "79":0.1561585008783916,
    "80":0.2147179387077884,
    "81":0.0390396252195979,
    "82":0.01951981260979895,
    "83":0.0390396252195979,
    "84":0.01951981260979895,
    "85":0.01951981260979895,
    "86":0.01951981260979895,
    "87":0.01951981260979895,
    "88":0.01951981260979895,
    "89":0.058559437829396835,
    "90":0.0780792504391958,
    "91":0.01951981260979895,
    "92":0.01951981260979895,
    "93":0.01951981260979895,
    "94":0.0390396252195979,
    "95":0.0390396252195979,
    "96":0.0390396252195979,
    "97":0.01951981260979895,
    "98":0.058559437829396835,
    "99":0.0390396252195979,
    "100":0.058559437829396835,
    "101":0.01951981260979895,
    "102":0.058559437829396835,
    "103":0.0,
    "104":0.01951981260979895,
    "105":0.0780792504391958,
    "106":0.01951981260979895,
    "107":0.0,
    "108":0.0390396252195979,
    "109":0.0,
    "110":0.01951981260979895,
    "111":0.01951981260979895,
    "112":0.01951981260979895,
    "113":0.01951981260979895,
    "114":0.0390396252195979,
    "115":0.01951981260979895,
    "116":0.01951981260979895,
    "117":0.01951981260979895,
    "118":0.0,
    "119":0.0,
    "120":0.0,
    "121":0.0390396252195979,
    "122":0.0,
    "123":0.0,
    "124":0.0,
    "125":0.0,
    "126":0.0,
    "127":0.0,
    "128":0.0,
    "129":0.0,
    "130":0.0
}