{
    "0":0.5523336095001381,
    "1":0.16570008285004142,
    "2":0.8561170947252139,
    "3":1.9884009942004972,
    "4":2.7064346865506765,
    "5":4.611985639326153,
    "6":6.848936757801711,
    "7":8.146920740127037,
    "8":9.444904722452362,
    "9":7.1251035625517805,
    "10":5.716652858326429,
    "11":5.330019331676333,
    "12":4.170118751726042,
    "13":3.452085059375863,
    "14":3.203534935100801,
    "15":2.264567798950566,
    "16":1.6570008285004143,
    "17":2.4026512013256007,
    "18":1.7674675504004418,
    "19":1.4360673847003589,
    "20":1.5465341066003866,
    "21":1.7950842308754489,
    "22":1.8227009113504555,
    "23":1.1875172604252968,
    "24":1.215133940900304,
    "25":1.5465341066003866,
    "26":1.6017674675504006,
    "27":1.2703673018503174,
    "28":1.132283899475283,
    "29":1.2427506213753108,
    "30":1.15990057995029,
    "31":1.2703673018503174,
    "32":1.0218171775752554,
    "33":1.132283899475283,
    "34":0.6904170118751726,
    "35":0.6351836509251587,
    "36":0.9665838166252416,
    "37":0.5247169290251312,
    "38":0.7180336923501794,
    "39":0.6351836509251587,
    "40":0.6904170118751726,
    "41":0.6904170118751726,
    "42":0.33140016570008285,
    "43":0.44186688760011045,
    "44":0.303783485225076,
    "45":0.303783485225076,
    "46":0.27616680475006905,
    "47":0.0,
    "48":0.0,
    "49":0.0,
    "50":0.0,
    "51":0.0,
    "52":0.0,
    "53":0.0,
    "54":0.0,
    "55":0.0
}