{
    "0":[
        [
            -1.4628612245259858,
            -48.471011702441224,
            "300000000001",
            "0"
        ]
    ],
    "1":[
        [
            -1.4606812204313038,
            -48.472676129112735,
            "300000000002",
            "3"
        ]
    ],
    "10":[
        [
            -1.4613372421516007,
            -48.47026842960641,
            "300000000011",
            "3"
        ]
    ],
    "11":[
        [
            -1.4602957004403494,
            -48.47054549736064,
            "300000000012",
            "0"
        ]
    ],
    "2":[
        [
            -1.461640994989864,
            -48.47229368425459,
            "300000000003",
            "1"
        ]
    ],
    "3":[
        [
            -1.460173599648155,
            -48.46833824236001,
            "300000000004",
            "4"
        ]
    ],
    "4":[
        [
            -1.4604655706461382,
            -48.471036593992594,
            "300000000005",
            "3"
        ]
    ],
    "5":[
        [
            -1.4596946006988627,
            -48.46949089204439,
            "300000000006",
            "0"
        ]
    ],
    "6":[
        [
            -1.458997162490883,
            -48.471273753050966,
            "300000000007",
            "3"
        ]
    ],
    "7":[
        [
            -1.4599913287153237,
            -48.47384701483925,
            "300000000008",
            "4"
        ]
    ],
    "8":[
        [
            -1.4587230347866322,
            -48.4715495943672,
            "300000000009",
            "1"
        ]
    ],
    "9":[
        [
            -1.4626578416831622,
            -48.46999616117254,
            "300000000010",
            "0"
        ]
    ],
    "total_length":2751.938347931981,
    "total_time":0.8309931755065918
}