{
    "0":2.105080027835769,
    "1":4.2797494780793315,
    "2":6.210855949895616,
    "3":9.533750869867779,
    "4":6.263048016701461,
    "5":4.99304105775922,
    "6":3.7056367432150314,
    "7":4.923451635351427,
    "8":4.7146833681280444,
    "9":3.7056367432150314,
    "10":3.0967292971468336,
    "11":3.7230340988169797,
    "12":2.940153096729297,
    "13":2.940153096729297,
    "14":2.9575504523312457,
    "15":2.9227557411273484,
    "16":3.1141266527487823,
    "17":3.2359081419624216,
    "18":3.2011134307585247,
    "19":2.835768963117606,
    "20":2.5052192066805845,
    "21":1.8093249826026443,
    "22":1.5657620041753653,
    "23":1.2700069589422407,
    "24":1.2352122477383438,
    "25":0.9742519137091163,
    "26":1.0264439805149617,
    "27":0.8002783576896312,
    "28":0.6437021572720947,
    "29":1.0786360473208072,
    "30":0.6089074460681976,
    "31":0.5741127348643006,
    "32":0.46972860125260957,
    "33":0.4523312456506611,
    "34":0.4001391788448156,
    "35":0.2609603340292276,
    "36":0.17397355601948505,
    "37":0.17397355601948505,
    "38":0.2435629784272791,
    "39":0.20876826722338201,
    "40":0.13917884481558804,
    "41":0.13917884481558804,
    "42":0.17397355601948505,
    "43":0.17397355601948505,
    "44":0.15657620041753653,
    "45":0.12178148921363954,
    "46":0.19137091162143355,
    "47":0.13917884481558804,
    "48":0.08698677800974253,
    "49":0.15657620041753653,
    "50":0.13917884481558804,
    "51":0.08698677800974253,
    "52":0.017397355601948505,
    "53":0.017397355601948505,
    "54":0.017397355601948505,
    "55":0.0,
    "56":0.0,
    "57":0.0,
    "58":0.0,
    "59":0.0,
    "60":0.03479471120389701,
    "61":0.017397355601948505,
    "62":0.0,
    "63":0.017397355601948505,
    "64":0.0,
    "65":0.0,
    "66":0.017397355601948505,
    "67":0.017397355601948505,
    "68":0.0,
    "69":0.017397355601948505,
    "70":0.017397355601948505,
    "71":0.052192066805845504,
    "72":0.017397355601948505,
    "73":0.0,
    "74":0.017397355601948505,
    "75":0.0,
    "76":0.0,
    "77":0.0,
    "78":0.0,
    "79":0.0,
    "80":0.0,
    "81":0.0,
    "82":0.0,
    "83":0.0,
    "84":0.052192066805845504,
    "85":0.0,
    "86":0.0,
    "87":0.0,
    "88":0.0,
    "89":0.0,
    "90":0.0,
    "91":0.017397355601948505,
    "92":0.03479471120389701,
    "93":0.017397355601948505,
    "94":0.0,
    "95":0.0,
    "96":0.0,
    "97":0.017397355601948505,
    "98":0.0,
    "99":0.0,
    "100":0.0,
    "101":0.0,
    "102":0.0,
    "103":0.0,
    "104":0.0,
    "105":0.0,
    "106":0.0
}