{
    "0":6.179511278195489,
    "1":3.007518796992481,
    "2":4.628759398496241,
    "3":4.511278195488721,
    "4":2.443609022556391,
    "5":3.336466165413534,
    "6":5.12218045112782,
    "7":5.474624060150376,
    "8":5.733082706766917,
    "9":6.343984962406016,
    "10":5.404135338345864,
    "11":4.440789473684211,
    "12":4.041353383458646,
    "13":3.101503759398496,
    "14":3.68890977443609,
    "15":2.819548872180451,
    "16":3.289473684210526,
    "17":3.101503759398496,
    "18":2.843045112781955,
    "19":2.3496240601503757,
    "20":2.3261278195488724,
    "21":2.0441729323308273,
    "22":1.7857142857142856,
    "23":1.8092105263157896,
    "24":1.3157894736842104,
    "25":1.151315789473684,
    "26":1.080827067669173,
    "27":0.6578947368421052,
    "28":0.30545112781954886,
    "29":0.3524436090225564,
    "30":0.42293233082706766,
    "31":0.37593984962406013,
    "32":0.39943609022556387,
    "33":0.25845864661654133,
    "34":0.28195488721804507,
    "35":0.14097744360902253,
    "36":0.14097744360902253,
    "37":0.18796992481203006,
    "38":0.1644736842105263,
    "39":0.21146616541353383,
    "40":0.023496240601503758,
    "41":0.14097744360902253,
    "42":0.07048872180451127,
    "43":0.046992481203007516,
    "44":0.25845864661654133,
    "45":0.09398496240601503,
    "46":0.2349624060150376,
    "47":0.046992481203007516,
    "48":0.046992481203007516,
    "49":0.046992481203007516,
    "50":0.023496240601503758,
    "51":0.1174812030075188,
    "52":0.1174812030075188,
    "53":0.0,
    "54":0.046992481203007516,
    "55":0.023496240601503758,
    "56":0.023496240601503758,
    "57":0.023496240601503758,
    "58":0.0,
    "59":0.0,
    "60":0.0,
    "61":0.0,
    "62":0.0,
    "63":0.0,
    "64":0.0,
    "65":0.023496240601503758,
    "66":0.023496240601503758,
    "67":0.09398496240601503,
    "68":0.046992481203007516,
    "69":0.0,
    "70":0.023496240601503758,
    "71":0.0,
    "72":0.046992481203007516,
    "73":0.046992481203007516,
    "74":0.0,
    "75":0.0,
    "76":0.0,
    "77":0.046992481203007516,
    "78":0.023496240601503758,
    "79":0.0,
    "80":0.023496240601503758,
    "81":0.023496240601503758,
    "82":0.023496240601503758,
    "83":0.0,
    "84":0.0,
    "85":0.046992481203007516,
    "86":0.0,
    "87":0.046992481203007516,
    "88":0.1174812030075188,
    "89":0.0,
    "90":0.023496240601503758,
    "91":0.046992481203007516,
    "92":0.023496240601503758,
    "93":0.0,
    "94":0.0,
    "95":0.0,
    "96":0.07048872180451127,
    "97":0.023496240601503758,
    "98":0.0,
    "99":0.023496240601503758,
    "100":0.023496240601503758,
    "101":0.0,
    "102":0.023496240601503758,
    "103":0.0,
    "104":0.0,
    "105":0.023496240601503758,
    "106":0.09398496240601503,
    "107":0.0,
    "108":0.023496240601503758,
    "109":0.023496240601503758,
    "110":0.023496240601503758,
    "111":0.023496240601503758,
    "112":0.0,
    "113":0.0,
    "114":0.0,
    "115":0.0,
    "116":0.023496240601503758,
    "117":0.046992481203007516,
    "118":0.0,
    "119":0.0,
    "120":0.023496240601503758,
    "121":0.023496240601503758,
    "122":0.023496240601503758,
    "123":0.0,
    "124":0.0,
    "125":0.046992481203007516,
    "126":0.0,
    "127":0.0,
    "128":0.0,
    "129":0.023496240601503758,
    "130":0.0,
    "131":0.0,
    "132":0.0,
    "133":0.0,
    "134":0.0,
    "135":0.0,
    "136":0.0,
    "137":0.0
}