{
    "0":7.486176095278604,
    "1":3.1263292216078264,
    "2":3.27520204168439,
    "3":4.2109740535942155,
    "4":4.8064653339004675,
    "5":5.253083794130157,
    "6":4.423649510846448,
    "7":5.550829434283284,
    "8":4.721395150999575,
    "9":4.168438962143769,
    "10":3.27520204168439,
    "11":3.8281582305401956,
    "12":3.0625265844321565,
    "13":3.190131858783497,
    "14":2.9987239472564866,
    "15":3.1475967673330496,
    "16":3.0625265844321565,
    "17":2.9774564015312635,
    "18":2.3606975754997874,
    "19":2.679710761378137,
    "20":2.2968949383241175,
    "21":2.722245852828584,
    "22":1.7014036580178649,
    "23":1.6163334751169716,
    "24":1.3398553806890685,
    "25":1.1909825606125053,
    "26":0.9357720119098255,
    "27":0.6592939174819226,
    "28":1.0421097405359423,
    "29":0.8719693747341557,
    "30":0.7018290089323692,
    "31":0.7868991918332624,
    "32":0.38281582305401957,
    "33":0.5104210974053595,
    "34":0.7443641003828159,
    "35":0.4253509145044662,
    "36":0.5742237345810294,
    "37":0.4040833687792429,
    "38":0.616758826031476,
    "39":0.5104210974053595,
    "40":0.340280731603573,
    "41":0.36154827732879624,
    "42":0.44661846022968954,
    "43":0.14887282007656316,
    "44":0.25521054870267973,
    "45":0.31901318587834965,
    "46":0.14887282007656316,
    "47":0.10633772862611655,
    "48":0.08507018290089324,
    "49":0.08507018290089324,
    "50":0.0,
    "51":0.02126754572522331,
    "52":0.0,
    "53":0.0,
    "54":0.0,
    "55":0.0,
    "56":0.0,
    "57":0.02126754572522331,
    "58":0.0,
    "59":0.0,
    "60":0.0,
    "61":0.02126754572522331,
    "62":0.0,
    "63":0.0,
    "64":0.0,
    "65":0.0,
    "66":0.0,
    "67":0.0,
    "68":0.0,
    "69":0.0
}