{
    "0":1.7889908256880735,
    "1":4.013761467889909,
    "2":15.0,
    "3":7.9816513761467895,
    "4":4.44954128440367,
    "5":4.793577981651376,
    "6":4.701834862385321,
    "7":6.697247706422019,
    "8":6.536697247706422,
    "9":4.564220183486238,
    "10":3.853211009174312,
    "11":3.5321100917431196,
    "12":3.577981651376147,
    "13":1.7889908256880735,
    "14":1.5137614678899083,
    "15":1.536697247706422,
    "16":1.1009174311926606,
    "17":1.536697247706422,
    "18":1.536697247706422,
    "19":1.0321100917431194,
    "20":0.8256880733944955,
    "21":0.8027522935779817,
    "22":1.0321100917431194,
    "23":0.9174311926605505,
    "24":1.3990825688073396,
    "25":0.963302752293578,
    "26":0.963302752293578,
    "27":0.9174311926605505,
    "28":0.6422018348623854,
    "29":0.8256880733944955,
    "30":0.41284403669724773,
    "31":0.38990825688073394,
    "32":0.5504587155963303,
    "33":0.5275229357798166,
    "34":0.4357798165137615,
    "35":0.34403669724770647,
    "36":0.34403669724770647,
    "37":0.1834862385321101,
    "38":0.38990825688073394,
    "39":0.2522935779816514,
    "40":0.38990825688073394,
    "41":0.3211009174311927,
    "42":0.09174311926605505,
    "43":0.34403669724770647,
    "44":0.27522935779816515,
    "45":0.1834862385321101,
    "46":0.09174311926605505,
    "47":0.22935779816513763,
    "48":0.13761467889908258,
    "49":0.11467889908256881,
    "50":0.20642201834862386,
    "51":0.045871559633027525,
    "52":0.20642201834862386,
    "53":0.09174311926605505,
    "54":0.06880733944954129,
    "55":0.1834862385321101,
    "56":0.20642201834862386,
    "57":0.11467889908256881,
    "58":0.06880733944954129,
    "59":0.06880733944954129,
    "60":0.13761467889908258,
    "61":0.11467889908256881,
    "62":0.045871559633027525,
    "63":0.09174311926605505,
    "64":0.045871559633027525,
    "65":0.022935779816513763,
    "66":0.06880733944954129,
    "67":0.022935779816513763,
    "68":0.022935779816513763,
    "69":0.045871559633027525,
    "70":0.06880733944954129,
    "71":0.06880733944954129,
    "72":0.0,
    "73":0.0,
    "74":0.045871559633027525,
    "75":0.045871559633027525,
    "76":0.045871559633027525,
    "77":0.022935779816513763,
    "78":0.022935779816513763,
    "79":0.09174311926605505,
    "80":0.045871559633027525,
    "81":0.045871559633027525,
    "82":0.09174311926605505,
    "83":0.045871559633027525,
    "84":0.06880733944954129,
    "85":0.045871559633027525,
    "86":0.022935779816513763,
    "87":0.13761467889908258,
    "88":0.0,
    "89":0.0,
    "90":0.045871559633027525,
    "91":0.0,
    "92":0.0,
    "93":0.09174311926605505,
    "94":0.045871559633027525,
    "95":0.045871559633027525,
    "96":0.022935779816513763,
    "97":0.11467889908256881,
    "98":0.0,
    "99":0.0,
    "100":0.0,
    "101":0.0,
    "102":0.0,
    "103":0.0,
    "104":0.0,
    "105":0.0,
    "106":0.0
}