{
    "0":2.199504337050805,
    "1":9.587980173482032,
    "2":7.9460966542750935,
    "3":4.646840148698884,
    "4":3.3767038413878563,
    "5":3.051425030978934,
    "6":5.4058240396530355,
    "7":6.691449814126393,
    "8":6.443618339529119,
    "9":5.5762081784386615,
    "10":5.157992565055762,
    "11":3.2218091697645597,
    "12":2.7881040892193307,
    "13":2.81908302354399,
    "14":1.533457249070632,
    "15":1.7967781908302356,
    "16":1.3011152416356877,
    "17":1.2701363073110286,
    "18":1.2701363073110286,
    "19":1.3940520446096654,
    "20":1.409541511771995,
    "21":1.734820322180917,
    "22":1.533457249070632,
    "23":1.1152416356877324,
    "24":0.9758364312267658,
    "25":0.9913258983890955,
    "26":0.9758364312267658,
    "27":0.9138785625774474,
    "28":0.7280049566294919,
    "29":0.7280049566294919,
    "30":0.7899628252788103,
    "31":0.7125154894671624,
    "32":0.5885997521685253,
    "33":0.5421313506815365,
    "34":0.604089219330855,
    "35":0.49566294919454773,
    "36":0.4801734820322181,
    "37":0.5111524163568774,
    "38":0.4491945477075589,
    "39":0.37174721189591076,
    "40":0.5731102850061958,
    "41":0.43370508054522927,
    "42":0.5421313506815365,
    "43":0.3562577447335812,
    "44":0.4182156133828996,
    "45":0.37174721189591076,
    "46":0.4182156133828996,
    "47":0.24783147459727387,
    "48":0.20136307311028498,
    "49":0.29429987608426267,
    "50":0.24783147459727387,
    "51":0.17038413878562578,
    "52":0.23234200743494424,
    "53":0.24783147459727387,
    "54":0.09293680297397769,
    "55":0.10842627013630732,
    "56":0.09293680297397769,
    "57":0.046468401486988845,
    "58":0.015489467162329617,
    "59":0.061957868649318466,
    "60":0.046468401486988845,
    "61":0.046468401486988845,
    "62":0.030978934324659233,
    "63":0.030978934324659233,
    "64":0.030978934324659233,
    "65":0.030978934324659233,
    "66":0.0,
    "67":0.0,
    "68":0.030978934324659233,
    "69":0.07744733581164809,
    "70":0.09293680297397769,
    "71":0.046468401486988845,
    "72":0.046468401486988845,
    "73":0.0,
    "74":0.030978934324659233,
    "75":0.015489467162329617,
    "76":0.015489467162329617,
    "77":0.12391573729863693,
    "78":0.0,
    "79":0.0,
    "80":0.0,
    "81":0.0,
    "82":0.0,
    "83":0.0,
    "84":0.0,
    "85":0.0,
    "86":0.0
}