{
    "0":4.250529661016949,
    "1":5.5746822033898304,
    "2":6.80614406779661,
    "3":7.190148305084746,
    "4":6.9253177966101696,
    "5":4.435911016949152,
    "6":3.641419491525424,
    "7":4.35646186440678,
    "8":3.57521186440678,
    "9":3.0720338983050848,
    "10":3.4825211864406778,
    "11":3.787076271186441,
    "12":3.8532838983050848,
    "13":3.734110169491525,
    "14":3.5884533898305087,
    "15":3.4163135593220337,
    "16":3.641419491525424,
    "17":2.8866525423728815,
    "18":2.56885593220339,
    "19":2.409957627118644,
    "20":1.9067796610169492,
    "21":1.7743644067796611,
    "22":1.8008474576271187,
    "23":1.430084745762712,
    "24":0.9004237288135594,
    "25":1.0063559322033897,
    "26":0.7944915254237288,
    "27":0.8342161016949153,
    "28":0.78125,
    "29":0.8342161016949153,
    "30":0.6885593220338982,
    "31":0.569385593220339,
    "32":0.4766949152542373,
    "33":0.3707627118644068,
    "34":0.26483050847457623,
    "35":0.2913135593220339,
    "36":0.31779661016949157,
    "37":0.13241525423728812,
    "38":0.11917372881355932,
    "39":0.0926906779661017,
    "40":0.13241525423728812,
    "41":0.11917372881355932,
    "42":0.11917372881355932,
    "43":0.07944915254237289,
    "44":0.14565677966101695,
    "45":0.05296610169491525,
    "46":0.11917372881355932,
    "47":0.07944915254237289,
    "48":0.039724576271186446,
    "49":0.13241525423728812,
    "50":0.0926906779661017,
    "51":0.026483050847457626,
    "52":0.0926906779661017,
    "53":0.039724576271186446,
    "54":0.013241525423728813,
    "55":0.11917372881355932,
    "56":0.0,
    "57":0.0,
    "58":0.0,
    "59":0.0,
    "60":0.0,
    "61":0.0,
    "62":0.0,
    "63":0.0,
    "64":0.0,
    "65":0.0,
    "66":0.0,
    "67":0.0,
    "68":0.0,
    "69":0.0,
    "70":0.0,
    "71":0.0,
    "72":0.0,
    "73":0.0,
    "74":0.0,
    "75":0.0,
    "76":0.0,
    "77":0.0,
    "78":0.0,
    "79":0.0,
    "80":0.0,
    "81":0.0,
    "82":0.0,
    "83":0.0,
    "84":0.0,
    "85":0.013241525423728813,
    "86":0.0,
    "87":0.0,
    "88":0.0,
    "89":0.0,
    "90":0.0,
    "91":0.0,
    "92":0.0,
    "93":0.0
}