{
    "0":8.469587965990844,
    "1":3.564421190320471,
    "2":4.937867887508175,
    "3":1.6023544800523217,
    "4":0.7521255722694572,
    "5":1.2753433616742968,
    "6":4.2184434270765205,
    "7":5.52648790058862,
    "8":7.194244604316546,
    "9":8.142576847612819,
    "10":6.671026814911707,
    "11":5.13407455853499,
    "12":5.0359712230215825,
    "13":3.8260300850228903,
    "14":2.0601700457815566,
    "15":2.0601700457815566,
    "16":1.7004578155657293,
    "17":1.5369522563767168,
    "18":1.8639633747547415,
    "19":1.5369522563767168,
    "20":1.7004578155657293,
    "21":1.4061478090255068,
    "22":1.209941137998692,
    "23":1.2426422498364944,
    "24":0.7848266841072596,
    "25":1.1118378024852846,
    "26":0.9156311314584695,
    "27":1.5042511445389144,
    "28":1.079136690647482,
    "29":1.1772400261608895,
    "30":1.209941137998692,
    "31":1.4061478090255068,
    "32":0.6540222367560496,
    "33":0.8175277959450621,
    "34":0.6540222367560496,
    "35":0.6213211249182472,
    "36":0.5886200130804448,
    "37":0.5232177894048398,
    "38":0.4251144538914323,
    "39":0.3597122302158274,
    "40":0.4251144538914323,
    "41":0.2616088947024199,
    "42":0.3924133420536298,
    "43":0.3597122302158274,
    "44":0.2943100065402224,
    "45":0.49051667756703726,
    "46":0.3270111183780248,
    "47":0.3270111183780248,
    "48":0.1962066710268149,
    "49":0.1635055591890124,
    "50":0.2616088947024199,
    "51":0.0,
    "52":0.0,
    "53":0.0,
    "54":0.0,
    "55":0.0,
    "56":0.0,
    "57":0.0,
    "58":0.0,
    "59":0.0
}