{
    "0":0.8318209316394435,
    "1":8.36358136721113,
    "2":5.44464609800363,
    "3":3.4785238959467635,
    "4":3.251663641863279,
    "5":4.627949183303085,
    "6":5.59588626739262,
    "7":6.760435571687841,
    "8":6.730187537810043,
    "9":6.488203266787659,
    "10":5.8227465214761045,
    "11":5.611010284331519,
    "12":4.582577132486389,
    "13":3.4785238959467635,
    "14":3.342407743496673,
    "15":2.79794313369631,
    "16":2.601330913490623,
    "17":2.601330913490623,
    "18":2.0114942528735633,
    "19":1.9661222020568663,
    "20":1.7997580157289779,
    "21":1.4821536600120992,
    "22":0.8166969147005444,
    "23":0.9225650332728372,
    "24":0.9376890502117362,
    "25":0.43859649122807015,
    "26":0.4688445251058681,
    "27":0.27223230490018147,
    "28":0.1512401693889897,
    "29":0.24198427102238357,
    "30":0.21173623714458562,
    "31":0.24198427102238357,
    "32":0.18148820326678766,
    "33":0.18148820326678766,
    "34":0.19661222020568664,
    "35":0.27223230490018147,
    "36":0.07562008469449485,
    "37":0.10586811857229281,
    "38":0.18148820326678766,
    "39":0.19661222020568664,
    "40":0.16636418632788869,
    "41":0.19661222020568664,
    "42":0.3024803387779794,
    "43":0.21173623714458562,
    "44":0.2571082879612825,
    "45":0.13611615245009073,
    "46":0.18148820326678766,
    "47":0.16636418632788869,
    "48":0.12099213551119178,
    "49":0.13611615245009073,
    "50":0.13611615245009073,
    "51":0.09074410163339383,
    "52":0.07562008469449485,
    "53":0.030248033877797946,
    "54":0.030248033877797946,
    "55":0.12099213551119178,
    "56":0.07562008469449485,
    "57":0.12099213551119178,
    "58":0.06049606775559589,
    "59":0.12099213551119178,
    "60":0.07562008469449485,
    "61":0.045372050816696916,
    "62":0.09074410163339383,
    "63":0.07562008469449485,
    "64":0.06049606775559589,
    "65":0.09074410163339383,
    "66":0.10586811857229281,
    "67":0.10586811857229281,
    "68":0.06049606775559589,
    "69":0.07562008469449485,
    "70":0.16636418632788869,
    "71":0.07562008469449485,
    "72":0.12099213551119178,
    "73":0.09074410163339383,
    "74":0.045372050816696916,
    "75":0.030248033877797946,
    "76":0.06049606775559589,
    "77":0.10586811857229281,
    "78":0.0,
    "79":0.0,
    "80":0.015124016938898973,
    "81":0.0,
    "82":0.0,
    "83":0.0,
    "84":0.0,
    "85":0.0,
    "86":0.0,
    "87":0.0,
    "88":0.0
}