{
    "0":0.5753138075313807,
    "1":3.608786610878661,
    "2":3.713389121338912,
    "3":1.4644351464435146,
    "4":3.8179916317991633,
    "5":3.9748953974895396,
    "6":2.9027196652719667,
    "7":3.3734309623430963,
    "8":3.50418410041841,
    "9":3.190376569037657,
    "10":3.50418410041841,
    "11":3.3995815899581587,
    "12":2.8504184100418413,
    "13":2.6935146443514646,
    "14":2.615062761506276,
    "15":2.7719665271966525,
    "16":2.9027196652719667,
    "17":2.2751046025104604,
    "18":1.8305439330543933,
    "19":2.615062761506276,
    "20":2.1966527196652716,
    "21":2.301255230125523,
    "22":2.3797071129707112,
    "23":2.5889121338912133,
    "24":2.2228033472803346,
    "25":2.2228033472803346,
    "26":2.2751046025104604,
    "27":2.1182008368200838,
    "28":2.405857740585774,
    "29":2.3535564853556483,
    "30":1.6736401673640167,
    "31":1.5951882845188285,
    "32":1.3336820083682008,
    "33":1.4121338912133892,
    "34":1.307531380753138,
    "35":1.202928870292887,
    "36":1.4644351464435146,
    "37":1.0460251046025104,
    "38":0.8368200836820083,
    "39":0.7583682008368201,
    "40":0.653765690376569,
    "41":0.5491631799163179,
    "42":0.6276150627615062,
    "43":0.5491631799163179,
    "44":0.5230125523012552,
    "45":0.3922594142259414,
    "46":0.6014644351464435,
    "47":0.5753138075313807,
    "48":0.36610878661087864,
    "49":0.07845188284518828,
    "50":0.10460251046025104,
    "51":0.10460251046025104,
    "52":0.10460251046025104,
    "53":0.10460251046025104,
    "54":0.15690376569037656,
    "55":0.02615062761506276,
    "56":0.10460251046025104,
    "57":0.02615062761506276,
    "58":0.1307531380753138,
    "59":0.05230125523012552,
    "60":0.07845188284518828,
    "61":0.07845188284518828,
    "62":0.05230125523012552,
    "63":0.0,
    "64":0.07845188284518828,
    "65":0.1307531380753138,
    "66":0.07845188284518828,
    "67":0.02615062761506276,
    "68":0.0,
    "69":0.0,
    "70":0.0,
    "71":0.0,
    "72":0.02615062761506276,
    "73":0.1307531380753138,
    "74":0.0,
    "75":0.0,
    "76":0.0,
    "77":0.0,
    "78":0.0,
    "79":0.02615062761506276,
    "80":0.0,
    "81":0.0,
    "82":0.0,
    "83":0.05230125523012552,
    "84":0.0,
    "85":0.0,
    "86":0.0,
    "87":0.0,
    "88":0.0,
    "89":0.0,
    "90":0.0,
    "91":0.0,
    "92":0.0,
    "93":0.0,
    "94":0.0,
    "95":0.0,
    "96":0.02615062761506276,
    "97":0.0,
    "98":0.10460251046025104,
    "99":0.0,
    "100":0.0,
    "101":0.0,
    "102":0.0,
    "103":0.0,
    "104":0.0,
    "105":0.0,
    "106":0.0,
    "107":0.0
}