{
    "0":7.439484787919165,
    "1":0.22207417277370642,
    "2":1.2880302020874972,
    "3":3.7752609371530093,
    "4":3.886298023539862,
    "5":4.596935376415723,
    "6":5.7295136575616255,
    "7":6.90650677326227,
    "8":7.039751276926494,
    "9":6.595602931379081,
    "10":5.52964690206529,
    "11":4.197201865423051,
    "12":3.5753941816566734,
    "13":2.465023317788141,
    "14":2.9980013324450367,
    "15":2.242949145014435,
    "16":1.6433488785254275,
    "17":1.487896957583833,
    "18":1.73217854763491,
    "19":1.7765933821896513,
    "20":1.5101043748612037,
    "21":1.5545192094159448,
    "22":1.5767266266933155,
    "23":1.6877637130801686,
    "24":1.4656895403064623,
    "25":1.2214079502553854,
    "26":1.0881634465911614,
    "27":1.2658227848101267,
    "28":1.0437486120364203,
    "29":0.9549189429269377,
    "30":0.6662225183211192,
    "31":0.5773928492116367,
    "32":0.4885631801021541,
    "33":0.5773928492116367,
    "34":0.5107705973795247,
    "35":0.4885631801021541,
    "36":0.1554519209415945,
    "37":0.13324450366422386,
    "38":0.17765933821896512,
    "39":0.11103708638685321,
    "40":0.06662225183211193,
    "41":0.1554519209415945,
    "42":0.1554519209415945,
    "43":0.28869642460581835,
    "44":0.08882966910948256,
    "45":0.17765933821896512,
    "46":0.22207417277370642,
    "47":0.17765933821896512,
    "48":0.19986675549633579,
    "49":0.13324450366422386,
    "50":0.39973351099267157,
    "51":0.22207417277370642,
    "52":0.37752609371530094,
    "53":0.08882966910948256,
    "54":0.22207417277370642,
    "55":0.24428159005107705,
    "56":0.2664890073284477,
    "57":0.24428159005107705,
    "58":0.22207417277370642,
    "59":0.310903841883189,
    "60":0.19986675549633579,
    "61":0.17765933821896512,
    "62":0.19986675549633579,
    "63":0.17765933821896512,
    "64":0.2664890073284477,
    "65":0.19986675549633579,
    "66":0.17765933821896512,
    "67":0.24428159005107705,
    "68":0.22207417277370642,
    "69":0.19986675549633579,
    "70":0.2664890073284477,
    "71":0.19986675549633579,
    "72":0.17765933821896512,
    "73":0.02220741727737064,
    "74":0.13324450366422386,
    "75":0.06662225183211193,
    "76":0.04441483455474128,
    "77":0.06662225183211193,
    "78":0.11103708638685321,
    "79":0.11103708638685321,
    "80":0.04441483455474128,
    "81":0.04441483455474128,
    "82":0.0,
    "83":0.0,
    "84":0.0,
    "85":0.0,
    "86":0.0,
    "87":0.0,
    "88":0.0,
    "89":0.0
}