{
    "0":1.9778667294560865,
    "1":4.991758888627267,
    "2":8.005651047798445,
    "3":7.181539910525077,
    "4":7.487638332940899,
    "5":6.9225335530963035,
    "6":3.3199905815870028,
    "7":5.1801271485754645,
    "8":4.874028726159642,
    "9":5.0388509536143165,
    "10":3.390628679067577,
    "11":3.3199905815870028,
    "12":2.943254061690605,
    "13":1.7188603720273132,
    "14":2.18978102189781,
    "15":1.8836825994819875,
    "16":1.8836825994819875,
    "17":2.213327054391335,
    "18":1.5775841770661645,
    "19":1.4127619496114905,
    "20":1.4127619496114905,
    "21":1.177301624676242,
    "22":1.4598540145985401,
    "23":1.2950317871438661,
    "24":1.4127619496114905,
    "25":1.2479397221568167,
    "26":1.0595714622086179,
    "27":0.8005651047798447,
    "28":1.177301624676242,
    "29":0.49446668236402164,
    "30":0.7063809748057452,
    "31":0.40028255238992233,
    "32":0.40028255238992233,
    "33":0.4238285848834471,
    "34":0.7063809748057452,
    "35":0.4238285848834471,
    "36":0.4238285848834471,
    "37":0.5651047798445962,
    "38":0.40028255238992233,
    "39":0.40028255238992233,
    "40":0.2825523899222981,
    "41":0.47092064987049687,
    "42":0.3531904874028726,
    "43":0.37673651989639745,
    "44":0.37673651989639745,
    "45":0.37673651989639745,
    "46":0.30609842241582297,
    "47":0.16482222745467387,
    "48":0.07063809748057452,
    "49":0.14127619496114904,
    "50":0.16482222745467387,
    "51":0.04709206498704968,
    "52":0.07063809748057452,
    "53":0.25900635742877326,
    "54":0.02354603249352484,
    "55":0.07063809748057452,
    "56":0.11773016246762422,
    "57":0.11773016246762422,
    "58":0.02354603249352484,
    "59":0.16482222745467387,
    "60":0.04709206498704968,
    "61":0.21191429244172355,
    "62":0.11773016246762422,
    "63":0.14127619496114904,
    "64":0.16482222745467387,
    "65":0.18836825994819872,
    "66":0.11773016246762422,
    "67":0.16482222745467387,
    "68":0.04709206498704968,
    "69":0.07063809748057452,
    "70":0.14127619496114904,
    "71":0.14127619496114904,
    "72":0.09418412997409936,
    "73":0.14127619496114904,
    "74":0.18836825994819872,
    "75":0.14127619496114904,
    "76":0.0,
    "77":0.0,
    "78":0.0,
    "79":0.0,
    "80":0.0,
    "81":0.0,
    "82":0.0,
    "83":0.0,
    "84":0.0
}