{
    "0":[
        [
            -1.4589244546759672,
            -48.47201376374393,
            "300000000001",
            "0"
        ]
    ],
    "1":[
        [
            -1.4619889183259966,
            -48.46953818220306,
            "300000000002",
            "3"
        ]
    ],
    "10":[
        [
            -1.4575892936230168,
            -48.47140333815201,
            "300000000011",
            "3"
        ]
    ],
    "11":[
        [
            -1.4607531223295431,
            -48.470285102862924,
            "300000000012",
            "0"
        ]
    ],
    "2":[
        [
            -1.4628689148955627,
            -48.46917228172734,
            "300000000003",
            "1"
        ]
    ],
    "3":[
        [
            -1.4618432569392896,
            -48.471460160736385,
            "9018923143",
            "4"
        ]
    ],
    "4":[
        [
            -1.4596836069525518,
            -48.46906469911433,
            "300000000005",
            "3"
        ]
    ],
    "5":[
        [
            -1.4607222211923918,
            -48.470216584300566,
            "300000000006",
            "0"
        ]
    ],
    "6":[
        [
            -1.4613236921252035,
            -48.470602947805006,
            "300000000007",
            "3"
        ]
    ],
    "7":[
        [
            -1.4627844200210403,
            -48.46799575914464,
            "300000000008",
            "4"
        ]
    ],
    "8":[
        [
            -1.4593615531587458,
            -48.473973436423385,
            "300000000009",
            "1"
        ]
    ],
    "9":[
        [
            -1.4606493524908728,
            -48.47134753494007,
            "300000000010",
            "0"
        ]
    ],
    "total_length":3753.2387421267927,
    "total_time":0.19860029220581055
}