{
    "0":[
        [
            -1.4591426091007558,
            -48.47417403583942,
            "300000000001",
            "0"
        ]
    ],
    "1":[
        [
            -1.4613356790172096,
            -48.47128582341482,
            "9018923145",
            "3"
        ]
    ],
    "10":[
        [
            -1.4613129404908431,
            -48.471314253478916,
            "100000000002",
            "3"
        ]
    ],
    "11":[
        [
            -1.460881379935399,
            -48.47014538140976,
            "5256346456",
            "0"
        ]
    ],
    "2":[
        [
            -1.4569833060458233,
            -48.47071404254354,
            "300000000003",
            "1"
        ]
    ],
    "3":[
        [
            -1.4593646412397827,
            -48.471354443043246,
            "9019493503",
            "4"
        ]
    ],
    "4":[
        [
            -1.4620057217358815,
            -48.47062964377401,
            "300000000005",
            "3"
        ]
    ],
    "5":[
        [
            -1.4579849513314789,
            -48.471669032931594,
            "300000000006",
            "0"
        ]
    ],
    "6":[
        [
            -1.459751175898644,
            -48.46766085870027,
            "300000000007",
            "3"
        ]
    ],
    "7":[
        [
            -1.456743468253005,
            -48.46945590421926,
            "9019148986",
            "4"
        ]
    ],
    "8":[
        [
            -1.4612085515257573,
            -48.467449162507805,
            "491632067",
            "1"
        ]
    ],
    "9":[
        [
            -1.4614084085155672,
            -48.46642845937135,
            "300000000010",
            "0"
        ]
    ],
    "total_length":3299.8165301744148,
    "total_time":1.7674484252929688
}