{
    "0":[
        [
            -1.4584959501961798,
            -48.472231957062846,
            "9019148986",
            "1"
        ]
    ],
    "1":[
        [
            -1.4581206587022706,
            -48.47173557938612,
            "300000000001",
            "0"
        ]
    ],
    "10":[
        [
            -1.4567135454337563,
            -48.46829896256468,
            "300000000011",
            "3"
        ]
    ],
    "11":[
        [
            -1.4591325673246534,
            -48.470393269057595,
            "300000000012",
            "0"
        ]
    ],
    "2":[
        [
            -1.4604980736043494,
            -48.4694073138988,
            "300000000002",
            "3"
        ]
    ],
    "3":[
        [
            -1.4597346442227521,
            -48.46935993090288,
            "300000000003",
            "1"
        ]
    ],
    "4":[
        [
            -1.459135051368578,
            -48.470998089086706,
            "300000000004",
            "4"
        ]
    ],
    "5":[
        [
            -1.4609224634400637,
            -48.47090135598034,
            "300000000005",
            "3"
        ]
    ],
    "6":[
        [
            -1.4626535922551154,
            -48.46957887987724,
            "300000000006",
            "0"
        ]
    ],
    "7":[
        [
            -1.4552227574896965,
            -48.471495854061295,
            "300000000007",
            "3"
        ]
    ],
    "8":[
        [
            -1.456549952658817,
            -48.46977813177869,
            "300000000008",
            "4"
        ]
    ],
    "9":[
        [
            -1.4621668157599248,
            -48.46973363390563,
            "300000000010",
            "0"
        ]
    ],
    "total_length":3880.8779690407196,
    "total_time":11.137664794921875
}