{
    "0":2.2535695854120075,
    "1":5.762945123000172,
    "2":5.0232238087046275,
    "3":4.197488388095648,
    "4":3.9222432478926548,
    "5":5.1608463788061245,
    "6":5.625322552898675,
    "7":5.8317564080509205,
    "8":4.902804059865818,
    "9":5.8317564080509205,
    "10":5.212454842594186,
    "11":3.819026320316532,
    "12":3.509375537588164,
    "13":2.872871150868743,
    "14":1.926715981420953,
    "15":1.909513160158266,
    "16":1.4794426285910889,
    "17":1.8234990538448306,
    "18":1.875107517632892,
    "19":1.754687768794082,
    "20":1.7374849475313954,
    "21":1.754687768794082,
    "22":1.685876483743334,
    "23":1.4450369860657148,
    "24":1.5998623774298986,
    "25":1.496645449853776,
    "26":1.496645449853776,
    "27":1.3246172372269054,
    "28":1.1525890246000343,
    "29":1.4106313435403406,
    "30":1.049372097023912,
    "31":0.9805608119731637,
    "32":0.9977636332358507,
    "33":0.6193015654567349,
    "34":0.7569241355582316,
    "35":0.5504902804059866,
    "36":0.4816789953552382,
    "37":0.41286771030449,
    "38":0.49888181661792536,
    "39":0.4816789953552382,
    "40":0.44727335282986413,
    "41":0.430070531567177,
    "42":0.2752451402029933,
    "43":0.1892310338895579,
    "44":0.1720282126268708,
    "45":0.0860141063134354,
    "46":0.12041974883880956,
    "47":0.1032169275761225,
    "48":0.1720282126268708,
    "49":0.01720282126268708,
    "50":0.03440564252537416,
    "51":0.12041974883880956,
    "52":0.13762257010149664,
    "53":0.0860141063134354,
    "54":0.0860141063134354,
    "55":0.06881128505074832,
    "56":0.0860141063134354,
    "57":0.0860141063134354,
    "58":0.0860141063134354,
    "59":0.05160846378806125,
    "60":0.0860141063134354,
    "61":0.13762257010149664,
    "62":0.05160846378806125,
    "63":0.1032169275761225,
    "64":0.03440564252537416,
    "65":0.03440564252537416,
    "66":0.0,
    "67":0.06881128505074832,
    "68":0.0,
    "69":0.0,
    "70":0.0,
    "71":0.0,
    "72":0.0,
    "73":0.0,
    "74":0.0,
    "75":0.0,
    "76":0.0
}