{
    "0":11.177525403466825,
    "1":2.3909145248057384,
    "2":1.2851165570830843,
    "3":6.2761506276150625,
    "4":5.648535564853557,
    "5":6.2761506276150625,
    "6":4.034668260609683,
    "7":4.453078302450687,
    "8":5.140466228332337,
    "9":4.303646144650329,
    "10":3.1081888822474597,
    "11":3.4369396294082484,
    "12":3.0185295875672447,
    "13":2.928870292887029,
    "14":2.092050209205021,
    "15":2.7196652719665275,
    "16":1.9426180514046623,
    "17":2.121936640765093,
    "18":2.5702331141661685,
    "19":2.0322773460848773,
    "20":1.9127316198445903,
    "21":1.404662283323371,
    "22":1.0161386730424387,
    "23":1.0759115361625822,
    "24":1.3747758517632995,
    "25":1.524208009563658,
    "26":1.105797967722654,
    "27":0.8965929468021518,
    "28":1.315002988643156,
    "29":0.9563658099222951,
    "30":1.1655708308427972,
    "31":0.7770472205618649,
    "32":0.8965929468021518,
    "33":0.7471607890017932,
    "34":0.47818290496114757,
    "35":0.4482964734010759,
    "36":0.17931858936043038,
    "37":0.23909145248057379,
    "38":0.11954572624028689,
    "39":0.11954572624028689,
    "40":0.26897788404064554,
    "41":0.328750747160789,
    "42":0.328750747160789,
    "43":0.20920502092050208,
    "44":0.23909145248057379,
    "45":0.35863717872086076,
    "46":0.11954572624028689,
    "47":0.20920502092050208,
    "48":0.20920502092050208,
    "49":0.17931858936043038,
    "50":0.23909145248057379,
    "51":0.059772863120143446,
    "52":0.14943215780035865,
    "53":0.0,
    "54":0.029886431560071723,
    "55":0.11954572624028689,
    "56":0.059772863120143446,
    "57":0.14943215780035865,
    "58":0.029886431560071723,
    "59":0.029886431560071723,
    "60":0.059772863120143446,
    "61":0.14943215780035865,
    "62":0.08965929468021519,
    "63":0.059772863120143446,
    "64":0.08965929468021519,
    "65":0.11954572624028689,
    "66":0.14943215780035865,
    "67":0.08965929468021519,
    "68":0.08965929468021519,
    "69":0.059772863120143446,
    "70":0.08965929468021519,
    "71":0.059772863120143446,
    "72":0.14943215780035865,
    "73":0.11954572624028689,
    "74":0.059772863120143446,
    "75":0.17931858936043038,
    "76":0.059772863120143446,
    "77":0.14943215780035865,
    "78":0.0,
    "79":0.059772863120143446,
    "80":0.029886431560071723,
    "81":0.029886431560071723,
    "82":0.029886431560071723,
    "83":0.0,
    "84":0.0,
    "85":0.0,
    "86":0.0,
    "87":0.0,
    "88":0.0,
    "89":0.0,
    "90":0.0
}