{
    "0":0.9488448844884488,
    "1":5.775577557755775,
    "2":5.033003300330033,
    "3":1.65016501650165,
    "4":1.7739273927392738,
    "5":2.433993399339934,
    "6":3.5891089108910887,
    "7":5.115511551155116,
    "8":4.785478547854786,
    "9":4.249174917491749,
    "10":4.537953795379538,
    "11":3.7541254125412546,
    "12":3.506600660066007,
    "13":2.9702970297029703,
    "14":3.341584158415842,
    "15":3.8366336633663365,
    "16":3.0115511551155114,
    "17":1.608910891089109,
    "18":2.2277227722772275,
    "19":2.599009900990099,
    "20":2.186468646864687,
    "21":2.599009900990099,
    "22":2.8877887788778875,
    "23":2.6402640264026402,
    "24":2.103960396039604,
    "25":1.9801980198019802,
    "26":1.3201320132013201,
    "27":0.7838283828382838,
    "28":1.0726072607260726,
    "29":0.7013201320132013,
    "30":0.7425742574257426,
    "31":0.9488448844884488,
    "32":0.8663366336633664,
    "33":0.6600660066006601,
    "34":0.7013201320132013,
    "35":0.8663366336633664,
    "36":1.0313531353135312,
    "37":1.1138613861386137,
    "38":1.0726072607260726,
    "39":0.9075907590759077,
    "40":0.5775577557755776,
    "41":0.45379537953795385,
    "42":0.45379537953795385,
    "43":0.2887788778877888,
    "44":0.4125412541254125,
    "45":0.49504950495049505,
    "46":0.45379537953795385,
    "47":0.20627062706270624,
    "48":0.16501650165016502,
    "49":0.20627062706270624,
    "50":0.12376237623762376,
    "51":0.3712871287128713,
    "52":0.12376237623762376,
    "53":0.08250825082508251,
    "54":0.4125412541254125,
    "55":0.45379537953795385,
    "56":0.08250825082508251,
    "57":0.16501650165016502,
    "58":0.041254125412541254,
    "59":0.0,
    "60":0.08250825082508251,
    "61":0.0,
    "62":0.0,
    "63":0.08250825082508251,
    "64":0.0,
    "65":0.0,
    "66":0.041254125412541254,
    "67":0.0,
    "68":0.0,
    "69":0.0,
    "70":0.0,
    "71":0.041254125412541254,
    "72":0.041254125412541254,
    "73":0.0,
    "74":0.0,
    "75":0.0,
    "76":0.0,
    "77":0.0,
    "78":0.0,
    "79":0.041254125412541254,
    "80":0.0,
    "81":0.0,
    "82":0.16501650165016502,
    "83":0.0,
    "84":0.0,
    "85":0.0,
    "86":0.0,
    "87":0.0,
    "88":0.0,
    "89":0.0,
    "90":0.0
}