{
    "0":1.9927920288318846,
    "1":0.21199915200339198,
    "2":2.967988128047488,
    "3":3.285986856052576,
    "4":2.671189315242739,
    "5":4.133983464066144,
    "6":6.762772948908205,
    "7":7.737969048123808,
    "8":6.783972864108543,
    "9":6.4871740513037945,
    "10":5.8511765952936186,
    "11":4.451982192071232,
    "12":4.748781004875981,
    "13":3.985584057663769,
    "14":3.0739877040491836,
    "15":3.095187619249523,
    "16":2.6499894000424,
    "17":2.798388806444774,
    "18":2.6075895696417213,
    "19":2.3107907568369725,
    "20":1.6959932160271358,
    "21":1.6959932160271358,
    "22":1.8443926224295102,
    "23":1.3143947424210303,
    "24":1.1235955056179776,
    "25":1.0175959296162815,
    "26":0.7843968624125502,
    "27":0.6147975408098367,
    "28":0.7631969472122111,
    "29":0.6147975408098367,
    "30":0.8479966080135679,
    "31":0.3603985584057664,
    "32":0.42399830400678395,
    "33":0.2967988128047488,
    "34":0.44519821920712316,
    "35":0.2967988128047488,
    "36":0.44519821920712316,
    "37":0.2755988976044096,
    "38":0.2543989824040704,
    "39":0.1483994064023744,
    "40":0.2543989824040704,
    "41":0.2331990672037312,
    "42":0.1483994064023744,
    "43":0.21199915200339198,
    "44":0.31799872800508794,
    "45":0.2331990672037312,
    "46":0.2543989824040704,
    "47":0.19079923680305277,
    "48":0.1483994064023744,
    "49":0.1695993216027136,
    "50":0.1695993216027136,
    "51":0.1695993216027136,
    "52":0.21199915200339198,
    "53":0.1695993216027136,
    "54":0.19079923680305277,
    "55":0.1483994064023744,
    "56":0.0847996608013568,
    "57":0.1695993216027136,
    "58":0.1483994064023744,
    "59":0.1695993216027136,
    "60":0.1695993216027136,
    "61":0.1695993216027136,
    "62":0.1695993216027136,
    "63":0.10599957600169599,
    "64":0.0211999152003392,
    "65":0.1271994912020352,
    "66":0.0847996608013568,
    "67":0.1271994912020352,
    "68":0.1271994912020352,
    "69":0.1695993216027136,
    "70":0.0635997456010176,
    "71":0.0423998304006784,
    "72":0.0,
    "73":0.0635997456010176,
    "74":0.0211999152003392,
    "75":0.0211999152003392,
    "76":0.0423998304006784,
    "77":0.0211999152003392,
    "78":0.0211999152003392,
    "79":0.0211999152003392,
    "80":0.0,
    "81":0.0211999152003392,
    "82":0.0,
    "83":0.0423998304006784,
    "84":0.0,
    "85":0.0847996608013568,
    "86":0.0211999152003392,
    "87":0.0423998304006784,
    "88":0.0,
    "89":0.0211999152003392,
    "90":0.0211999152003392,
    "91":0.0635997456010176,
    "92":0.0,
    "93":0.0423998304006784,
    "94":0.0,
    "95":0.0211999152003392,
    "96":0.0211999152003392,
    "97":0.0,
    "98":0.0423998304006784,
    "99":0.0423998304006784,
    "100":0.0211999152003392,
    "101":0.0,
    "102":0.0423998304006784,
    "103":0.0635997456010176,
    "104":0.0,
    "105":0.0423998304006784,
    "106":0.0847996608013568,
    "107":0.0,
    "108":0.0,
    "109":0.0,
    "110":0.0,
    "111":0.0,
    "112":0.0,
    "113":0.0,
    "114":0.0,
    "115":0.0
}