{
    "0":[
        [
            -1.4577948074647338,
            -48.47004491777362,
            "300000000001",
            "0"
        ]
    ],
    "1":[
        [
            -1.461316097219959,
            -48.46911906498607,
            "5256346454",
            "3"
        ]
    ],
    "10":[
        [
            -1.4571119568675233,
            -48.4710636849215,
            "300000000011",
            "3"
        ]
    ],
    "11":[
        [
            -1.4622468477006212,
            -48.47276575138617,
            "300000000012",
            "0"
        ]
    ],
    "2":[
        [
            -1.463040682125638,
            -48.46694248983848,
            "300000000003",
            "1"
        ]
    ],
    "3":[
        [
            -1.4597960440696913,
            -48.47103696991291,
            "300000000004",
            "4"
        ]
    ],
    "4":[
        [
            -1.4619563435648404,
            -48.46719830430281,
            "300000000005",
            "3"
        ]
    ],
    "5":[
        [
            -1.455304784666088,
            -48.468178172014326,
            "300000000006",
            "0"
        ]
    ],
    "6":[
        [
            -1.4611758745364336,
            -48.471241037385575,
            "9018923145",
            "3"
        ]
    ],
    "7":[
        [
            -1.4632444348625626,
            -48.47161967263257,
            "300000000008",
            "4"
        ]
    ],
    "8":[
        [
            -1.463971255478693,
            -48.471497121595796,
            "300000000009",
            "1"
        ]
    ],
    "9":[
        [
            -1.4642270998344045,
            -48.47148020316316,
            "300000000010",
            "0"
        ]
    ],
    "total_length":5901.484722921734,
    "total_time":4.439479827880859
}