{
    "0":1.0532475131655938,
    "1":4.330017554125219,
    "2":3.354788375268188,
    "3":8.38697093817047,
    "4":8.191925102399065,
    "5":7.216695923542033,
    "6":5.461283401599376,
    "7":5.597815486639361,
    "8":6.358494246147845,
    "9":5.792861322410767,
    "10":4.7396138092451725,
    "11":3.861907548273844,
    "12":2.8086600351082502,
    "13":2.516091281451141,
    "14":2.0674858591769065,
    "15":2.2235225277940316,
    "16":1.8724400234055003,
    "17":1.8724400234055003,
    "18":1.365320850399844,
    "19":1.677394187634094,
    "20":1.6968987712112347,
    "21":1.365320850399844,
    "22":1.0142383460113127,
    "23":1.1897795982055783,
    "24":1.2873025160912814,
    "25":1.462843768285547,
    "26":1.3848254339769848,
    "27":1.1702750146284377,
    "28":1.3263116832455628,
    "29":0.8972108445484689,
    "30":1.0922566803198752,
    "31":0.6046420908913595,
    "32":0.7216695923542032,
    "33":0.6436512580456407,
    "34":0.42910083869709387,
    "35":0.31207333723425007,
    "36":0.37058708796567197,
    "37":0.40959625511995323,
    "38":0.21455041934854693,
    "39":0.19504583577140627,
    "40":0.15603666861712503,
    "41":0.31207333723425007,
    "42":0.23405500292568754,
    "43":0.17554125219426564,
    "44":0.17554125219426564,
    "45":0.07801833430856252,
    "46":0.15603666861712503,
    "47":0.07801833430856252,
    "48":0.07801833430856252,
    "49":0.0,
    "50":0.0,
    "51":0.0,
    "52":0.0,
    "53":0.0,
    "54":0.0,
    "55":0.0,
    "56":0.0,
    "57":0.0,
    "58":0.0,
    "59":0.0,
    "60":0.0,
    "61":0.0,
    "62":0.0,
    "63":0.0,
    "64":0.0,
    "65":0.0,
    "66":0.0,
    "67":0.0,
    "68":0.0,
    "69":0.0,
    "70":0.0,
    "71":0.0,
    "72":0.0,
    "73":0.01950458357714063,
    "74":0.0,
    "75":0.0,
    "76":0.0,
    "77":0.0,
    "78":0.0,
    "79":0.0,
    "80":0.0,
    "81":0.0
}