{
    "0":16.048073524213503,
    "1":6.291975963237893,
    "2":5.390597384234712,
    "3":4.842700600919052,
    "4":0.512548603746907,
    "5":1.6083421703782255,
    "6":5.03711558854719,
    "7":5.956168257334747,
    "8":6.009190526687876,
    "9":6.451042771297279,
    "10":6.097560975609756,
    "11":4.330151997172146,
    "12":3.0929657122658183,
    "13":2.9515729939908093,
    "14":2.2622834924001416,
    "15":2.2622834924001416,
    "16":1.7320607988688583,
    "17":2.297631671968894,
    "18":2.0325203252032518,
    "19":1.519971721456345,
    "20":1.0957935666313185,
    "21":1.1134676564156947,
    "22":1.1841640155531992,
    "23":1.2195121951219512,
    "24":1.148815835984447,
    "25":0.8483563096500532,
    "26":0.3534817956875221,
    "27":0.49487451396253096,
    "28":0.47720042417815484,
    "29":0.44185224460940264,
    "30":0.38882997525627433,
    "31":0.44185224460940264,
    "32":0.5655708731000354,
    "33":0.45952633439377877,
    "34":0.6185931424531637,
    "35":0.14139271827500885,
    "36":0.08837044892188052,
    "37":0.2827854365500177,
    "38":0.17674089784376104,
    "39":0.10604453870625664,
    "40":0.08837044892188052,
    "41":0.15906680805938495,
    "42":0.03534817956875221,
    "43":0.07069635913750442,
    "44":0.07069635913750442,
    "45":0.03534817956875221,
    "46":0.05302226935312832,
    "47":0.05302226935312832,
    "48":0.017674089784376106,
    "49":0.03534817956875221,
    "50":0.08837044892188052,
    "51":0.07069635913750442,
    "52":0.0,
    "53":0.0,
    "54":0.017674089784376106,
    "55":0.017674089784376106,
    "56":0.017674089784376106,
    "57":0.017674089784376106,
    "58":0.0,
    "59":0.03534817956875221,
    "60":0.03534817956875221,
    "61":0.017674089784376106,
    "62":0.017674089784376106,
    "63":0.0,
    "64":0.0,
    "65":0.017674089784376106,
    "66":0.0,
    "67":0.017674089784376106,
    "68":0.017674089784376106,
    "69":0.017674089784376106,
    "70":0.017674089784376106,
    "71":0.03534817956875221,
    "72":0.03534817956875221,
    "73":0.017674089784376106,
    "74":0.03534817956875221,
    "75":0.017674089784376106,
    "76":0.0,
    "77":0.0,
    "78":0.03534817956875221,
    "79":0.03534817956875221,
    "80":0.017674089784376106,
    "81":0.017674089784376106,
    "82":0.017674089784376106,
    "83":0.03534817956875221,
    "84":0.017674089784376106,
    "85":0.017674089784376106,
    "86":0.0,
    "87":0.017674089784376106,
    "88":0.0,
    "89":0.03534817956875221,
    "90":0.0,
    "91":0.03534817956875221,
    "92":0.05302226935312832,
    "93":0.0,
    "94":0.017674089784376106,
    "95":0.08837044892188052,
    "96":0.0,
    "97":0.0,
    "98":0.0,
    "99":0.0,
    "100":0.0,
    "101":0.0,
    "102":0.0,
    "103":0.0,
    "104":0.0
}