{
    "0":3.5147392290249435,
    "1":4.894179894179894,
    "2":1.6061980347694633,
    "3":3.325774754346183,
    "4":2.513227513227513,
    "5":4.478458049886622,
    "6":5.782312925170068,
    "7":6.575963718820861,
    "8":6.91609977324263,
    "9":5.782312925170068,
    "10":6.084656084656085,
    "11":5.045351473922902,
    "12":4.081632653061225,
    "13":3.8548752834467117,
    "14":3.7226001511715796,
    "15":2.8533635676492817,
    "16":2.5888133030990175,
    "17":3.250188964474679,
    "18":2.286470143613001,
    "19":2.437641723356009,
    "20":1.8140589569160999,
    "21":1.436130007558579,
    "22":1.492819349962207,
    "23":1.2660619803476947,
    "24":1.5117157974300832,
    "25":0.7180650037792895,
    "26":0.9070294784580499,
    "27":0.6613756613756614,
    "28":0.6235827664399093,
    "29":0.5857898715041572,
    "30":0.6235827664399093,
    "31":0.3401360544217687,
    "32":0.5291005291005291,
    "33":0.4913076341647771,
    "34":0.4346182917611489,
    "35":0.472411186696901,
    "36":0.6235827664399093,
    "37":0.3968253968253968,
    "38":0.4346182917611489,
    "39":0.3968253968253968,
    "40":0.2834467120181406,
    "41":0.20786092214663643,
    "42":0.22675736961451248,
    "43":0.15117157974300832,
    "44":0.22675736961451248,
    "45":0.13227513227513227,
    "46":0.1889644746787604,
    "47":0.0944822373393802,
    "48":0.07558578987150416,
    "49":0.13227513227513227,
    "50":0.01889644746787604,
    "51":0.11337868480725624,
    "52":0.0944822373393802,
    "53":0.11337868480725624,
    "54":0.03779289493575208,
    "55":0.07558578987150416,
    "56":0.0,
    "57":0.03779289493575208,
    "58":0.0,
    "59":0.01889644746787604,
    "60":0.07558578987150416,
    "61":0.05668934240362812,
    "62":0.07558578987150416,
    "63":0.0,
    "64":0.03779289493575208,
    "65":0.01889644746787604,
    "66":0.01889644746787604,
    "67":0.13227513227513227,
    "68":0.0,
    "69":0.0,
    "70":0.0,
    "71":0.0,
    "72":0.0,
    "73":0.0,
    "74":0.0,
    "75":0.0,
    "76":0.0
}