{
    "0":2.6988636363636362,
    "1":0.22727272727272727,
    "2":1.25,
    "3":4.573863636363637,
    "4":4.431818181818182,
    "5":3.778409090909091,
    "6":3.920454545454546,
    "7":3.721590909090909,
    "8":3.295454545454545,
    "9":3.6079545454545454,
    "10":4.119318181818182,
    "11":3.153409090909091,
    "12":3.0681818181818183,
    "13":3.125,
    "14":2.840909090909091,
    "15":3.2670454545454546,
    "16":3.8636363636363633,
    "17":2.869318181818182,
    "18":2.869318181818182,
    "19":3.3522727272727275,
    "20":2.2443181818181817,
    "21":1.7897727272727273,
    "22":2.159090909090909,
    "23":2.2443181818181817,
    "24":1.9886363636363635,
    "25":2.4431818181818183,
    "26":2.0454545454545454,
    "27":1.9886363636363635,
    "28":1.9886363636363635,
    "29":1.5340909090909092,
    "30":1.1647727272727273,
    "31":1.4204545454545454,
    "32":1.3920454545454546,
    "33":0.9090909090909091,
    "34":0.8806818181818181,
    "35":0.8238636363636362,
    "36":0.8522727272727272,
    "37":0.5113636363636364,
    "38":0.8522727272727272,
    "39":0.5113636363636364,
    "40":0.5681818181818182,
    "41":0.5113636363636364,
    "42":0.2556818181818182,
    "43":0.3409090909090909,
    "44":0.3409090909090909,
    "45":0.2556818181818182,
    "46":0.3409090909090909,
    "47":0.3977272727272727,
    "48":0.3409090909090909,
    "49":0.2840909090909091,
    "50":0.3693181818181818,
    "51":0.14204545454545456,
    "52":0.3409090909090909,
    "53":0.2840909090909091,
    "54":0.17045454545454544,
    "55":0.028409090909090908,
    "56":0.08522727272727272,
    "57":0.056818181818181816,
    "58":0.056818181818181816,
    "59":0.028409090909090908,
    "60":0.056818181818181816,
    "61":0.028409090909090908,
    "62":0.056818181818181816,
    "63":0.08522727272727272,
    "64":0.028409090909090908,
    "65":0.056818181818181816,
    "66":0.08522727272727272,
    "67":0.08522727272727272,
    "68":0.11363636363636363,
    "69":0.028409090909090908,
    "70":0.028409090909090908,
    "71":0.056818181818181816,
    "72":0.0,
    "73":0.08522727272727272,
    "74":0.056818181818181816,
    "75":0.056818181818181816,
    "76":0.08522727272727272,
    "77":0.0,
    "78":0.0,
    "79":0.0,
    "80":0.0,
    "81":0.0,
    "82":0.0,
    "83":0.0,
    "84":0.0,
    "85":0.0,
    "86":0.0,
    "87":0.0,
    "88":0.028409090909090908,
    "89":0.0,
    "90":0.0,
    "91":0.0,
    "92":0.0,
    "93":0.0,
    "94":0.0,
    "95":0.0,
    "96":0.0
}