{
    "0":1.9994873109459113,
    "1":4.434760317867213,
    "2":3.5631889259164313,
    "3":4.511663675980518,
    "4":2.9479620610099975,
    "5":3.7169956421430403,
    "6":5.92155857472443,
    "7":6.177903101768777,
    "8":4.768008203024865,
    "9":5.1012560881825175,
    "10":4.819277108433735,
    "11":3.691361189438606,
    "12":2.2814662906946936,
    "13":2.7172519866700844,
    "14":2.435273006921302,
    "15":2.9479620610099975,
    "16":3.5375544732119972,
    "17":3.101768777236606,
    "18":2.665983081261215,
    "19":2.819789797487824,
    "20":2.332735196103563,
    "21":2.1789284798769546,
    "22":1.6662394257882593,
    "23":1.4355293514483467,
    "24":1.1535503716995643,
    "25":1.4611638041527815,
    "26":1.384260446039477,
    "27":1.512432709561651,
    "28":1.051012560881825,
    "29":1.0253781081773903,
    "30":0.7946680338374775,
    "31":0.6664957703153037,
    "32":0.6664957703153037,
    "33":0.33324788515765186,
    "34":0.640861317610869,
    "35":0.5126890540886951,
    "36":0.6664957703153037,
    "37":0.53832350679313,
    "38":0.33324788515765186,
    "39":0.30761343245321715,
    "40":0.41015124327095615,
    "41":0.20507562163547807,
    "42":0.20507562163547807,
    "43":0.17944116893104334,
    "44":0.33324788515765186,
    "45":0.2819789797487824,
    "46":0.4614201486798257,
    "47":0.43578569597539096,
    "48":0.20507562163547807,
    "49":0.5126890540886951,
    "50":0.20507562163547807,
    "51":0.15380671622660858,
    "52":0.12817226352217378,
    "53":0.05126890540886952,
    "54":0.2819789797487824,
    "55":0.10253781081773904,
    "56":0.10253781081773904,
    "57":0.15380671622660858,
    "58":0.02563445270443476,
    "59":0.07690335811330429,
    "60":0.07690335811330429,
    "61":0.15380671622660858,
    "62":0.10253781081773904,
    "63":0.05126890540886952,
    "64":0.07690335811330429,
    "65":0.12817226352217378,
    "66":0.07690335811330429,
    "67":0.0,
    "68":0.0,
    "69":0.0,
    "70":0.0,
    "71":0.0,
    "72":0.0,
    "73":0.0,
    "74":0.0,
    "75":0.0
}