{
    "0":6.70161841805334,
    "1":0.34191930704353773,
    "2":1.777980396626396,
    "3":5.265557328470481,
    "4":8.023706405288351,
    "5":4.490540232505129,
    "6":5.5390927741053115,
    "7":4.330977889218144,
    "8":3.8067016184180535,
    "9":4.581718714383406,
    "10":4.878048780487805,
    "11":4.217004786870299,
    "12":3.9890585821746067,
    "13":3.7155231365397765,
    "14":3.282425347617962,
    "15":2.6213813540004556,
    "16":3.282425347617962,
    "17":2.986095281513563,
    "18":2.0743104627307956,
    "19":1.777980396626396,
    "20":1.641212673808981,
    "21":1.504444950991566,
    "22":1.4360610895828585,
    "23":1.1625256439480283,
    "24":1.4132664691132892,
    "25":1.4588557100524278,
    "26":1.4132664691132892,
    "27":1.0941417825393207,
    "28":0.888990198313198,
    "29":0.9801686801914749,
    "30":0.9345794392523363,
    "31":0.7978117164349213,
    "32":0.7750170959653522,
    "33":0.6154547526783679,
    "34":0.2735354456348302,
    "35":0.5014816503305219,
    "36":0.5926601322087988,
    "37":0.41030316845224524,
    "38":0.2963300661043994,
    "39":0.4786870298609528,
    "40":0.25074082516526097,
    "41":0.22794620469569182,
    "42":0.43309778892181444,
    "43":0.41030316845224524,
    "44":0.31912468657396853,
    "45":0.45589240939138365,
    "46":0.25074082516526097,
    "47":0.34191930704353773,
    "48":0.20515158422612262,
    "49":0.22794620469569182,
    "50":0.0,
    "51":0.0,
    "52":0.09117848187827673,
    "53":0.022794620469569184,
    "54":0.04558924093913837,
    "55":0.022794620469569184,
    "56":0.022794620469569184,
    "57":0.04558924093913837,
    "58":0.06838386140870754,
    "59":0.04558924093913837,
    "60":0.022794620469569184,
    "61":0.1367677228174151,
    "62":0.0,
    "63":0.0,
    "64":0.0,
    "65":0.0,
    "66":0.0,
    "67":0.0,
    "68":0.0,
    "69":0.0,
    "70":0.0
}