{
    "0":2.428320655354008,
    "1":7.197191339964892,
    "2":3.598595669982446,
    "3":2.984201287302516,
    "4":4.212990052662375,
    "5":4.154476301930954,
    "6":2.574605032182563,
    "7":4.183733177296665,
    "8":3.71562317144529,
    "9":3.5400819192510236,
    "10":3.1304856641310703,
    "11":3.276770040959626,
    "12":2.8671737858396726,
    "13":2.2235225277940316,
    "14":2.3112931538911643,
    "15":2.7501462843768287,
    "16":2.7208894090111175,
    "17":3.013458162668227,
    "18":2.8086600351082502,
    "19":1.930953774136922,
    "20":2.3405500292568755,
    "21":2.252779403159743,
    "22":1.8724400234055003,
    "23":2.077238150965477,
    "24":1.4043300175541251,
    "25":1.3165593914569924,
    "26":1.3165593914569924,
    "27":1.4335868929198363,
    "28":1.7554125219426564,
    "29":1.1117612638970158,
    "30":1.2873025160912814,
    "31":0.7314218841427735,
    "32":0.6729081334113517,
    "33":0.6436512580456407,
    "34":0.994733762434172,
    "35":0.9362200117027502,
    "36":0.8191925102399065,
    "37":0.8484493856056173,
    "38":0.6729081334113517,
    "39":0.7606787595084844,
    "40":0.6436512580456407,
    "41":0.7899356348741955,
    "42":0.6143943826799299,
    "43":0.4388531304856641,
    "44":0.497366881217086,
    "45":0.5266237565827969,
    "46":0.6729081334113517,
    "47":0.3803393797542422,
    "48":0.23405500292568754,
    "49":0.3803393797542422,
    "50":0.17554125219426564,
    "51":0.058513750731421885,
    "52":0.08777062609713282,
    "53":0.32182562902282036,
    "54":0.029256875365710942,
    "55":0.08777062609713282,
    "56":0.14628437682855472,
    "57":0.14628437682855472,
    "58":0.029256875365710942,
    "59":0.20479812755997662,
    "60":0.058513750731421885,
    "61":0.26331187829139846,
    "62":0.14628437682855472,
    "63":0.17554125219426564,
    "64":0.20479812755997662,
    "65":0.23405500292568754,
    "66":0.14628437682855472,
    "67":0.20479812755997662,
    "68":0.058513750731421885,
    "69":0.08777062609713282,
    "70":0.20479812755997662,
    "71":0.17554125219426564,
    "72":0.11702750146284377,
    "73":0.17554125219426564,
    "74":0.23405500292568754,
    "75":0.17554125219426564,
    "76":0.0,
    "77":0.0,
    "78":0.0,
    "79":0.0,
    "80":0.0,
    "81":0.0,
    "82":0.0,
    "83":0.0,
    "84":0.0
}