{
    "0":0.998697351280938,
    "1":6.079027355623101,
    "2":5.340859748154581,
    "3":1.7802865827181935,
    "4":1.5631784628745113,
    "5":2.952670429874077,
    "6":5.644811115935736,
    "7":5.47112462006079,
    "8":5.340859748154581,
    "9":5.427702996092053,
    "10":4.429005644811116,
    "11":4.342162396873643,
    "12":3.560573165436387,
    "13":2.43161094224924,
    "14":2.6052974381241856,
    "15":2.5184541901867132,
    "16":1.82370820668693,
    "17":1.0421189752496742,
    "18":1.3026487190620928,
    "19":2.214502822405558,
    "20":1.3460703430308294,
    "21":1.82370820668693,
    "22":1.4329135909683022,
    "23":1.5197568389057752,
    "24":1.6500217108119843,
    "25":0.911854103343465,
    "26":1.3026487190620928,
    "27":0.9552757273122015,
    "28":1.3894919669995658,
    "29":0.998697351280938,
    "30":1.0421189752496742,
    "31":1.21580547112462,
    "32":0.7815892314372557,
    "33":0.8250108554059922,
    "34":0.998697351280938,
    "35":0.7381676074685193,
    "36":1.3026487190620928,
    "37":1.3894919669995658,
    "38":1.1723838471558836,
    "39":1.0421189752496742,
    "40":0.5210594876248371,
    "41":0.8684324793747287,
    "42":0.5644811115935736,
    "43":0.5210594876248371,
    "44":0.4776378636561007,
    "45":0.6947459834997829,
    "46":0.5210594876248371,
    "47":0.21710811984368217,
    "48":0.39079461571862784,
    "49":0.26052974381241856,
    "50":0.26052974381241856,
    "51":0.39079461571862784,
    "52":0.303951367781155,
    "53":0.26052974381241856,
    "54":0.6513243595310464,
    "55":0.6513243595310464,
    "56":0.13026487190620928,
    "57":0.21710811984368217,
    "58":0.17368649587494572,
    "59":0.17368649587494572,
    "60":0.13026487190620928,
    "61":0.21710811984368217,
    "62":0.08684324793747286,
    "63":0.13026487190620928,
    "64":0.0,
    "65":0.13026487190620928,
    "66":0.04342162396873643,
    "67":0.0,
    "68":0.0,
    "69":0.0,
    "70":0.0,
    "71":0.04342162396873643,
    "72":0.04342162396873643,
    "73":0.0,
    "74":0.0,
    "75":0.0,
    "76":0.0,
    "77":0.0,
    "78":0.0,
    "79":0.04342162396873643,
    "80":0.0,
    "81":0.0,
    "82":0.17368649587494572,
    "83":0.0,
    "84":0.0,
    "85":0.0,
    "86":0.0,
    "87":0.0,
    "88":0.0,
    "89":0.0,
    "90":0.0
}