{
    "0":0.910821098423056,
    "1":7.4361065796628605,
    "2":4.97553017944535,
    "3":5.967917346383905,
    "4":5.709624796084829,
    "5":5.30179445350734,
    "6":5.1794453507340945,
    "7":7.504078303425775,
    "8":5.628058727569331,
    "9":5.750407830342578,
    "10":4.581294181620446,
    "11":4.499728113104949,
    "12":4.091897770527461,
    "13":3.643284393692224,
    "14":3.0587275693311584,
    "15":2.678085916258836,
    "16":2.705274605764002,
    "17":2.147906470908102,
    "18":1.9711799891245243,
    "19":1.6721044045676998,
    "20":1.7128874388254487,
    "21":1.5089722675367048,
    "22":1.454594888526373,
    "23":1.5633496465470365,
    "24":1.3322457857531267,
    "25":0.8428493746601413,
    "26":0.734094616639478,
    "27":0.734094616639478,
    "28":0.6797172376291463,
    "29":0.5845568243610658,
    "30":0.48939641109298526,
    "31":0.6525285481239804,
    "32":0.28548123980424145,
    "33":0.19032082653616098,
    "34":0.27188689505165853,
    "35":0.29907558455682437,
    "36":0.1631321370309951,
    "37":0.14953779227841218,
    "38":0.09516041326808049,
    "39":0.0543773790103317,
    "40":0.08156606851549755,
    "41":0.17672648178357803,
    "42":0.13594344752582926,
    "43":0.08156606851549755,
    "44":0.1087547580206634,
    "45":0.013594344752582924,
    "46":0.0,
    "47":0.0,
    "48":0.0,
    "49":0.013594344752582924,
    "50":0.040783034257748776,
    "51":0.0,
    "52":0.0,
    "53":0.0,
    "54":0.0,
    "55":0.0,
    "56":0.0,
    "57":0.0,
    "58":0.013594344752582924,
    "59":0.0,
    "60":0.0,
    "61":0.0,
    "62":0.0,
    "63":0.02718868950516585,
    "64":0.0,
    "65":0.0,
    "66":0.0,
    "67":0.0,
    "68":0.0,
    "69":0.0,
    "70":0.013594344752582924,
    "71":0.013594344752582924,
    "72":0.0,
    "73":0.0,
    "74":0.013594344752582924,
    "75":0.0,
    "76":0.013594344752582924,
    "77":0.0,
    "78":0.0,
    "79":0.013594344752582924,
    "80":0.0,
    "81":0.0,
    "82":0.013594344752582924,
    "83":0.0,
    "84":0.0,
    "85":0.013594344752582924,
    "86":0.0,
    "87":0.0,
    "88":0.0,
    "89":0.0,
    "90":0.0,
    "91":0.0,
    "92":0.0,
    "93":0.0
}