{
    "0":1.5262515262515262,
    "1":6.857956857956858,
    "2":7.264957264957266,
    "3":6.064306064306065,
    "4":4.253154253154253,
    "5":3.357753357753358,
    "6":5.1689051689051695,
    "7":5.331705331705332,
    "8":5.392755392755393,
    "9":5.311355311355311,
    "10":4.456654456654457,
    "11":3.093203093203093,
    "12":2.238502238502239,
    "13":1.8925518925518925,
    "14":1.9332519332519331,
    "15":1.8315018315018317,
    "16":2.4013024013024014,
    "17":2.0146520146520146,
    "18":1.8315018315018317,
    "19":1.8518518518518516,
    "20":1.6687016687016685,
    "21":1.5873015873015872,
    "22":1.4245014245014245,
    "23":1.1192511192511194,
    "24":1.3431013431013432,
    "25":0.9971509971509971,
    "26":0.8750508750508751,
    "27":0.5087505087505088,
    "28":0.7326007326007326,
    "29":0.6308506308506309,
    "30":0.7326007326007326,
    "31":0.5494505494505495,
    "32":0.4273504273504274,
    "33":0.3663003663003663,
    "34":0.18315018315018314,
    "35":0.22385022385022385,
    "36":0.14245014245014245,
    "37":0.22385022385022385,
    "38":0.1628001628001628,
    "39":0.2849002849002849,
    "40":0.22385022385022385,
    "41":0.2849002849002849,
    "42":0.0814000814000814,
    "43":0.3256003256003256,
    "44":0.5291005291005291,
    "45":0.3052503052503053,
    "46":0.40700040700040696,
    "47":0.22385022385022385,
    "48":0.3256003256003256,
    "49":0.22385022385022385,
    "50":0.22385022385022385,
    "51":0.3256003256003256,
    "52":0.34595034595034596,
    "53":0.34595034595034596,
    "54":0.2849002849002849,
    "55":0.1221001221001221,
    "56":0.2849002849002849,
    "57":0.2849002849002849,
    "58":0.06105006105006105,
    "59":0.20350020350020348,
    "60":0.2442002442002442,
    "61":0.3256003256003256,
    "62":0.2849002849002849,
    "63":0.20350020350020348,
    "64":0.22385022385022385,
    "65":0.18315018315018314,
    "66":0.22385022385022385,
    "67":0.20350020350020348,
    "68":0.2849002849002849,
    "69":0.3052503052503053,
    "70":0.18315018315018314,
    "71":0.20350020350020348,
    "72":0.2849002849002849,
    "73":0.18315018315018314,
    "74":0.2442002442002442,
    "75":0.2442002442002442,
    "76":0.20350020350020348,
    "77":0.0814000814000814,
    "78":0.26455026455026454,
    "79":0.26455026455026454,
    "80":0.1628001628001628,
    "81":0.2442002442002442,
    "82":0.0814000814000814,
    "83":0.1221001221001221,
    "84":0.18315018315018314,
    "85":0.02035002035002035,
    "86":0.0,
    "87":0.0,
    "88":0.0814000814000814,
    "89":0.0407000407000407,
    "90":0.02035002035002035,
    "91":0.0407000407000407,
    "92":0.06105006105006105,
    "93":0.0,
    "94":0.02035002035002035,
    "95":0.0,
    "96":0.06105006105006105,
    "97":0.0814000814000814,
    "98":0.0,
    "99":0.06105006105006105,
    "100":0.1221001221001221,
    "101":0.02035002035002035,
    "102":0.02035002035002035,
    "103":0.0,
    "104":0.0,
    "105":0.02035002035002035,
    "106":0.0407000407000407,
    "107":0.02035002035002035,
    "108":0.02035002035002035,
    "109":0.0,
    "110":0.02035002035002035,
    "111":0.02035002035002035,
    "112":0.0407000407000407,
    "113":0.0,
    "114":0.0,
    "115":0.02035002035002035,
    "116":0.0,
    "117":0.0,
    "118":0.02035002035002035,
    "119":0.02035002035002035,
    "120":0.0,
    "121":0.0,
    "122":0.0,
    "123":0.0,
    "124":0.0,
    "125":0.0,
    "126":0.0,
    "127":0.0,
    "128":0.0
}