{
    "0":5.031656114628457,
    "1":0.433188937020993,
    "2":0.5998000666444518,
    "3":4.731756081306231,
    "4":6.164611796067978,
    "5":4.53182272575808,
    "6":2.865711429523492,
    "7":4.031989336887705,
    "8":4.631789403532156,
    "9":3.9320226591136285,
    "10":3.0989670109963345,
    "11":3.2989003665444856,
    "12":3.032322559146951,
    "13":3.1322892369210265,
    "14":3.76541152949017,
    "15":2.9990003332222592,
    "16":3.0656447850716426,
    "17":2.6991002999000333,
    "18":2.3658780406531155,
    "19":2.2325891369543487,
    "20":2.599133622125958,
    "21":2.2325891369543487,
    "22":1.732755748083972,
    "23":1.5661446184605132,
    "24":1.13295568143952,
    "25":1.3662112629123626,
    "26":0.9663445518160613,
    "27":1.13295568143952,
    "28":0.9996667777407532,
    "29":1.0663112295901367,
    "30":0.9996667777407532,
    "31":1.0663112295901367,
    "32":1.166277907364212,
    "33":0.9663445518160613,
    "34":1.0663112295901367,
    "35":0.9663445518160613,
    "36":0.866377874041986,
    "37":0.866377874041986,
    "38":0.866377874041986,
    "39":0.9663445518160613,
    "40":0.7997334221926025,
    "41":0.866377874041986,
    "42":1.0663112295901367,
    "43":0.5331556147950683,
    "44":0.33322225924691773,
    "45":0.33322225924691773,
    "46":0.4998333888703766,
    "47":0.3665444851716095,
    "48":0.2999000333222259,
    "49":0.46651116294568473,
    "50":0.3665444851716095,
    "51":0.13328890369876709,
    "52":0.19993335554815062,
    "53":0.16661112962345886,
    "54":0.03332222592469177,
    "55":0.09996667777407531,
    "56":0.09996667777407531,
    "57":0.13328890369876709,
    "58":0.06664445184938354,
    "59":0.06664445184938354,
    "60":0.06664445184938354,
    "61":0.06664445184938354,
    "62":0.13328890369876709,
    "63":0.09996667777407531,
    "64":0.13328890369876709,
    "65":0.26657780739753417,
    "66":0.26657780739753417,
    "67":0.09996667777407531,
    "68":0.06664445184938354,
    "69":0.09996667777407531,
    "70":0.26657780739753417,
    "71":0.09996667777407531,
    "72":0.16661112962345886,
    "73":0.0,
    "74":0.0,
    "75":0.0,
    "76":0.0,
    "77":0.0,
    "78":0.0,
    "79":0.0,
    "80":0.0,
    "81":0.0
}