{
    "0":1.9492768811569903,
    "1":6.183190106895829,
    "2":3.626074198281283,
    "3":1.9492768811569903,
    "4":2.2427164116537415,
    "5":4.317753091595054,
    "6":6.497589603856634,
    "7":6.581429469712849,
    "8":7.503667994131209,
    "9":6.791029134353385,
    "10":5.680150911758542,
    "11":4.569272689163697,
    "12":3.060155103751834,
    "13":2.5780758750786,
    "14":2.8086355061831902,
    "15":1.8444770488367217,
    "16":1.8025571159086144,
    "17":1.7187172500523997,
    "18":1.6977572835883463,
    "19":1.6348773841961852,
    "20":1.8235170823726683,
    "21":1.7187172500523997,
    "22":1.2995179207713268,
    "23":1.1737581219870048,
    "24":0.9012785579543072,
    "25":0.9641584573464682,
    "26":0.9012785579543072,
    "27":0.9641584573464682,
    "28":1.0689582896667364,
    "29":1.0060783902745756,
    "30":0.9851184238105218,
    "31":0.9851184238105218,
    "32":0.6916788933137707,
    "33":0.7964787256340389,
    "34":0.733598826241878,
    "35":0.9431984908824145,
    "36":0.607839027457556,
    "37":0.6497589603856634,
    "38":0.4611192622091804,
    "39":0.4191993292810731,
    "40":0.3143994969608049,
    "41":0.5868790609935024,
    "42":0.6287989939216098,
    "43":0.3772793963529658,
    "44":0.3772793963529658,
    "45":0.3563194298889122,
    "46":0.4401592957451268,
    "47":0.3772793963529658,
    "48":0.2934395304967512,
    "49":0.2305596311045902,
    "50":0.10479983232026828,
    "51":0.2724795640326975,
    "52":0.10479983232026828,
    "53":0.2305596311045902,
    "54":0.16767973171242925,
    "55":0.3563194298889122,
    "56":0.20959966464053656,
    "57":0.2305596311045902,
    "58":0.10479983232026828,
    "59":0.0,
    "60":0.0,
    "61":0.0,
    "62":0.0,
    "63":0.06287989939216097,
    "64":0.04191993292810731,
    "65":0.0,
    "66":0.0,
    "67":0.0,
    "68":0.0,
    "69":0.0,
    "70":0.0,
    "71":0.0,
    "72":0.0
}