{
    "0":2.0219244823386116,
    "1":3.9951278928136422,
    "2":4.165651644336175,
    "3":4.579780755176613,
    "4":2.874543239951279,
    "5":4.141291108404385,
    "6":6.455542021924482,
    "7":5.919610231425091,
    "8":5.822168087697929,
    "9":6.431181485992692,
    "10":4.750304506699147,
    "11":4.043848964677223,
    "12":2.8989037758830696,
    "13":3.2886723507917175,
    "14":2.143727161997564,
    "15":2.9476248477466505,
    "16":2.630937880633374,
    "17":2.4360535931790497,
    "18":1.851400730816078,
    "19":1.802679658952497,
    "20":1.6565164433617539,
    "21":1.5834348355663823,
    "22":1.0231425091352009,
    "23":0.779537149817296,
    "24":0.925700365408039,
    "25":0.9013398294762485,
    "26":0.779537149817296,
    "27":0.8769792935444579,
    "28":0.8526187576126675,
    "29":0.9987819732034106,
    "30":0.6090133982947624,
    "31":0.925700365408039,
    "32":0.6577344701583435,
    "33":0.633373934226553,
    "34":0.8038976857490865,
    "35":0.4628501827040195,
    "36":0.6577344701583435,
    "37":0.8526187576126675,
    "38":0.4628501827040195,
    "39":0.43848964677222896,
    "40":0.48721071863580995,
    "41":0.341047503045067,
    "42":0.389768574908648,
    "43":0.2679658952496955,
    "44":0.2679658952496955,
    "45":0.5602923264311814,
    "46":0.389768574908648,
    "47":0.389768574908648,
    "48":0.2679658952496955,
    "49":0.3654080389768575,
    "50":0.389768574908648,
    "51":0.24360535931790497,
    "52":0.21924482338611448,
    "53":0.1705237515225335,
    "54":0.389768574908648,
    "55":0.194884287454324,
    "56":0.194884287454324,
    "57":0.21924482338611448,
    "58":0.146163215590743,
    "59":0.146163215590743,
    "60":0.2679658952496955,
    "61":0.24360535931790497,
    "62":0.1705237515225335,
    "63":0.12180267965895249,
    "64":0.146163215590743,
    "65":0.12180267965895249,
    "66":0.194884287454324,
    "67":0.0730816077953715,
    "68":0.12180267965895249,
    "69":0.0730816077953715,
    "70":0.194884287454324,
    "71":0.146163215590743,
    "72":0.0,
    "73":0.0,
    "74":0.0,
    "75":0.0,
    "76":0.0,
    "77":0.0,
    "78":0.0,
    "79":0.0,
    "80":0.0
}