{
    "0":4.990366088631984,
    "1":6.358381502890173,
    "2":4.8169556840077075,
    "3":5.414258188824663,
    "4":4.296724470134874,
    "5":4.855491329479769,
    "6":5.953757225433526,
    "7":5.973025048169557,
    "8":6.512524084778421,
    "9":4.508670520231214,
    "10":4.296724470134874,
    "11":3.9884393063583814,
    "12":4.026974951830444,
    "13":3.371868978805395,
    "14":3.410404624277456,
    "15":2.697495183044316,
    "16":2.3892100192678227,
    "17":2.1772639691714835,
    "18":1.907514450867052,
    "19":1.3680154142581888,
    "20":1.579961464354528,
    "21":1.0211946050096339,
    "22":1.001926782273603,
    "23":0.9633911368015413,
    "24":0.6358381502890174,
    "25":0.5780346820809248,
    "26":0.5587668593448941,
    "27":0.4431599229287091,
    "28":0.7129094412331407,
    "29":0.7514450867052023,
    "30":0.5394990366088632,
    "31":0.5202312138728323,
    "32":0.8092485549132947,
    "33":0.5587668593448941,
    "34":0.32755298651252407,
    "35":0.3468208092485549,
    "36":0.4431599229287091,
    "37":0.2697495183044316,
    "38":0.32755298651252407,
    "39":0.36608863198458574,
    "40":0.2890173410404624,
    "41":0.2504816955684008,
    "42":0.2890173410404624,
    "43":0.2504816955684008,
    "44":0.2504816955684008,
    "45":0.2697495183044316,
    "46":0.36608863198458574,
    "47":0.2697495183044316,
    "48":0.1926782273603083,
    "49":0.17341040462427745,
    "50":0.1926782273603083,
    "51":0.1348747591522158,
    "52":0.1348747591522158,
    "53":0.1348747591522158,
    "54":0.03853564547206166,
    "55":0.03853564547206166,
    "56":0.07707129094412332,
    "57":0.05780346820809249,
    "58":0.07707129094412332,
    "59":0.01926782273603083,
    "60":0.11560693641618498,
    "61":0.1348747591522158,
    "62":0.0,
    "63":0.0,
    "64":0.01926782273603083,
    "65":0.0,
    "66":0.0,
    "67":0.0,
    "68":0.0,
    "69":0.0,
    "70":0.01926782273603083,
    "71":0.0,
    "72":0.0,
    "73":0.0,
    "74":0.0,
    "75":0.01926782273603083,
    "76":0.01926782273603083,
    "77":0.0,
    "78":0.0,
    "79":0.01926782273603083,
    "80":0.0,
    "81":0.0,
    "82":0.01926782273603083,
    "83":0.0,
    "84":0.0,
    "85":0.0,
    "86":0.0,
    "87":0.0,
    "88":0.0,
    "89":0.03853564547206166,
    "90":0.01926782273603083,
    "91":0.0,
    "92":0.0,
    "93":0.0,
    "94":0.0,
    "95":0.0,
    "96":0.0,
    "97":0.0,
    "98":0.0
}