{
    "0":[
        [
            -1.4607054055904019,
            -48.47434434807298,
            "3975113419",
            "0"
        ]
    ],
    "1":[
        [
            -1.459674865349241,
            -48.470058580512074,
            "300000000002",
            "3"
        ]
    ],
    "10":[
        [
            -1.4565326149014544,
            -48.46763513796525,
            "300000000011",
            "3"
        ]
    ],
    "11":[
        [
            -1.459642691334873,
            -48.470410130495154,
            "300000000012",
            "0"
        ]
    ],
    "2":[
        [
            -1.457754490290728,
            -48.46601172286755,
            "300000000003",
            "1"
        ]
    ],
    "3":[
        [
            -1.4578815201563269,
            -48.469168431676785,
            "300000000004",
            "4"
        ]
    ],
    "4":[
        [
            -1.4597917177113757,
            -48.4722363881719,
            "300000000005",
            "3"
        ]
    ],
    "5":[
        [
            -1.4620386539475503,
            -48.47149728845468,
            "300000000006",
            "0"
        ]
    ],
    "6":[
        [
            -1.4580531939247885,
            -48.472194140691435,
            "300000000007",
            "3"
        ]
    ],
    "7":[
        [
            -1.4602082078296994,
            -48.47174813883897,
            "300000000008",
            "4"
        ]
    ],
    "8":[
        [
            -1.4574395855307325,
            -48.46833818878983,
            "300000000009",
            "1"
        ]
    ],
    "9":[
        [
            -1.460952479488403,
            -48.47167947326902,
            "300000000010",
            "0"
        ]
    ],
    "total_length":4993.740900589039,
    "total_time":1.183906078338623
}