{
    "0":7.127312295973885,
    "1":2.992383025027203,
    "2":2.9651795429815015,
    "3":0.1632208922742111,
    "4":1.278563656147987,
    "5":4.434167573449402,
    "6":7.045701849836779,
    "7":8.269858541893363,
    "8":7.562568008705115,
    "9":6.0119695321001085,
    "10":4.597388465723613,
    "11":4.706202393906421,
    "12":2.529923830250272,
    "13":2.3394994559303592,
    "14":2.4755168661588685,
    "15":2.665941240478781,
    "16":2.2578890097932534,
    "17":1.8498367791077257,
    "18":1.6866158868335146,
    "19":1.9042437431991295,
    "20":1.3601741022850924,
    "21":1.9042437431991295,
    "22":1.4145810663764962,
    "23":1.5778019586507073,
    "24":1.7682263329706203,
    "25":1.8498367791077257,
    "26":1.4689880304679,
    "27":1.278563656147987,
    "28":0.8705114254624592,
    "29":0.6528835690968444,
    "30":0.5984766050054406,
    "31":0.6256800870511425,
    "32":0.48966267682263326,
    "33":0.7616974972796519,
    "34":0.6528835690968444,
    "35":0.6528835690968444,
    "36":0.3264417845484222,
    "37":0.4624591947769314,
    "38":0.40805223068552776,
    "39":0.544069640914037,
    "40":0.6256800870511425,
    "41":0.4624591947769314,
    "42":0.38084874863982593,
    "43":0.40805223068552776,
    "44":0.2720348204570185,
    "45":0.38084874863982593,
    "46":0.2720348204570185,
    "47":0.13601741022850924,
    "48":0.1632208922742111,
    "49":0.13601741022850924,
    "50":0.1632208922742111,
    "51":0.24483133841131663,
    "52":0.08161044613710555,
    "53":0.1088139281828074,
    "54":0.35364526659412404,
    "55":0.3264417845484222,
    "56":0.08161044613710555,
    "57":0.1088139281828074,
    "58":0.0544069640914037,
    "59":0.02720348204570185,
    "60":0.08161044613710555,
    "61":0.08161044613710555,
    "62":0.02720348204570185,
    "63":0.08161044613710555,
    "64":0.02720348204570185,
    "65":0.02720348204570185,
    "66":0.0544069640914037,
    "67":0.0,
    "68":0.0544069640914037,
    "69":0.0544069640914037,
    "70":0.0,
    "71":0.02720348204570185,
    "72":0.02720348204570185,
    "73":0.0,
    "74":0.0,
    "75":0.0,
    "76":0.0,
    "77":0.0,
    "78":0.0,
    "79":0.02720348204570185,
    "80":0.0,
    "81":0.0,
    "82":0.1088139281828074,
    "83":0.0,
    "84":0.0,
    "85":0.0,
    "86":0.0,
    "87":0.0,
    "88":0.0,
    "89":0.0,
    "90":0.0
}