{
    "0":16.96245096207734,
    "1":6.3889407808705405,
    "2":2.6527181019988793,
    "3":4.277974967308051,
    "4":3.810947132449094,
    "5":3.586773771716794,
    "6":3.101064823463479,
    "7":3.530730431533719,
    "8":3.8856715860265267,
    "9":4.203250513730619,
    "10":3.5120493181393613,
    "11":3.1197459368578366,
    "12":2.8021670091537456,
    "13":2.2604147207173546,
    "14":2.690080328787596,
    "15":2.6527181019988793,
    "16":2.5966747618158044,
    "17":2.577993648421446,
    "18":2.167009153745563,
    "19":2.764804782365029,
    "20":1.9241546796189053,
    "21":1.9615169064076219,
    "22":1.5692135251260977,
    "23":2.036241359985055,
    "24":1.288996824210723,
    "25":1.232953484027648,
    "26":0.7846067625630488,
    "27":0.8780123295348403,
    "28":0.8406501027461236,
    "29":0.6538389688025406,
    "30":0.7098823089856156,
    "31":0.7098823089856156,
    "32":0.6912011955912573,
    "33":0.5604334018307491,
    "34":0.3549411544928078,
    "35":0.29889781430973283,
    "36":0.20549224733794136,
    "37":0.28021670091537454,
    "38":0.3362600410984495,
    "39":0.16813002054922474,
    "40":0.056043340183074906,
    "41":0.16813002054922474,
    "42":0.14944890715486642,
    "43":0.14944890715486642,
    "44":0.20549224733794136,
    "45":0.24285447412665792,
    "46":0.09340556697179152,
    "47":0.037362226788716604,
    "48":0.07472445357743321,
    "49":0.09340556697179152,
    "50":0.0,
    "51":0.09340556697179152,
    "52":0.11208668036614981,
    "53":0.07472445357743321,
    "54":0.018681113394358302,
    "55":0.11208668036614981,
    "56":0.056043340183074906,
    "57":0.11208668036614981,
    "58":0.13076779376050812,
    "59":0.13076779376050812,
    "60":0.07472445357743321,
    "61":0.07472445357743321,
    "62":0.07472445357743321,
    "63":0.037362226788716604,
    "64":0.07472445357743321,
    "65":0.07472445357743321,
    "66":0.018681113394358302,
    "67":0.056043340183074906,
    "68":0.09340556697179152,
    "69":0.13076779376050812,
    "70":0.056043340183074906,
    "71":0.0,
    "72":0.0,
    "73":0.0,
    "74":0.0,
    "75":0.0,
    "76":0.0,
    "77":0.0,
    "78":0.0,
    "79":0.0,
    "80":0.018681113394358302,
    "81":0.018681113394358302,
    "82":0.0,
    "83":0.0,
    "84":0.0,
    "85":0.056043340183074906,
    "86":0.0,
    "87":0.0,
    "88":0.0,
    "89":0.0,
    "90":0.0,
    "91":0.0,
    "92":0.0,
    "93":0.0,
    "94":0.0
}