{
    "0":6.056747908330302,
    "1":0.07275372862859221,
    "2":0.40014550745725724,
    "3":1.2913786831575118,
    "4":1.946162240814842,
    "5":1.0731174972717352,
    "6":0.672971989814478,
    "7":0.5274645325572935,
    "8":1.000363768643143,
    "9":0.7457257184430701,
    "10":0.9639869043288469,
    "11":1.1276827937431793,
    "12":1.1094943615860313,
    "13":0.8912331757002546,
    "14":0.9457984721716988,
    "15":1.2550018188432157,
    "16":0.9821753364859949,
    "17":1.054929065114587,
    "18":1.1822480902146235,
    "19":1.2550018188432157,
    "20":1.1458712259003274,
    "21":0.7457257184430701,
    "22":1.2004365223717717,
    "23":1.0367406329574391,
    "24":1.1458712259003274,
    "25":1.4005092761004,
    "26":1.5460167333575847,
    "27":1.364132411786104,
    "28":1.5096398690432884,
    "29":1.0367406329574391,
    "30":1.2004365223717717,
    "31":0.8730447435431065,
    "32":1.2186249545289196,
    "33":1.2550018188432157,
    "34":1.30956711531466,
    "35":1.2731902510003639,
    "36":1.4186977082575483,
    "37":1.345943979628956,
    "38":0.9276100400145507,
    "39":0.8366678792288106,
    "40":1.0913059294288832,
    "41":1.2368133866860678,
    "42":1.0367406329574391,
    "43":1.2731902510003639,
    "44":1.2004365223717717,
    "45":1.4732630047289923,
    "46":1.2186249545289196,
    "47":1.018552200800291,
    "48":1.2004365223717717,
    "49":1.1276827937431793,
    "50":1.345943979628956,
    "51":1.3823208439432522,
    "52":0.6365951255001819,
    "53":0.8730447435431065,
    "54":0.8548563113859585,
    "55":1.0913059294288832,
    "56":1.0367406329574391,
    "57":1.1276827937431793,
    "58":0.8548563113859585,
    "59":1.000363768643143,
    "60":0.7093488541287741,
    "61":0.8912331757002546,
    "62":0.7821025827573663,
    "63":0.8548563113859585,
    "64":0.6184066933430339,
    "65":0.6365951255001819,
    "66":0.7093488541287741,
    "67":0.672971989814478,
    "68":0.7093488541287741,
    "69":0.5820298290287377,
    "70":0.5638413968715896,
    "71":0.65478355765733,
    "72":0.4183339396144053,
    "73":0.40014550745725724,
    "74":0.43652237177155323,
    "75":0.25463805020007274,
    "76":0.4728992360858494,
    "77":0.4728992360858494,
    "78":0.45471080392870133,
    "79":0.6184066933430339,
    "80":0.5820298290287377,
    "81":0.4728992360858494,
    "82":0.65478355765733,
    "83":0.5456529647144416,
    "84":0.36376864314296103,
    "85":0.49108766824299743,
    "86":0.29101491451436884,
    "87":0.1636958894143325,
    "88":0.18188432157148052,
    "89":0.25463805020007274,
    "90":0.14550745725718442,
    "91":0.1636958894143325,
    "92":0.14550745725718442,
    "93":0.25463805020007274,
    "94":0.21826118588577662,
    "95":0.327391778828665,
    "96":0.29101491451436884,
    "97":0.21826118588577662,
    "98":0.12731902510003637,
    "99":0.1636958894143325,
    "100":0.18188432157148052,
    "101":0.18188432157148052,
    "102":0.21826118588577662,
    "103":0.2364496180429247,
    "104":0.20007275372862862,
    "105":0.18188432157148052,
    "106":0.12731902510003637,
    "107":0.21826118588577662,
    "108":0.18188432157148052,
    "109":0.10913059294288831,
    "110":0.14550745725718442,
    "111":0.21826118588577662,
    "112":0.10913059294288831,
    "113":0.10913059294288831,
    "114":0.12731902510003637,
    "115":0.21826118588577662,
    "116":0.14550745725718442,
    "117":0.1636958894143325,
    "118":0.2364496180429247,
    "119":0.14550745725718442,
    "120":0.09094216078574026,
    "121":0.2728264823572208,
    "122":0.054565296471444154,
    "123":0.10913059294288831,
    "124":0.12731902510003637,
    "125":0.2728264823572208,
    "126":0.054565296471444154,
    "127":0.18188432157148052,
    "128":0.07275372862859221,
    "129":0.09094216078574026,
    "130":0.054565296471444154,
    "131":0.07275372862859221,
    "132":0.07275372862859221,
    "133":0.1636958894143325,
    "134":0.12731902510003637,
    "135":0.054565296471444154,
    "136":0.12731902510003637,
    "137":0.09094216078574026,
    "138":0.29101491451436884,
    "139":0.09094216078574026,
    "140":0.20007275372862862,
    "141":0.14550745725718442,
    "142":0.054565296471444154,
    "143":0.12731902510003637,
    "144":0.10913059294288831,
    "145":0.12731902510003637,
    "146":0.10913059294288831,
    "147":0.018188432157148052,
    "148":0.2364496180429247,
    "149":0.14550745725718442,
    "150":0.036376864314296105,
    "151":0.09094216078574026,
    "152":0.09094216078574026,
    "153":0.18188432157148052,
    "154":0.1636958894143325,
    "155":0.14550745725718442,
    "156":0.09094216078574026,
    "157":0.10913059294288831,
    "158":0.09094216078574026,
    "159":0.10913059294288831,
    "160":0.07275372862859221,
    "161":0.07275372862859221,
    "162":0.07275372862859221,
    "163":0.12731902510003637,
    "164":0.12731902510003637,
    "165":0.036376864314296105,
    "166":0.07275372862859221,
    "167":0.07275372862859221,
    "168":0.09094216078574026,
    "169":0.14550745725718442,
    "170":0.07275372862859221,
    "171":0.09094216078574026,
    "172":0.14550745725718442,
    "173":0.07275372862859221,
    "174":0.10913059294288831,
    "175":0.036376864314296105,
    "176":0.018188432157148052,
    "177":0.07275372862859221,
    "178":0.036376864314296105,
    "179":0.07275372862859221,
    "180":0.10913059294288831,
    "181":0.09094216078574026,
    "182":0.054565296471444154,
    "183":0.07275372862859221,
    "184":0.07275372862859221,
    "185":0.018188432157148052,
    "186":0.054565296471444154,
    "187":0.018188432157148052,
    "188":0.036376864314296105,
    "189":0.09094216078574026,
    "190":0.054565296471444154,
    "191":0.036376864314296105,
    "192":0.018188432157148052,
    "193":0.018188432157148052,
    "194":0.018188432157148052,
    "195":0.0,
    "196":0.018188432157148052,
    "197":0.018188432157148052,
    "198":0.018188432157148052,
    "199":0.054565296471444154,
    "200":0.054565296471444154,
    "201":0.07275372862859221,
    "202":0.0,
    "203":0.0,
    "204":0.018188432157148052,
    "205":0.0,
    "206":0.0,
    "207":0.0,
    "208":0.018188432157148052,
    "209":0.0,
    "210":0.0,
    "211":0.0,
    "212":0.0,
    "213":0.018188432157148052,
    "214":0.018188432157148052,
    "215":0.054565296471444154,
    "216":0.018188432157148052,
    "217":0.018188432157148052,
    "218":0.0,
    "219":0.018188432157148052,
    "220":0.018188432157148052,
    "221":0.054565296471444154,
    "222":0.0,
    "223":0.0,
    "224":0.0,
    "225":0.018188432157148052,
    "226":0.018188432157148052,
    "227":0.0,
    "228":0.018188432157148052,
    "229":0.036376864314296105,
    "230":0.018188432157148052,
    "231":0.018188432157148052,
    "232":0.0,
    "233":0.0,
    "234":0.0,
    "235":0.018188432157148052,
    "236":0.018188432157148052,
    "237":0.0,
    "238":0.0,
    "239":0.0,
    "240":0.0,
    "241":0.018188432157148052,
    "242":0.0,
    "243":0.018188432157148052,
    "244":0.0,
    "245":0.018188432157148052,
    "246":0.0,
    "247":0.0,
    "248":0.0,
    "249":0.0,
    "250":0.0,
    "251":0.0,
    "252":0.0,
    "253":0.018188432157148052,
    "254":0.0,
    "255":0.018188432157148052,
    "256":0.0,
    "257":0.018188432157148052,
    "258":0.036376864314296105,
    "259":0.018188432157148052,
    "260":0.0,
    "261":0.018188432157148052,
    "262":0.054565296471444154,
    "263":0.0,
    "264":0.0,
    "265":0.0,
    "266":0.0,
    "267":0.0,
    "268":0.0,
    "269":0.0,
    "270":0.0,
    "271":0.0,
    "272":0.0,
    "273":0.0,
    "274":0.0,
    "275":0.0,
    "276":0.0,
    "277":0.0,
    "278":0.0,
    "279":0.0,
    "280":0.0,
    "281":0.0,
    "282":0.0,
    "283":0.0,
    "284":0.0,
    "285":0.0,
    "286":0.0,
    "287":0.0,
    "288":0.0,
    "289":0.0,
    "290":0.0,
    "291":0.0,
    "292":0.0,
    "293":0.0,
    "294":0.0,
    "295":0.0,
    "296":0.0,
    "297":0.0,
    "298":0.0,
    "299":0.0,