{
    "0":5.131208997188379,
    "1":2.0501405810684163,
    "2":1.5581068416119963,
    "3":1.7572633552014998,
    "4":1.569821930646673,
    "5":1.534676663542643,
    "6":0.8317713214620431,
    "7":1.0309278350515463,
    "8":0.937207122774133,
    "9":0.6677600749765698,
    "10":1.3706654170571697,
    "11":1.2886597938144329,
    "12":1.640112464854733,
    "13":1.3238050609184628,
    "14":1.3238050609184628,
    "15":1.5463917525773196,
    "16":1.4175257731958764,
    "17":1.6986879100281163,
    "18":1.5932521087160263,
    "19":1.6049671977507027,
    "20":1.2535145267104029,
    "21":1.394095595126523,
    "22":1.569821930646673,
    "23":1.5112464854732897,
    "24":1.3823805060918464,
    "25":1.3706654170571697,
    "26":1.4409559512652297,
    "27":1.3706654170571697,
    "28":1.3355201499531395,
    "29":1.3706654170571697,
    "30":1.5463917525773196,
    "31":1.5463917525773196,
    "32":1.8158388003748829,
    "33":1.5229615745079663,
    "34":1.6518275538894094,
    "35":1.499531396438613,
    "36":1.640112464854733,
    "37":1.218369259606373,
    "38":1.6049671977507027,
    "39":1.3589503280224928,
    "40":1.218369259606373,
    "41":1.0543580131208996,
    "42":0.7966260543580131,
    "43":0.937207122774133,
    "44":0.972352389878163,
    "45":0.9840674789128397,
    "46":0.9957825679475164,
    "47":0.8786316776007499,
    "48":0.7263355201499532,
    "49":0.6326148078725398,
    "50":1.1832239925023431,
    "51":0.7263355201499532,
    "52":0.7614807872539832,
    "53":0.8434864104967198,
    "54":0.937207122774133,
    "55":0.6794751640112464,
    "56":0.8434864104967198,
    "57":0.7966260543580131,
    "58":0.8434864104967198,
    "59":0.8200562324273665,
    "60":0.6677600749765698,
    "61":0.6091846298031866,
    "62":0.5388940955951266,
    "63":0.7614807872539832,
    "64":0.5388940955951266,
    "65":0.4451733833177133,
    "66":0.48031865042174315,
    "67":0.5154639175257731,
    "68":0.4686035613870665,
    "69":0.3983130271790066,
    "70":0.5154639175257731,
    "71":0.3397375820056232,
    "72":0.3631677600749766,
    "73":0.4451733833177133,
    "74":0.37488284910965325,
    "75":0.5271790065604498,
    "76":0.3397375820056232,
    "77":0.3045923149015933,
    "78":0.3983130271790066,
    "79":0.37488284910965325,
    "80":0.2928772258669166,
    "81":0.37488284910965325,
    "82":0.3514526710402999,
    "83":0.23430178069353325,
    "84":0.21087160262417995,
    "85":0.32802249297094654,
    "86":0.3514526710402999,
    "87":0.3045923149015933,
    "88":0.3163074039362699,
    "89":0.3163074039362699,
    "90":0.28116213683223995,
    "91":0.22258669165885664,
    "92":0.28116213683223995,
    "93":0.18744142455482662,
    "94":0.18744142455482662,
    "95":0.21087160262417995,
    "96":0.22258669165885664,
    "97":0.21087160262417995,
    "98":0.18744142455482662,
    "99":0.1991565135895033,
    "100":0.14058106841611998,
    "101":0.3045923149015933,
    "102":0.15229615745079664,
    "103":0.18744142455482662,
    "104":0.16401124648547327,
    "105":0.25773195876288657,
    "106":0.21087160262417995,
    "107":0.23430178069353325,
    "108":0.17572633552014996,
    "109":0.1991565135895033,
    "110":0.22258669165885664,
    "111":0.1991565135895033,
    "112":0.18744142455482662,
    "113":0.25773195876288657,
    "114":0.24601686972820994,
    "115":0.11715089034676662,
    "116":0.1991565135895033,
    "117":0.1991565135895033,
    "118":0.17572633552014996,
    "119":0.14058106841611998,
    "120":0.11715089034676662,
    "121":0.08200562324273664,
    "122":0.12886597938144329,
    "123":0.12886597938144329,
    "124":0.07029053420805999,
    "125":0.08200562324273664,
    "126":0.05857544517338331,
    "127":0.10543580131208997,
    "128":0.07029053420805999,
    "129":0.08200562324273664,
    "130":0.035145267104029994,
    "131":0.023430178069353328,
    "132":0.08200562324273664,
    "133":0.05857544517338331,
    "134":0.046860356138706656,
    "135":0.035145267104029994,
    "136":0.0,
    "137":0.09372071227741331,
    "138":0.05857544517338331,
    "139":0.08200562324273664,
    "140":0.023430178069353328,
    "141":0.07029053420805999,
    "142":0.023430178069353328,
    "143":0.023430178069353328,
    "144":0.011715089034676664,
    "145":0.046860356138706656,
    "146":0.023430178069353328,
    "147":0.023430178069353328,
    "148":0.035145267104029994,
    "149":0.023430178069353328,
    "150":0.035145267104029994,
    "151":0.023430178069353328,
    "152":0.05857544517338331,
    "153":0.0,
    "154":0.046860356138706656,
    "155":0.12886597938144329,
    "156":0.023430178069353328,
    "157":0.046860356138706656,
    "158":0.046860356138706656,
    "159":0.011715089034676664,
    "160":0.035145267104029994,
    "161":0.0,
    "162":0.011715089034676664,
    "163":0.023430178069353328,
    "164":0.011715089034676664,
    "165":0.0,
    "166":0.0,
    "167":0.023430178069353328,
    "168":0.0,
    "169":0.023430178069353328,
    "170":0.0,
    "171":0.0,
    "172":0.0,
    "173":0.046860356138706656,
    "174":0.0,
    "175":0.0,
    "176":0.011715089034676664,
    "177":0.0,
    "178":0.011715089034676664,
    "179":0.035145267104029994,
    "180":0.0,
    "181":0.0,
    "182":0.0,
    "183":0.011715089034676664,
    "184":0.0,
    "185":0.0,
    "186":0.0,
    "187":0.0,
    "188":0.0,
    "189":0.0,
    "190":0.0,
    "191":0.0,
    "192":0.0,
    "193":0.0,
    "194":0.0,
    "195":0.0,
    "196":0.0,
    "197":0.0,
    "198":0.0,
    "199":0.0,
    "200":0.0,
    "201":0.0,
    "202":0.0,
    "203":0.0,
    "204":0.0,
    "205":0.0,
    "206":0.0,
    "207":0.0,
    "208":0.0,
    "209":0.0,
    "210":0.0,
    "211":0.0,
    "212":0.0,
    "213":0.0,
    "214":0.0,
    "215":0.0,
    "216":0.0,
    "217":0.0,
    "218":0.0,
    "219":0.0,
    "220":0.0,
    "221":0.0,
    "222":0.0,
    "223":0.0,
    "224":0.0,
    "225":0.0,
    "226":0.0,
    "227":0.0,
    "228":0.0,
    "229":0.0,
    "230":0.0,
    "231":0.0,
    "232":0.0,
    "233":0.0,
    "234":0.0,
    "235":0.0,
    "236":0.0,
    "237":0.0,
    "238":0.0,
    "239":0.0,
    "240":0.0,
    "241":0.0,
    "242":0.0,
    "243":0.0,
    "244":0.0,
    "245":0.0,
    "246":0.0,
    "247":0.0,
    "248":0.0,
    "249":0.0,
    "250":0.0,
    "251":0.0,
    "252":0.0,
    "253":0.0,
    "254":0.0,
    "255":0.0,
    "256":0.0,
    "257":0.0,
    "258":0.0,
    "259":0.0,
    "260":0.0,
    "261":0.0,
    "262":0.0,
    "263":0.0,
    "264":0.0,
    "265":0.0,
    "266":0.0,
    "267":0.0,
    "268":0.0,
    "269":0.0,
    "270":0.0,
    "271":0.0,
    "272":0.0,
    "273":0.0,
    "274":0.0,
    "275":0.0,
    "276":0.0,
    "277":0.011715089034676664,
    "278":0.0,
    "279":0.0,
    "280":0.0,
    "281":0.0,
    "282":0.0,
    "283":0.0,
    "284":0.0,
    "285":0.0,
    "286":0.0,
    "287":0.0,
    "288":0.0,
    "289":0.0,
    "290":0.0,
    "291":0.0,
    "292":0.0,
    "293":0.0,
    "294":0.0,
    "295":0.0,
    "296":0.0,
    "297":0.0,
    "298":0.0,
    "299":0.0,
    "300":0.0,
    "301":0.0,
    "302":0.0,
    "303":0.0,
    "304":0.0,
    "305":0.0,
    "306":0.0,
    "307":0.0,
    "308":0.0,
    "309":0.011715089034676664,
    "310":0.0,
    "311":0.0,
    "312":0.0,
    "313":0.0,
    "314":0.0,
    "315":0.0,
    "316":0.0,
    "317":0.0
}