{
    "0":3.168743270266113,
    "1":6.337486540532226,
    "2":7.875711429010922,
    "3":0.7998769420089216,
    "4":0.5229964620827565,
    "5":0.44608521765882175,
    "6":0.8460236886632826,
    "7":1.784340870635287,
    "8":1.9381633594831564,
    "9":1.4766958929395477,
    "10":2.061221350561452,
    "11":1.6305183817874171,
    "12":1.1998154130133827,
    "13":1.1536686663590217,
    "14":1.3844023996308261,
    "15":0.8460236886632826,
    "16":1.045992924165513,
    "17":1.2613444085525303,
    "18":1.030610675280726,
    "19":1.0613751730503,
    "20":1.3228734040916783,
    "21":1.1382864174742346,
    "22":1.338255652976465,
    "23":1.030610675280726,
    "24":1.2151976618981697,
    "25":1.2459621596677435,
    "26":1.2921089063221043,
    "27":1.338255652976465,
    "28":1.1844331641285957,
    "29":0.9998461775111522,
    "30":0.9536994308567912,
    "31":1.015228426395939,
    "32":0.8921704353176435,
    "33":0.7229656975849869,
    "34":0.7691124442393479,
    "35":0.9383171819720043,
    "36":0.7844946931241348,
    "37":0.8767881864328565,
    "38":0.7537301953545609,
    "39":0.5383787109675434,
    "40":0.5229964620827565,
    "41":0.6306722042762651,
    "42":0.8460236886632826,
    "43":0.6152899553914782,
    "44":0.7075834487002,
    "45":0.7229656975849869,
    "46":0.6922011998154131,
    "47":0.7229656975849869,
    "48":0.5691432087371173,
    "49":0.4307029687740348,
    "50":0.7229656975849869,
    "51":0.36917397323488693,
    "52":0.5691432087371173,
    "53":0.46146746654360865,
    "54":0.4768497154283956,
    "55":0.5845254576219043,
    "56":0.7383479464697739,
    "57":0.5229964620827565,
    "58":0.6460544531610521,
    "59":0.6460544531610521,
    "60":0.4768497154283956,
    "61":0.6614367020458392,
    "62":0.5076142131979695,
    "63":0.5229964620827565,
    "64":0.338409475465313,
    "65":0.4153207198892478,
    "66":0.6460544531610521,
    "67":0.38455622211967394,
    "68":0.5076142131979695,
    "69":0.5383787109675434,
    "70":0.6152899553914782,
    "71":0.29226272881095217,
    "72":0.5229964620827565,
    "73":0.5383787109675434,
    "74":0.36917397323488693,
    "75":0.5999077065066913,
    "76":0.36917397323488693,
    "77":0.5537609598523304,
    "78":0.5076142131979695,
    "79":0.6460544531610521,
    "80":0.4307029687740348,
    "81":0.38455622211967394,
    "82":0.29226272881095217,
    "83":0.36917397323488693,
    "84":0.29226272881095217,
    "85":0.4307029687740348,
    "86":0.4307029687740348,
    "87":0.3076449776957391,
    "88":0.3230272265805261,
    "89":0.338409475465313,
    "90":0.36917397323488693,
    "91":0.5229964620827565,
    "92":0.338409475465313,
    "93":0.338409475465313,
    "94":0.3076449776957391,
    "95":0.29226272881095217,
    "96":0.29226272881095217,
    "97":0.46146746654360865,
    "98":0.3076449776957391,
    "99":0.36917397323488693,
    "100":0.36917397323488693,
    "101":0.4307029687740348,
    "102":0.4153207198892478,
    "103":0.4153207198892478,
    "104":0.3999384710044608,
    "105":0.29226272881095217,
    "106":0.23073373327180433,
    "107":0.18458698661744347,
    "108":0.2153514843870174,
    "109":0.18458698661744347,
    "110":0.15382248884786956,
    "111":0.2153514843870174,
    "112":0.15382248884786956,
    "113":0.1384402399630826,
    "114":0.2153514843870174,
    "115":0.18458698661744347,
    "116":0.2153514843870174,
    "117":0.1999692355022304,
    "118":0.15382248884786956,
    "119":0.3076449776957391,
    "120":0.1999692355022304,
    "121":0.2461159821565913,
    "122":0.1692047377326565,
    "123":0.1692047377326565,
    "124":0.2461159821565913,
    "125":0.2461159821565913,
    "126":0.1692047377326565,
    "127":0.1999692355022304,
    "128":0.12305799107829565,
    "129":0.1384402399630826,
    "130":0.18458698661744347,
    "131":0.29226272881095217,
    "132":0.18458698661744347,
    "133":0.2461159821565913,
    "134":0.2153514843870174,
    "135":0.1999692355022304,
    "136":0.15382248884786956,
    "137":0.09229349330872173,
    "138":0.18458698661744347,
    "139":0.12305799107829565,
    "140":0.18458698661744347,
    "141":0.09229349330872173,
    "142":0.15382248884786956,
    "143":0.09229349330872173,
    "144":0.1384402399630826,
    "145":0.1076757421935087,
    "146":0.12305799107829565,
    "147":0.1692047377326565,
    "148":0.09229349330872173,
    "149":0.1384402399630826,
    "150":0.1692047377326565,
    "151":0.1999692355022304,
    "152":0.030764497769573913,
    "153":0.046146746654360866,
    "154":0.07691124442393478,
    "155":0.046146746654360866,
    "156":0.030764497769573913,
    "157":0.1076757421935087,
    "158":0.015382248884786957,
    "159":0.07691124442393478,
    "160":0.06152899553914783,
    "161":0.046146746654360866,
    "162":0.046146746654360866,
    "163":0.030764497769573913,
    "164":0.046146746654360866,
    "165":0.030764497769573913,
    "166":0.030764497769573913,
    "167":0.0,
    "168":0.015382248884786957,
    "169":0.0,
    "170":0.0,
    "171":0.030764497769573913,
    "172":0.015382248884786957,
    "173":0.030764497769573913,
    "174":0.0,
    "175":0.046146746654360866,
    "176":0.030764497769573913,
    "177":0.046146746654360866,
    "178":0.0,
    "179":0.046146746654360866,
    "180":0.046146746654360866,
    "181":0.046146746654360866,
    "182":0.015382248884786957,
    "183":0.030764497769573913,
    "184":0.030764497769573913,
    "185":0.030764497769573913,
    "186":0.0,
    "187":0.015382248884786957,
    "188":0.015382248884786957,
    "189":0.015382248884786957,
    "190":0.015382248884786957,
    "191":0.015382248884786957,
    "192":0.046146746654360866,
    "193":0.046146746654360866,
    "194":0.0,
    "195":0.030764497769573913,
    "196":0.015382248884786957,
    "197":0.030764497769573913,
    "198":0.030764497769573913,
    "199":0.030764497769573913,
    "200":0.015382248884786957,
    "201":0.015382248884786957,
    "202":0.030764497769573913,
    "203":0.06152899553914783,
    "204":0.015382248884786957,
    "205":0.06152899553914783,
    "206":0.015382248884786957,
    "207":0.0,
    "208":0.015382248884786957,
    "209":0.0,
    "210":0.0,
    "211":0.015382248884786957,
    "212":0.0,
    "213":0.0,
    "214":0.0,
    "215":0.046146746654360866,
    "216":0.06152899553914783,
    "217":0.0,
    "218":0.0,
    "219":0.0,
    "220":0.0,
    "221":0.0,
    "222":0.0,
    "223":0.0,
    "224":0.0
}