{
    "0":3.7561057773286173,
    "1":0.08421761832575374,
    "2":0.9600808489135927,
    "3":0.8758632305878389,
    "4":0.7916456122620852,
    "5":1.010611419909045,
    "6":1.2295772275560046,
    "7":1.4990736061984167,
    "8":1.7685699848408287,
    "9":1.7517264611756778,
    "10":1.9033181741620349,
    "11":1.7011958901802258,
    "12":1.4485430352029645,
    "13":1.3306383695469093,
    "14":1.3811689405423615,
    "15":1.2464207512211554,
    "16":0.9095502779181406,
    "17":0.808489135927236,
    "18":0.9600808489135927,
    "19":0.9263938015832912,
    "20":0.6905844702711808,
    "21":1.0948290382347987,
    "22":1.1790466565605526,
    "23":1.3137948458817585,
    "24":1.5159171298635674,
    "25":1.0948290382347987,
    "26":1.5496041771938691,
    "27":1.4485430352029645,
    "28":1.869631126831733,
    "29":0.9937678962438943,
    "30":1.3137948458817585,
    "31":1.4653865588681152,
    "32":1.2295772275560046,
    "33":1.263264274886306,
    "34":1.4990736061984167,
    "35":1.1790466565605526,
    "36":1.145359609230251,
    "37":1.280107798551457,
    "38":1.077985514569648,
    "39":0.9769243725787434,
    "40":1.077985514569648,
    "41":1.1116725618999495,
    "42":0.9769243725787434,
    "43":1.2969513222166078,
    "44":1.2969513222166078,
    "45":0.808489135927236,
    "46":0.8758632305878389,
    "47":1.010611419909045,
    "48":0.8758632305878389,
    "49":0.9600808489135927,
    "50":0.9263938015832912,
    "51":0.8758632305878389,
    "52":0.8253326595923868,
    "53":1.1285160855651002,
    "54":1.010611419909045,
    "55":0.6063668519454269,
    "56":0.6400538992757285,
    "57":0.6568974229408793,
    "58":0.6905844702711808,
    "59":0.9263938015832912,
    "60":0.6737409466060299,
    "61":0.7579585649317837,
    "62":0.5558362809499747,
    "63":0.43793161529391944,
    "64":0.741115041266633,
    "65":0.538992757284824,
    "66":0.5895233282802763,
    "67":0.5558362809499747,
    "68":0.741115041266633,
    "69":0.6063668519454269,
    "70":0.7074279939363315,
    "71":0.3874010442984673,
    "72":0.471618662624221,
    "73":0.5221492336196732,
    "74":0.42108809162876876,
    "75":0.404244567963618,
    "76":0.5726798046151255,
    "77":0.5053057099545225,
    "78":0.6400538992757285,
    "79":0.43793161529391944,
    "80":0.42108809162876876,
    "81":0.43793161529391944,
    "82":0.33687047330301495,
    "83":0.33687047330301495,
    "84":0.4547751389590703,
    "85":0.30318342597271347,
    "86":0.202122283981809,
    "87":0.33687047330301495,
    "88":0.18527876031665824,
    "89":0.35371399696816574,
    "90":0.4547751389590703,
    "91":0.202122283981809,
    "92":0.21896580764695972,
    "93":0.21896580764695972,
    "94":0.25265285497726125,
    "95":0.3705575206333165,
    "96":0.15159171298635674,
    "97":0.21896580764695972,
    "98":0.32002694963786427,
    "99":0.32002694963786427,
    "100":0.35371399696816574,
    "101":0.21896580764695972,
    "102":0.30318342597271347,
    "103":0.32002694963786427,
    "104":0.18527876031665824,
    "105":0.269496378642412,
    "106":0.21896580764695972,
    "107":0.18527876031665824,
    "108":0.15159171298635674,
    "109":0.134748189321206,
    "110":0.28633990230756273,
    "111":0.21896580764695972,
    "112":0.18527876031665824,
    "113":0.134748189321206,
    "114":0.08421761832575374,
    "115":0.08421761832575374,
    "116":0.08421761832575374,
    "117":0.11790466565605524,
    "118":0.15159171298635674,
    "119":0.05053057099545225,
    "120":0.05053057099545225,
    "121":0.134748189321206,
    "122":0.05053057099545225,
    "123":0.15159171298635674,
    "124":0.08421761832575374,
    "125":0.18527876031665824,
    "126":0.067374094660603,
    "127":0.08421761832575374,
    "128":0.0336870473303015,
    "129":0.15159171298635674,
    "130":0.134748189321206,
    "131":0.08421761832575374,
    "132":0.1010611419909045,
    "133":0.1010611419909045,
    "134":0.08421761832575374,
    "135":0.067374094660603,
    "136":0.1010611419909045,
    "137":0.05053057099545225,
    "138":0.08421761832575374,
    "139":0.0336870473303015,
    "140":0.0336870473303015,
    "141":0.11790466565605524,
    "142":0.134748189321206,
    "143":0.134748189321206,
    "144":0.0336870473303015,
    "145":0.1010611419909045,
    "146":0.0336870473303015,
    "147":0.1010611419909045,
    "148":0.1010611419909045,
    "149":0.08421761832575374,
    "150":0.0336870473303015,
    "151":0.067374094660603,
    "152":0.067374094660603,
    "153":0.0336870473303015,
    "154":0.01684352366515075,
    "155":0.05053057099545225,
    "156":0.067374094660603,
    "157":0.05053057099545225,
    "158":0.067374094660603,
    "159":0.067374094660603,
    "160":0.05053057099545225,
    "161":0.05053057099545225,
    "162":0.15159171298635674,
    "163":0.0,
    "164":0.0336870473303015,
    "165":0.0336870473303015,
    "166":0.05053057099545225,
    "167":0.05053057099545225,
    "168":0.01684352366515075,
    "169":0.1010611419909045,
    "170":0.1010611419909045,
    "171":0.01684352366515075,
    "172":0.05053057099545225,
    "173":0.11790466565605524,
    "174":0.08421761832575374,
    "175":0.067374094660603,
    "176":0.08421761832575374,
    "177":0.1010611419909045,
    "178":0.05053057099545225,
    "179":0.067374094660603,
    "180":0.08421761832575374,
    "181":0.067374094660603,
    "182":0.08421761832575374,
    "183":0.067374094660603,
    "184":0.0336870473303015,
    "185":0.0336870473303015,
    "186":0.01684352366515075,
    "187":0.0336870473303015,
    "188":0.067374094660603,
    "189":0.11790466565605524,
    "190":0.067374094660603,
    "191":0.0,
    "192":0.134748189321206,
    "193":0.0336870473303015,
    "194":0.05053057099545225,
    "195":0.067374094660603,
    "196":0.01684352366515075,
    "197":0.05053057099545225,
    "198":0.0336870473303015,
    "199":0.0336870473303015,
    "200":0.0336870473303015,
    "201":0.067374094660603,
    "202":0.08421761832575374,
    "203":0.0336870473303015,
    "204":0.0336870473303015,
    "205":0.08421761832575374,
    "206":0.0336870473303015,
    "207":0.0336870473303015,
    "208":0.01684352366515075,
    "209":0.0336870473303015,
    "210":0.01684352366515075,
    "211":0.01684352366515075,
    "212":0.01684352366515075,
    "213":0.0,
    "214":0.01684352366515075,
    "215":0.01684352366515075,
    "216":0.01684352366515075,
    "217":0.01684352366515075,
    "218":0.067374094660603,
    "219":0.0,
    "220":0.01684352366515075,
    "221":0.01684352366515075,
    "222":0.0336870473303015,
    "223":0.01684352366515075,
    "224":0.0,
    "225":0.0,
    "226":0.0,
    "227":0.01684352366515075,
    "228":0.01684352366515075,
    "229":0.01684352366515075,
    "230":0.0,
    "231":0.01684352366515075,
    "232":0.01684352366515075,
    "233":0.0336870473303015,
    "234":0.0336870473303015,
    "235":0.0,
    "236":0.05053057099545225,
    "237":0.01684352366515075,
    "238":0.0336870473303015,
    "239":0.01684352366515075,
    "240":0.0336870473303015,
    "241":0.01684352366515075,
    "242":0.0,
    "243":0.0,
    "244":0.0,
    "245":0.0,
    "246":0.01684352366515075,
    "247":0.0336870473303015,
    "248":0.0,
    "249":0.0,
    "250":0.01684352366515075,
    "251":0.0336870473303015,
    "252":0.01684352366515075,
    "253":0.0336870473303015,
    "254":0.05053057099545225,
    "255":0.0336870473303015,
    "256":0.05053057099545225,
    "257":0.01684352366515075,
    "258":0.0,
    "259":0.0,
    "260":0.01684352366515075,
    "261":0.0,
    "262":0.0,
    "263":0.01684352366515075,
    "264":0.05053057099545225,
    "265":0.0,
    "266":0.0,
    "267":0.0,
    "268":0.0,
    "269":0.05053057099545225,
    "270":0.0336870473303015,
    "271":0.067374094660603,
    "272":0.01684352366515075,
    "273":0.01684352366515075,
    "274":0.0,
    "275":0.0,
    "276":0.01684352366515075,
    "277":0.01684352366515075,
    "278":0.01684352366515075,
    "279":0.0,
    "280":0.05053057099545225,