{
    "0":3.4952412208729897,
    "1":2.9209058089924516,
    "2":4.824417459796521,
    "3":1.608139153265507,
    "4":1.263537906137184,
    "5":1.083032490974729,
    "6":1.4112241549064655,
    "7":1.9199212340006564,
    "8":1.1978995733508369,
    "9":0.77125041023958,
    "10":1.2307187397440105,
    "11":1.1322612405644896,
    "12":1.4768624876928127,
    "13":1.263537906137184,
    "14":1.4604529044962258,
    "15":1.6573679028552675,
    "16":1.2963570725303577,
    "17":1.5589104036757466,
    "18":1.6901870692484409,
    "19":2.0676074827699376,
    "20":2.3137512307187396,
    "21":1.95274040039383,
    "22":1.8706924844108959,
    "23":1.9691499835904167,
    "24":1.5096816540859863,
    "25":1.5096816540859863,
    "26":1.3948145717098785,
    "27":1.4112241549064655,
    "28":1.4276337381030522,
    "29":1.5589104036757466,
    "30":1.263537906137184,
    "31":1.263537906137184,
    "32":1.0009845749917952,
    "33":1.2143091565474238,
    "34":1.2963570725303577,
    "35":1.3784049885132919,
    "36":1.115851657367903,
    "37":1.1814899901542502,
    "38":0.6563833278634723,
    "39":0.9189366590088612,
    "40":0.8697079094191007,
    "41":0.9189366590088612,
    "42":0.9025270758122743,
    "43":0.9353462422054479,
    "44":0.8697079094191007,
    "45":0.6892024942566459,
    "46":0.6727929110600591,
    "47":0.6235641614702987,
    "48":0.7220216606498195,
    "49":0.8204791598293404,
    "50":0.7876599934361668,
    "51":0.8204791598293404,
    "52":0.77125041023958,
    "53":0.6727929110600591,
    "54":0.4922874958976042,
    "55":0.6235641614702987,
    "56":0.6399737446668855,
    "57":0.6563833278634723,
    "58":0.5251066622907777,
    "59":0.426649163111257,
    "60":0.6563833278634723,
    "61":0.5086970790941909,
    "62":0.5251066622907777,
    "63":0.47587791270101737,
    "64":0.5086970790941909,
    "65":0.5415162454873645,
    "66":0.426649163111257,
    "67":0.3774204135214966,
    "68":0.47587791270101737,
    "69":0.3774204135214966,
    "70":0.36101083032490977,
    "71":0.2133245815556285,
    "72":0.26255333114538887,
    "73":0.34460124712832296,
    "74":0.29537249753856254,
    "75":0.27896291434197573,
    "76":0.2297341647522153,
    "77":0.14768624876928127,
    "78":0.2461437479488021,
    "79":0.36101083032490977,
    "80":0.2461437479488021,
    "81":0.3938299967180834,
    "82":0.29537249753856254,
    "83":0.26255333114538887,
    "84":0.26255333114538887,
    "85":0.27896291434197573,
    "86":0.1969149983590417,
    "87":0.27896291434197573,
    "88":0.31178208073514935,
    "89":0.27896291434197573,
    "90":0.2461437479488021,
    "91":0.18050541516245489,
    "92":0.31178208073514935,
    "93":0.27896291434197573,
    "94":0.29537249753856254,
    "95":0.29537249753856254,
    "96":0.27896291434197573,
    "97":0.31178208073514935,
    "98":0.13127666557269443,
    "99":0.18050541516245489,
    "100":0.11486708237610765,
    "101":0.11486708237610765,
    "102":0.11486708237610765,
    "103":0.09845749917952085,
    "104":0.1969149983590417,
    "105":0.14768624876928127,
    "106":0.16409583196586808,
    "107":0.16409583196586808,
    "108":0.1969149983590417,
    "109":0.14768624876928127,
    "110":0.11486708237610765,
    "111":0.09845749917952085,
    "112":0.14768624876928127,
    "113":0.18050541516245489,
    "114":0.09845749917952085,
    "115":0.18050541516245489,
    "116":0.14768624876928127,
    "117":0.13127666557269443,
    "118":0.11486708237610765,
    "119":0.16409583196586808,
    "120":0.13127666557269443,
    "121":0.18050541516245489,
    "122":0.16409583196586808,
    "123":0.18050541516245489,
    "124":0.2297341647522153,
    "125":0.11486708237610765,
    "126":0.2133245815556285,
    "127":0.1969149983590417,
    "128":0.14768624876928127,
    "129":0.04922874958976042,
    "130":0.2133245815556285,
    "131":0.08204791598293404,
    "132":0.09845749917952085,
    "133":0.16409583196586808,
    "134":0.13127666557269443,
    "135":0.11486708237610765,
    "136":0.16409583196586808,
    "137":0.2133245815556285,
    "138":0.18050541516245489,
    "139":0.06563833278634722,
    "140":0.14768624876928127,
    "141":0.16409583196586808,
    "142":0.09845749917952085,
    "143":0.2461437479488021,
    "144":0.09845749917952085,
    "145":0.08204791598293404,
    "146":0.08204791598293404,
    "147":0.26255333114538887,
    "148":0.18050541516245489,
    "149":0.13127666557269443,
    "150":0.11486708237610765,
    "151":0.2133245815556285,
    "152":0.11486708237610765,
    "153":0.14768624876928127,
    "154":0.11486708237610765,
    "155":0.16409583196586808,
    "156":0.16409583196586808,
    "157":0.11486708237610765,
    "158":0.2461437479488021,
    "159":0.016409583196586804,
    "160":0.016409583196586804,
    "161":0.08204791598293404,
    "162":0.0,
    "163":0.016409583196586804,
    "164":0.0,
    "165":0.0,
    "166":0.0,
    "167":0.0,
    "168":0.0,
    "169":0.0,
    "170":0.0,
    "171":0.0,
    "172":0.0,
    "173":0.0,
    "174":0.0,
    "175":0.016409583196586804,
    "176":0.0,
    "177":0.0,
    "178":0.016409583196586804,
    "179":0.0,
    "180":0.0,
    "181":0.0,
    "182":0.0,
    "183":0.0,
    "184":0.016409583196586804,
    "185":0.0,
    "186":0.016409583196586804,
    "187":0.0,
    "188":0.016409583196586804,
    "189":0.0,
    "190":0.0,
    "191":0.0,
    "192":0.0,
    "193":0.0,
    "194":0.0,
    "195":0.0,
    "196":0.0,
    "197":0.0,
    "198":0.0,
    "199":0.0,
    "200":0.0,
    "201":0.016409583196586804,
    "202":0.0,
    "203":0.0,
    "204":0.0,
    "205":0.0,
    "206":0.016409583196586804,
    "207":0.0,
    "208":0.0,
    "209":0.0,
    "210":0.0,
    "211":0.0,
    "212":0.0,
    "213":0.016409583196586804,
    "214":0.0,
    "215":0.0,
    "216":0.0,
    "217":0.0,
    "218":0.0,
    "219":0.0,
    "220":0.0,
    "221":0.0,
    "222":0.0,
    "223":0.0,
    "224":0.0,
    "225":0.0,
    "226":0.0,
    "227":0.0,
    "228":0.0,
    "229":0.0,
    "230":0.0,
    "231":0.0,
    "232":0.0,
    "233":0.0,
    "234":0.0,
    "235":0.0,
    "236":0.0,
    "237":0.0,
    "238":0.0,
    "239":0.0,
    "240":0.0,
    "241":0.0,
    "242":0.0,
    "243":0.0,
    "244":0.0,
    "245":0.0,
    "246":0.0,
    "247":0.0,
    "248":0.0,
    "249":0.0,
    "250":0.0,
    "251":0.0,
    "252":0.0,
    "253":0.0,
    "254":0.0,
    "255":0.0,
    "256":0.0,
    "257":0.0,
    "258":0.0,
    "259":0.0,
    "260":0.0,
    "261":0.0,
    "262":0.0,
    "263":0.0,
    "264":0.0,
    "265":0.0,
    "266":0.0,
    "267":0.0,
    "268":0.0,
    "269":0.0,
    "270":0.0,
    "271":0.0,
    "272":0.0,
    "273":0.0,
    "274":0.0,
    "275":0.0,
    "276":0.0,
    "277":0.0,
    "278":0.0,
    "279":0.0,
    "280":0.0,
    "281":0.0,
    "282":0.0,
    "283":0.0,
    "284":0.0,
    "285":0.0,
    "286":0.0,
    "287":0.0,
    "288":0.0,
    "289":0.0,
    "290":0.0,
    "291":0.0,
    "292":0.0,
    "293":0.0,
    "294":0.0,
    "295":0.0,
    "296":0.0,
    "297":0.0,
    "298":0.0,
    "299":0.0,
    "300":0.0,
    "301":0.0,
    "302":0.0,
    "303":0.0,
    "304":0.0,
    "305":0.0,
    "306":0.0,
    "307":0.0,
    "308":0.0,
    "309":0.06563833278634722,
    "310":0.0,
    "311":0.0,
    "312":0.0,
    "313":0.0,
    "314":0.0,
    "315":0.0,
    "316":0.0,
    "317":0.0
}