{
    "0":3.262061403508772,
    "1":4.166666666666666,
    "2":4.5230263157894735,
    "3":1.9188596491228072,
    "4":0.5482456140350876,
    "5":1.0416666666666665,
    "6":1.2609649122807016,
    "7":1.4528508771929824,
    "8":1.5076754385964912,
    "9":1.4802631578947367,
    "10":1.5076754385964912,
    "11":1.781798245614035,
    "12":1.617324561403509,
    "13":1.7269736842105265,
    "14":1.7269736842105265,
    "15":1.7269736842105265,
    "16":1.836622807017544,
    "17":1.3157894736842104,
    "18":1.617324561403509,
    "19":1.8092105263157896,
    "20":1.1787280701754386,
    "21":1.4802631578947367,
    "22":0.9046052631578948,
    "23":0.9046052631578948,
    "24":0.8223684210526315,
    "25":1.1239035087719298,
    "26":1.0964912280701753,
    "27":1.4528508771929824,
    "28":1.425438596491228,
    "29":1.343201754385965,
    "30":1.699561403508772,
    "31":1.4802631578947367,
    "32":1.7269736842105265,
    "33":1.617324561403509,
    "34":1.6721491228070176,
    "35":1.5076754385964912,
    "36":1.1787280701754386,
    "37":1.3157894736842104,
    "38":1.7269736842105265,
    "39":1.4528508771929824,
    "40":1.1787280701754386,
    "41":1.644736842105263,
    "42":1.425438596491228,
    "43":1.2609649122807016,
    "44":1.2609649122807016,
    "45":1.2609649122807016,
    "46":1.2883771929824561,
    "47":1.2335526315789473,
    "48":1.5625,
    "49":0.849780701754386,
    "50":0.9046052631578948,
    "51":0.7949561403508772,
    "52":0.7949561403508772,
    "53":0.849780701754386,
    "54":0.41118421052631576,
    "55":0.356359649122807,
    "56":0.3289473684210526,
    "57":0.356359649122807,
    "58":0.356359649122807,
    "59":0.3289473684210526,
    "60":0.1370614035087719,
    "61":0.3015350877192982,
    "62":0.10964912280701754,
    "63":0.1918859649122807,
    "64":0.3015350877192982,
    "65":0.2741228070175438,
    "66":0.356359649122807,
    "67":0.3289473684210526,
    "68":0.1644736842105263,
    "69":0.24671052631578946,
    "70":0.3015350877192982,
    "71":0.24671052631578946,
    "72":0.24671052631578946,
    "73":0.24671052631578946,
    "74":0.1918859649122807,
    "75":0.24671052631578946,
    "76":0.10964912280701754,
    "77":0.1644736842105263,
    "78":0.08223684210526315,
    "79":0.1644736842105263,
    "80":0.08223684210526315,
    "81":0.2741228070175438,
    "82":0.027412280701754384,
    "83":0.027412280701754384,
    "84":0.08223684210526315,
    "85":0.10964912280701754,
    "86":0.027412280701754384,
    "87":0.1370614035087719,
    "88":0.1644736842105263,
    "89":0.24671052631578946,
    "90":0.10964912280701754,
    "91":0.1644736842105263,
    "92":0.08223684210526315,
    "93":0.10964912280701754,
    "94":0.1370614035087719,
    "95":0.1370614035087719,
    "96":0.10964912280701754,
    "97":0.1918859649122807,
    "98":0.1918859649122807,
    "99":0.1644736842105263,
    "100":0.08223684210526315,
    "101":0.08223684210526315,
    "102":0.1644736842105263,
    "103":0.08223684210526315,
    "104":0.05482456140350877,
    "105":0.05482456140350877,
    "106":0.21929824561403508,
    "107":0.21929824561403508,
    "108":0.1918859649122807,
    "109":0.1370614035087719,
    "110":0.10964912280701754,
    "111":0.21929824561403508,
    "112":0.10964912280701754,
    "113":0.05482456140350877,
    "114":0.1918859649122807,
    "115":0.08223684210526315,
    "116":0.1370614035087719,
    "117":0.10964912280701754,
    "118":0.1918859649122807,
    "119":0.0,
    "120":0.1918859649122807,
    "121":0.10964912280701754,
    "122":0.1370614035087719,
    "123":0.08223684210526315,
    "124":0.1370614035087719,
    "125":0.08223684210526315,
    "126":0.1918859649122807,
    "127":0.24671052631578946,
    "128":0.1644736842105263,
    "129":0.1918859649122807,
    "130":0.08223684210526315,
    "131":0.1918859649122807,
    "132":0.10964912280701754,
    "133":0.1644736842105263,
    "134":0.08223684210526315,
    "135":0.10964912280701754,
    "136":0.1370614035087719,
    "137":0.08223684210526315,
    "138":0.1644736842105263,
    "139":0.1370614035087719,
    "140":0.1370614035087719,
    "141":0.05482456140350877,
    "142":0.05482456140350877,
    "143":0.08223684210526315,
    "144":0.10964912280701754,
    "145":0.10964912280701754,
    "146":0.0,
    "147":0.027412280701754384,
    "148":0.05482456140350877,
    "149":0.027412280701754384,
    "150":0.0,
    "151":0.0,
    "152":0.05482456140350877,
    "153":0.0,
    "154":0.05482456140350877,
    "155":0.027412280701754384,
    "156":0.08223684210526315,
    "157":0.027412280701754384,
    "158":0.05482456140350877,
    "159":0.0,
    "160":0.1644736842105263,
    "161":0.027412280701754384,
    "162":0.1370614035087719,
    "163":0.1370614035087719,
    "164":0.027412280701754384,
    "165":0.0,
    "166":0.027412280701754384,
    "167":0.05482456140350877,
    "168":0.05482456140350877,
    "169":0.027412280701754384,
    "170":0.10964912280701754,
    "171":0.027412280701754384,
    "172":0.08223684210526315,
    "173":0.027412280701754384,
    "174":0.0,
    "175":0.0,
    "176":0.10964912280701754,
    "177":0.027412280701754384,
    "178":0.0,
    "179":0.027412280701754384,
    "180":0.027412280701754384,
    "181":0.0,
    "182":0.0,
    "183":0.0,
    "184":0.0,
    "185":0.0,
    "186":0.027412280701754384,
    "187":0.0,
    "188":0.027412280701754384,
    "189":0.08223684210526315,
    "190":0.0,
    "191":0.027412280701754384,
    "192":0.027412280701754384,
    "193":0.027412280701754384,
    "194":0.0,
    "195":0.0,
    "196":0.0,
    "197":0.0,
    "198":0.1370614035087719,
    "199":0.0,
    "200":0.0,
    "201":0.0,
    "202":0.0,
    "203":0.0,
    "204":0.0,
    "205":0.0,
    "206":0.0,
    "207":0.0,
    "208":0.0,
    "209":0.0,
    "210":0.0,
    "211":0.0,
    "212":0.0,
    "213":0.0,
    "214":0.0,
    "215":0.0,
    "216":0.0,
    "217":0.0,
    "218":0.0,
    "219":0.0,
    "220":0.0,
    "221":0.0,
    "222":0.0,
    "223":0.0,
    "224":0.0,
    "225":0.0,
    "226":0.0,
    "227":0.0,
    "228":0.0,
    "229":0.0,
    "230":0.0,
    "231":0.0,
    "232":0.0,
    "233":0.0,
    "234":0.0,
    "235":0.0,
    "236":0.0,
    "237":0.0,
    "238":0.0,
    "239":0.0,
    "240":0.0,
    "241":0.0,
    "242":0.0,
    "243":0.0,
    "244":0.0,
    "245":0.0,
    "246":0.0,
    "247":0.0,
    "248":0.0,
    "249":0.0,
    "250":0.0,
    "251":0.0,
    "252":0.0,
    "253":0.0,
    "254":0.0,
    "255":0.0,
    "256":0.0,
    "257":0.0,
    "258":0.0,
    "259":0.0,
    "260":0.0,
    "261":0.0,
    "262":0.0,
    "263":0.0,
    "264":0.0,
    "265":0.0,
    "266":0.0,
    "267":0.0,
    "268":0.0,
    "269":0.0,
    "270":0.0,
    "271":0.0,
    "272":0.0,
    "273":0.0,
    "274":0.0,
    "275":0.0,
    "276":0.0,
    "277":0.0,
    "278":0.0,
    "279":0.0,
    "280":0.0,
    "281":0.0,
    "282":0.0,
    "283":0.0,
    "284":0.0,
    "285":0.0,
    "286":0.0,
    "287":0.0,
    "288":0.0,
    "289":0.0,
    "290":0.0,
    "291":0.0,
    "292":0.0,
    "293":0.0,
    "294":0.0,
    "295":0.0,
    "296":0.0,
    "297":0.0,
    "298":0.0,
    "299":0.0,
    "300":0.0,
    "301":0.0,
    "302":0.0,
    "303":0.0,
    "304":0.0,
    "305":0.0,
    "306":0.0,
    "307":0.0,
    "308":0.0,
    "309":0.0,
    "310":0.0,
    "311":0.027412280701754384,
    "312":0.0,
    "313":0.0,
    "314":0.0,
    "315":0.0,
    "316":0.0,
    "317":0.0,
    "318":0.0,
    "319":0.0,
    "320":0.0,
    "321":0.0,
    "322":0.0,
    "323":0.027412280701754384,
    "324":0.0,
    "325":0.0,
    "326":0.0,
    "327":0.0,
    "328":0.0,
    "329":0.0,
    "330":0.0,
    "331":0.027412280701754384,
    "332":0.027412280701754384,
    "333":0.0,
    "334":0.05482456140350877,
    "335":0.0,
    "336":0.0,
    "337":0.027412280701754384,
    "338":0.0,
    "339":0.0,
    "340":0.0,
    "341":0.0,
    "342":0.0,
    "343":0.0,
    "344":0.0,
    "345":0.0,
    "346":0.05482456140350877,
    "347":0.0,
    "348":0.0,
    "349":0.0,