{
    "0":1.5050907481186366,
    "1":3.069204662830161,
    "2":1.60838128965619,
    "3":0.44267374944665777,
    "4":0.6492548325217647,
    "5":0.5459642909842113,
    "6":0.2656042496679947,
    "7":0.3098716246126605,
    "8":0.604987457577099,
    "9":0.84108012394865,
    "10":0.7820569573557621,
    "11":0.7377895824110964,
    "12":0.7525453740593183,
    "13":0.8263243323004279,
    "14":0.7820569573557621,
    "15":0.5902316659288771,
    "16":0.619743249225321,
    "17":0.5312084993359893,
    "18":0.41316216615021395,
    "19":0.6344990408735428,
    "20":0.6935222074664306,
    "21":0.796812749003984,
    "22":0.84108012394865,
    "23":1.032905415375535,
    "24":1.018149623727313,
    "25":0.8263243323004279,
    "26":1.1952191235059761,
    "27":1.1804633318577542,
    "28":0.9443706654862034,
    "29":1.22473070680242,
    "30":1.0919285819684226,
    "31":1.22473070680242,
    "32":0.9148590821897595,
    "33":0.9001032905415376,
    "34":0.9886380404308691,
    "35":0.9738822487826472,
    "36":1.0919285819684226,
    "37":1.047661207023757,
    "38":0.9001032905415376,
    "39":0.9001032905415376,
    "40":0.9886380404308691,
    "41":1.047661207023757,
    "42":0.9001032905415376,
    "43":1.1066843736166445,
    "44":0.8263243323004279,
    "45":1.0771727903202006,
    "46":0.8705917072450936,
    "47":0.9738822487826472,
    "48":1.1066843736166445,
    "49":1.1509517485613103,
    "50":1.209974915154198,
    "51":1.1509517485613103,
    "52":1.1952191235059761,
    "53":0.9001032905415376,
    "54":1.1066843736166445,
    "55":0.8853474988933155,
    "56":1.1214401652648665,
    "57":1.1509517485613103,
    "58":1.1657075402095323,
    "59":1.0624169986719787,
    "60":1.1361959569130884,
    "61":1.0624169986719787,
    "62":1.1066843736166445,
    "63":0.8853474988933155,
    "64":1.416555998229305,
    "65":1.1657075402095323,
    "66":0.6935222074664306,
    "67":0.8853474988933155,
    "68":0.8705917072450936,
    "69":0.8705917072450936,
    "70":0.8705917072450936,
    "71":0.84108012394865,
    "72":0.7082779991146525,
    "73":0.9001032905415376,
    "74":0.7525453740593183,
    "75":0.6640106241699867,
    "76":0.8705917072450936,
    "77":0.7673011657075403,
    "78":0.811568540652206,
    "79":0.6787664158182087,
    "80":0.604987457577099,
    "81":0.8558359155968717,
    "82":0.6640106241699867,
    "83":0.7525453740593183,
    "84":0.6344990408735428,
    "85":0.4721853327431017,
    "86":0.6640106241699867,
    "87":0.6640106241699867,
    "88":0.41316216615021395,
    "89":0.5459642909842113,
    "90":0.5164527076877675,
    "91":0.41316216615021395,
    "92":0.604987457577099,
    "93":0.5312084993359893,
    "94":0.5164527076877675,
    "95":0.38365058285377013,
    "96":0.3688947912055482,
    "97":0.398406374501992,
    "98":0.33938320790910437,
    "99":0.4721853327431017,
    "100":0.3098716246126605,
    "101":0.2656042496679947,
    "102":0.3246274162608824,
    "103":0.35413899955732625,
    "104":0.2656042496679947,
    "105":0.3246274162608824,
    "106":0.35413899955732625,
    "107":0.4869411243913236,
    "108":0.3098716246126605,
    "109":0.29511583296443855,
    "110":0.3246274162608824,
    "111":0.33938320790910437,
    "112":0.1623137081304412,
    "113":0.33938320790910437,
    "114":0.42791795779843583,
    "115":0.29511583296443855,
    "116":0.42791795779843583,
    "117":0.25084845801977274,
    "118":0.29511583296443855,
    "119":0.29511583296443855,
    "120":0.33938320790910437,
    "121":0.38365058285377013,
    "122":0.20658108307510697,
    "123":0.2803600413162166,
    "124":0.2803600413162166,
    "125":0.17706949977866313,
    "126":0.1623137081304412,
    "127":0.14755791648221928,
    "128":0.14755791648221928,
    "129":0.1623137081304412,
    "130":0.23609266637155085,
    "131":0.1623137081304412,
    "132":0.20658108307510697,
    "133":0.20658108307510697,
    "134":0.11804633318577543,
    "135":0.3688947912055482,
    "136":0.20658108307510697,
    "137":0.11804633318577543,
    "138":0.19182529142688506,
    "139":0.1623137081304412,
    "140":0.08853474988933156,
    "141":0.10329054153755349,
    "142":0.1623137081304412,
    "143":0.13280212483399734,
    "144":0.029511583296443857,
    "145":0.10329054153755349,
    "146":0.10329054153755349,
    "147":0.1623137081304412,
    "148":0.04426737494466578,
    "149":0.07377895824110964,
    "150":0.11804633318577543,
    "151":0.07377895824110964,
    "152":0.029511583296443857,
    "153":0.04426737494466578,
    "154":0.014755791648221928,
    "155":0.0,
    "156":0.07377895824110964,
    "157":0.04426737494466578,
    "158":0.04426737494466578,
    "159":0.07377895824110964,
    "160":0.0,
    "161":0.029511583296443857,
    "162":0.04426737494466578,
    "163":0.029511583296443857,
    "164":0.13280212483399734,
    "165":0.05902316659288771,
    "166":0.0,
    "167":0.05902316659288771,
    "168":0.029511583296443857,
    "169":0.029511583296443857,
    "170":0.029511583296443857,
    "171":0.10329054153755349,
    "172":0.04426737494466578,
    "173":0.07377895824110964,
    "174":0.014755791648221928,
    "175":0.0,
    "176":0.029511583296443857,
    "177":0.0,
    "178":0.0,
    "179":0.029511583296443857,
    "180":0.029511583296443857,
    "181":0.014755791648221928,
    "182":0.014755791648221928,
    "183":0.0,
    "184":0.0,
    "185":0.0,
    "186":0.014755791648221928,
    "187":0.029511583296443857,
    "188":0.0,
    "189":0.0,
    "190":0.029511583296443857,
    "191":0.0,
    "192":0.0,
    "193":0.029511583296443857,
    "194":0.029511583296443857,
    "195":0.014755791648221928,
    "196":0.014755791648221928,
    "197":0.0,
    "198":0.0,
    "199":0.014755791648221928,
    "200":0.0,
    "201":0.0,
    "202":0.014755791648221928,
    "203":0.014755791648221928,
    "204":0.014755791648221928,
    "205":0.0,
    "206":0.014755791648221928,
    "207":0.0,
    "208":0.0,
    "209":0.0,
    "210":0.014755791648221928,
    "211":0.04426737494466578,
    "212":0.029511583296443857,
    "213":0.0,
    "214":0.0,
    "215":0.0,
    "216":0.014755791648221928,
    "217":0.0,
    "218":0.0,
    "219":0.0,
    "220":0.0,
    "221":0.0,
    "222":0.0,
    "223":0.0,
    "224":0.014755791648221928,
    "225":0.0,
    "226":0.014755791648221928,
    "227":0.014755791648221928,
    "228":0.0,
    "229":0.029511583296443857,
    "230":0.014755791648221928,
    "231":0.0,
    "232":0.0,
    "233":0.014755791648221928,
    "234":0.04426737494466578,
    "235":0.014755791648221928,
    "236":0.014755791648221928,
    "237":0.0,
    "238":0.014755791648221928,
    "239":0.029511583296443857,
    "240":0.029511583296443857,
    "241":0.029511583296443857,
    "242":0.0,
    "243":0.0,
    "244":0.0,
    "245":0.0,
    "246":0.014755791648221928,
    "247":0.014755791648221928,
    "248":0.014755791648221928,
    "249":0.014755791648221928,
    "250":0.0,
    "251":0.0,
    "252":0.0,
    "253":0.0,
    "254":0.0,
    "255":0.029511583296443857,
    "256":0.014755791648221928,
    "257":0.029511583296443857,
    "258":0.029511583296443857,
    "259":0.029511583296443857,
    "260":0.0,
    "261":0.014755791648221928,
    "262":0.014755791648221928,
    "263":0.0,
    "264":0.0,
    "265":0.0,
    "266":0.029511583296443857,
    "267":0.0,
    "268":0.014755791648221928,
    "269":0.014755791648221928,
    "270":0.0,
    "271":0.0,
    "272":0.0,
    "273":0.0,
    "274":0.0,
    "275":0.0,
    "276":0.0,
    "277":0.0
}