{
    "0":4.113924050632911,
    "1":2.9746835443037973,
    "2":0.6329113924050633,
    "3":0.7120253164556962,
    "4":1.0443037974683544,
    "5":1.2025316455696202,
    "6":0.949367088607595,
    "7":0.7911392405063291,
    "8":0.870253164556962,
    "9":0.6170886075949367,
    "10":0.870253164556962,
    "11":0.9018987341772151,
    "12":1.4240506329113924,
    "13":1.5664556962025316,
    "14":1.8196202531645569,
    "15":1.8512658227848102,
    "16":1.5822784810126582,
    "17":2.088607594936709,
    "18":1.930379746835443,
    "19":1.8196202531645569,
    "20":1.930379746835443,
    "21":2.278481012658228,
    "22":1.9462025316455696,
    "23":1.2183544303797469,
    "24":1.8670886075949367,
    "25":1.1075949367088607,
    "26":1.439873417721519,
    "27":1.6139240506329113,
    "28":1.3132911392405064,
    "29":1.550632911392405,
    "30":1.439873417721519,
    "31":1.6455696202531647,
    "32":1.661392405063291,
    "33":0.949367088607595,
    "34":1.0126582278481013,
    "35":1.0759493670886076,
    "36":1.0284810126582278,
    "37":0.8860759493670887,
    "38":0.9810126582278481,
    "39":1.3132911392405064,
    "40":0.9651898734177214,
    "41":1.1075949367088607,
    "42":1.1867088607594938,
    "43":0.949367088607595,
    "44":1.2025316455696202,
    "45":0.8860759493670887,
    "46":1.25,
    "47":0.9968354430379747,
    "48":0.9177215189873418,
    "49":0.680379746835443,
    "50":0.6170886075949367,
    "51":0.7120253164556962,
    "52":0.6329113924050633,
    "53":0.6170886075949367,
    "54":0.8069620253164557,
    "55":0.6170886075949367,
    "56":0.3639240506329114,
    "57":0.6170886075949367,
    "58":0.49050632911392406,
    "59":0.5537974683544303,
    "60":0.3639240506329114,
    "61":0.44303797468354433,
    "62":0.49050632911392406,
    "63":0.49050632911392406,
    "64":0.6645569620253164,
    "65":0.6012658227848101,
    "66":0.6012658227848101,
    "67":0.569620253164557,
    "68":0.569620253164557,
    "69":0.5379746835443038,
    "70":0.5854430379746836,
    "71":0.4746835443037975,
    "72":0.6170886075949367,
    "73":0.5854430379746836,
    "74":0.49050632911392406,
    "75":0.44303797468354433,
    "76":0.49050632911392406,
    "77":0.5854430379746836,
    "78":0.30063291139240506,
    "79":0.3639240506329114,
    "80":0.39556962025316456,
    "81":0.4588607594936709,
    "82":0.3322784810126582,
    "83":0.4746835443037975,
    "84":0.2848101265822785,
    "85":0.39556962025316456,
    "86":0.4272151898734177,
    "87":0.30063291139240506,
    "88":0.2848101265822785,
    "89":0.20569620253164558,
    "90":0.3481012658227848,
    "91":0.2848101265822785,
    "92":0.3322784810126582,
    "93":0.25316455696202533,
    "94":0.23734177215189875,
    "95":0.31645569620253167,
    "96":0.2848101265822785,
    "97":0.1740506329113924,
    "98":0.31645569620253167,
    "99":0.3322784810126582,
    "100":0.23734177215189875,
    "101":0.30063291139240506,
    "102":0.2689873417721519,
    "103":0.25316455696202533,
    "104":0.22151898734177217,
    "105":0.1740506329113924,
    "106":0.37974683544303794,
    "107":0.3322784810126582,
    "108":0.3322784810126582,
    "109":0.18987341772151897,
    "110":0.14240506329113925,
    "111":0.20569620253164558,
    "112":0.22151898734177217,
    "113":0.12658227848101267,
    "114":0.25316455696202533,
    "115":0.2848101265822785,
    "116":0.22151898734177217,
    "117":0.14240506329113925,
    "118":0.25316455696202533,
    "119":0.22151898734177217,
    "120":0.14240506329113925,
    "121":0.18987341772151897,
    "122":0.22151898734177217,
    "123":0.20569620253164558,
    "124":0.15822784810126583,
    "125":0.18987341772151897,
    "126":0.11075949367088608,
    "127":0.22151898734177217,
    "128":0.04746835443037974,
    "129":0.11075949367088608,
    "130":0.11075949367088608,
    "131":0.12658227848101267,
    "132":0.09493670886075949,
    "133":0.09493670886075949,
    "134":0.04746835443037974,
    "135":0.07911392405063292,
    "136":0.12658227848101267,
    "137":0.09493670886075949,
    "138":0.04746835443037974,
    "139":0.11075949367088608,
    "140":0.04746835443037974,
    "141":0.04746835443037974,
    "142":0.06329113924050633,
    "143":0.09493670886075949,
    "144":0.07911392405063292,
    "145":0.03164556962025317,
    "146":0.015822784810126583,
    "147":0.04746835443037974,
    "148":0.04746835443037974,
    "149":0.015822784810126583,
    "150":0.04746835443037974,
    "151":0.03164556962025317,
    "152":0.015822784810126583,
    "153":0.015822784810126583,
    "154":0.06329113924050633,
    "155":0.04746835443037974,
    "156":0.03164556962025317,
    "157":0.015822784810126583,
    "158":0.07911392405063292,
    "159":0.06329113924050633,
    "160":0.0,
    "161":0.04746835443037974,
    "162":0.015822784810126583,
    "163":0.07911392405063292,
    "164":0.07911392405063292,
    "165":0.03164556962025317,
    "166":0.03164556962025317,
    "167":0.03164556962025317,
    "168":0.03164556962025317,
    "169":0.015822784810126583,
    "170":0.015822784810126583,
    "171":0.04746835443037974,
    "172":0.015822784810126583,
    "173":0.06329113924050633,
    "174":0.03164556962025317,
    "175":0.0,
    "176":0.03164556962025317,
    "177":0.03164556962025317,
    "178":0.015822784810126583,
    "179":0.03164556962025317,
    "180":0.0,
    "181":0.0,
    "182":0.015822784810126583,
    "183":0.015822784810126583,
    "184":0.04746835443037974,
    "185":0.0,
    "186":0.0,
    "187":0.015822784810126583,
    "188":0.0,
    "189":0.06329113924050633,
    "190":0.0,
    "191":0.0,
    "192":0.0,
    "193":0.015822784810126583,
    "194":0.0,
    "195":0.015822784810126583,
    "196":0.0,
    "197":0.015822784810126583,
    "198":0.0,
    "199":0.0,
    "200":0.0,
    "201":0.0,
    "202":0.0,
    "203":0.0,
    "204":0.0,
    "205":0.0,
    "206":0.0,
    "207":0.0,
    "208":0.0,
    "209":0.0,
    "210":0.0,
    "211":0.0,
    "212":0.0,
    "213":0.0,
    "214":0.0,
    "215":0.0,
    "216":0.0,
    "217":0.0,
    "218":0.0,
    "219":0.04746835443037974,
    "220":0.0,
    "221":0.0,
    "222":0.0,
    "223":0.0,
    "224":0.0,
    "225":0.0,
    "226":0.0,
    "227":0.0
}