{
    "0":2.4850299401197606,
    "1":2.2754491017964074,
    "2":1.2125748502994012,
    "3":5.0598802395209574,
    "4":5.404191616766467,
    "5":2.2754491017964074,
    "6":1.5119760479041917,
    "7":1.631736526946108,
    "8":2.2904191616766467,
    "9":2.0059880239520957,
    "10":1.7514970059880242,
    "11":1.7964071856287425,
    "12":1.5568862275449102,
    "13":1.976047904191617,
    "14":1.4520958083832336,
    "15":1.4820359281437125,
    "16":1.437125748502994,
    "17":1.4970059880239521,
    "18":1.5568862275449102,
    "19":1.4820359281437125,
    "20":2.095808383233533,
    "21":1.7065868263473054,
    "22":1.7365269461077846,
    "23":1.5868263473053892,
    "24":1.6467065868263475,
    "25":1.377245508982036,
    "26":1.407185628742515,
    "27":1.2125748502994012,
    "28":1.5568862275449102,
    "29":1.3173652694610778,
    "30":1.526946107784431,
    "31":1.4221556886227544,
    "32":1.3173652694610778,
    "33":1.526946107784431,
    "34":1.2574850299401197,
    "35":1.0029940119760479,
    "36":1.2125748502994012,
    "37":1.1077844311377245,
    "38":1.032934131736527,
    "39":0.9730538922155689,
    "40":1.0479041916167664,
    "41":0.9580838323353293,
    "42":0.8832335329341316,
    "43":0.9281437125748504,
    "44":0.8083832335329342,
    "45":0.9281437125748504,
    "46":1.152694610778443,
    "47":0.9580838323353293,
    "48":0.9730538922155689,
    "49":0.688622754491018,
    "50":0.8532934131736527,
    "51":0.718562874251497,
    "52":0.7335329341317366,
    "53":0.7035928143712575,
    "54":0.8982035928143712,
    "55":0.6586826347305389,
    "56":0.718562874251497,
    "57":0.7035928143712575,
    "58":0.6137724550898204,
    "59":0.8233532934131738,
    "60":0.5838323353293413,
    "61":0.5688622754491018,
    "62":0.37425149700598803,
    "63":0.5988023952095809,
    "64":0.4041916167664671,
    "65":0.3592814371257485,
    "66":0.25449101796407186,
    "67":0.29940119760479045,
    "68":0.2844311377245509,
    "69":0.2844311377245509,
    "70":0.2694610778443114,
    "71":0.16467065868263472,
    "72":0.20958083832335328,
    "73":0.19461077844311378,
    "74":0.17964071856287425,
    "75":0.1347305389221557,
    "76":0.08982035928143713,
    "77":0.20958083832335328,
    "78":0.2245508982035928,
    "79":0.17964071856287425,
    "80":0.20958083832335328,
    "81":0.10479041916167664,
    "82":0.04491017964071856,
    "83":0.04491017964071856,
    "84":0.029940119760479042,
    "85":0.07485029940119761,
    "86":0.04491017964071856,
    "87":0.04491017964071856,
    "88":0.059880239520958084,
    "89":0.11976047904191617,
    "90":0.029940119760479042,
    "91":0.07485029940119761,
    "92":0.029940119760479042,
    "93":0.08982035928143713,
    "94":0.04491017964071856,
    "95":0.059880239520958084,
    "96":0.014970059880239521,
    "97":0.08982035928143713,
    "98":0.07485029940119761,
    "99":0.11976047904191617,
    "100":0.08982035928143713,
    "101":0.059880239520958084,
    "102":0.07485029940119761,
    "103":0.08982035928143713,
    "104":0.10479041916167664,
    "105":0.16467065868263472,
    "106":0.04491017964071856,
    "107":0.059880239520958084,
    "108":0.029940119760479042,
    "109":0.04491017964071856,
    "110":0.11976047904191617,
    "111":0.059880239520958084,
    "112":0.07485029940119761,
    "113":0.11976047904191617,
    "114":0.059880239520958084,
    "115":0.04491017964071856,
    "116":0.10479041916167664,
    "117":0.07485029940119761,
    "118":0.10479041916167664,
    "119":0.04491017964071856,
    "120":0.059880239520958084,
    "121":0.16467065868263472,
    "122":0.11976047904191617,
    "123":0.08982035928143713,
    "124":0.014970059880239521,
    "125":0.08982035928143713,
    "126":0.08982035928143713,
    "127":0.07485029940119761,
    "128":0.029940119760479042,
    "129":0.10479041916167664,
    "130":0.07485029940119761,
    "131":0.11976047904191617,
    "132":0.059880239520958084,
    "133":0.059880239520958084,
    "134":0.11976047904191617,
    "135":0.11976047904191617,
    "136":0.0,
    "137":0.07485029940119761,
    "138":0.08982035928143713,
    "139":0.07485029940119761,
    "140":0.08982035928143713,
    "141":0.10479041916167664,
    "142":0.10479041916167664,
    "143":0.10479041916167664,
    "144":0.10479041916167664,
    "145":0.11976047904191617,
    "146":0.07485029940119761,
    "147":0.059880239520958084,
    "148":0.08982035928143713,
    "149":0.14970059880239522,
    "150":0.014970059880239521,
    "151":0.10479041916167664,
    "152":0.14970059880239522,
    "153":0.059880239520958084,
    "154":0.059880239520958084,
    "155":0.07485029940119761,
    "156":0.10479041916167664,
    "157":0.014970059880239521,
    "158":0.04491017964071856,
    "159":0.014970059880239521,
    "160":0.04491017964071856,
    "161":0.0,
    "162":0.0,
    "163":0.014970059880239521,
    "164":0.029940119760479042,
    "165":0.014970059880239521,
    "166":0.0,
    "167":0.0,
    "168":0.029940119760479042,
    "169":0.0,
    "170":0.014970059880239521,
    "171":0.04491017964071856,
    "172":0.014970059880239521,
    "173":0.059880239520958084,
    "174":0.014970059880239521,
    "175":0.029940119760479042,
    "176":0.014970059880239521,
    "177":0.014970059880239521,
    "178":0.04491017964071856,
    "179":0.014970059880239521,
    "180":0.029940119760479042,
    "181":0.029940119760479042,
    "182":0.04491017964071856,
    "183":0.04491017964071856,
    "184":0.0,
    "185":0.014970059880239521,
    "186":0.0,
    "187":0.0,
    "188":0.029940119760479042,
    "189":0.014970059880239521,
    "190":0.029940119760479042,
    "191":0.014970059880239521,
    "192":0.0,
    "193":0.0,
    "194":0.014970059880239521,
    "195":0.014970059880239521,
    "196":0.0,
    "197":0.0,
    "198":0.0,
    "199":0.014970059880239521,
    "200":0.0,
    "201":0.0,
    "202":0.0,
    "203":0.0,
    "204":0.0,
    "205":0.0,
    "206":0.0,
    "207":0.0,
    "208":0.014970059880239521,
    "209":0.0,
    "210":0.0,
    "211":0.0,
    "212":0.014970059880239521,
    "213":0.0,
    "214":0.014970059880239521,
    "215":0.0,
    "216":0.0,
    "217":0.0,
    "218":0.0,
    "219":0.0,
    "220":0.0,
    "221":0.014970059880239521,
    "222":0.0,
    "223":0.0,
    "224":0.0,
    "225":0.0,
    "226":0.014970059880239521,
    "227":0.014970059880239521,
    "228":0.0,
    "229":0.014970059880239521,
    "230":0.0,
    "231":0.0,
    "232":0.0,
    "233":0.0,
    "234":0.0,
    "235":0.0,
    "236":0.0,
    "237":0.0,
    "238":0.0,
    "239":0.0,
    "240":0.014970059880239521,
    "241":0.0,
    "242":0.0,
    "243":0.014970059880239521,
    "244":0.0,
    "245":0.0,
    "246":0.0,
    "247":0.0,
    "248":0.0,
    "249":0.0,
    "250":0.0,
    "251":0.0,
    "252":0.0,
    "253":0.0,
    "254":0.0,
    "255":0.0,
    "256":0.0,
    "257":0.0,
    "258":0.0,
    "259":0.0,
    "260":0.0,
    "261":0.0,
    "262":0.0,
    "263":0.0,
    "264":0.0,
    "265":0.0,
    "266":0.0,
    "267":0.0,
    "268":0.0,
    "269":0.0,
    "270":0.0,
    "271":0.0,
    "272":0.0,
    "273":0.014970059880239521,
    "274":0.0,
    "275":0.0,
    "276":0.0,
    "277":0.0,
    "278":0.0,
    "279":0.0,
    "280":0.0,
    "281":0.0,
    "282":0.0,
    "283":0.0,
    "284":0.0,
    "285":0.0,
    "286":0.0,
    "287":0.0,
    "288":0.0,
    "289":0.0,
    "290":0.0,
    "291":0.0,
    "292":0.0,
    "293":0.0,
    "294":0.0,
    "295":0.0,
    "296":0.0,
    "297":0.0,
    "298":0.0,
    "299":0.0,
    "300":0.0,
    "301":0.0,
    "302":0.0,
    "303":0.014970059880239521,
    "304":0.0,
    "305":0.0,
    "306":0.0,
    "307":0.0,
    "308":0.0,
    "309":0.059880239520958084,
    "310":0.0,
    "311":0.0,
    "312":0.0,
    "313":0.0,
    "314":0.0,
    "315":0.0,
    "316":0.0,
    "317":0.0,
    "318":0.0,
    "319":0.0,
    "320":0.0,
    "321":0.0,
    "322":0.0,
    "323":0.0,
    "324":0.014970059880239521,
    "325":0.0,
    "326":0.0,
    "327":0.0,
    "328":0.0,
    "329":0.0,