{
    "0":1.9403521379805964,
    "1":4.3478260869565215,
    "2":2.9823931009701763,
    "3":1.383399209486166,
    "4":1.006108515989939,
    "5":0.7725476104922745,
    "6":0.46712181099532885,
    "7":0.6467840459935321,
    "8":0.9881422924901186,
    "9":0.44915558749550843,
    "10":0.6467840459935321,
    "11":0.9162773984908372,
    "12":1.0779734099892202,
    "13":1.0240747394897591,
    "14":0.9162773984908372,
    "15":1.1318720804886813,
    "16":1.1318720804886813,
    "17":1.185770750988142,
    "18":1.0240747394897591,
    "19":1.1318720804886813,
    "20":1.0959396334890408,
    "21":1.1318720804886813,
    "22":1.2576356449874238,
    "23":1.2396694214876034,
    "24":1.5810276679841897,
    "25":1.0959396334890408,
    "26":1.383399209486166,
    "27":1.5091627739849083,
    "28":1.3474667624865253,
    "29":1.5810276679841897,
    "30":1.4013654329859864,
    "31":1.2935680919870642,
    "32":1.3654329859863457,
    "33":1.329500538986705,
    "34":1.4552641034854474,
    "35":1.2396694214876034,
    "36":1.5271289974847286,
    "37":1.167804527488322,
    "38":1.2756018684872439,
    "39":1.1318720804886813,
    "40":1.0959396334890408,
    "41":1.006108515989939,
    "42":0.9342436219906577,
    "43":1.0600071864893998,
    "44":0.7725476104922745,
    "45":0.8264462809917356,
    "46":0.7545813869924541,
    "47":0.8264462809917356,
    "48":0.592885375494071,
    "49":0.7725476104922745,
    "50":0.8623787279913762,
    "51":1.0600071864893998,
    "52":0.6647502694933525,
    "53":0.7006827164929932,
    "54":0.8264462809917356,
    "55":0.6827164929931728,
    "56":0.7725476104922745,
    "57":0.7366151634926339,
    "58":0.8264462809917356,
    "59":0.7006827164929932,
    "60":0.6467840459935321,
    "61":0.8444125044915559,
    "62":0.7366151634926339,
    "63":0.7186489399928134,
    "64":0.7186489399928134,
    "65":0.4311893639956881,
    "66":0.46712181099532885,
    "67":0.592885375494071,
    "68":0.7725476104922745,
    "69":0.4311893639956881,
    "70":0.5749191519942508,
    "71":0.5030542579949695,
    "72":0.592885375494071,
    "73":0.44915558749550843,
    "74":0.6288178224937119,
    "75":0.592885375494071,
    "76":0.4850880344951491,
    "77":0.7006827164929932,
    "78":0.5569529284944305,
    "79":0.5389867049946101,
    "80":0.37729069349622707,
    "81":0.5749191519942508,
    "82":0.46712181099532885,
    "83":0.3952569169960474,
    "84":0.5389867049946101,
    "85":0.46712181099532885,
    "86":0.3952569169960474,
    "87":0.3952569169960474,
    "88":0.37729069349622707,
    "89":0.4132231404958678,
    "90":0.4311893639956881,
    "91":0.3952569169960474,
    "92":0.3413582464965864,
    "93":0.32339202299676606,
    "94":0.5389867049946101,
    "95":0.32339202299676606,
    "96":0.5389867049946101,
    "97":0.3952569169960474,
    "98":0.32339202299676606,
    "99":0.3952569169960474,
    "100":0.17966223499820336,
    "101":0.26949335249730505,
    "102":0.16169601149838303,
    "103":0.2874595759971254,
    "104":0.17966223499820336,
    "105":0.25152712899748475,
    "106":0.3593244699964067,
    "107":0.3413582464965864,
    "108":0.1976284584980237,
    "109":0.2874595759971254,
    "110":0.16169601149838303,
    "111":0.37729069349622707,
    "112":0.08983111749910168,
    "113":0.16169601149838303,
    "114":0.12576356449874238,
    "115":0.2874595759971254,
    "116":0.1437297879985627,
    "117":0.17966223499820336,
    "118":0.16169601149838303,
    "119":0.07186489399928135,
    "120":0.21559468199784404,
    "121":0.25152712899748475,
    "122":0.1976284584980237,
    "123":0.16169601149838303,
    "124":0.21559468199784404,
    "125":0.30542579949694576,
    "126":0.017966223499820338,
    "127":0.16169601149838303,
    "128":0.21559468199784404,
    "129":0.21559468199784404,
    "130":0.21559468199784404,
    "131":0.1437297879985627,
    "132":0.16169601149838303,
    "133":0.1976284584980237,
    "134":0.07186489399928135,
    "135":0.07186489399928135,
    "136":0.08983111749910168,
    "137":0.16169601149838303,
    "138":0.12576356449874238,
    "139":0.08983111749910168,
    "140":0.05389867049946101,
    "141":0.017966223499820338,
    "142":0.017966223499820338,
    "143":0.10779734099892202,
    "144":0.05389867049946101,
    "145":0.0,
    "146":0.10779734099892202,
    "147":0.017966223499820338,
    "148":0.12576356449874238,
    "149":0.07186489399928135,
    "150":0.035932446999640676,
    "151":0.05389867049946101,
    "152":0.05389867049946101,
    "153":0.07186489399928135,
    "154":0.05389867049946101,
    "155":0.08983111749910168,
    "156":0.12576356449874238,
    "157":0.07186489399928135,
    "158":0.08983111749910168,
    "159":0.0,
    "160":0.017966223499820338,
    "161":0.035932446999640676,
    "162":0.08983111749910168,
    "163":0.08983111749910168,
    "164":0.035932446999640676,
    "165":0.017966223499820338,
    "166":0.10779734099892202,
    "167":0.05389867049946101,
    "168":0.017966223499820338,
    "169":0.07186489399928135,
    "170":0.10779734099892202,
    "171":0.035932446999640676,
    "172":0.017966223499820338,
    "173":0.035932446999640676,
    "174":0.05389867049946101,
    "175":0.05389867049946101,
    "176":0.035932446999640676,
    "177":0.035932446999640676,
    "178":0.05389867049946101,
    "179":0.07186489399928135,
    "180":0.035932446999640676,
    "181":0.017966223499820338,
    "182":0.035932446999640676,
    "183":0.05389867049946101,
    "184":0.017966223499820338,
    "185":0.035932446999640676,
    "186":0.035932446999640676,
    "187":0.017966223499820338,
    "188":0.035932446999640676,
    "189":0.10779734099892202,
    "190":0.0,
    "191":0.0,
    "192":0.07186489399928135,
    "193":0.035932446999640676,
    "194":0.017966223499820338,
    "195":0.07186489399928135,
    "196":0.017966223499820338,
    "197":0.07186489399928135,
    "198":0.08983111749910168,
    "199":0.035932446999640676,
    "200":0.035932446999640676,
    "201":0.017966223499820338,
    "202":0.035932446999640676,
    "203":0.07186489399928135,
    "204":0.017966223499820338,
    "205":0.05389867049946101,
    "206":0.017966223499820338,
    "207":0.017966223499820338,
    "208":0.017966223499820338,
    "209":0.0,
    "210":0.0,
    "211":0.017966223499820338,
    "212":0.0,
    "213":0.0,
    "214":0.017966223499820338,
    "215":0.0,
    "216":0.0,
    "217":0.0,
    "218":0.0,
    "219":0.0,
    "220":0.0,
    "221":0.0,
    "222":0.0,
    "223":0.0,
    "224":0.0,
    "225":0.0,
    "226":0.0,
    "227":0.0,
    "228":0.0,
    "229":0.0,
    "230":0.0,
    "231":0.0,
    "232":0.0,
    "233":0.0,
    "234":0.0,
    "235":0.0,
    "236":0.0,
    "237":0.0,
    "238":0.0,
    "239":0.0,
    "240":0.0,
    "241":0.0,
    "242":0.0,
    "243":0.0,
    "244":0.0,
    "245":0.0,
    "246":0.0,
    "247":0.0,
    "248":0.0,
    "249":0.0,
    "250":0.0,
    "251":0.0,
    "252":0.0,
    "253":0.0,
    "254":0.0,
    "255":0.0,
    "256":0.0,
    "257":0.0,
    "258":0.0,
    "259":0.0,
    "260":0.0,
    "261":0.0,
    "262":0.0,
    "263":0.0,
    "264":0.0,
    "265":0.0,
    "266":0.0,
    "267":0.0,
    "268":0.0,
    "269":0.0,
    "270":0.0,
    "271":0.0,
    "272":0.0,
    "273":0.0,
    "274":0.0,
    "275":0.0,
    "276":0.0,
    "277":0.0,
    "278":0.0,
    "279":0.0,
    "280":0.0,
    "281":0.0,
    "282":0.0,
    "283":0.0,
    "284":0.0,
    "285":0.0,
    "286":0.0,
    "287":0.0,
    "288":0.0,
    "289":0.0,
    "290":0.0,
    "291":0.0,
    "292":0.0,
    "293":0.0,
    "294":0.0,
    "295":0.0,
    "296":0.0,
    "297":0.0,
    "298":0.0,
    "299":0.0,
    "300":0.0,
    "301":0.0,
    "302":0.017966223499820338,
    "303":0.0,
    "304":0.0,
    "305":0.0,
    "306":0.0,
    "307":0.0,
    "308":0.017966223499820338,
    "309":0.0,
    "310":0.0,
    "311":0.0,
    "312":0.0,
    "313":0.0,
    "314":0.0,
    "315":0.0,
    "316":0.0,
    "317":0.0,
    "318":0.017966223499820338,
    "319":0.0,
    "320":0.0,