{
    "0":2.094240837696335,
    "1":6.544502617801047,
    "2":3.507853403141361,
    "3":3.4904013961605584,
    "4":3.8917975567190224,
    "5":1.6753926701570683,
    "6":2.1465968586387434,
    "7":2.600349040139616,
    "8":2.757417102966841,
    "9":3.787085514834206,
    "10":2.9144851657940665,
    "11":2.984293193717278,
    "12":2.1465968586387434,
    "13":1.8673647469458987,
    "14":1.4834205933682374,
    "15":1.4310645724258289,
    "16":1.4136125654450262,
    "17":1.6055846422338569,
    "18":1.1867364746945899,
    "19":1.0471204188481675,
    "20":1.2041884816753925,
    "21":1.0645724258289702,
    "22":1.0994764397905759,
    "23":1.2739965095986039,
    "24":1.2739965095986039,
    "25":1.3612565445026177,
    "26":1.169284467713787,
    "27":1.0645724258289702,
    "28":1.6404886561954626,
    "29":1.169284467713787,
    "30":1.1867364746945899,
    "31":1.082024432809773,
    "32":0.9424083769633508,
    "33":0.8900523560209425,
    "34":1.082024432809773,
    "35":0.7155322862129144,
    "36":1.082024432809773,
    "37":0.8027923211169284,
    "38":0.6980802792321117,
    "39":1.2216404886561953,
    "40":0.7678883071553229,
    "41":0.6631762652705061,
    "42":0.8027923211169284,
    "43":0.48865619546247824,
    "44":0.5410122164048865,
    "45":0.41884816753926707,
    "46":0.2617801047120419,
    "47":0.4712041884816754,
    "48":0.48865619546247824,
    "49":0.4363001745200698,
    "50":0.38394415357766143,
    "51":0.4013961605584642,
    "52":0.4013961605584642,
    "53":0.29668411867364747,
    "54":0.31413612565445026,
    "55":0.45375218150087265,
    "56":0.2792321116928447,
    "57":0.38394415357766143,
    "58":0.20942408376963353,
    "59":0.2617801047120419,
    "60":0.20942408376963353,
    "61":0.24432809773123912,
    "62":0.2617801047120419,
    "63":0.33158813263525305,
    "64":0.20942408376963353,
    "65":0.48865619546247824,
    "66":0.4363001745200698,
    "67":0.36649214659685864,
    "68":0.33158813263525305,
    "69":0.4712041884816754,
    "70":0.4712041884816754,
    "71":0.15706806282722513,
    "72":0.2617801047120419,
    "73":0.24432809773123912,
    "74":0.33158813263525305,
    "75":0.19197207678883071,
    "76":0.24432809773123912,
    "77":0.31413612565445026,
    "78":0.34904013961605584,
    "79":0.19197207678883071,
    "80":0.13961605584642234,
    "81":0.22687609075043633,
    "82":0.17452006980802792,
    "83":0.17452006980802792,
    "84":0.2617801047120419,
    "85":0.13961605584642234,
    "86":0.33158813263525305,
    "87":0.2617801047120419,
    "88":0.19197207678883071,
    "89":0.12216404886561956,
    "90":0.13961605584642234,
    "91":0.24432809773123912,
    "92":0.24432809773123912,
    "93":0.22687609075043633,
    "94":0.15706806282722513,
    "95":0.15706806282722513,
    "96":0.19197207678883071,
    "97":0.24432809773123912,
    "98":0.17452006980802792,
    "99":0.13961605584642234,
    "100":0.13961605584642234,
    "101":0.20942408376963353,
    "102":0.20942408376963353,
    "103":0.22687609075043633,
    "104":0.19197207678883071,
    "105":0.22687609075043633,
    "106":0.12216404886561956,
    "107":0.2792321116928447,
    "108":0.20942408376963353,
    "109":0.24432809773123912,
    "110":0.20942408376963353,
    "111":0.24432809773123912,
    "112":0.10471204188481677,
    "113":0.22687609075043633,
    "114":0.17452006980802792,
    "115":0.20942408376963353,
    "116":0.24432809773123912,
    "117":0.24432809773123912,
    "118":0.19197207678883071,
    "119":0.22687609075043633,
    "120":0.06980802792321117,
    "121":0.12216404886561956,
    "122":0.24432809773123912,
    "123":0.15706806282722513,
    "124":0.19197207678883071,
    "125":0.2617801047120419,
    "126":0.17452006980802792,
    "127":0.12216404886561956,
    "128":0.15706806282722513,
    "129":0.034904013961605584,
    "130":0.052356020942408384,
    "131":0.06980802792321117,
    "132":0.052356020942408384,
    "133":0.052356020942408384,
    "134":0.017452006980802792,
    "135":0.017452006980802792,
    "136":0.08726003490401396,
    "137":0.06980802792321117,
    "138":0.052356020942408384,
    "139":0.0,
    "140":0.034904013961605584,
    "141":0.052356020942408384,
    "142":0.052356020942408384,
    "143":0.06980802792321117,
    "144":0.06980802792321117,
    "145":0.08726003490401396,
    "146":0.034904013961605584,
    "147":0.0,
    "148":0.12216404886561956,
    "149":0.052356020942408384,
    "150":0.052356020942408384,
    "151":0.017452006980802792,
    "152":0.0,
    "153":0.08726003490401396,
    "154":0.0,
    "155":0.034904013961605584,
    "156":0.034904013961605584,
    "157":0.034904013961605584,
    "158":0.052356020942408384,
    "159":0.034904013961605584,
    "160":0.017452006980802792,
    "161":0.10471204188481677,
    "162":0.034904013961605584,
    "163":0.034904013961605584,
    "164":0.08726003490401396,
    "165":0.017452006980802792,
    "166":0.052356020942408384,
    "167":0.034904013961605584,
    "168":0.017452006980802792,
    "169":0.034904013961605584,
    "170":0.017452006980802792,
    "171":0.06980802792321117,
    "172":0.06980802792321117,
    "173":0.034904013961605584,
    "174":0.034904013961605584,
    "175":0.052356020942408384,
    "176":0.017452006980802792,
    "177":0.017452006980802792,
    "178":0.034904013961605584,
    "179":0.017452006980802792,
    "180":0.034904013961605584,
    "181":0.034904013961605584,
    "182":0.034904013961605584,
    "183":0.052356020942408384,
    "184":0.0,
    "185":0.017452006980802792,
    "186":0.0,
    "187":0.034904013961605584,
    "188":0.017452006980802792,
    "189":0.017452006980802792,
    "190":0.034904013961605584,
    "191":0.034904013961605584,
    "192":0.017452006980802792,
    "193":0.034904013961605584,
    "194":0.017452006980802792,
    "195":0.0,
    "196":0.017452006980802792,
    "197":0.034904013961605584,
    "198":0.052356020942408384,
    "199":0.052356020942408384,
    "200":0.052356020942408384,
    "201":0.0,
    "202":0.0,
    "203":0.0,
    "204":0.0,
    "205":0.0,
    "206":0.0,
    "207":0.017452006980802792,
    "208":0.017452006980802792,
    "209":0.06980802792321117,
    "210":0.0,
    "211":0.0,
    "212":0.0,
    "213":0.0,
    "214":0.0,
    "215":0.0,
    "216":0.0,
    "217":0.0,
    "218":0.0,
    "219":0.0,
    "220":0.0,
    "221":0.0,
    "222":0.0,
    "223":0.0,
    "224":0.0,
    "225":0.0,
    "226":0.0,
    "227":0.0,
    "228":0.0,
    "229":0.0,
    "230":0.0,
    "231":0.0,
    "232":0.0,
    "233":0.0,
    "234":0.0,
    "235":0.0,
    "236":0.0,
    "237":0.0,
    "238":0.0,
    "239":0.0,
    "240":0.0,
    "241":0.0,
    "242":0.0,
    "243":0.052356020942408384,
    "244":0.0,
    "245":0.0,
    "246":0.0,
    "247":0.0,
    "248":0.0,
    "249":0.0,
    "250":0.0,
    "251":0.0,
    "252":0.0
}