{
    "0":3.4523987445822746,
    "1":3.855925870572411,
    "2":1.9429083843969512,
    "3":1.8233447915109848,
    "4":1.3899267672993574,
    "5":1.5692721566283065,
    "6":1.2255268270811537,
    "7":0.7771633537587804,
    "8":1.1806904797489164,
    "9":1.5393812584068152,
    "10":1.7037811986250186,
    "11":1.9429083843969512,
    "12":1.9279629352862055,
    "13":2.0475265281721713,
    "14":2.01763562995068,
    "15":2.1670901210581377,
    "16":1.9429083843969512,
    "17":1.957853833507697,
    "18":1.6290539530712898,
    "19":1.2554177253026453,
    "20":1.0312359886414586,
    "21":1.016290539530713,
    "22":1.1209086833059334,
    "23":1.0910177850844418,
    "24":0.8817814975340008,
    "25":0.9116723957554924,
    "26":1.0910177850844418,
    "27":1.1059632341951877,
    "28":1.4497085637423404,
    "29":1.1657450306381707,
    "30":1.270363174413391,
    "31":1.4347631146315947,
    "32":1.4945449110745779,
    "33":1.3450904199671199,
    "34":1.210581377970408,
    "35":1.150799581527425,
    "36":1.210581377970408,
    "37":1.0611268868629502,
    "38":1.1657450306381707,
    "39":0.9565087430877297,
    "40":0.8518905993125093,
    "41":0.9565087430877297,
    "42":1.1209086833059334,
    "43":1.1806904797489164,
    "44":1.2255268270811537,
    "45":0.8369451502017635,
    "46":1.1209086833059334,
    "47":1.1657450306381707,
    "48":1.0910177850844418,
    "49":0.941563293976984,
    "50":1.0013450904199672,
    "51":1.016290539530713,
    "52":1.0611268868629502,
    "53":0.6575997608728142,
    "54":0.6127634135405768,
    "55":0.7323270064265431,
    "56":0.6725452099835599,
    "57":0.5380361679868481,
    "58":0.43341802421162756,
    "59":0.46330892243311905,
    "60":0.5529816170975939,
    "61":0.46330892243311905,
    "62":0.5230907188761023,
    "63":0.3287998804364071,
    "64":0.2839635331041698,
    "65":0.2989089822149156,
    "66":0.3287998804364071,
    "67":0.5529816170975939,
    "68":0.3287998804364071,
    "69":0.35869077865789867,
    "70":0.2989089822149156,
    "71":0.43341802421162756,
    "72":0.2839635331041698,
    "73":0.46330892243311905,
    "74":0.43341802421162756,
    "75":0.403527125990136,
    "76":0.34374532954715287,
    "77":0.43341802421162756,
    "78":0.403527125990136,
    "79":0.2540726348826782,
    "80":0.41847257510088176,
    "81":0.403527125990136,
    "82":0.23912718577193243,
    "83":0.23912718577193243,
    "84":0.2989089822149156,
    "85":0.47825437154386485,
    "86":0.44836347332237336,
    "87":0.44836347332237336,
    "88":0.403527125990136,
    "89":0.3287998804364071,
    "90":0.37363622776864447,
    "91":0.20923628755044088,
    "92":0.2839635331041698,
    "93":0.3287998804364071,
    "94":0.2989089822149156,
    "95":0.3138544313256613,
    "96":0.3287998804364071,
    "97":0.22418173666118668,
    "98":0.26901808399342403,
    "99":0.41847257510088176,
    "100":0.1942908384396951,
    "101":0.26901808399342403,
    "102":0.3287998804364071,
    "103":0.10461814377522044,
    "104":0.1942908384396951,
    "105":0.0747272455537289,
    "106":0.16439994021820356,
    "107":0.1494544911074578,
    "108":0.10461814377522044,
    "109":0.16439994021820356,
    "110":0.10461814377522044,
    "111":0.13450904199671201,
    "112":0.08967269466447467,
    "113":0.10461814377522044,
    "114":0.17934538932894933,
    "115":0.1494544911074578,
    "116":0.16439994021820356,
    "117":0.13450904199671201,
    "118":0.13450904199671201,
    "119":0.13450904199671201,
    "120":0.13450904199671201,
    "121":0.16439994021820356,
    "122":0.10461814377522044,
    "123":0.08967269466447467,
    "124":0.11956359288596621,
    "125":0.044836347332237333,
    "126":0.05978179644298311,
    "127":0.05978179644298311,
    "128":0.08967269466447467,
    "129":0.044836347332237333,
    "130":0.08967269466447467,
    "131":0.08967269466447467,
    "132":0.11956359288596621,
    "133":0.08967269466447467,
    "134":0.08967269466447467,
    "135":0.17934538932894933,
    "136":0.11956359288596621,
    "137":0.044836347332237333,
    "138":0.10461814377522044,
    "139":0.10461814377522044,
    "140":0.11956359288596621,
    "141":0.05978179644298311,
    "142":0.0747272455537289,
    "143":0.0747272455537289,
    "144":0.05978179644298311,
    "145":0.0,
    "146":0.0,
    "147":0.014945449110745777,
    "148":0.029890898221491553,
    "149":0.05978179644298311,
    "150":0.029890898221491553,
    "151":0.0747272455537289,
    "152":0.05978179644298311,
    "153":0.014945449110745777,
    "154":0.014945449110745777,
    "155":0.029890898221491553,
    "156":0.029890898221491553,
    "157":0.044836347332237333,
    "158":0.029890898221491553,
    "159":0.014945449110745777,
    "160":0.029890898221491553,
    "161":0.014945449110745777,
    "162":0.029890898221491553,
    "163":0.029890898221491553,
    "164":0.044836347332237333,
    "165":0.0,
    "166":0.029890898221491553,
    "167":0.029890898221491553,
    "168":0.044836347332237333,
    "169":0.014945449110745777,
    "170":0.029890898221491553,
    "171":0.0747272455537289,
    "172":0.029890898221491553,
    "173":0.044836347332237333,
    "174":0.0,
    "175":0.014945449110745777,
    "176":0.0,
    "177":0.029890898221491553,
    "178":0.0,
    "179":0.014945449110745777,
    "180":0.029890898221491553,
    "181":0.014945449110745777,
    "182":0.014945449110745777,
    "183":0.0,
    "184":0.029890898221491553,
    "185":0.0,
    "186":0.0,
    "187":0.014945449110745777,
    "188":0.029890898221491553,
    "189":0.014945449110745777,
    "190":0.014945449110745777,
    "191":0.014945449110745777,
    "192":0.044836347332237333,
    "193":0.014945449110745777,
    "194":0.0,
    "195":0.014945449110745777,
    "196":0.014945449110745777,
    "197":0.029890898221491553,
    "198":0.014945449110745777,
    "199":0.014945449110745777,
    "200":0.029890898221491553,
    "201":0.014945449110745777,
    "202":0.029890898221491553,
    "203":0.014945449110745777,
    "204":0.0,
    "205":0.014945449110745777,
    "206":0.0,
    "207":0.014945449110745777,
    "208":0.014945449110745777,
    "209":0.029890898221491553,
    "210":0.0,
    "211":0.014945449110745777,
    "212":0.0,
    "213":0.029890898221491553,
    "214":0.0,
    "215":0.044836347332237333,
    "216":0.044836347332237333,
    "217":0.014945449110745777,
    "218":0.0,
    "219":0.014945449110745777,
    "220":0.029890898221491553,
    "221":0.029890898221491553,
    "222":0.029890898221491553,
    "223":0.044836347332237333,
    "224":0.0,
    "225":0.0,
    "226":0.0,
    "227":0.014945449110745777,
    "228":0.0,
    "229":0.0,
    "230":0.014945449110745777,
    "231":0.014945449110745777,
    "232":0.014945449110745777,
    "233":0.0,
    "234":0.014945449110745777,
    "235":0.0,
    "236":0.0,
    "237":0.0,
    "238":0.0,
    "239":0.0,
    "240":0.0,
    "241":0.0,
    "242":0.0,
    "243":0.0,
    "244":0.0,
    "245":0.0,
    "246":0.014945449110745777,
    "247":0.0,
    "248":0.0,
    "249":0.029890898221491553,
    "250":0.0,
    "251":0.0,
    "252":0.0,
    "253":0.0,
    "254":0.0,
    "255":0.0,
    "256":0.0,
    "257":0.0
}