{
    "0":3.168854685377999,
    "1":1.3731703636637995,
    "2":1.1166440319903426,
    "3":2.338916553493285,
    "4":2.489814395654142,
    "5":0.724309642372114,
    "6":0.9657461898294855,
    "7":0.7393994265881998,
    "8":1.131733816206428,
    "9":1.0562848951259998,
    "10":1.0562848951259998,
    "11":0.8601177003168854,
    "12":1.448619284744228,
    "13":1.8409536743624566,
    "14":1.6598762637694282,
    "15":1.4637090689603138,
    "16":1.1619133846385996,
    "17":1.3429907952316282,
    "18":1.3580805794477138,
    "19":1.569337558472914,
    "20":1.1468236004225139,
    "21":1.4184397163120568,
    "22":1.2675418741511997,
    "23":1.1770031688546854,
    "24":1.2826316583672854,
    "25":1.0261053266938283,
    "26":0.935566621397314,
    "27":1.1619133846385996,
    "28":0.7393994265881998,
    "29":1.1619133846385996,
    "30":1.4787988531763996,
    "31":1.0864644635581713,
    "32":1.2071827372868569,
    "33":1.1468236004225139,
    "34":1.1920929530707711,
    "35":0.9506564056133997,
    "36":1.1770031688546854,
    "37":1.0110155424777425,
    "38":1.0864644635581713,
    "39":1.1468236004225139,
    "40":1.0562848951259998,
    "41":1.1166440319903426,
    "42":0.8601177003168854,
    "43":1.0261053266938283,
    "44":0.8752074845329711,
    "45":0.935566621397314,
    "46":1.0713746793420855,
    "47":0.9053870529651425,
    "48":0.6337709370755998,
    "49":0.9053870529651425,
    "50":0.935566621397314,
    "51":0.9657461898294855,
    "52":0.9204768371812283,
    "53":0.9808359740455711,
    "54":0.5885015844273427,
    "55":0.8752074845329711,
    "56":0.6186811528595141,
    "57":0.9657461898294855,
    "58":1.041195110909914,
    "59":0.7695789950203712,
    "60":0.8299381318847141,
    "61":0.6790402897238569,
    "62":0.7997585634525427,
    "63":0.9657461898294855,
    "64":0.784668779236457,
    "65":0.8450279161007999,
    "66":0.724309642372114,
    "67":0.7092198581560284,
    "68":0.8450279161007999,
    "69":0.6035913686434284,
    "70":0.8148483476686283,
    "71":0.8299381318847141,
    "72":0.6790402897238569,
    "73":0.9959257582616569,
    "74":0.48287309491474273,
    "75":0.8148483476686283,
    "76":0.5734118002112569,
    "77":0.49796287913082843,
    "78":0.5130526633469141,
    "79":0.42251395805039993,
    "80":0.3923343896182285,
    "81":0.3923343896182285,
    "82":0.3319752527538856,
    "83":0.42251395805039993,
    "84":0.4526935264825713,
    "85":0.362154821186057,
    "86":0.24143654745737136,
    "87":0.48287309491474273,
    "88":0.4526935264825713,
    "89":0.3923343896182285,
    "90":0.42251395805039993,
    "91":0.2716161158895428,
    "92":0.22634676324128564,
    "93":0.25652633167345706,
    "94":0.28670590010562846,
    "95":0.3168854685377999,
    "96":0.3017956843217142,
    "97":0.22634676324128564,
    "98":0.3319752527538856,
    "99":0.21125697902519996,
    "100":0.21125697902519996,
    "101":0.25652633167345706,
    "102":0.1659876263769428,
    "103":0.2716161158895428,
    "104":0.22634676324128564,
    "105":0.25652633167345706,
    "106":0.10562848951259998,
    "107":0.1659876263769428,
    "108":0.19616719480911424,
    "109":0.19616719480911424,
    "110":0.09053870529651425,
    "111":0.12071827372868568,
    "112":0.1508978421608571,
    "113":0.1508978421608571,
    "114":0.1810774105930285,
    "115":0.1659876263769428,
    "116":0.06035913686434284,
    "117":0.1659876263769428,
    "118":0.10562848951259998,
    "119":0.12071827372868568,
    "120":0.12071827372868568,
    "121":0.09053870529651425,
    "122":0.1358080579447714,
    "123":0.07544892108042855,
    "124":0.12071827372868568,
    "125":0.10562848951259998,
    "126":0.04526935264825713,
    "127":0.07544892108042855,
    "128":0.06035913686434284,
    "129":0.04526935264825713,
    "130":0.07544892108042855,
    "131":0.03017956843217142,
    "132":0.04526935264825713,
    "133":0.03017956843217142,
    "134":0.06035913686434284,
    "135":0.06035913686434284,
    "136":0.03017956843217142,
    "137":0.09053870529651425,
    "138":0.06035913686434284,
    "139":0.09053870529651425,
    "140":0.07544892108042855,
    "141":0.01508978421608571,
    "142":0.03017956843217142,
    "143":0.1358080579447714,
    "144":0.07544892108042855,
    "145":0.03017956843217142,
    "146":0.04526935264825713,
    "147":0.03017956843217142,
    "148":0.10562848951259998,
    "149":0.09053870529651425,
    "150":0.06035913686434284,
    "151":0.03017956843217142,
    "152":0.04526935264825713,
    "153":0.10562848951259998,
    "154":0.06035913686434284,
    "155":0.07544892108042855,
    "156":0.07544892108042855,
    "157":0.06035913686434284,
    "158":0.06035913686434284,
    "159":0.04526935264825713,
    "160":0.06035913686434284,
    "161":0.07544892108042855,
    "162":0.04526935264825713,
    "163":0.03017956843217142,
    "164":0.07544892108042855,
    "165":0.07544892108042855,
    "166":0.01508978421608571,
    "167":0.03017956843217142,
    "168":0.03017956843217142,
    "169":0.01508978421608571,
    "170":0.04526935264825713,
    "171":0.03017956843217142,
    "172":0.04526935264825713,
    "173":0.01508978421608571,
    "174":0.09053870529651425,
    "175":0.03017956843217142,
    "176":0.01508978421608571,
    "177":0.0,
    "178":0.06035913686434284,
    "179":0.03017956843217142,
    "180":0.0,
    "181":0.0,
    "182":0.06035913686434284,
    "183":0.01508978421608571,
    "184":0.03017956843217142,
    "185":0.0,
    "186":0.03017956843217142,
    "187":0.03017956843217142,
    "188":0.03017956843217142,
    "189":0.04526935264825713,
    "190":0.03017956843217142,
    "191":0.01508978421608571,
    "192":0.04526935264825713,
    "193":0.07544892108042855,
    "194":0.01508978421608571,
    "195":0.01508978421608571,
    "196":0.03017956843217142,
    "197":0.07544892108042855,
    "198":0.03017956843217142,
    "199":0.0,
    "200":0.0,
    "201":0.01508978421608571,
    "202":0.0,
    "203":0.0,
    "204":0.04526935264825713,
    "205":0.0,
    "206":0.01508978421608571,
    "207":0.04526935264825713,
    "208":0.0,
    "209":0.04526935264825713,
    "210":0.01508978421608571,
    "211":0.01508978421608571,
    "212":0.0,
    "213":0.03017956843217142,
    "214":0.01508978421608571,
    "215":0.0,
    "216":0.01508978421608571,
    "217":0.0,
    "218":0.01508978421608571,
    "219":0.03017956843217142,
    "220":0.03017956843217142,
    "221":0.03017956843217142,
    "222":0.01508978421608571,
    "223":0.03017956843217142,
    "224":0.04526935264825713,
    "225":0.0,
    "226":0.03017956843217142,
    "227":0.01508978421608571,
    "228":0.01508978421608571,
    "229":0.01508978421608571,
    "230":0.03017956843217142,
    "231":0.04526935264825713,
    "232":0.0,
    "233":0.0,
    "234":0.01508978421608571,
    "235":0.01508978421608571,
    "236":0.04526935264825713,
    "237":0.01508978421608571,
    "238":0.0,
    "239":0.03017956843217142,
    "240":0.0,
    "241":0.0,
    "242":0.01508978421608571,
    "243":0.0,
    "244":0.03017956843217142,
    "245":0.03017956843217142,
    "246":0.03017956843217142,
    "247":0.0,
    "248":0.01508978421608571,
    "249":0.01508978421608571,
    "250":0.01508978421608571,
    "251":0.0,
    "252":0.0,
    "253":0.04526935264825713,
    "254":0.01508978421608571,
    "255":0.01508978421608571,
    "256":0.01508978421608571,
    "257":0.01508978421608571,
    "258":0.0,
    "259":0.03017956843217142,
    "260":0.01508978421608571,
    "261":0.01508978421608571,
    "262":0.04526935264825713,
    "263":0.01508978421608571,
    "264":0.01508978421608571,
    "265":0.0,
    "266":0.0,
    "267":0.01508978421608571,
    "268":0.0,
    "269":0.0,
    "270":0.03017956843217142,
    "271":0.03017956843217142,
    "272":0.01508978421608571,
    "273":0.0,
    "274":0.03017956843217142,
    "275":0.01508978421608571,
    "276":0.0,
    "277":0.0,
    "278":0.0,
    "279":0.07544892108042855,
    "280":0.0,
    "281":0.0,
    "282":0.0,