{
    "0":5.442324371205551,
    "1":0.13009540329575023,
    "2":0.19514310494362533,
    "3":0.47701647875108416,
    "4":0.7588898525585429,
    "5":1.2792714657415438,
    "6":0.7588898525585429,
    "7":1.2792714657415438,
    "8":1.4960971379011276,
    "9":1.3660017346053772,
    "10":1.3876843018213356,
    "11":1.3660017346053772,
    "12":1.4744145706851692,
    "13":1.4744145706851692,
    "14":1.5611448395490026,
    "15":1.409366869037294,
    "16":1.3226366001734606,
    "17":1.409366869037294,
    "18":1.0407632263660018,
    "19":1.4744145706851692,
    "20":1.4527320034692108,
    "21":1.409366869037294,
    "22":1.4744145706851692,
    "23":1.409366869037294,
    "24":1.409366869037294,
    "25":1.235906331309627,
    "26":1.1708586296617518,
    "27":1.3876843018213356,
    "28":1.6045099739809192,
    "29":1.4744145706851692,
    "30":1.6912402428447528,
    "31":1.4744145706851692,
    "32":1.1925411968777104,
    "33":0.8889852558542931,
    "34":0.823937554206418,
    "35":1.4744145706851692,
    "36":1.3226366001734606,
    "37":1.2142237640936688,
    "38":1.3009540329575022,
    "39":1.3226366001734606,
    "40":1.1708586296617518,
    "41":0.823937554206418,
    "42":1.0407632263660018,
    "43":1.1491760624457936,
    "44":0.8889852558542931,
    "45":0.9323503902862099,
    "46":0.9323503902862099,
    "47":1.2142237640936688,
    "48":0.6721595836947094,
    "49":0.9757155247181267,
    "50":0.9757155247181267,
    "51":0.8456201214223764,
    "52":0.9757155247181267,
    "53":0.9540329575021683,
    "54":0.6938421509106678,
    "55":0.8673026886383347,
    "56":0.9757155247181267,
    "57":0.6287944492627927,
    "58":0.8673026886383347,
    "59":0.5637467476149176,
    "60":0.6071118820468344,
    "61":0.5420641803989592,
    "62":0.7372072853425846,
    "63":0.47701647875108416,
    "64":0.7372072853425846,
    "65":0.9540329575021683,
    "66":0.7805724197745013,
    "67":0.823937554206418,
    "68":0.7372072853425846,
    "69":0.9323503902862099,
    "70":0.6287944492627927,
    "71":0.32523850823937556,
    "72":0.2818733738074588,
    "73":0.39028620988725066,
    "74":0.5203816131830009,
    "75":0.3035559410234172,
    "76":0.3686036426712923,
    "77":0.32523850823937556,
    "78":0.32523850823937556,
    "79":0.411968777103209,
    "80":0.47701647875108416,
    "81":0.2818733738074588,
    "82":0.39028620988725066,
    "83":0.1517779705117086,
    "84":0.39028620988725066,
    "85":0.19514310494362533,
    "86":0.21682567215958368,
    "87":0.3035559410234172,
    "88":0.3035559410234172,
    "89":0.3686036426712923,
    "90":0.21682567215958368,
    "91":0.13009540329575023,
    "92":0.2818733738074588,
    "93":0.3035559410234172,
    "94":0.19514310494362533,
    "95":0.1517779705117086,
    "96":0.23850823937554208,
    "97":0.23850823937554208,
    "98":0.3469210754553339,
    "99":0.3035559410234172,
    "100":0.17346053772766695,
    "101":0.23850823937554208,
    "102":0.17346053772766695,
    "103":0.32523850823937556,
    "104":0.3035559410234172,
    "105":0.19514310494362533,
    "106":0.3686036426712923,
    "107":0.32523850823937556,
    "108":0.13009540329575023,
    "109":0.21682567215958368,
    "110":0.10841283607979184,
    "111":0.17346053772766695,
    "112":0.26019080659150046,
    "113":0.26019080659150046,
    "114":0.26019080659150046,
    "115":0.26019080659150046,
    "116":0.26019080659150046,
    "117":0.19514310494362533,
    "118":0.21682567215958368,
    "119":0.17346053772766695,
    "120":0.1517779705117086,
    "121":0.10841283607979184,
    "122":0.19514310494362533,
    "123":0.26019080659150046,
    "124":0.23850823937554208,
    "125":0.3035559410234172,
    "126":0.19514310494362533,
    "127":0.10841283607979184,
    "128":0.1517779705117086,
    "129":0.13009540329575023,
    "130":0.10841283607979184,
    "131":0.10841283607979184,
    "132":0.04336513443191674,
    "133":0.06504770164787511,
    "134":0.21682567215958368,
    "135":0.13009540329575023,
    "136":0.02168256721595837,
    "137":0.04336513443191674,
    "138":0.06504770164787511,
    "139":0.08673026886383348,
    "140":0.10841283607979184,
    "141":0.13009540329575023,
    "142":0.04336513443191674,
    "143":0.08673026886383348,
    "144":0.10841283607979184,
    "145":0.04336513443191674,
    "146":0.1517779705117086,
    "147":0.04336513443191674,
    "148":0.0,
    "149":0.02168256721595837,
    "150":0.0,
    "151":0.02168256721595837,
    "152":0.04336513443191674,
    "153":0.08673026886383348,
    "154":0.04336513443191674,
    "155":0.02168256721595837,
    "156":0.08673026886383348,
    "157":0.02168256721595837,
    "158":0.04336513443191674,
    "159":0.0,
    "160":0.02168256721595837,
    "161":0.0,
    "162":0.04336513443191674,
    "163":0.02168256721595837,
    "164":0.10841283607979184,
    "165":0.02168256721595837,
    "166":0.04336513443191674,
    "167":0.04336513443191674,
    "168":0.02168256721595837,
    "169":0.02168256721595837,
    "170":0.06504770164787511,
    "171":0.06504770164787511,
    "172":0.06504770164787511,
    "173":0.02168256721595837,
    "174":0.02168256721595837,
    "175":0.02168256721595837,
    "176":0.02168256721595837,
    "177":0.04336513443191674,
    "178":0.04336513443191674,
    "179":0.02168256721595837,
    "180":0.06504770164787511,
    "181":0.08673026886383348,
    "182":0.02168256721595837,
    "183":0.04336513443191674,
    "184":0.0,
    "185":0.0,
    "186":0.08673026886383348,
    "187":0.06504770164787511,
    "188":0.02168256721595837,
    "189":0.02168256721595837,
    "190":0.02168256721595837,
    "191":0.04336513443191674,
    "192":0.06504770164787511,
    "193":0.04336513443191674,
    "194":0.06504770164787511,
    "195":0.02168256721595837,
    "196":0.06504770164787511,
    "197":0.0,
    "198":0.04336513443191674,
    "199":0.04336513443191674,
    "200":0.0,
    "201":0.02168256721595837,
    "202":0.04336513443191674,
    "203":0.0,
    "204":0.10841283607979184,
    "205":0.0,
    "206":0.0,
    "207":0.02168256721595837,
    "208":0.02168256721595837,
    "209":0.02168256721595837,
    "210":0.0,
    "211":0.0,
    "212":0.0,
    "213":0.0,
    "214":0.0,
    "215":0.0,
    "216":0.0,
    "217":0.0,
    "218":0.0,
    "219":0.0,
    "220":0.0,
    "221":0.0,
    "222":0.0,
    "223":0.0,
    "224":0.0,
    "225":0.02168256721595837,
    "226":0.02168256721595837,
    "227":0.02168256721595837,
    "228":0.04336513443191674,
    "229":0.04336513443191674,
    "230":0.0,
    "231":0.0,
    "232":0.0,
    "233":0.0,
    "234":0.0,
    "235":0.0,
    "236":0.02168256721595837,
    "237":0.02168256721595837,
    "238":0.08673026886383348,
    "239":0.0,
    "240":0.0,
    "241":0.0,
    "242":0.0,
    "243":0.0,
    "244":0.0,
    "245":0.0,
    "246":0.0,
    "247":0.0,
    "248":0.0,
    "249":0.0,
    "250":0.0,
    "251":0.0,
    "252":0.0,
    "253":0.0,
    "254":0.0,
    "255":0.0,
    "256":0.0,
    "257":0.0,
    "258":0.0,
    "259":0.0,
    "260":0.0,
    "261":0.0,
    "262":0.0,
    "263":0.0,
    "264":0.0,
    "265":0.0,
    "266":0.0,
    "267":0.0,
    "268":0.0,
    "269":0.0,
    "270":0.0,
    "271":0.0,
    "272":0.0,
    "273":0.0,
    "274":0.0,
    "275":0.0,
    "276":0.0,
    "277":0.0,
    "278":0.0,
    "279":0.0,
    "280":0.0,
    "281":0.0,
    "282":0.0,
    "283":0.0,
    "284":0.0,
    "285":0.0,
    "286":0.0,
    "287":0.0,
    "288":0.0,
    "289":0.0,
    "290":0.0,
    "291":0.0,
    "292":0.0,
    "293":0.0,
    "294":0.0,
    "295":0.0,
    "296":0.0,
    "297":0.0,
    "298":0.02168256721595837,
    "299":0.0,
    "300":0.02168256721595837,
    "301":0.0,
    "302":0.0,
    "303":0.0,
    "304":0.0,
    "305":0.0,
    "306":0.0,
    "307":0.0,
    "308":0.0,
    "309":0.0,
    "310":0.0,
    "311":0.0,
    "312":0.0,
    "313":0.0,
    "314":0.0,
    "315":0.0,
    "316":0.0,
    "317":0.0,
    "318":0.0,
    "319":0.0,
    "320":0.02168256721595837,
    "321":0.0,
    "322":0.0,