{
    "0":[
        [
            -23.56234128065219,
            -46.64763494795336,
            "8572113577",
            "1"
        ]
    ],
    "1":[
        [
            -23.561377972349874,
            -46.65047347023763,
            "300000000001",
            "0"
        ]
    ],
    "10":[
        [
            -23.56167074473952,
            -46.64767804356917,
            "300000000010",
            "0"
        ]
    ],
    "11":[
        [
            -23.564271902738184,
            -46.64895746332456,
            "300000000011",
            "3"
        ]
    ],
    "12":[
        [
            -23.560872335405378,
            -46.650614060871874,
            "300000000012",
            "4"
        ]
    ],
    "13":[
        [
            -23.558149557163947,
            -46.650953877676905,
            "300000000013",
            "4"
        ]
    ],
    "14":[
        [
            -23.564392950486205,
            -46.64791602323433,
            "300000000014",
            "1"
        ]
    ],
    "15":[
        [
            -23.56435506411012,
            -46.64758957266246,
            "300000000015",
            "5"
        ]
    ],
    "16":[
        [
            -23.56583242352911,
            -46.64692672446928,
            "300000000016",
            "2"
        ]
    ],
    "17":[
        [
            -23.566474620265588,
            -46.64563514484495,
            "300000000018",
            "0"
        ]
    ],
    "2":[
        [
            -23.56244613527394,
            -46.65173846108921,
            "300000000002",
            "3"
        ]
    ],
    "3":[
        [
            -23.56562413813073,
            -46.64641338641699,
            "300000000003",
            "1"
        ]
    ],
    "4":[
        [
            -23.563373677989215,
            -46.64792052169541,
            "300000000004",
            "4"
        ]
    ],
    "5":[
        [
            -23.56388477029267,
            -46.6518942220191,
            "300000000005",
            "3"
        ]
    ],
    "6":[
        [
            -23.56437161450561,
            -46.648726501258146,
            "300000000006",
            "0"
        ]
    ],
    "7":[
        [
            -23.566265752611432,
            -46.646958496380364,
            "300000000007",
            "3"
        ]
    ],
    "8":[
        [
            -23.565181894359803,
            -46.64885702745835,
            "300000000008",
            "4"
        ]
    ],
    "9":[
        [
            -23.562617243580515,
            -46.65213106363388,
            "300000000009",
            "1"
        ]
    ],
    "total_length":4306.806014077022,
    "total_time":51.48384690284729
}