{
    "0":2.2000687521485047,
    "1":2.578205568924029,
    "2":4.743898246820214,
    "3":2.870402200068752,
    "4":0.5672052251632863,
    "5":0.7734616706772087,
    "6":0.8594018563080097,
    "7":0.89377793056033,
    "8":0.446888965280165,
    "9":0.635957373667927,
    "10":0.7047095221725679,
    "11":0.9281540048126504,
    "12":1.0656583018219319,
    "13":1.0312822275696116,
    "14":1.340666895840495,
    "15":1.3750429700928153,
    "16":1.2891027844620144,
    "17":1.581299415606738,
    "18":1.2375386730835338,
    "19":1.2203506359573737,
    "20":1.2375386730835338,
    "21":1.615675489859058,
    "22":1.3750429700928153,
    "23":1.4094190443451358,
    "24":1.512547267102097,
    "25":1.2547267102096942,
    "26":1.2203506359573737,
    "27":1.2031625988312133,
    "28":1.2203506359573737,
    "29":0.7218975592987281,
    "30":0.9625300790649707,
    "31":1.0312822275696116,
    "32":0.9969061533172912,
    "33":1.0312822275696116,
    "34":1.0828463389480922,
    "35":0.8422138191818495,
    "36":0.807837744929529,
    "37":0.9453420419388107,
    "38":0.89377793056033,
    "39":0.6531454107940873,
    "40":1.1172224132004125,
    "41":0.9797181161911309,
    "42":0.635957373667927,
    "43":0.6015812994156067,
    "44":0.5500171880371262,
    "45":0.6703334479202475,
    "46":0.36094877964936406,
    "47":0.7562736335510485,
    "48":0.8765898934341699,
    "49":0.6703334479202475,
    "50":0.4640770024063252,
    "51":0.48126503953248534,
    "52":0.8594018563080097,
    "53":0.5843932622894465,
    "54":0.5500171880371262,
    "55":0.6531454107940873,
    "56":0.6187693365417669,
    "57":0.6875214850464076,
    "58":0.635957373667927,
    "59":0.5328291509109659,
    "60":0.6875214850464076,
    "61":0.6187693365417669,
    "62":0.5672052251632863,
    "63":0.7047095221725679,
    "64":0.446888965280165,
    "65":0.5156411137848058,
    "66":0.6703334479202475,
    "67":0.6187693365417669,
    "68":0.5843932622894465,
    "69":0.7218975592987281,
    "70":0.7218975592987281,
    "71":0.6703334479202475,
    "72":0.7218975592987281,
    "73":0.7218975592987281,
    "74":0.3437607425232038,
    "75":0.6015812994156067,
    "76":0.37813681677552424,
    "77":0.6015812994156067,
    "78":0.4640770024063252,
    "79":0.4984530766586456,
    "80":0.4984530766586456,
    "81":0.5328291509109659,
    "82":0.7047095221725679,
    "83":0.6015812994156067,
    "84":0.5672052251632863,
    "85":0.5156411137848058,
    "86":0.8422138191818495,
    "87":0.4125128910278446,
    "88":0.2921966311447233,
    "89":0.3953248539016845,
    "90":0.5500171880371262,
    "91":0.48126503953248534,
    "92":0.3437607425232038,
    "93":0.4125128910278446,
    "94":0.24063251976624267,
    "95":0.2750085940185631,
    "96":0.24063251976624267,
    "97":0.2062564455139223,
    "98":0.2750085940185631,
    "99":0.24063251976624267,
    "100":0.1718803712616019,
    "101":0.2062564455139223,
    "102":0.2062564455139223,
    "103":0.30938466827088346,
    "104":0.2750085940185631,
    "105":0.2578205568924029,
    "106":0.18906840838776212,
    "107":0.2062564455139223,
    "108":0.18906840838776212,
    "109":0.18906840838776212,
    "110":0.15469233413544173,
    "111":0.2234444826400825,
    "112":0.24063251976624267,
    "113":0.24063251976624267,
    "114":0.2062564455139223,
    "115":0.2234444826400825,
    "116":0.2921966311447233,
    "117":0.24063251976624267,
    "118":0.2062564455139223,
    "119":0.1718803712616019,
    "120":0.08594018563080096,
    "121":0.2750085940185631,
    "122":0.32657270539704364,
    "123":0.1718803712616019,
    "124":0.24063251976624267,
    "125":0.18906840838776212,
    "126":0.06875214850464077,
    "127":0.15469233413544173,
    "128":0.12031625988312133,
    "129":0.15469233413544173,
    "130":0.15469233413544173,
    "131":0.1718803712616019,
    "132":0.08594018563080096,
    "133":0.10312822275696115,
    "134":0.10312822275696115,
    "135":0.1718803712616019,
    "136":0.12031625988312133,
    "137":0.2062564455139223,
    "138":0.2234444826400825,
    "139":0.2234444826400825,
    "140":0.08594018563080096,
    "141":0.24063251976624267,
    "142":0.2062564455139223,
    "143":0.12031625988312133,
    "144":0.12031625988312133,
    "145":0.15469233413544173,
    "146":0.13750429700928155,
    "147":0.13750429700928155,
    "148":0.1718803712616019,
    "149":0.15469233413544173,
    "150":0.051564111378480576,
    "151":0.051564111378480576,
    "152":0.15469233413544173,
    "153":0.10312822275696115,
    "154":0.051564111378480576,
    "155":0.10312822275696115,
    "156":0.08594018563080096,
    "157":0.12031625988312133,
    "158":0.13750429700928155,
    "159":0.10312822275696115,
    "160":0.13750429700928155,
    "161":0.051564111378480576,
    "162":0.06875214850464077,
    "163":0.034376074252320386,
    "164":0.10312822275696115,
    "165":0.13750429700928155,
    "166":0.06875214850464077,
    "167":0.15469233413544173,
    "168":0.13750429700928155,
    "169":0.1718803712616019,
    "170":0.08594018563080096,
    "171":0.10312822275696115,
    "172":0.10312822275696115,
    "173":0.15469233413544173,
    "174":0.12031625988312133,
    "175":0.06875214850464077,
    "176":0.10312822275696115,
    "177":0.08594018563080096,
    "178":0.06875214850464077,
    "179":0.034376074252320386,
    "180":0.051564111378480576,
    "181":0.15469233413544173,
    "182":0.06875214850464077,
    "183":0.10312822275696115,
    "184":0.034376074252320386,
    "185":0.051564111378480576,
    "186":0.06875214850464077,
    "187":0.034376074252320386,
    "188":0.017188037126160193,
    "189":0.051564111378480576,
    "190":0.051564111378480576,
    "191":0.08594018563080096,
    "192":0.12031625988312133,
    "193":0.10312822275696115,
    "194":0.06875214850464077,
    "195":0.051564111378480576,
    "196":0.051564111378480576,
    "197":0.034376074252320386,
    "198":0.034376074252320386,
    "199":0.051564111378480576,
    "200":0.0,
    "201":0.0,
    "202":0.0,
    "203":0.017188037126160193,
    "204":0.051564111378480576,
    "205":0.017188037126160193,
    "206":0.034376074252320386,
    "207":0.0,
    "208":0.017188037126160193,
    "209":0.034376074252320386,
    "210":0.017188037126160193,
    "211":0.0,
    "212":0.0,
    "213":0.0,
    "214":0.034376074252320386,
    "215":0.0,
    "216":0.017188037126160193,
    "217":0.017188037126160193,
    "218":0.034376074252320386,
    "219":0.0,
    "220":0.034376074252320386,
    "221":0.017188037126160193,
    "222":0.017188037126160193,
    "223":0.051564111378480576,
    "224":0.0,
    "225":0.0,
    "226":0.034376074252320386,
    "227":0.0,
    "228":0.0,
    "229":0.017188037126160193,
    "230":0.017188037126160193,
    "231":0.017188037126160193,
    "232":0.017188037126160193,
    "233":0.034376074252320386,
    "234":0.034376074252320386,
    "235":0.0,
    "236":0.034376074252320386,
    "237":0.017188037126160193,
    "238":0.034376074252320386,
    "239":0.017188037126160193,
    "240":0.06875214850464077,
    "241":0.051564111378480576,
    "242":0.034376074252320386,
    "243":0.0,
    "244":0.051564111378480576,
    "245":0.0,
    "246":0.0,
    "247":0.0,
    "248":0.017188037126160193,
    "249":0.051564111378480576,
    "250":0.0,
    "251":0.051564111378480576,
    "252":0.034376074252320386,
    "253":0.0,
    "254":0.034376074252320386,
    "255":0.0,
    "256":0.017188037126160193,
    "257":0.017188037126160193,
    "258":0.017188037126160193,
    "259":0.08594018563080096,
    "260":0.06875214850464077,
    "261":0.0,
    "262":0.017188037126160193,
    "263":0.0,
    "264":0.017188037126160193,
    "265":0.0,
    "266":0.0,
    "267":0.0,
    "268":0.0,
    "269":0.0,
    "270":0.0,
    "271":0.0,
    "272":0.0,
    "273":0.0,
    "274":0.0,
    "275":0.0,
    "276":0.0,
    "277":0.0,
    "278":0.017188037126160193,
    "279":0.017188037126160193,
    "280":0.0,
    "281":0.0,
    "282":0.0,
    "283":0.017188037126160193,