{
    "0":7.135593220338983,
    "1":0.11864406779661016,
    "2":0.0847457627118644,
    "3":0.8813559322033898,
    "4":1.0169491525423728,
    "5":1.423728813559322,
    "6":0.711864406779661,
    "7":0.7457627118644068,
    "8":0.847457627118644,
    "9":0.8135593220338984,
    "10":1.135593220338983,
    "11":0.8813559322033898,
    "12":1.0508474576271187,
    "13":0.9661016949152543,
    "14":1.4067796610169492,
    "15":1.5254237288135595,
    "16":1.7118644067796611,
    "17":1.6779661016949152,
    "18":1.8813559322033897,
    "19":1.5593220338983051,
    "20":1.5762711864406782,
    "21":2.0508474576271185,
    "22":1.7966101694915255,
    "23":1.8983050847457625,
    "24":2.169491525423729,
    "25":1.6610169491525422,
    "26":1.8135593220338981,
    "27":1.6610169491525422,
    "28":1.8813559322033897,
    "29":1.5254237288135595,
    "30":1.6440677966101696,
    "31":1.2711864406779663,
    "32":1.2203389830508475,
    "33":1.0338983050847457,
    "34":1.0169491525423728,
    "35":1.2033898305084745,
    "36":1.2881355932203389,
    "37":1.1694915254237288,
    "38":0.9491525423728813,
    "39":1.3389830508474576,
    "40":1.1694915254237288,
    "41":0.7796610169491526,
    "42":0.9491525423728813,
    "43":0.983050847457627,
    "44":0.6949152542372881,
    "45":0.864406779661017,
    "46":0.9661016949152543,
    "47":0.9152542372881356,
    "48":0.7796610169491526,
    "49":1.135593220338983,
    "50":0.7457627118644068,
    "51":0.5423728813559322,
    "52":0.6101694915254238,
    "53":0.847457627118644,
    "54":0.5254237288135594,
    "55":0.711864406779661,
    "56":0.7627118644067797,
    "57":0.7627118644067797,
    "58":0.8983050847457628,
    "59":0.6271186440677966,
    "60":0.3389830508474576,
    "61":0.576271186440678,
    "62":0.4915254237288135,
    "63":0.6271186440677966,
    "64":0.5084745762711864,
    "65":0.6610169491525424,
    "66":0.6779661016949152,
    "67":0.4915254237288135,
    "68":0.6271186440677966,
    "69":0.6101694915254238,
    "70":0.47457627118644063,
    "71":0.4576271186440678,
    "72":0.4067796610169492,
    "73":0.3728813559322034,
    "74":0.4576271186440678,
    "75":0.3728813559322034,
    "76":0.3050847457627119,
    "77":0.4406779661016949,
    "78":0.4067796610169492,
    "79":0.288135593220339,
    "80":0.3728813559322034,
    "81":0.3559322033898305,
    "82":0.3220338983050847,
    "83":0.2711864406779661,
    "84":0.2711864406779661,
    "85":0.288135593220339,
    "86":0.2542372881355932,
    "87":0.1864406779661017,
    "88":0.2542372881355932,
    "89":0.22033898305084745,
    "90":0.2711864406779661,
    "91":0.13559322033898305,
    "92":0.22033898305084745,
    "93":0.2711864406779661,
    "94":0.23728813559322032,
    "95":0.22033898305084745,
    "96":0.11864406779661016,
    "97":0.2033898305084746,
    "98":0.288135593220339,
    "99":0.23728813559322032,
    "100":0.22033898305084745,
    "101":0.2542372881355932,
    "102":0.1016949152542373,
    "103":0.1694915254237288,
    "104":0.2542372881355932,
    "105":0.1016949152542373,
    "106":0.22033898305084745,
    "107":0.3728813559322034,
    "108":0.13559322033898305,
    "109":0.2542372881355932,
    "110":0.1864406779661017,
    "111":0.2033898305084746,
    "112":0.2033898305084746,
    "113":0.2033898305084746,
    "114":0.3220338983050847,
    "115":0.288135593220339,
    "116":0.15254237288135594,
    "117":0.11864406779661016,
    "118":0.1864406779661017,
    "119":0.22033898305084745,
    "120":0.11864406779661016,
    "121":0.11864406779661016,
    "122":0.1694915254237288,
    "123":0.1864406779661017,
    "124":0.2033898305084746,
    "125":0.3220338983050847,
    "126":0.288135593220339,
    "127":0.13559322033898305,
    "128":0.2033898305084746,
    "129":0.13559322033898305,
    "130":0.15254237288135594,
    "131":0.11864406779661016,
    "132":0.11864406779661016,
    "133":0.1016949152542373,
    "134":0.22033898305084745,
    "135":0.0847457627118644,
    "136":0.13559322033898305,
    "137":0.15254237288135594,
    "138":0.0847457627118644,
    "139":0.0847457627118644,
    "140":0.1694915254237288,
    "141":0.06779661016949153,
    "142":0.15254237288135594,
    "143":0.1016949152542373,
    "144":0.15254237288135594,
    "145":0.0847457627118644,
    "146":0.11864406779661016,
    "147":0.05084745762711865,
    "148":0.03389830508474576,
    "149":0.03389830508474576,
    "150":0.05084745762711865,
    "151":0.1016949152542373,
    "152":0.03389830508474576,
    "153":0.01694915254237288,
    "154":0.11864406779661016,
    "155":0.06779661016949153,
    "156":0.06779661016949153,
    "157":0.03389830508474576,
    "158":0.0847457627118644,
    "159":0.03389830508474576,
    "160":0.03389830508474576,
    "161":0.03389830508474576,
    "162":0.05084745762711865,
    "163":0.0,
    "164":0.06779661016949153,
    "165":0.03389830508474576,
    "166":0.0,
    "167":0.0847457627118644,
    "168":0.01694915254237288,
    "169":0.03389830508474576,
    "170":0.0847457627118644,
    "171":0.05084745762711865,
    "172":0.05084745762711865,
    "173":0.03389830508474576,
    "174":0.03389830508474576,
    "175":0.0,
    "176":0.01694915254237288,
    "177":0.05084745762711865,
    "178":0.06779661016949153,
    "179":0.06779661016949153,
    "180":0.05084745762711865,
    "181":0.01694915254237288,
    "182":0.01694915254237288,
    "183":0.0,
    "184":0.05084745762711865,
    "185":0.01694915254237288,
    "186":0.0,
    "187":0.03389830508474576,
    "188":0.05084745762711865,
    "189":0.01694915254237288,
    "190":0.03389830508474576,
    "191":0.0,
    "192":0.0847457627118644,
    "193":0.03389830508474576,
    "194":0.0,
    "195":0.01694915254237288,
    "196":0.03389830508474576,
    "197":0.03389830508474576,
    "198":0.0,
    "199":0.01694915254237288,
    "200":0.05084745762711865,
    "201":0.06779661016949153,
    "202":0.05084745762711865,
    "203":0.01694915254237288,
    "204":0.01694915254237288,
    "205":0.03389830508474576,
    "206":0.05084745762711865,
    "207":0.01694915254237288,
    "208":0.0,
    "209":0.01694915254237288,
    "210":0.03389830508474576,
    "211":0.03389830508474576,
    "212":0.0847457627118644,
    "213":0.05084745762711865,
    "214":0.0,
    "215":0.0,
    "216":0.0,
    "217":0.0,
    "218":0.0,
    "219":0.0,
    "220":0.06779661016949153,
    "221":0.0,
    "222":0.0,
    "223":0.0,
    "224":0.0,
    "225":0.0,
    "226":0.0,
    "227":0.0,
    "228":0.0,
    "229":0.0,
    "230":0.0,
    "231":0.0,
    "232":0.0,
    "233":0.0,
    "234":0.0,
    "235":0.0,
    "236":0.0,
    "237":0.0,
    "238":0.0,
    "239":0.0,
    "240":0.0,
    "241":0.0,
    "242":0.0,
    "243":0.0,
    "244":0.0,
    "245":0.0,
    "246":0.0,
    "247":0.0,
    "248":0.0,
    "249":0.0,
    "250":0.0,
    "251":0.0,
    "252":0.0,
    "253":0.0,
    "254":0.0,
    "255":0.0,
    "256":0.0,
    "257":0.0,
    "258":0.0,
    "259":0.0,
    "260":0.0,
    "261":0.0,
    "262":0.0,
    "263":0.0,
    "264":0.0,
    "265":0.0,
    "266":0.0,
    "267":0.0,
    "268":0.0,
    "269":0.0,
    "270":0.0,
    "271":0.0,
    "272":0.0,
    "273":0.0,
    "274":0.0,
    "275":0.0,
    "276":0.0,
    "277":0.0,
    "278":0.0,
    "279":0.0,
    "280":0.0,
    "281":0.0,
    "282":0.0,
    "283":0.0,
    "284":0.0,
    "285":0.0,
    "286":0.0,
    "287":0.0,
    "288":0.0,
    "289":0.0,
    "290":0.0,
    "291":0.0,
    "292":0.0,
    "293":0.0,
    "294":0.0,
    "295":0.0,
    "296":0.0,
    "297":0.0,
    "298":0.01694915254237288,
    "299":0.0,
    "300":0.01694915254237288,
    "301":0.0,
    "302":0.0,
    "303":0.0,
    "304":0.0,
    "305":0.0,
    "306":0.0,
    "307":0.0,
    "308":0.0,
    "309":0.0,
    "310":0.0,
    "311":0.0,
    "312":0.0,
    "313":0.0,
    "314":0.0,
    "315":0.0,
    "316":0.0,
    "317":0.0,
    "318":0.0,
    "319":0.0,
    "320":0.01694915254237288,
    "321":0.0,
    "322":0.0,
    "323":0.0,
    "324":0.0,
    "325":0.0,
    "326":0.0,