{
    "0":3.893724232707284,
    "1":0.22904260192395787,
    "2":0.22904260192395787,
    "3":0.3664681630783326,
    "4":0.3664681630783326,
    "5":0.1374255611543747,
    "6":0.1832340815391663,
    "7":0.11452130096197893,
    "8":0.6184150251946862,
    "9":0.5955107650022904,
    "10":0.6642235455794777,
    "11":0.7329363261566652,
    "12":0.7329363261566652,
    "13":0.8703618873110398,
    "14":1.4429683921209346,
    "15":0.9848831882730188,
    "16":0.7100320659642693,
    "17":0.7100320659642693,
    "18":0.641319285387082,
    "19":1.076500229042602,
    "20":0.8245533669262484,
    "21":0.9390746678882271,
    "22":1.1223087494273936,
    "23":1.0077874484654146,
    "24":1.1452130096197892,
    "25":1.5345854328905177,
    "26":1.3742556115437472,
    "27":1.3055428309665598,
    "28":1.1223087494273936,
    "29":0.9390746678882271,
    "30":1.4429683921209346,
    "31":1.4429683921209346,
    "32":1.5345854328905177,
    "33":1.4200641319285385,
    "34":1.8552450755840586,
    "35":1.3971598717361429,
    "36":1.5574896930829134,
    "37":1.282638570774164,
    "38":1.3742556115437472,
    "39":1.6262024736601008,
    "40":1.7865322950068714,
    "41":1.1223087494273936,
    "42":1.4658726523133303,
    "43":1.3971598717361429,
    "44":1.4200641319285385,
    "45":1.076500229042602,
    "46":1.9010535959688502,
    "47":1.5574896930829134,
    "48":1.7636280348144753,
    "49":1.3742556115437472,
    "50":1.3284470911589554,
    "51":1.0994044892349977,
    "52":1.3055428309665598,
    "53":1.3055428309665598,
    "54":1.2139257901969767,
    "55":1.4200641319285385,
    "56":1.2139257901969767,
    "57":1.4200641319285385,
    "58":1.2139257901969767,
    "59":1.0077874484654146,
    "60":0.8016491067338525,
    "61":0.8932661475034357,
    "62":0.7100320659642693,
    "63":0.847457627118644,
    "64":0.7100320659642693,
    "65":0.5497022446174988,
    "66":0.5038937242327073,
    "67":0.6871278057718736,
    "68":0.641319285387082,
    "69":0.5038937242327073,
    "70":0.7100320659642693,
    "71":0.320659642693541,
    "72":0.7100320659642693,
    "73":0.5038937242327073,
    "74":0.2977553825011452,
    "75":0.2977553825011452,
    "76":0.5267979844251031,
    "77":0.4122766834631242,
    "78":0.5497022446174988,
    "79":0.4122766834631242,
    "80":0.5497022446174988,
    "81":0.6184150251946862,
    "82":0.48098946404031157,
    "83":0.5038937242327073,
    "84":0.5955107650022904,
    "85":0.5955107650022904,
    "86":0.4122766834631242,
    "87":0.38937242327072835,
    "88":0.2748511223087494,
    "89":0.4122766834631242,
    "90":0.5038937242327073,
    "91":0.22904260192395787,
    "92":0.1374255611543747,
    "93":0.320659642693541,
    "94":0.04580852038479157,
    "95":0.04580852038479157,
    "96":0.25194686211635364,
    "97":0.2977553825011452,
    "98":0.22904260192395787,
    "99":0.1603298213467705,
    "100":0.1374255611543747,
    "101":0.2061383417315621,
    "102":0.1603298213467705,
    "103":0.1374255611543747,
    "104":0.1374255611543747,
    "105":0.1603298213467705,
    "106":0.11452130096197893,
    "107":0.1603298213467705,
    "108":0.1603298213467705,
    "109":0.2061383417315621,
    "110":0.1603298213467705,
    "111":0.1374255611543747,
    "112":0.25194686211635364,
    "113":0.09161704076958314,
    "114":0.1603298213467705,
    "115":0.1374255611543747,
    "116":0.2977553825011452,
    "117":0.1374255611543747,
    "118":0.1374255611543747,
    "119":0.1374255611543747,
    "120":0.04580852038479157,
    "121":0.2061383417315621,
    "122":0.06871278057718735,
    "123":0.09161704076958314,
    "124":0.06871278057718735,
    "125":0.022904260192395786,
    "126":0.04580852038479157,
    "127":0.04580852038479157,
    "128":0.022904260192395786,
    "129":0.0,
    "130":0.1603298213467705,
    "131":0.09161704076958314,
    "132":0.09161704076958314,
    "133":0.11452130096197893,
    "134":0.06871278057718735,
    "135":0.1832340815391663,
    "136":0.11452130096197893,
    "137":0.1832340815391663,
    "138":0.09161704076958314,
    "139":0.09161704076958314,
    "140":0.09161704076958314,
    "141":0.06871278057718735,
    "142":0.1374255611543747,
    "143":0.022904260192395786,
    "144":0.06871278057718735,
    "145":0.11452130096197893,
    "146":0.0,
    "147":0.06871278057718735,
    "148":0.06871278057718735,
    "149":0.06871278057718735,
    "150":0.11452130096197893,
    "151":0.09161704076958314,
    "152":0.09161704076958314,
    "153":0.06871278057718735,
    "154":0.09161704076958314,
    "155":0.04580852038479157,
    "156":0.04580852038479157,
    "157":0.06871278057718735,
    "158":0.1374255611543747,
    "159":0.022904260192395786,
    "160":0.09161704076958314,
    "161":0.1374255611543747,
    "162":0.0,
    "163":0.09161704076958314,
    "164":0.0,
    "165":0.09161704076958314,
    "166":0.022904260192395786,
    "167":0.022904260192395786,
    "168":0.09161704076958314,
    "169":0.09161704076958314,
    "170":0.04580852038479157,
    "171":0.1374255611543747,
    "172":0.022904260192395786,
    "173":0.04580852038479157,
    "174":0.0,
    "175":0.09161704076958314,
    "176":0.1374255611543747,
    "177":0.11452130096197893,
    "178":0.04580852038479157,
    "179":0.06871278057718735,
    "180":0.04580852038479157,
    "181":0.022904260192395786,
    "182":0.0,
    "183":0.06871278057718735,
    "184":0.1374255611543747,
    "185":0.1603298213467705,
    "186":0.04580852038479157,
    "187":0.04580852038479157,
    "188":0.06871278057718735,
    "189":0.1374255611543747,
    "190":0.09161704076958314,
    "191":0.022904260192395786,
    "192":0.022904260192395786,
    "193":0.04580852038479157,
    "194":0.09161704076958314,
    "195":0.11452130096197893,
    "196":0.09161704076958314,
    "197":0.06871278057718735,
    "198":0.09161704076958314,
    "199":0.06871278057718735,
    "200":0.06871278057718735,
    "201":0.04580852038479157,
    "202":0.11452130096197893,
    "203":0.04580852038479157,
    "204":0.022904260192395786,
    "205":0.09161704076958314,
    "206":0.022904260192395786,
    "207":0.11452130096197893,
    "208":0.06871278057718735,
    "209":0.1832340815391663,
    "210":0.022904260192395786,
    "211":0.11452130096197893,
    "212":0.0,
    "213":0.09161704076958314,
    "214":0.11452130096197893,
    "215":0.04580852038479157,
    "216":0.11452130096197893,
    "217":0.04580852038479157,
    "218":0.04580852038479157,
    "219":0.11452130096197893,
    "220":0.06871278057718735,
    "221":0.022904260192395786,
    "222":0.06871278057718735,
    "223":0.022904260192395786,
    "224":0.022904260192395786,
    "225":0.04580852038479157,
    "226":0.04580852038479157,
    "227":0.022904260192395786,
    "228":0.09161704076958314,
    "229":0.022904260192395786,
    "230":0.0,
    "231":0.022904260192395786,
    "232":0.04580852038479157,
    "233":0.022904260192395786,
    "234":0.0,
    "235":0.04580852038479157,
    "236":0.0,
    "237":0.0,
    "238":0.09161704076958314,
    "239":0.022904260192395786,
    "240":0.0,
    "241":0.022904260192395786,
    "242":0.0,
    "243":0.0,
    "244":0.0,
    "245":0.0,
    "246":0.0,
    "247":0.0,
    "248":0.022904260192395786,
    "249":0.0,
    "250":0.0,
    "251":0.0,
    "252":0.0,
    "253":0.0,
    "254":0.0,
    "255":0.0,
    "256":0.0,
    "257":0.0,
    "258":0.0,
    "259":0.0,
    "260":0.0,
    "261":0.0,
    "262":0.0,
    "263":0.0,
    "264":0.0,
    "265":0.0,
    "266":0.0,
    "267":0.0,
    "268":0.0,
    "269":0.0,
    "270":0.0,
    "271":0.0,
    "272":0.0,
    "273":0.022904260192395786,
    "274":0.0,
    "275":0.09161704076958314,
    "276":0.0,
    "277":0.0,
    "278":0.0,
    "279":0.0,
    "280":0.0,
    "281":0.0,
    "282":0.0,
    "283":0.022904260192395786,
    "284":0.0,
    "285":0.022904260192395786,
    "286":0.0,
    "287":0.0,
    "288":0.0,
    "289":0.0,
    "290":0.0,
    "291":0.0,
    "292":0.0,
    "293":0.022904260192395786,
    "294":0.0,