{
    "0":8.765749898387751,
    "1":3.2651402249017747,
    "2":0.7451564828614009,
    "3":1.1109605744479067,
    "4":1.0838639750711285,
    "5":1.3683782685272998,
    "6":1.7477306598021949,
    "7":2.154179650453868,
    "8":2.506435442351985,
    "9":2.614821839859098,
    "10":2.5741769407939303,
    "11":2.411597344533261,
    "12":1.6528925619834711,
    "13":1.503861265411191,
    "14":1.4361197669692454,
    "15":1.4496680666576345,
    "16":1.7341823601138058,
    "17":1.5986993632299145,
    "18":1.4090231675924672,
    "19":1.2057986722666305,
    "20":0.9483809781872375,
    "21":1.0025741769407939,
    "22":1.503861265411191,
    "23":1.1109605744479067,
    "24":1.3548299688389107,
    "25":1.51740956509958,
    "26":1.4225714672808563,
    "27":1.5445061644763582,
    "28":1.51740956509958,
    "29":1.2328952716434087,
    "30":1.0974122747595176,
    "31":1.0567673756943503,
    "32":1.1651537732014634,
    "33":1.2464435713317978,
    "34":1.2193469719550196,
    "35":0.9077360791220701,
    "36":1.2193469719550196,
    "37":1.0432190760059614,
    "38":1.1109605744479067,
    "39":1.016122476629183,
    "40":1.1922503725782414,
    "41":1.2193469719550196,
    "42":1.0703156753827394,
    "43":0.880639479745292,
    "44":0.9890258772524049,
    "45":0.7451564828614009,
    "46":0.8670911800569029,
    "47":0.5283836878471752,
    "48":1.0025741769407939,
    "49":0.6909632841078445,
    "50":0.5690285869123425,
    "51":0.43354559002845144,
    "52":0.5419319875355643,
    "53":0.4606421894052296,
    "54":0.4877387887820078,
    "55":0.5554802872239534,
    "56":0.5012870884703969,
    "57":0.5690285869123425,
    "58":0.5283836878471752,
    "59":0.5825768866007317,
    "60":0.5419319875355643,
    "61":0.6503183850426771,
    "62":0.5690285869123425,
    "63":0.5690285869123425,
    "64":0.6503183850426771,
    "65":0.44709388971684055,
    "66":0.4877387887820078,
    "67":0.5012870884703969,
    "68":0.32515919252133857,
    "69":0.28451429345617124,
    "70":0.3929006909632841,
    "71":0.379352391274895,
    "72":0.29806259314456035,
    "73":0.3387074922097277,
    "74":0.32515919252133857,
    "75":0.31161089283294946,
    "76":0.1896761956374475,
    "77":0.21677279501422572,
    "78":0.2438693943910039,
    "79":0.2438693943910039,
    "80":0.2438693943910039,
    "81":0.3387074922097277,
    "82":0.3387074922097277,
    "83":0.1896761956374475,
    "84":0.1896761956374475,
    "85":0.257417694079393,
    "86":0.2438693943910039,
    "87":0.21677279501422572,
    "88":0.2438693943910039,
    "89":0.2303210947026148,
    "90":0.2303210947026148,
    "91":0.09483809781872375,
    "92":0.13548299688389107,
    "93":0.12193469719550196,
    "94":0.2303210947026148,
    "95":0.12193469719550196,
    "96":0.13548299688389107,
    "97":0.16257959626066928,
    "98":0.1761278959490584,
    "99":0.16257959626066928,
    "100":0.16257959626066928,
    "101":0.2303210947026148,
    "102":0.16257959626066928,
    "103":0.14903129657228018,
    "104":0.21677279501422572,
    "105":0.12193469719550196,
    "106":0.12193469719550196,
    "107":0.1761278959490584,
    "108":0.10838639750711286,
    "109":0.13548299688389107,
    "110":0.2032244953258366,
    "111":0.16257959626066928,
    "112":0.13548299688389107,
    "113":0.2303210947026148,
    "114":0.09483809781872375,
    "115":0.10838639750711286,
    "116":0.14903129657228018,
    "117":0.13548299688389107,
    "118":0.04064489906516732,
    "119":0.08128979813033464,
    "120":0.06774149844194553,
    "121":0.06774149844194553,
    "122":0.09483809781872375,
    "123":0.12193469719550196,
    "124":0.10838639750711286,
    "125":0.04064489906516732,
    "126":0.06774149844194553,
    "127":0.06774149844194553,
    "128":0.09483809781872375,
    "129":0.08128979813033464,
    "130":0.12193469719550196,
    "131":0.09483809781872375,
    "132":0.10838639750711286,
    "133":0.12193469719550196,
    "134":0.09483809781872375,
    "135":0.10838639750711286,
    "136":0.06774149844194553,
    "137":0.14903129657228018,
    "138":0.08128979813033464,
    "139":0.06774149844194553,
    "140":0.06774149844194553,
    "141":0.12193469719550196,
    "142":0.06774149844194553,
    "143":0.12193469719550196,
    "144":0.05419319875355643,
    "145":0.13548299688389107,
    "146":0.06774149844194553,
    "147":0.16257959626066928,
    "148":0.05419319875355643,
    "149":0.04064489906516732,
    "150":0.0,
    "151":0.10838639750711286,
    "152":0.10838639750711286,
    "153":0.06774149844194553,
    "154":0.013548299688389108,
    "155":0.06774149844194553,
    "156":0.04064489906516732,
    "157":0.04064489906516732,
    "158":0.0,
    "159":0.013548299688389108,
    "160":0.013548299688389108,
    "161":0.027096599376778215,
    "162":0.027096599376778215,
    "163":0.027096599376778215,
    "164":0.0,
    "165":0.0,
    "166":0.013548299688389108,
    "167":0.05419319875355643,
    "168":0.08128979813033464,
    "169":0.013548299688389108,
    "170":0.0,
    "171":0.04064489906516732,
    "172":0.027096599376778215,
    "173":0.013548299688389108,
    "174":0.0,
    "175":0.0,
    "176":0.04064489906516732,
    "177":0.05419319875355643,
    "178":0.027096599376778215,
    "179":0.05419319875355643,
    "180":0.027096599376778215,
    "181":0.027096599376778215,
    "182":0.0,
    "183":0.0,
    "184":0.013548299688389108,
    "185":0.0,
    "186":0.04064489906516732,
    "187":0.0,
    "188":0.0,
    "189":0.013548299688389108,
    "190":0.013548299688389108,
    "191":0.013548299688389108,
    "192":0.027096599376778215,
    "193":0.013548299688389108,
    "194":0.027096599376778215,
    "195":0.013548299688389108,
    "196":0.0,
    "197":0.013548299688389108,
    "198":0.08128979813033464,
    "199":0.0,
    "200":0.0,
    "201":0.0,
    "202":0.0,
    "203":0.0,
    "204":0.0,
    "205":0.0,
    "206":0.0,
    "207":0.0,
    "208":0.0,
    "209":0.0,
    "210":0.0,
    "211":0.0,
    "212":0.0,
    "213":0.0,
    "214":0.0,
    "215":0.0,
    "216":0.0,
    "217":0.013548299688389108,
    "218":0.0,
    "219":0.0,
    "220":0.0,
    "221":0.0,
    "222":0.0,
    "223":0.0,
    "224":0.0,
    "225":0.0,
    "226":0.0,
    "227":0.0,
    "228":0.0,
    "229":0.0,
    "230":0.0,
    "231":0.0,
    "232":0.0,
    "233":0.0,
    "234":0.0,
    "235":0.0,
    "236":0.0,
    "237":0.0,
    "238":0.0,
    "239":0.0,
    "240":0.0,
    "241":0.0,
    "242":0.0,
    "243":0.0,
    "244":0.0,
    "245":0.0,
    "246":0.0,
    "247":0.0,
    "248":0.0,
    "249":0.0,
    "250":0.0,
    "251":0.0,
    "252":0.0,
    "253":0.0,
    "254":0.0,
    "255":0.0,
    "256":0.0,
    "257":0.0,
    "258":0.0,
    "259":0.0,
    "260":0.0,
    "261":0.0,
    "262":0.0,
    "263":0.0,
    "264":0.0,
    "265":0.0,
    "266":0.0,
    "267":0.0,
    "268":0.0,
    "269":0.0,
    "270":0.0,
    "271":0.0,
    "272":0.0,
    "273":0.0,
    "274":0.0,
    "275":0.0,
    "276":0.0,
    "277":0.0,
    "278":0.0,
    "279":0.0,
    "280":0.0,
    "281":0.0,
    "282":0.0,
    "283":0.0,
    "284":0.0,
    "285":0.0,
    "286":0.0,
    "287":0.0,
    "288":0.0,
    "289":0.0,
    "290":0.0,
    "291":0.0,
    "292":0.0,
    "293":0.0,
    "294":0.0,
    "295":0.0,
    "296":0.0,
    "297":0.0,
    "298":0.0,
    "299":0.013548299688389108,
    "300":0.0,
    "301":0.0,
    "302":0.0,
    "303":0.0,
    "304":0.0,
    "305":0.0,
    "306":0.0,
    "307":0.0
}