{
    "0":5.47112462006079,
    "1":1.273700969749602,
    "2":1.1434360978433926,
    "3":1.3460703430308294,
    "4":1.3460703430308294,
    "5":0.9263279779997105,
    "6":0.636850484874801,
    "7":0.7381676074685193,
    "8":0.969749601968447,
    "9":1.1144883485309016,
    "10":1.331596468374584,
    "11":1.0421189752496742,
    "12":1.1000144738746562,
    "13":0.7815892314372557,
    "14":0.9408018526559561,
    "15":0.9263279779997105,
    "16":1.1289622231871472,
    "17":0.7381676074685193,
    "18":0.5500072369373281,
    "19":0.26052974381241856,
    "20":0.5934288609060646,
    "21":0.60790273556231,
    "22":0.5210594876248371,
    "23":0.5355333622810826,
    "24":0.8539586047184831,
    "25":0.6947459834997829,
    "26":0.6223766102185555,
    "27":0.60790273556231,
    "28":0.665798234187292,
    "29":0.5644811115935736,
    "30":0.7092198581560284,
    "31":0.5789549862498191,
    "32":0.665798234187292,
    "33":0.6802721088435374,
    "34":0.8250108554059922,
    "35":0.7671153567810103,
    "36":0.8250108554059922,
    "37":0.5210594876248371,
    "38":0.7960631060935012,
    "39":0.7092198581560284,
    "40":0.9408018526559561,
    "41":0.7236937328122739,
    "42":1.0565928499059198,
    "43":1.1579099724996382,
    "44":1.0421189752496742,
    "45":1.0421189752496742,
    "46":0.998697351280938,
    "47":0.9842234766246923,
    "48":1.21580547112462,
    "49":1.1000144738746562,
    "50":1.1000144738746562,
    "51":0.8829063540309742,
    "52":1.1868577218121292,
    "53":0.998697351280938,
    "54":0.8973802286872196,
    "55":0.9263279779997105,
    "56":0.8105369807497468,
    "57":0.911854103343465,
    "58":0.9408018526559561,
    "59":0.9552757273122015,
    "60":1.0421189752496742,
    "61":0.9842234766246923,
    "62":1.1000144738746562,
    "63":0.8829063540309742,
    "64":0.9552757273122015,
    "65":0.8539586047184831,
    "66":0.8973802286872196,
    "67":0.8394847300622377,
    "68":0.9263279779997105,
    "69":0.7381676074685193,
    "70":0.8829063540309742,
    "71":0.8539586047184831,
    "72":0.665798234187292,
    "73":0.636850484874801,
    "74":0.8829063540309742,
    "75":0.6223766102185555,
    "76":0.7526414821247649,
    "77":0.9842234766246923,
    "78":0.7815892314372557,
    "79":0.7381676074685193,
    "80":0.8829063540309742,
    "81":0.7671153567810103,
    "82":0.5355333622810826,
    "83":0.49211173831234617,
    "84":0.41974236503111884,
    "85":0.43421623968736434,
    "86":0.39079461571862784,
    "87":0.43421623968736434,
    "88":0.41974236503111884,
    "89":0.39079461571862784,
    "90":0.4052684903748734,
    "91":0.28947749312490956,
    "92":0.303951367781155,
    "93":0.39079461571862784,
    "94":0.37632074106238245,
    "95":0.2026342451874367,
    "96":0.2026342451874367,
    "97":0.2026342451874367,
    "98":0.2315819944999276,
    "99":0.21710811984368217,
    "100":0.2315819944999276,
    "101":0.2026342451874367,
    "102":0.26052974381241856,
    "103":0.37632074106238245,
    "104":0.37632074106238245,
    "105":0.2315819944999276,
    "106":0.28947749312490956,
    "107":0.15921262121870025,
    "108":0.27500361846866406,
    "109":0.2026342451874367,
    "110":0.13026487190620928,
    "111":0.27500361846866406,
    "112":0.36184686640613695,
    "113":0.26052974381241856,
    "114":0.17368649587494572,
    "115":0.24605586915617308,
    "116":0.21710811984368217,
    "117":0.14473874656245478,
    "118":0.15921262121870025,
    "119":0.13026487190620928,
    "120":0.2026342451874367,
    "121":0.303951367781155,
    "122":0.2026342451874367,
    "123":0.10131712259371835,
    "124":0.18816037053119122,
    "125":0.18816037053119122,
    "126":0.17368649587494572,
    "127":0.1157909972499638,
    "128":0.18816037053119122,
    "129":0.15921262121870025,
    "130":0.2026342451874367,
    "131":0.18816037053119122,
    "132":0.13026487190620928,
    "133":0.07236937328122739,
    "134":0.2315819944999276,
    "135":0.13026487190620928,
    "136":0.1157909972499638,
    "137":0.10131712259371835,
    "138":0.1157909972499638,
    "139":0.10131712259371835,
    "140":0.18816037053119122,
    "141":0.08684324793747286,
    "142":0.13026487190620928,
    "143":0.2026342451874367,
    "144":0.07236937328122739,
    "145":0.13026487190620928,
    "146":0.1157909972499638,
    "147":0.07236937328122739,
    "148":0.10131712259371835,
    "149":0.13026487190620928,
    "150":0.13026487190620928,
    "151":0.10131712259371835,
    "152":0.2315819944999276,
    "153":0.13026487190620928,
    "154":0.10131712259371835,
    "155":0.08684324793747286,
    "156":0.21710811984368217,
    "157":0.14473874656245478,
    "158":0.15921262121870025,
    "159":0.2026342451874367,
    "160":0.0578954986249819,
    "161":0.10131712259371835,
    "162":0.1157909972499638,
    "163":0.08684324793747286,
    "164":0.02894774931249095,
    "165":0.0578954986249819,
    "166":0.08684324793747286,
    "167":0.10131712259371835,
    "168":0.10131712259371835,
    "169":0.07236937328122739,
    "170":0.1157909972499638,
    "171":0.07236937328122739,
    "172":0.10131712259371835,
    "173":0.13026487190620928,
    "174":0.0578954986249819,
    "175":0.08684324793747286,
    "176":0.014473874656245476,
    "177":0.08684324793747286,
    "178":0.0578954986249819,
    "179":0.07236937328122739,
    "180":0.10131712259371835,
    "181":0.1157909972499638,
    "182":0.0578954986249819,
    "183":0.04342162396873643,
    "184":0.07236937328122739,
    "185":0.014473874656245476,
    "186":0.04342162396873643,
    "187":0.1157909972499638,
    "188":0.10131712259371835,
    "189":0.07236937328122739,
    "190":0.1157909972499638,
    "191":0.07236937328122739,
    "192":0.08684324793747286,
    "193":0.0578954986249819,
    "194":0.04342162396873643,
    "195":0.0578954986249819,
    "196":0.08684324793747286,
    "197":0.07236937328122739,
    "198":0.0578954986249819,
    "199":0.13026487190620928,
    "200":0.07236937328122739,
    "201":0.10131712259371835,
    "202":0.02894774931249095,
    "203":0.0578954986249819,
    "204":0.0578954986249819,
    "205":0.13026487190620928,
    "206":0.04342162396873643,
    "207":0.014473874656245476,
    "208":0.02894774931249095,
    "209":0.0578954986249819,
    "210":0.04342162396873643,
    "211":0.07236937328122739,
    "212":0.0578954986249819,
    "213":0.04342162396873643,
    "214":0.04342162396873643,
    "215":0.0,
    "216":0.08684324793747286,
    "217":0.02894774931249095,
    "218":0.04342162396873643,
    "219":0.14473874656245478,
    "220":0.04342162396873643,
    "221":0.02894774931249095,
    "222":0.02894774931249095,
    "223":0.08684324793747286,
    "224":0.0578954986249819,
    "225":0.02894774931249095,
    "226":0.10131712259371835,
    "227":0.07236937328122739,
    "228":0.02894774931249095,
    "229":0.07236937328122739,
    "230":0.04342162396873643,
    "231":0.04342162396873643,
    "232":0.1157909972499638,
    "233":0.0578954986249819,
    "234":0.04342162396873643,
    "235":0.08684324793747286,
    "236":0.014473874656245476,
    "237":0.014473874656245476,
    "238":0.04342162396873643,
    "239":0.04342162396873643,
    "240":0.0578954986249819,
    "241":0.0578954986249819,
    "242":0.014473874656245476,
    "243":0.0,
    "244":0.0,
    "245":0.04342162396873643,
    "246":0.02894774931249095,
    "247":0.02894774931249095,
    "248":0.07236937328122739,
    "249":0.10131712259371835,
    "250":0.02894774931249095,
    "251":0.04342162396873643,
    "252":0.02894774931249095,
    "253":0.02894774931249095,
    "254":0.10131712259371835,
    "255":0.014473874656245476,
    "256":0.014473874656245476,
    "257":0.02894774931249095,
    "258":0.04342162396873643,
    "259":0.0578954986249819,
    "260":0.014473874656245476,
    "261":0.02894774931249095,
    "262":0.014473874656245476,
    "263":0.04342162396873643,
    "264":0.0578954986249819,
    "265":0.02894774931249095,
    "266":0.04342162396873643,
    "267":0.0,