{
    "0":[
        [
            -23.568593531184842,
            -46.64843607876827,
            "457566752",
            "1"
        ]
    ],
    "1":[
        [
            -23.559233582758296,
            -46.64731740746355,
            "8565699864",
            "0"
        ]
    ],
    "10":[
        [
            -23.565577985436587,
            -46.65072041838972,
            "300000000011",
            "3"
        ]
    ],
    "11":[
        [
            -23.563704142221255,
            -46.652408582369304,
            "300000000012",
            "4"
        ]
    ],
    "12":[
        [
            -23.561940536879415,
            -46.64567776187294,
            "300000000013",
            "4"
        ]
    ],
    "13":[
        [
            -23.560048386456828,
            -46.64991274290644,
            "300000000014",
            "1"
        ]
    ],
    "14":[
        [
            -23.56141808263113,
            -46.64712313695842,
            "300000000015",
            "5"
        ]
    ],
    "15":[
        [
            -23.565116717752495,
            -46.64893662309771,
            "300000000016",
            "2"
        ]
    ],
    "16":[
        [
            -23.56099890219367,
            -46.64899346638092,
            "300000000017",
            "1"
        ]
    ],
    "17":[
        [
            -23.5661802190491,
            -46.64530158332179,
            "300000000018",
            "0"
        ]
    ],
    "2":[
        [
            -23.562267685564528,
            -46.649543980540265,
            "300000000001",
            "0"
        ]
    ],
    "3":[
        [
            -23.566086881583807,
            -46.65113715639939,
            "300000000002",
            "3"
        ]
    ],
    "4":[
        [
            -23.566133007150327,
            -46.64654709927273,
            "300000000004",
            "4"
        ]
    ],
    "5":[
        [
            -23.566390109762075,
            -46.64707816701944,
            "300000000005",
            "3"
        ]
    ],
    "6":[
        [
            -23.56525361257831,
            -46.64996891188545,
            "300000000007",
            "3"
        ]
    ],
    "7":[
        [
            -23.565225289135725,
            -46.64735860205783,
            "300000000008",
            "4"
        ]
    ],
    "8":[
        [
            -23.568698879056132,
            -46.64753125944988,
            "300000000009",
            "1"
        ]
    ],
    "9":[
        [
            -23.561256330069423,
            -46.65288030061563,
            "300000000010",
            "0"
        ]
    ],
    "total_length":7441.895939312845,
    "total_time":9.357085943222046
}