{
    "0":8.54417803682607,
    "1":3.232216187574513,
    "2":0.8080540468936283,
    "3":1.1922108888594516,
    "4":1.0729897999735065,
    "5":1.3644191283613725,
    "6":1.69558881971122,
    "7":2.4771492912968607,
    "8":2.834812557954696,
    "9":3.139488673996556,
    "10":3.139488673996556,
    "11":3.2852033381904886,
    "12":2.066498874023049,
    "13":1.9472777851371044,
    "14":1.9870181480990858,
    "15":1.7485759703271957,
    "16":1.9870181480990858,
    "17":1.549874155517287,
    "18":1.2849384024374089,
    "19":1.5233805802092992,
    "20":1.0332494370115246,
    "21":1.1657173135514638,
    "22":1.0464962246655185,
    "23":1.1657173135514638,
    "24":1.4703934295933236,
    "25":1.6293548814412504,
    "26":1.3379255530533847,
    "27":1.2849384024374089,
    "28":1.0332494370115246,
    "29":1.020002649357531,
    "30":0.9537687110875612,
    "31":1.0332494370115246,
    "32":0.8742879851635978,
    "33":1.006755861703537,
    "34":0.9272751357795735,
    "35":0.7683136839316466,
    "36":1.006755861703537,
    "37":0.9405219234335673,
    "38":0.9670154987415552,
    "39":0.9670154987415552,
    "40":0.9670154987415552,
    "41":0.7285733209696649,
    "42":0.8080540468936283,
    "43":0.9140283481255794,
    "44":0.5563650814677441,
    "45":0.5961054444297258,
    "46":0.7683136839316466,
    "47":0.6093522320837197,
    "48":0.8080540468936283,
    "49":0.39740362961981723,
    "50":0.4636375678897868,
    "51":0.6225990197377136,
    "52":0.4768843555437806,
    "53":0.4768843555437806,
    "54":0.5431182938137501,
    "55":0.5298715061597563,
    "56":0.49013114319777457,
    "57":0.5033779308517685,
    "58":0.6225990197377136,
    "59":0.6225990197377136,
    "60":0.5298715061597563,
    "61":0.39740362961981723,
    "62":0.4371439925817989,
    "63":0.4636375678897868,
    "64":0.5696118691217379,
    "65":0.423897204927805,
    "66":0.5696118691217379,
    "67":0.4636375678897868,
    "68":0.4503907802357928,
    "69":0.27818254073387205,
    "70":0.423897204927805,
    "71":0.4636375678897868,
    "72":0.3576632666578355,
    "73":0.423897204927805,
    "74":0.2251953901178964,
    "75":0.3311696913498477,
    "76":0.27818254073387205,
    "77":0.25168896542588426,
    "78":0.3311696913498477,
    "79":0.1854550271559147,
    "80":0.14571466419393297,
    "81":0.19870181480990862,
    "82":0.2384421777718903,
    "83":0.27818254073387205,
    "84":0.2251953901178964,
    "85":0.25168896542588426,
    "86":0.2251953901178964,
    "87":0.14571466419393297,
    "88":0.19870181480990862,
    "89":0.2384421777718903,
    "90":0.25168896542588426,
    "91":0.1722082395019208,
    "92":0.25168896542588426,
    "93":0.2251953901178964,
    "94":0.2384421777718903,
    "95":0.13246787653993908,
    "96":0.1722082395019208,
    "97":0.1722082395019208,
    "98":0.29142932838786595,
    "99":0.13246787653993908,
    "100":0.29142932838786595,
    "101":0.11922108888594515,
    "102":0.15896145184792687,
    "103":0.13246787653993908,
    "104":0.19870181480990862,
    "105":0.10597430123195126,
    "106":0.10597430123195126,
    "107":0.13246787653993908,
    "108":0.13246787653993908,
    "109":0.2251953901178964,
    "110":0.09272751357795735,
    "111":0.15896145184792687,
    "112":0.19870181480990862,
    "113":0.14571466419393297,
    "114":0.06623393826996954,
    "115":0.06623393826996954,
    "116":0.11922108888594515,
    "117":0.11922108888594515,
    "118":0.11922108888594515,
    "119":0.10597430123195126,
    "120":0.13246787653993908,
    "121":0.09272751357795735,
    "122":0.05298715061597563,
    "123":0.07948072592396344,
    "124":0.06623393826996954,
    "125":0.09272751357795735,
    "126":0.11922108888594515,
    "127":0.11922108888594515,
    "128":0.06623393826996954,
    "129":0.14571466419393297,
    "130":0.09272751357795735,
    "131":0.13246787653993908,
    "132":0.1722082395019208,
    "133":0.06623393826996954,
    "134":0.07948072592396344,
    "135":0.06623393826996954,
    "136":0.10597430123195126,
    "137":0.06623393826996954,
    "138":0.03974036296198172,
    "139":0.05298715061597563,
    "140":0.11922108888594515,
    "141":0.06623393826996954,
    "142":0.07948072592396344,
    "143":0.026493575307987814,
    "144":0.06623393826996954,
    "145":0.026493575307987814,
    "146":0.07948072592396344,
    "147":0.10597430123195126,
    "148":0.03974036296198172,
    "149":0.013246787653993907,
    "150":0.05298715061597563,
    "151":0.05298715061597563,
    "152":0.03974036296198172,
    "153":0.0,
    "154":0.09272751357795735,
    "155":0.06623393826996954,
    "156":0.03974036296198172,
    "157":0.013246787653993907,
    "158":0.05298715061597563,
    "159":0.013246787653993907,
    "160":0.013246787653993907,
    "161":0.05298715061597563,
    "162":0.07948072592396344,
    "163":0.013246787653993907,
    "164":0.026493575307987814,
    "165":0.013246787653993907,
    "166":0.013246787653993907,
    "167":0.013246787653993907,
    "168":0.013246787653993907,
    "169":0.013246787653993907,
    "170":0.013246787653993907,
    "171":0.05298715061597563,
    "172":0.026493575307987814,
    "173":0.026493575307987814,
    "174":0.03974036296198172,
    "175":0.013246787653993907,
    "176":0.013246787653993907,
    "177":0.013246787653993907,
    "178":0.026493575307987814,
    "179":0.026493575307987814,
    "180":0.06623393826996954,
    "181":0.013246787653993907,
    "182":0.0,
    "183":0.03974036296198172,
    "184":0.013246787653993907,
    "185":0.03974036296198172,
    "186":0.0,
    "187":0.03974036296198172,
    "188":0.026493575307987814,
    "189":0.026493575307987814,
    "190":0.03974036296198172,
    "191":0.10597430123195126,
    "192":0.0,
    "193":0.013246787653993907,
    "194":0.013246787653993907,
    "195":0.0,
    "196":0.013246787653993907,
    "197":0.026493575307987814,
    "198":0.013246787653993907,
    "199":0.0,
    "200":0.013246787653993907,
    "201":0.013246787653993907,
    "202":0.0,
    "203":0.013246787653993907,
    "204":0.0,
    "205":0.0,
    "206":0.013246787653993907,
    "207":0.026493575307987814,
    "208":0.013246787653993907,
    "209":0.0,
    "210":0.013246787653993907,
    "211":0.0,
    "212":0.013246787653993907,
    "213":0.0,
    "214":0.0,
    "215":0.013246787653993907,
    "216":0.0,
    "217":0.026493575307987814,
    "218":0.0,
    "219":0.0,
    "220":0.0,
    "221":0.0,
    "222":0.0,
    "223":0.0,
    "224":0.0,
    "225":0.013246787653993907,
    "226":0.013246787653993907,
    "227":0.0,
    "228":0.0,
    "229":0.0,
    "230":0.0,
    "231":0.0,
    "232":0.06623393826996954,
    "233":0.0,
    "234":0.0,
    "235":0.0,
    "236":0.0,
    "237":0.0,
    "238":0.0,
    "239":0.0,
    "240":0.0,
    "241":0.0,
    "242":0.0,
    "243":0.0,
    "244":0.0,
    "245":0.0,
    "246":0.0,
    "247":0.0,
    "248":0.0,
    "249":0.0,
    "250":0.0,
    "251":0.0,
    "252":0.0,
    "253":0.0,
    "254":0.0,
    "255":0.0,
    "256":0.0,
    "257":0.0,
    "258":0.0,
    "259":0.0,
    "260":0.0,
    "261":0.0,
    "262":0.0,
    "263":0.0,
    "264":0.0,
    "265":0.0,
    "266":0.0,
    "267":0.0,
    "268":0.0,
    "269":0.0,
    "270":0.0,
    "271":0.0,
    "272":0.0,
    "273":0.0,
    "274":0.0,
    "275":0.0,
    "276":0.0,
    "277":0.0,
    "278":0.0,
    "279":0.0,
    "280":0.0,
    "281":0.0,
    "282":0.0,
    "283":0.0,
    "284":0.0,
    "285":0.0,
    "286":0.0,
    "287":0.0,
    "288":0.0,
    "289":0.0,
    "290":0.0,
    "291":0.0,
    "292":0.0,
    "293":0.0,
    "294":0.0,
    "295":0.0,
    "296":0.0,
    "297":0.0,
    "298":0.0,
    "299":0.0,
    "300":0.0,
    "301":0.0,
    "302":0.0,
    "303":0.0,
    "304":0.0,
    "305":0.0,
    "306":0.0,
    "307":0.0,
    "308":0.0,
    "309":0.0,
    "310":0.0,
    "311":0.0,
    "312":0.0,
    "313":0.0,
    "314":0.0,
    "315":0.0,
    "316":0.0,
    "317":0.0,
    "318":0.0,
    "319":0.0,
    "320":0.0,
    "321":0.0,
    "322":0.0,