{
    "0":3.3424657534246576,
    "1":2.1643835616438354,
    "2":1.4109589041095891,
    "3":2.0821917808219177,
    "4":2.1643835616438354,
    "5":2.041095890410959,
    "6":1.36986301369863,
    "7":1.2602739726027399,
    "8":1.643835616438356,
    "9":1.5068493150684932,
    "10":1.547945205479452,
    "11":1.6575342465753424,
    "12":1.6164383561643836,
    "13":2.0136986301369864,
    "14":1.6712328767123288,
    "15":1.4246575342465753,
    "16":1.7534246575342465,
    "17":1.4383561643835616,
    "18":1.2602739726027399,
    "19":1.4383561643835616,
    "20":1.0821917808219177,
    "21":1.0547945205479452,
    "22":1.2191780821917808,
    "23":1.1232876712328765,
    "24":1.356164383561644,
    "25":1.0136986301369864,
    "26":1.136986301369863,
    "27":1.2328767123287672,
    "28":1.1095890410958904,
    "29":1.3835616438356164,
    "30":1.315068493150685,
    "31":1.2465753424657535,
    "32":1.1506849315068493,
    "33":0.9589041095890412,
    "34":1.0,
    "35":1.095890410958904,
    "36":0.8493150684931507,
    "37":1.0136986301369864,
    "38":1.1232876712328765,
    "39":0.9726027397260273,
    "40":0.904109589041096,
    "41":0.9863013698630136,
    "42":0.9452054794520548,
    "43":1.1506849315068493,
    "44":1.1643835616438356,
    "45":1.2328767123287672,
    "46":1.0136986301369864,
    "47":0.9863013698630136,
    "48":0.7123287671232876,
    "49":0.821917808219178,
    "50":0.4931506849315068,
    "51":0.5205479452054794,
    "52":0.6986301369863014,
    "53":0.9452054794520548,
    "54":0.684931506849315,
    "55":0.452054794520548,
    "56":0.7534246575342466,
    "57":0.6164383561643836,
    "58":0.6164383561643836,
    "59":0.4794520547945206,
    "60":0.5753424657534246,
    "61":0.5753424657534246,
    "62":0.3835616438356164,
    "63":0.452054794520548,
    "64":0.4794520547945206,
    "65":0.547945205479452,
    "66":0.4657534246575342,
    "67":0.452054794520548,
    "68":0.589041095890411,
    "69":0.547945205479452,
    "70":0.5616438356164383,
    "71":0.5205479452054794,
    "72":0.410958904109589,
    "73":0.3561643835616438,
    "74":0.3835616438356164,
    "75":0.589041095890411,
    "76":0.452054794520548,
    "77":0.4794520547945206,
    "78":0.452054794520548,
    "79":0.4931506849315068,
    "80":0.4657534246575342,
    "81":0.4794520547945206,
    "82":0.3424657534246575,
    "83":0.2602739726027397,
    "84":0.410958904109589,
    "85":0.2876712328767123,
    "86":0.1917808219178082,
    "87":0.32876712328767127,
    "88":0.2465753424657534,
    "89":0.2465753424657534,
    "90":0.2191780821917808,
    "91":0.31506849315068497,
    "92":0.273972602739726,
    "93":0.2465753424657534,
    "94":0.3698630136986301,
    "95":0.4794520547945206,
    "96":0.1780821917808219,
    "97":0.3424657534246575,
    "98":0.3013698630136986,
    "99":0.3698630136986301,
    "100":0.2876712328767123,
    "101":0.273972602739726,
    "102":0.2328767123287671,
    "103":0.2328767123287671,
    "104":0.273972602739726,
    "105":0.2602739726027397,
    "106":0.2054794520547945,
    "107":0.273972602739726,
    "108":0.2602739726027397,
    "109":0.16438356164383564,
    "110":0.1917808219178082,
    "111":0.2602739726027397,
    "112":0.08219178082191782,
    "113":0.1232876712328767,
    "114":0.1780821917808219,
    "115":0.2465753424657534,
    "116":0.0958904109589041,
    "117":0.16438356164383564,
    "118":0.1232876712328767,
    "119":0.0684931506849315,
    "120":0.2465753424657534,
    "121":0.1506849315068493,
    "122":0.2465753424657534,
    "123":0.0958904109589041,
    "124":0.1506849315068493,
    "125":0.136986301369863,
    "126":0.1780821917808219,
    "127":0.2191780821917808,
    "128":0.1780821917808219,
    "129":0.2465753424657534,
    "130":0.136986301369863,
    "131":0.1232876712328767,
    "132":0.1917808219178082,
    "133":0.1232876712328767,
    "134":0.1232876712328767,
    "135":0.1506849315068493,
    "136":0.136986301369863,
    "137":0.1506849315068493,
    "138":0.1506849315068493,
    "139":0.16438356164383564,
    "140":0.0684931506849315,
    "141":0.08219178082191782,
    "142":0.0958904109589041,
    "143":0.0684931506849315,
    "144":0.0547945205479452,
    "145":0.1232876712328767,
    "146":0.2054794520547945,
    "147":0.1917808219178082,
    "148":0.0547945205479452,
    "149":0.08219178082191782,
    "150":0.04109589041095891,
    "151":0.0136986301369863,
    "152":0.0273972602739726,
    "153":0.0,
    "154":0.0136986301369863,
    "155":0.04109589041095891,
    "156":0.0136986301369863,
    "157":0.04109589041095891,
    "158":0.0,
    "159":0.0136986301369863,
    "160":0.0136986301369863,
    "161":0.0,
    "162":0.0273972602739726,
    "163":0.0273972602739726,
    "164":0.04109589041095891,
    "165":0.0684931506849315,
    "166":0.0136986301369863,
    "167":0.0273972602739726,
    "168":0.0136986301369863,
    "169":0.0547945205479452,
    "170":0.0684931506849315,
    "171":0.0136986301369863,
    "172":0.04109589041095891,
    "173":0.0136986301369863,
    "174":0.0,
    "175":0.0547945205479452,
    "176":0.0547945205479452,
    "177":0.04109589041095891,
    "178":0.0136986301369863,
    "179":0.0273972602739726,
    "180":0.0273972602739726,
    "181":0.0273972602739726,
    "182":0.0273972602739726,
    "183":0.0273972602739726,
    "184":0.0547945205479452,
    "185":0.0273972602739726,
    "186":0.0136986301369863,
    "187":0.0,
    "188":0.0136986301369863,
    "189":0.0136986301369863,
    "190":0.0,
    "191":0.04109589041095891,
    "192":0.0273972602739726,
    "193":0.0136986301369863,
    "194":0.0273972602739726,
    "195":0.0,
    "196":0.0136986301369863,
    "197":0.0136986301369863,
    "198":0.0136986301369863,
    "199":0.0273972602739726,
    "200":0.0,
    "201":0.0136986301369863,
    "202":0.0,
    "203":0.0273972602739726,
    "204":0.0684931506849315,
    "205":0.0273972602739726,
    "206":0.0136986301369863,
    "207":0.0136986301369863,
    "208":0.0136986301369863,
    "209":0.0547945205479452,
    "210":0.0273972602739726,
    "211":0.0547945205479452,
    "212":0.0,
    "213":0.0273972602739726,
    "214":0.04109589041095891,
    "215":0.04109589041095891,
    "216":0.0136986301369863,
    "217":0.0136986301369863,
    "218":0.04109589041095891,
    "219":0.0547945205479452,
    "220":0.0273972602739726,
    "221":0.0,
    "222":0.0,
    "223":0.0,
    "224":0.0273972602739726,
    "225":0.0273972602739726,
    "226":0.0273972602739726,
    "227":0.0136986301369863,
    "228":0.0,
    "229":0.0,
    "230":0.0136986301369863,
    "231":0.0,
    "232":0.0273972602739726,
    "233":0.0,
    "234":0.0547945205479452,
    "235":0.0136986301369863,
    "236":0.0273972602739726,
    "237":0.0136986301369863,
    "238":0.0,
    "239":0.0,
    "240":0.0,
    "241":0.0,
    "242":0.0273972602739726,
    "243":0.0,
    "244":0.0273972602739726,
    "245":0.0,
    "246":0.0,
    "247":0.0,
    "248":0.0,
    "249":0.0,
    "250":0.0,
    "251":0.0,
    "252":0.0,
    "253":0.0,
    "254":0.0,
    "255":0.0,
    "256":0.0,
    "257":0.0,
    "258":0.0,
    "259":0.0,
    "260":0.0,
    "261":0.0,
    "262":0.0,
    "263":0.0,
    "264":0.0,
    "265":0.0,
    "266":0.0,
    "267":0.0,
    "268":0.0,
    "269":0.0,
    "270":0.0,
    "271":0.0,
    "272":0.0,
    "273":0.0,
    "274":0.0,
    "275":0.0,
    "276":0.0,
    "277":0.0,
    "278":0.0,
    "279":0.0,
    "280":0.0,
    "281":0.0,
    "282":0.0,
    "283":0.0,
    "284":0.0,
    "285":0.0,
    "286":0.0,
    "287":0.0,
    "288":0.0,
    "289":0.0,
    "290":0.0,
    "291":0.0,
    "292":0.0,
    "293":0.0,
    "294":0.0,
    "295":0.0,
    "296":0.0,
    "297":0.0,
    "298":0.0,
    "299":0.0,
    "300":0.0,
    "301":0.0,
    "302":0.0,
    "303":0.0,
    "304":0.0,
    "305":0.0,
    "306":0.0,
    "307":0.0,
    "308":0.0,
    "309":0.0,
    "310":0.0,
    "311":0.0,
    "312":0.0,
    "313":0.0,
    "314":0.0,
    "315":0.0,
    "316":0.0,
    "317":0.0,
    "318":0.0,