{
    "0":0.7977207977207977,
    "1":0.9829059829059829,
    "2":0.08547008547008547,
    "3":0.14245014245014245,
    "4":0.38461538461538464,
    "5":0.24216524216524216,
    "6":0.32763532763532766,
    "7":0.6125356125356125,
    "8":1.2962962962962963,
    "9":1.7094017094017095,
    "10":1.7806267806267806,
    "11":1.7948717948717947,
    "12":1.9515669515669516,
    "13":2.1082621082621085,
    "14":2.051282051282051,
    "15":1.282051282051282,
    "16":1.2962962962962963,
    "17":1.5527065527065527,
    "18":1.638176638176638,
    "19":1.7236467236467237,
    "20":1.6239316239316242,
    "21":1.6096866096866096,
    "22":1.452991452991453,
    "23":1.4102564102564104,
    "24":1.2678062678062678,
    "25":1.1396011396011396,
    "26":1.4387464387464388,
    "27":1.3532763532763532,
    "28":1.6524216524216526,
    "29":1.5527065527065527,
    "30":1.6524216524216526,
    "31":1.6951566951566952,
    "32":1.4387464387464388,
    "33":0.9829059829059829,
    "34":1.0826210826210827,
    "35":0.9686609686609686,
    "36":1.0541310541310542,
    "37":0.9829059829059829,
    "38":0.8689458689458689,
    "39":0.8119658119658121,
    "40":0.9401709401709402,
    "41":0.9829059829059829,
    "42":0.8689458689458689,
    "43":1.1396011396011396,
    "44":0.8119658119658121,
    "45":0.9544159544159544,
    "46":0.9544159544159544,
    "47":1.282051282051282,
    "48":0.9686609686609686,
    "49":0.9829059829059829,
    "50":1.0256410256410255,
    "51":1.2393162393162394,
    "52":1.153846153846154,
    "53":0.7692307692307693,
    "54":0.8689458689458689,
    "55":0.5982905982905984,
    "56":0.9971509971509971,
    "57":0.8262108262108263,
    "58":0.7834757834757835,
    "59":0.8404558404558405,
    "60":0.7977207977207977,
    "61":0.8119658119658121,
    "62":0.7264957264957265,
    "63":0.6695156695156695,
    "64":0.7692307692307693,
    "65":0.698005698005698,
    "66":0.7122507122507122,
    "67":0.8262108262108263,
    "68":0.7407407407407408,
    "69":0.754985754985755,
    "70":0.7264957264957265,
    "71":0.584045584045584,
    "72":0.8689458689458689,
    "73":0.5698005698005698,
    "74":0.8262108262108263,
    "75":0.8547008547008548,
    "76":0.7407407407407408,
    "77":0.641025641025641,
    "78":0.6552706552706553,
    "79":0.6837606837606838,
    "80":0.6837606837606838,
    "81":0.8547008547008548,
    "82":0.5128205128205128,
    "83":0.4273504273504274,
    "84":0.4273504273504274,
    "85":0.5128205128205128,
    "86":0.38461538461538464,
    "87":0.39886039886039887,
    "88":0.4273504273504274,
    "89":0.4558404558404558,
    "90":0.4558404558404558,
    "91":0.4700854700854701,
    "92":0.4700854700854701,
    "93":0.4273504273504274,
    "94":0.38461538461538464,
    "95":0.3418803418803419,
    "96":0.3418803418803419,
    "97":0.4843304843304843,
    "98":0.4843304843304843,
    "99":0.2279202279202279,
    "100":0.31339031339031337,
    "101":0.2279202279202279,
    "102":0.2136752136752137,
    "103":0.3703703703703704,
    "104":0.2279202279202279,
    "105":0.2849002849002849,
    "106":0.2564102564102564,
    "107":0.2136752136752137,
    "108":0.2706552706552707,
    "109":0.1851851851851852,
    "110":0.31339031339031337,
    "111":0.14245014245014245,
    "112":0.17094017094017094,
    "113":0.24216524216524216,
    "114":0.2706552706552707,
    "115":0.15669515669515668,
    "116":0.2991452991452992,
    "117":0.14245014245014245,
    "118":0.2849002849002849,
    "119":0.1851851851851852,
    "120":0.15669515669515668,
    "121":0.1282051282051282,
    "122":0.19943019943019943,
    "123":0.14245014245014245,
    "124":0.15669515669515668,
    "125":0.11396011396011395,
    "126":0.17094017094017094,
    "127":0.15669515669515668,
    "128":0.1282051282051282,
    "129":0.056980056980056974,
    "130":0.11396011396011395,
    "131":0.09971509971509972,
    "132":0.08547008547008547,
    "133":0.09971509971509972,
    "134":0.09971509971509972,
    "135":0.11396011396011395,
    "136":0.014245014245014244,
    "137":0.0,
    "138":0.08547008547008547,
    "139":0.014245014245014244,
    "140":0.028490028490028487,
    "141":0.042735042735042736,
    "142":0.028490028490028487,
    "143":0.0,
    "144":0.056980056980056974,
    "145":0.014245014245014244,
    "146":0.014245014245014244,
    "147":0.08547008547008547,
    "148":0.056980056980056974,
    "149":0.0,
    "150":0.0,
    "151":0.056980056980056974,
    "152":0.0,
    "153":0.0,
    "154":0.0,
    "155":0.0,
    "156":0.0,
    "157":0.0,
    "158":0.0,
    "159":0.0,
    "160":0.0,
    "161":0.0,
    "162":0.0,
    "163":0.0,
    "164":0.0,
    "165":0.0,
    "166":0.0,
    "167":0.0,
    "168":0.0,
    "169":0.0,
    "170":0.0,
    "171":0.0,
    "172":0.0,
    "173":0.0,
    "174":0.0,
    "175":0.0,
    "176":0.0,
    "177":0.0,
    "178":0.0,
    "179":0.0,
    "180":0.0,
    "181":0.0,
    "182":0.0,
    "183":0.0,
    "184":0.0,
    "185":0.0,
    "186":0.0,
    "187":0.042735042735042736,
    "188":0.0,
    "189":0.0,
    "190":0.0,
    "191":0.0,
    "192":0.0,
    "193":0.0,
    "194":0.0,
    "195":0.0,
    "196":0.0,
    "197":0.0,
    "198":0.0,
    "199":0.0,
    "200":0.0,
    "201":0.0,
    "202":0.0,
    "203":0.0,
    "204":0.0,
    "205":0.0,
    "206":0.0,
    "207":0.0,
    "208":0.0,
    "209":0.0,
    "210":0.0,
    "211":0.0,
    "212":0.0,
    "213":0.0,
    "214":0.0,
    "215":0.0,
    "216":0.0,
    "217":0.0,
    "218":0.0,
    "219":0.0,
    "220":0.0,
    "221":0.0,
    "222":0.0,
    "223":0.0,
    "224":0.0,
    "225":0.0,
    "226":0.0,
    "227":0.0,
    "228":0.0,
    "229":0.0,
    "230":0.0,
    "231":0.0,
    "232":0.0,
    "233":0.0,
    "234":0.028490028490028487,
    "235":0.0,
    "236":0.0,
    "237":0.0,
    "238":0.0,
    "239":0.0,
    "240":0.0,
    "241":0.0,
    "242":0.0,
    "243":0.0,
    "244":0.0,
    "245":0.0,
    "246":0.0,
    "247":0.0,
    "248":0.0,
    "249":0.0,
    "250":0.0,
    "251":0.0,
    "252":0.0,
    "253":0.0,
    "254":0.0,
    "255":0.0,
    "256":0.0,
    "257":0.0,
    "258":0.0,
    "259":0.0,
    "260":0.0,
    "261":0.0,
    "262":0.0,
    "263":0.0,
    "264":0.0,
    "265":0.0,
    "266":0.0,
    "267":0.0,
    "268":0.0,
    "269":0.0,
    "270":0.0,
    "271":0.0,
    "272":0.0,
    "273":0.0,
    "274":0.0,
    "275":0.0,
    "276":0.0,
    "277":0.0,
    "278":0.0,
    "279":0.0,
    "280":0.0,
    "281":0.0,
    "282":0.0,
    "283":0.0,
    "284":0.0,
    "285":0.0,
    "286":0.0,
    "287":0.0,
    "288":0.0,
    "289":0.0,
    "290":0.0,
    "291":0.0,
    "292":0.0,
    "293":0.0,
    "294":0.0,
    "295":0.0,
    "296":0.0,
    "297":0.0,
    "298":0.0,
    "299":0.0,
    "300":0.0,
    "301":0.0,
    "302":0.0,
    "303":0.0,
    "304":0.0,
    "305":0.0,
    "306":0.0,
    "307":0.0,
    "308":0.0,
    "309":0.014245014245014244,
    "310":0.0,
    "311":0.0,
    "312":0.0,
    "313":0.0,
    "314":0.0,
    "315":0.0,
    "316":0.0,
    "317":0.0
}