{
    "0":2.7676087274857224,
    "1":3.133694537999707,
    "2":2.3429491872895007,
    "3":1.9475765119343975,
    "4":1.65470786352321,
    "5":1.4789866744764972,
    "6":0.8493190803924441,
    "7":0.541806999560697,
    "8":0.6003807292429345,
    "9":0.7028847561868502,
    "10":0.8932493776541222,
    "11":0.8200322155513253,
    "12":0.7614584858690877,
    "13":0.9371796749158003,
    "14":1.0250402694391565,
    "15":1.347195782691463,
    "16":1.3764826475325815,
    "17":1.1129008639625129,
    "18":1.464343242055938,
    "19":1.3325523502709036,
    "20":1.4204129447942597,
    "21":1.391126079953141,
    "22":1.4496998096353786,
    "23":1.6693512959437693,
    "24":1.6107775662615318,
    "25":1.6400644311026507,
    "26":1.2300483233269879,
    "27":1.7864987553082443,
    "28":1.435056377214819,
    "29":1.65470786352321,
    "30":1.3032654854297847,
    "31":1.3032654854297847,
    "32":1.3032654854297847,
    "33":1.1275442963830722,
    "34":1.1714745936447504,
    "35":1.0543271342802754,
    "36":1.0543271342802754,
    "37":1.039683701859716,
    "38":0.9957534045980379,
    "39":1.0103968370185972,
    "40":1.0103968370185972,
    "41":0.8786059452335628,
    "42":1.1714745936447504,
    "43":0.8932493776541222,
    "44":0.9957534045980379,
    "45":1.200761458485869,
    "46":1.3325523502709036,
    "47":1.2154048909064286,
    "48":1.273978620588666,
    "49":1.2154048909064286,
    "50":0.8786059452335628,
    "51":1.0103968370185972,
    "52":1.1129008639625129,
    "53":1.2300483233269879,
    "54":1.0103968370185972,
    "55":1.0543271342802754,
    "56":0.9371796749158003,
    "57":0.8639625128130034,
    "58":0.8493190803924441,
    "59":0.9371796749158003,
    "60":0.7907453507102066,
    "61":0.9078928100746816,
    "62":1.083613999121394,
    "63":0.8346756479718846,
    "64":0.9664665397569191,
    "65":0.7028847561868502,
    "66":0.5710938644018158,
    "67":0.8346756479718846,
    "68":0.8346756479718846,
    "69":0.6443110265046127,
    "70":0.5710938644018158,
    "71":0.42465954019622204,
    "72":0.42465954019622204,
    "73":0.4393029726167814,
    "74":0.4539464050373408,
    "75":0.48323326987845955,
    "76":0.3953726753551033,
    "77":0.3514423780934251,
    "78":0.41001610777566266,
    "79":0.3660858105139845,
    "80":0.3660858105139845,
    "81":0.3953726753551033,
    "82":0.4539464050373408,
    "83":0.24893835114950946,
    "84":0.3953726753551033,
    "85":0.4393029726167814,
    "86":0.38072924293454385,
    "87":0.3367989456728657,
    "88":0.4978767022990189,
    "89":0.2196514863083907,
    "90":0.3953726753551033,
    "91":0.3953726753551033,
    "92":0.24893835114950946,
    "93":0.24893835114950946,
    "94":0.2196514863083907,
    "95":0.16107775662615317,
    "96":0.13179089178503442,
    "97":0.17572118904671255,
    "98":0.23429491872895009,
    "99":0.16107775662615317,
    "100":0.26358178357006884,
    "101":0.2196514863083907,
    "102":0.30751208083174697,
    "103":0.17572118904671255,
    "104":0.17572118904671255,
    "105":0.19036462146727193,
    "106":0.2196514863083907,
    "107":0.17572118904671255,
    "108":0.2196514863083907,
    "109":0.19036462146727193,
    "110":0.10250402694391567,
    "111":0.13179089178503442,
    "112":0.08786059452335628,
    "113":0.17572118904671255,
    "114":0.19036462146727193,
    "115":0.0732171621027969,
    "116":0.04393029726167814,
    "117":0.11714745936447504,
    "118":0.17572118904671255,
    "119":0.13179089178503442,
    "120":0.1464343242055938,
    "121":0.11714745936447504,
    "122":0.11714745936447504,
    "123":0.0732171621027969,
    "124":0.05857372968223752,
    "125":0.08786059452335628,
    "126":0.02928686484111876,
    "127":0.10250402694391567,
    "128":0.04393029726167814,
    "129":0.04393029726167814,
    "130":0.11714745936447504,
    "131":0.04393029726167814,
    "132":0.0732171621027969,
    "133":0.04393029726167814,
    "134":0.05857372968223752,
    "135":0.02928686484111876,
    "136":0.01464343242055938,
    "137":0.01464343242055938,
    "138":0.04393029726167814,
    "139":0.0732171621027969,
    "140":0.0,
    "141":0.02928686484111876,
    "142":0.05857372968223752,
    "143":0.04393029726167814,
    "144":0.01464343242055938,
    "145":0.01464343242055938,
    "146":0.0,
    "147":0.01464343242055938,
    "148":0.01464343242055938,
    "149":0.01464343242055938,
    "150":0.0732171621027969,
    "151":0.10250402694391567,
    "152":0.02928686484111876,
    "153":0.01464343242055938,
    "154":0.02928686484111876,
    "155":0.02928686484111876,
    "156":0.02928686484111876,
    "157":0.04393029726167814,
    "158":0.01464343242055938,
    "159":0.0,
    "160":0.01464343242055938,
    "161":0.02928686484111876,
    "162":0.01464343242055938,
    "163":0.05857372968223752,
    "164":0.0,
    "165":0.0732171621027969,
    "166":0.02928686484111876,
    "167":0.0,
    "168":0.0,
    "169":0.01464343242055938,
    "170":0.01464343242055938,
    "171":0.01464343242055938,
    "172":0.0,
    "173":0.0,
    "174":0.0,
    "175":0.04393029726167814,
    "176":0.01464343242055938,
    "177":0.04393029726167814,
    "178":0.02928686484111876,
    "179":0.0,
    "180":0.02928686484111876,
    "181":0.01464343242055938,
    "182":0.01464343242055938,
    "183":0.0,
    "184":0.01464343242055938,
    "185":0.0,
    "186":0.01464343242055938,
    "187":0.02928686484111876,
    "188":0.04393029726167814,
    "189":0.02928686484111876,
    "190":0.0,
    "191":0.01464343242055938,
    "192":0.01464343242055938,
    "193":0.01464343242055938,
    "194":0.01464343242055938,
    "195":0.01464343242055938,
    "196":0.01464343242055938,
    "197":0.01464343242055938,
    "198":0.0,
    "199":0.01464343242055938,
    "200":0.0,
    "201":0.08786059452335628,
    "202":0.0,
    "203":0.01464343242055938,
    "204":0.01464343242055938,
    "205":0.0,
    "206":0.01464343242055938,
    "207":0.01464343242055938,
    "208":0.0,
    "209":0.01464343242055938,
    "210":0.0,
    "211":0.0,
    "212":0.0,
    "213":0.0,
    "214":0.01464343242055938,
    "215":0.01464343242055938,
    "216":0.0,
    "217":0.0,
    "218":0.0,
    "219":0.0,
    "220":0.0732171621027969,
    "221":0.0,
    "222":0.0,
    "223":0.0,
    "224":0.0,
    "225":0.0,
    "226":0.0,
    "227":0.01464343242055938,
    "228":0.0,
    "229":0.0,
    "230":0.01464343242055938,
    "231":0.01464343242055938,
    "232":0.0,
    "233":0.0,
    "234":0.0,
    "235":0.0,
    "236":0.0,
    "237":0.0,
    "238":0.01464343242055938,
    "239":0.0,
    "240":0.0,
    "241":0.02928686484111876,
    "242":0.0,
    "243":0.0,
    "244":0.0,
    "245":0.0,
    "246":0.0,
    "247":0.01464343242055938,
    "248":0.0,
    "249":0.0,
    "250":0.0,
    "251":0.0,
    "252":0.01464343242055938,
    "253":0.0,
    "254":0.0,
    "255":0.0,
    "256":0.0,
    "257":0.0,
    "258":0.0,
    "259":0.01464343242055938,
    "260":0.0,
    "261":0.0,
    "262":0.0,
    "263":0.0,
    "264":0.0,
    "265":0.0,
    "266":0.0,
    "267":0.0,
    "268":0.01464343242055938,
    "269":0.0,
    "270":0.0,
    "271":0.0,
    "272":0.0,
    "273":0.0,
    "274":0.0,
    "275":0.0,
    "276":0.0,
    "277":0.0,
    "278":0.01464343242055938,
    "279":0.0,
    "280":0.0,
    "281":0.0,
    "282":0.0,
    "283":0.0,
    "284":0.0,
    "285":0.0,
    "286":0.0,
    "287":0.0,
    "288":0.02928686484111876,
    "289":0.0,
    "290":0.01464343242055938,
    "291":0.0,
    "292":0.0,
    "293":0.0,
    "294":0.0,
    "295":0.01464343242055938,
    "296":0.0,
    "297":0.0,
    "298":0.0,
    "299":0.0,
    "300":0.0,
    "301":0.0,
    "302":0.0,
    "303":0.0,
    "304":0.0,
    "305":0.0,
    "306":0.0,
    "307":0.0,
    "308":0.0,
    "309":0.0,
    "310":0.01464343242055938,
    "311":0.0,
    "312":0.0,
    "313":0.0,
    "314":0.0,
    "315":0.0,
    "316":0.0,
    "317":0.0,
    "318":0.0,
    "319":0.0,
    "320":0.0,
    "321":0.0,
    "322":0.01464343242055938,
    "323":0.0,