{
    "0":4.977116704805492,
    "1":5.240274599542334,
    "2":2.116704805491991,
    "3":0.40045766590389015,
    "4":0.6864988558352403,
    "5":1.7276887871853546,
    "6":0.7437070938215103,
    "7":0.9839816933638443,
    "8":1.8649885583524028,
    "9":1.6933638443935928,
    "10":1.5102974828375286,
    "11":1.7963386727688786,
    "12":1.5560640732265447,
    "13":1.9221967963386728,
    "14":1.8535469107551488,
    "15":1.7620137299771168,
    "16":1.3501144164759724,
    "17":1.3844393592677344,
    "18":1.7162471395881007,
    "19":1.6819221967963385,
    "20":1.7162471395881007,
    "21":1.5102974828375286,
    "22":1.5560640732265447,
    "23":1.7734553775743707,
    "24":1.7162471395881007,
    "25":1.5102974828375286,
    "26":1.6704805491990846,
    "27":1.3729977116704806,
    "28":1.3272311212814645,
    "29":1.3729977116704806,
    "30":1.5217391304347827,
    "31":1.3958810068649887,
    "32":1.2356979405034325,
    "33":0.9954233409610984,
    "34":1.0640732265446224,
    "35":1.0526315789473684,
    "36":0.9610983981693364,
    "37":0.7894736842105263,
    "38":0.7665903890160184,
    "39":0.9725400457665904,
    "40":0.7551487414187643,
    "41":0.8695652173913043,
    "42":0.7665903890160184,
    "43":0.6292906178489702,
    "44":0.8695652173913043,
    "45":0.5606407322654462,
    "46":0.8123569794050344,
    "47":0.6979405034324944,
    "48":0.6292906178489702,
    "49":0.7322654462242564,
    "50":0.8466819221967964,
    "51":0.6636155606407322,
    "52":0.5835240274599542,
    "53":0.7437070938215103,
    "54":0.6750572082379862,
    "55":0.8352402745995423,
    "56":0.6979405034324944,
    "57":0.8123569794050344,
    "58":0.8810068649885584,
    "59":0.5263157894736842,
    "60":0.7093821510297483,
    "61":0.6407322654462242,
    "62":0.5720823798627002,
    "63":0.4805491990846682,
    "64":0.4576659038901602,
    "65":0.4233409610983982,
    "66":0.4805491990846682,
    "67":0.5034324942791762,
    "68":0.43478260869565216,
    "69":0.49199084668192217,
    "70":0.3661327231121282,
    "71":0.4805491990846682,
    "72":0.4233409610983982,
    "73":0.30892448512585813,
    "74":0.3661327231121282,
    "75":0.5491990846681922,
    "76":0.3318077803203661,
    "77":0.2402745995423341,
    "78":0.4576659038901602,
    "79":0.3890160183066362,
    "80":0.3203661327231121,
    "81":0.35469107551487417,
    "82":0.3203661327231121,
    "83":0.2860411899313501,
    "84":0.12585812356979406,
    "85":0.2631578947368421,
    "86":0.2974828375286041,
    "87":0.2745995423340961,
    "88":0.21739130434782608,
    "89":0.2288329519450801,
    "90":0.3661327231121282,
    "91":0.2745995423340961,
    "92":0.3661327231121282,
    "93":0.1945080091533181,
    "94":0.1945080091533181,
    "95":0.2402745995423341,
    "96":0.3203661327231121,
    "97":0.1945080091533181,
    "98":0.16018306636155605,
    "99":0.17162471395881007,
    "100":0.1830663615560641,
    "101":0.21739130434782608,
    "102":0.2402745995423341,
    "103":0.11441647597254005,
    "104":0.13729977116704806,
    "105":0.057208237986270026,
    "106":0.13729977116704806,
    "107":0.11441647597254005,
    "108":0.09153318077803205,
    "109":0.08009153318077802,
    "110":0.16018306636155605,
    "111":0.11441647597254005,
    "112":0.09153318077803205,
    "113":0.11441647597254005,
    "114":0.13729977116704806,
    "115":0.06864988558352403,
    "116":0.08009153318077802,
    "117":0.08009153318077802,
    "118":0.08009153318077802,
    "119":0.022883295194508012,
    "120":0.057208237986270026,
    "121":0.11441647597254005,
    "122":0.045766590389016024,
    "123":0.06864988558352403,
    "124":0.10297482837528604,
    "125":0.057208237986270026,
    "126":0.10297482837528604,
    "127":0.14874141876430205,
    "128":0.022883295194508012,
    "129":0.08009153318077802,
    "130":0.09153318077803205,
    "131":0.08009153318077802,
    "132":0.057208237986270026,
    "133":0.10297482837528604,
    "134":0.09153318077803205,
    "135":0.11441647597254005,
    "136":0.057208237986270026,
    "137":0.034324942791762014,
    "138":0.045766590389016024,
    "139":0.057208237986270026,
    "140":0.045766590389016024,
    "141":0.045766590389016024,
    "142":0.022883295194508012,
    "143":0.045766590389016024,
    "144":0.011441647597254006,
    "145":0.08009153318077802,
    "146":0.034324942791762014,
    "147":0.06864988558352403,
    "148":0.08009153318077802,
    "149":0.045766590389016024,
    "150":0.06864988558352403,
    "151":0.057208237986270026,
    "152":0.022883295194508012,
    "153":0.08009153318077802,
    "154":0.08009153318077802,
    "155":0.022883295194508012,
    "156":0.045766590389016024,
    "157":0.011441647597254006,
    "158":0.09153318077803205,
    "159":0.057208237986270026,
    "160":0.022883295194508012,
    "161":0.045766590389016024,
    "162":0.045766590389016024,
    "163":0.08009153318077802,
    "164":0.08009153318077802,
    "165":0.10297482837528604,
    "166":0.011441647597254006,
    "167":0.011441647597254006,
    "168":0.06864988558352403,
    "169":0.057208237986270026,
    "170":0.045766590389016024,
    "171":0.045766590389016024,
    "172":0.022883295194508012,
    "173":0.12585812356979406,
    "174":0.022883295194508012,
    "175":0.034324942791762014,
    "176":0.022883295194508012,
    "177":0.057208237986270026,
    "178":0.011441647597254006,
    "179":0.022883295194508012,
    "180":0.057208237986270026,
    "181":0.057208237986270026,
    "182":0.06864988558352403,
    "183":0.06864988558352403,
    "184":0.022883295194508012,
    "185":0.022883295194508012,
    "186":0.034324942791762014,
    "187":0.011441647597254006,
    "188":0.06864988558352403,
    "189":0.022883295194508012,
    "190":0.022883295194508012,
    "191":0.011441647597254006,
    "192":0.045766590389016024,
    "193":0.034324942791762014,
    "194":0.034324942791762014,
    "195":0.022883295194508012,
    "196":0.06864988558352403,
    "197":0.011441647597254006,
    "198":0.022883295194508012,
    "199":0.034324942791762014,
    "200":0.011441647597254006,
    "201":0.08009153318077802,
    "202":0.022883295194508012,
    "203":0.045766590389016024,
    "204":0.034324942791762014,
    "205":0.022883295194508012,
    "206":0.057208237986270026,
    "207":0.045766590389016024,
    "208":0.011441647597254006,
    "209":0.0,
    "210":0.022883295194508012,
    "211":0.034324942791762014,
    "212":0.022883295194508012,
    "213":0.011441647597254006,
    "214":0.045766590389016024,
    "215":0.011441647597254006,
    "216":0.022883295194508012,
    "217":0.011441647597254006,
    "218":0.022883295194508012,
    "219":0.034324942791762014,
    "220":0.011441647597254006,
    "221":0.022883295194508012,
    "222":0.022883295194508012,
    "223":0.011441647597254006,
    "224":0.011441647597254006,
    "225":0.034324942791762014,
    "226":0.0,
    "227":0.0,
    "228":0.011441647597254006,
    "229":0.0,
    "230":0.011441647597254006,
    "231":0.0,
    "232":0.011441647597254006,
    "233":0.0,
    "234":0.011441647597254006,
    "235":0.0,
    "236":0.022883295194508012,
    "237":0.011441647597254006,
    "238":0.022883295194508012,
    "239":0.011441647597254006,
    "240":0.0,
    "241":0.0,
    "242":0.045766590389016024,
    "243":0.011441647597254006,
    "244":0.0,
    "245":0.0,
    "246":0.057208237986270026,
    "247":0.011441647597254006,
    "248":0.011441647597254006,
    "249":0.0,
    "250":0.0,
    "251":0.011441647597254006,
    "252":0.0,
    "253":0.022883295194508012,
    "254":0.011441647597254006,
    "255":0.0,
    "256":0.0,
    "257":0.0,
    "258":0.0,
    "259":0.0,
    "260":0.0,
    "261":0.022883295194508012,
    "262":0.022883295194508012,
    "263":0.0,
    "264":0.0,
    "265":0.0,
    "266":0.0,
    "267":0.011441647597254006,
    "268":0.0,
    "269":0.0,
    "270":0.011441647597254006,
    "271":0.0,
    "272":0.0,
    "273":0.0,
    "274":0.011441647597254006,
    "275":0.0,
    "276":0.0,