{
    "0":[
        [
            -23.563930284302543,
            -46.64779047487305,
            "300000000001",
            "0"
        ]
    ],
    "1":[
        [
            -23.564721180983213,
            -46.64812194197942,
            "300000000002",
            "3"
        ]
    ],
    "10":[
        [
            -23.564434519532725,
            -46.64535267021614,
            "300000000011",
            "3"
        ]
    ],
    "11":[
        [
            -23.560562207438476,
            -46.64797656191026,
            "300000000012",
            "4"
        ]
    ],
    "12":[
        [
            -23.564020375652344,
            -46.64608325965391,
            "300000000013",
            "4"
        ]
    ],
    "13":[
        [
            -23.564918629716345,
            -46.64607147311956,
            "300000000014",
            "1"
        ]
    ],
    "14":[
        [
            -23.5649417394776,
            -46.64523281703678,
            "300000000015",
            "5"
        ]
    ],
    "15":[
        [
            -23.56531768711261,
            -46.65068313325403,
            "300000000016",
            "2"
        ]
    ],
    "16":[
        [
            -23.564537355516027,
            -46.65036309848179,
            "300000000017",
            "1"
        ]
    ],
    "17":[
        [
            -23.564914210527217,
            -46.651207028981034,
            "300000000018",
            "0"
        ]
    ],
    "2":[
        [
            -23.564218661546498,
            -46.65033299345539,
            "300000000003",
            "1"
        ]
    ],
    "3":[
        [
            -23.5638300439011,
            -46.647361462064595,
            "300000000004",
            "4"
        ]
    ],
    "4":[
        [
            -23.56364496987,
            -46.64870002809571,
            "300000000005",
            "3"
        ]
    ],
    "5":[
        [
            -23.56344180102465,
            -46.64778023648023,
            "300000000006",
            "0"
        ]
    ],
    "6":[
        [
            -23.56134214929982,
            -46.6473395277151,
            "300000000007",
            "3"
        ]
    ],
    "7":[
        [
            -23.563467455496603,
            -46.64638831481355,
            "300000000008",
            "4"
        ]
    ],
    "8":[
        [
            -23.564309009910563,
            -46.64653760266516,
            "300000000009",
            "1"
        ]
    ],
    "9":[
        [
            -23.561235697070238,
            -46.64692635016821,
            "300000000010",
            "0"
        ]
    ],
    "total_length":4646.070637512962,
    "total_time":2.7817916870117188
}