{
    "0":2.6590119353376642,
    "1":1.0877776099108627,
    "2":0.07554011179936546,
    "3":0.09064813415923856,
    "4":0.07554011179936546,
    "5":0.43813264843631966,
    "6":0.7856171627134009,
    "7":0.8913733192325125,
    "8":1.616558392506421,
    "9":1.5259102583471824,
    "10":1.3748300347484514,
    "11":1.3899380571083246,
    "12":1.3748300347484514,
    "13":1.4050460794681976,
    "14":1.3597220123885783,
    "15":1.0877776099108627,
    "16":0.7402930956337815,
    "17":0.8611572745127662,
    "18":0.8762652968726393,
    "19":1.133101676990482,
    "20":1.0424535428312434,
    "21":1.2539658558694666,
    "22":1.133101676990482,
    "23":1.1028856322707357,
    "24":1.2539658558694666,
    "25":0.982021453391751,
    "26":1.2388578335095937,
    "27":1.3597220123885783,
    "28":1.2388578335095937,
    "29":1.1633177217102282,
    "30":1.2690738782293398,
    "31":0.800725185073274,
    "32":1.1935337664299743,
    "33":0.8611572745127662,
    "34":1.1935337664299743,
    "35":1.5108022359873092,
    "36":1.2086417887898473,
    "37":0.7856171627134009,
    "38":0.8611572745127662,
    "39":0.8460492521528931,
    "40":1.0877776099108627,
    "41":0.9518054086720048,
    "42":0.9366973863121318,
    "43":0.982021453391751,
    "44":0.9064813415923856,
    "45":1.1028856322707357,
    "46":0.8762652968726393,
    "47":1.1028856322707357,
    "48":1.2388578335095937,
    "49":1.0575615651911165,
    "50":1.2086417887898473,
    "51":1.1179936546306088,
    "52":1.0273455204713704,
    "53":1.1179936546306088,
    "54":0.9518054086720048,
    "55":1.1633177217102282,
    "56":1.133101676990482,
    "57":1.1028856322707357,
    "58":1.2388578335095937,
    "59":1.148209699350355,
    "60":1.0122374981114972,
    "61":1.133101676990482,
    "62":1.2237498111497205,
    "63":1.0424535428312434,
    "64":1.1179936546306088,
    "65":0.9971294757516241,
    "66":0.8913733192325125,
    "67":0.7856171627134009,
    "68":0.8611572745127662,
    "69":0.8913733192325125,
    "70":0.8611572745127662,
    "71":0.8460492521528931,
    "72":0.8913733192325125,
    "73":0.8611572745127662,
    "74":0.8762652968726393,
    "75":0.9518054086720048,
    "76":0.815833207433147,
    "77":0.8460492521528931,
    "78":0.7856171627134009,
    "79":0.800725185073274,
    "80":0.7100770509140353,
    "81":0.6043208943949236,
    "82":0.5892128720350506,
    "83":0.5589968273153044,
    "84":0.649644961474543,
    "85":0.6798610061942891,
    "86":0.5589968273153044,
    "87":0.48345671551593894,
    "88":0.5136727602356852,
    "89":0.6194289167547968,
    "90":0.5892128720350506,
    "91":0.3777005589968273,
    "92":0.34748451427708116,
    "93":0.4532406707961928,
    "94":0.31726846955733495,
    "95":0.28705242483758875,
    "96":0.2568363801178426,
    "97":0.5287807825955583,
    "98":0.3021604471974618,
    "99":0.33237649191720803,
    "100":0.16618824595860401,
    "101":0.2719444024777157,
    "102":0.2568363801178426,
    "103":0.16618824595860401,
    "104":0.24172835775796947,
    "105":0.21151231303822327,
    "106":0.16618824595860401,
    "107":0.24172835775796947,
    "108":0.13597220123885784,
    "109":0.16618824595860401,
    "110":0.10575615651911163,
    "111":0.13597220123885784,
    "112":0.18129626831847712,
    "113":0.2266203353980964,
    "114":0.12086417887898473,
    "115":0.10575615651911163,
    "116":0.09064813415923856,
    "117":0.24172835775796947,
    "118":0.10575615651911163,
    "119":0.1510802235987309,
    "120":0.13597220123885784,
    "121":0.10575615651911163,
    "122":0.12086417887898473,
    "123":0.06043208943949237,
    "124":0.12086417887898473,
    "125":0.07554011179936546,
    "126":0.09064813415923856,
    "127":0.10575615651911163,
    "128":0.07554011179936546,
    "129":0.030216044719746184,
    "130":0.06043208943949237,
    "131":0.030216044719746184,
    "132":0.030216044719746184,
    "133":0.06043208943949237,
    "134":0.07554011179936546,
    "135":0.09064813415923856,
    "136":0.12086417887898473,
    "137":0.07554011179936546,
    "138":0.12086417887898473,
    "139":0.030216044719746184,
    "140":0.015108022359873092,
    "141":0.06043208943949237,
    "142":0.0,
    "143":0.0,
    "144":0.07554011179936546,
    "145":0.030216044719746184,
    "146":0.04532406707961928,
    "147":0.015108022359873092,
    "148":0.06043208943949237,
    "149":0.04532406707961928,
    "150":0.0,
    "151":0.015108022359873092,
    "152":0.04532406707961928,
    "153":0.04532406707961928,
    "154":0.015108022359873092,
    "155":0.015108022359873092,
    "156":0.030216044719746184,
    "157":0.030216044719746184,
    "158":0.015108022359873092,
    "159":0.0,
    "160":0.04532406707961928,
    "161":0.030216044719746184,
    "162":0.0,
    "163":0.0,
    "164":0.07554011179936546,
    "165":0.030216044719746184,
    "166":0.06043208943949237,
    "167":0.04532406707961928,
    "168":0.015108022359873092,
    "169":0.04532406707961928,
    "170":0.0,
    "171":0.04532406707961928,
    "172":0.0,
    "173":0.015108022359873092,
    "174":0.04532406707961928,
    "175":0.015108022359873092,
    "176":0.06043208943949237,
    "177":0.030216044719746184,
    "178":0.06043208943949237,
    "179":0.015108022359873092,
    "180":0.015108022359873092,
    "181":0.06043208943949237,
    "182":0.0,
    "183":0.015108022359873092,
    "184":0.0,
    "185":0.0,
    "186":0.015108022359873092,
    "187":0.0,
    "188":0.0,
    "189":0.0,
    "190":0.0,
    "191":0.0,
    "192":0.0,
    "193":0.015108022359873092,
    "194":0.0,
    "195":0.0,
    "196":0.015108022359873092,
    "197":0.06043208943949237,
    "198":0.0,
    "199":0.0,
    "200":0.0,
    "201":0.0,
    "202":0.015108022359873092,
    "203":0.0,
    "204":0.0,
    "205":0.0,
    "206":0.015108022359873092,
    "207":0.0,
    "208":0.0,
    "209":0.0,
    "210":0.0,
    "211":0.0,
    "212":0.0,
    "213":0.0,
    "214":0.015108022359873092,
    "215":0.0,
    "216":0.0,
    "217":0.0,
    "218":0.0,
    "219":0.0,
    "220":0.0,
    "221":0.0,
    "222":0.0,
    "223":0.0,
    "224":0.0,
    "225":0.0,
    "226":0.0,
    "227":0.0,
    "228":0.0,
    "229":0.0,
    "230":0.0,
    "231":0.0,
    "232":0.04532406707961928,
    "233":0.0,
    "234":0.0,
    "235":0.0,
    "236":0.0,
    "237":0.0,
    "238":0.0,
    "239":0.0,
    "240":0.0,
    "241":0.0,
    "242":0.0,
    "243":0.0,
    "244":0.0,
    "245":0.0,
    "246":0.0,
    "247":0.0,
    "248":0.0,
    "249":0.0,
    "250":0.0,
    "251":0.0,
    "252":0.0,
    "253":0.0,
    "254":0.0,
    "255":0.0,
    "256":0.0,
    "257":0.0,
    "258":0.0,
    "259":0.0,
    "260":0.0,
    "261":0.0,
    "262":0.0,
    "263":0.0,
    "264":0.0,
    "265":0.0,
    "266":0.0,
    "267":0.0,
    "268":0.0,
    "269":0.0,
    "270":0.0,
    "271":0.0,
    "272":0.0,
    "273":0.0,
    "274":0.0,
    "275":0.0,
    "276":0.0,
    "277":0.0,
    "278":0.0,
    "279":0.0,
    "280":0.0,
    "281":0.0,
    "282":0.0,
    "283":0.0,
    "284":0.0,
    "285":0.0,
    "286":0.0,
    "287":0.0,
    "288":0.0,
    "289":0.0,
    "290":0.0,
    "291":0.0,
    "292":0.0,
    "293":0.0,
    "294":0.0,
    "295":0.015108022359873092,
    "296":0.0,
    "297":0.0,
    "298":0.0,
    "299":0.0,
    "300":0.0,
    "301":0.0,
    "302":0.0,
    "303":0.0,
    "304":0.0,
    "305":0.0,
    "306":0.0,
    "307":0.0,
    "308":0.0,
    "309":0.0,
    "310":0.0,
    "311":0.0,
    "312":0.0,
    "313":0.0,
    "314":0.0,
    "315":0.0,
    "316":0.0,
    "317":0.0,
    "318":0.015108022359873092,
    "319":0.0,
    "320":0.0,
    "321":0.0,
    "322":0.0,
    "323":0.0,
    "324":0.0,
    "325":0.015108022359873092,
    "326":0.0,
    "327":0.0,
    "328":0.0,
    "329":0.0,
    "330":0.0,
    "331":0.0,
    "332":0.0,
    "333":0.0,
    "334":0.0,
    "335":0.0,
    "336":0.0,
    "337":0.0,
    "338":0.0,
    "339":0.0,
    "340":0.0,
    "341":0.0,
    "342":0.0,
    "343":0.0,
    "344":0.030216044719746184,
    "345":0.0,