{
    "0":4.3189742436171406,
    "1":1.394668766168035,
    "2":1.1022382184231245,
    "3":0.8772916432347319,
    "4":1.2934428073332584,
    "5":1.7658306152288832,
    "6":1.990777190417276,
    "7":1.709593971431785,
    "8":2.328197053199865,
    "9":2.643122258463615,
    "10":2.4406703407940613,
    "11":2.114497806770892,
    "12":2.080755820492633,
    "13":1.9795298616578563,
    "14":1.7545832864694637,
    "15":1.7883252727477223,
    "16":1.5296367112810707,
    "17":1.1922168484984816,
    "18":1.2372061635361602,
    "19":1.1584748622202226,
    "20":1.180969519739062,
    "21":1.394668766168035,
    "22":1.8445619165448206,
    "23":1.8108199302665617,
    "24":2.080755820492633,
    "25":1.923293217860758,
    "26":1.6308626701158475,
    "27":1.799572601507142,
    "28":1.9457878753795974,
    "29":1.9457878753795974,
    "30":1.9570352041390169,
    "31":1.8333145877854011,
    "32":1.394668766168035,
    "33":1.7208413001912046,
    "34":1.6646046563941066,
    "35":1.4958947250028118,
    "36":1.3271847936115173,
    "37":1.338432122370937,
    "38":1.4396580812057136,
    "39":1.4509054099651333,
    "40":1.2034641772579011,
    "41":1.1359802047013834,
    "42":1.2034641772579011,
    "43":0.652345068046339,
    "44":0.8435496569564728,
    "45":0.6186030817680801,
    "46":0.7198290406028568,
    "47":0.5511191092115623,
    "48":0.48363513665504443,
    "49":0.6186030817680801,
    "50":0.42739849285794623,
    "51":0.48363513665504443,
    "52":0.49488246541446407,
    "53":0.4498931503767855,
    "54":0.652345068046339,
    "55":0.46114047913620515,
    "56":0.6973343830840175,
    "57":0.6186030817680801,
    "58":0.5061297941738837,
    "59":0.37116184906084804,
    "60":0.3599145203014284,
    "61":0.4498931503767855,
    "62":0.25868856146665165,
    "63":0.3261725340231695,
    "64":0.29243054774491056,
    "65":0.3599145203014284,
    "66":0.3599145203014284,
    "67":0.4498931503767855,
    "68":0.3824091778202677,
    "69":0.25868856146665165,
    "70":0.20245191766955348,
    "71":0.12372061635361602,
    "72":0.29243054774491056,
    "73":0.25868856146665165,
    "74":0.2699358902260713,
    "75":0.31492520526374984,
    "76":0.1799572601507142,
    "77":0.21369924642897312,
    "78":0.24744123270723203,
    "79":0.2699358902260713,
    "80":0.22494657518839276,
    "81":0.24744123270723203,
    "82":0.19120458891013384,
    "83":0.19120458891013384,
    "84":0.29243054774491056,
    "85":0.2361939039478124,
    "86":0.16870993139129456,
    "87":0.31492520526374984,
    "88":0.2811832189854909,
    "89":0.14621527387245528,
    "90":0.21369924642897312,
    "91":0.20245191766955348,
    "92":0.15746260263187492,
    "93":0.2699358902260713,
    "94":0.21369924642897312,
    "95":0.1799572601507142,
    "96":0.3261725340231695,
    "97":0.14621527387245528,
    "98":0.2361939039478124,
    "99":0.2361939039478124,
    "100":0.2361939039478124,
    "101":0.25868856146665165,
    "102":0.22494657518839276,
    "103":0.14621527387245528,
    "104":0.10122595883477674,
    "105":0.15746260263187492,
    "106":0.16870993139129456,
    "107":0.14621527387245528,
    "108":0.13496794511303564,
    "109":0.14621527387245528,
    "110":0.0899786300753571,
    "111":0.05623664379709819,
    "112":0.07873130131593746,
    "113":0.04498931503767855,
    "114":0.12372061635361602,
    "115":0.06748397255651782,
    "116":0.06748397255651782,
    "117":0.0899786300753571,
    "118":0.06748397255651782,
    "119":0.13496794511303564,
    "120":0.10122595883477674,
    "121":0.14621527387245528,
    "122":0.12372061635361602,
    "123":0.07873130131593746,
    "124":0.07873130131593746,
    "125":0.11247328759419638,
    "126":0.0899786300753571,
    "127":0.12372061635361602,
    "128":0.10122595883477674,
    "129":0.07873130131593746,
    "130":0.11247328759419638,
    "131":0.0899786300753571,
    "132":0.12372061635361602,
    "133":0.0899786300753571,
    "134":0.05623664379709819,
    "135":0.022494657518839275,
    "136":0.07873130131593746,
    "137":0.07873130131593746,
    "138":0.0899786300753571,
    "139":0.03374198627825891,
    "140":0.05623664379709819,
    "141":0.06748397255651782,
    "142":0.06748397255651782,
    "143":0.04498931503767855,
    "144":0.07873130131593746,
    "145":0.04498931503767855,
    "146":0.07873130131593746,
    "147":0.0899786300753571,
    "148":0.011247328759419637,
    "149":0.03374198627825891,
    "150":0.06748397255651782,
    "151":0.04498931503767855,
    "152":0.04498931503767855,
    "153":0.03374198627825891,
    "154":0.05623664379709819,
    "155":0.011247328759419637,
    "156":0.022494657518839275,
    "157":0.011247328759419637,
    "158":0.07873130131593746,
    "159":0.011247328759419637,
    "160":0.05623664379709819,
    "161":0.022494657518839275,
    "162":0.05623664379709819,
    "163":0.05623664379709819,
    "164":0.022494657518839275,
    "165":0.011247328759419637,
    "166":0.04498931503767855,
    "167":0.03374198627825891,
    "168":0.04498931503767855,
    "169":0.06748397255651782,
    "170":0.03374198627825891,
    "171":0.022494657518839275,
    "172":0.0,
    "173":0.0,
    "174":0.022494657518839275,
    "175":0.0,
    "176":0.04498931503767855,
    "177":0.04498931503767855,
    "178":0.0,
    "179":0.04498931503767855,
    "180":0.011247328759419637,
    "181":0.011247328759419637,
    "182":0.0,
    "183":0.011247328759419637,
    "184":0.011247328759419637,
    "185":0.0,
    "186":0.0,
    "187":0.0,
    "188":0.011247328759419637,
    "189":0.011247328759419637,
    "190":0.0,
    "191":0.011247328759419637,
    "192":0.05623664379709819,
    "193":0.022494657518839275,
    "194":0.0,
    "195":0.03374198627825891,
    "196":0.0,
    "197":0.011247328759419637,
    "198":0.03374198627825891,
    "199":0.011247328759419637,
    "200":0.0,
    "201":0.0,
    "202":0.022494657518839275,
    "203":0.0,
    "204":0.0,
    "205":0.011247328759419637,
    "206":0.022494657518839275,
    "207":0.0,
    "208":0.011247328759419637,
    "209":0.011247328759419637,
    "210":0.0,
    "211":0.0,
    "212":0.0,
    "213":0.022494657518839275,
    "214":0.022494657518839275,
    "215":0.0,
    "216":0.011247328759419637,
    "217":0.022494657518839275,
    "218":0.022494657518839275,
    "219":0.04498931503767855,
    "220":0.0,
    "221":0.0,
    "222":0.0,
    "223":0.0,
    "224":0.0,
    "225":0.011247328759419637,
    "226":0.011247328759419637,
    "227":0.0,
    "228":0.0,
    "229":0.0,
    "230":0.022494657518839275,
    "231":0.022494657518839275,
    "232":0.0,
    "233":0.0,
    "234":0.0,
    "235":0.0,
    "236":0.011247328759419637,
    "237":0.0,
    "238":0.0,
    "239":0.0,
    "240":0.011247328759419637,
    "241":0.0,
    "242":0.022494657518839275,
    "243":0.0,
    "244":0.0,
    "245":0.0,
    "246":0.04498931503767855,
    "247":0.0,
    "248":0.0,
    "249":0.0,
    "250":0.0,
    "251":0.0,
    "252":0.0,
    "253":0.0,
    "254":0.0,
    "255":0.0,
    "256":0.0,
    "257":0.0,
    "258":0.0,
    "259":0.0,
    "260":0.0,
    "261":0.0,
    "262":0.0,
    "263":0.0,
    "264":0.0,
    "265":0.0,
    "266":0.0,
    "267":0.0,
    "268":0.0,
    "269":0.0,
    "270":0.0,
    "271":0.0,
    "272":0.0,
    "273":0.0,
    "274":0.0,
    "275":0.0,
    "276":0.0,
    "277":0.0,
    "278":0.0,
    "279":0.0,
    "280":0.0,
    "281":0.0,
    "282":0.0,
    "283":0.0,
    "284":0.0,
    "285":0.0,
    "286":0.0,
    "287":0.0,
    "288":0.0,
    "289":0.0,
    "290":0.0,
    "291":0.0,
    "292":0.0,
    "293":0.0,
    "294":0.0,
    "295":0.0,
    "296":0.0,
    "297":0.011247328759419637,
    "298":0.0,
    "299":0.0,
    "300":0.0,
    "301":0.0,
    "302":0.0,
    "303":0.0,
    "304":0.0,
    "305":0.0,
    "306":0.0
}