{
    "0":4.3264503441494595,
    "1":0.2556538839724681,
    "2":0.5703048180924287,
    "3":1.415929203539823,
    "4":1.7502458210422813,
    "5":0.3736479842674533,
    "6":0.688298918387414,
    "7":0.8259587020648967,
    "8":0.7472959685349067,
    "9":1.0226155358898723,
    "10":0.8456243854473944,
    "11":0.8652900688298918,
    "12":0.7866273352999017,
    "13":1.1012782694198622,
    "14":0.8652900688298918,
    "15":0.8062930186823991,
    "16":0.8456243854473944,
    "17":0.943952802359882,
    "18":0.727630285152409,
    "19":1.1406096361848574,
    "20":1.0422812192723696,
    "21":1.2586037364798428,
    "22":1.0422812192723696,
    "23":1.1406096361848574,
    "24":1.0619469026548671,
    "25":1.19960668633235,
    "26":1.1799410029498525,
    "27":1.27826941986234,
    "28":1.592920353982301,
    "29":1.2979351032448379,
    "30":1.1012782694198622,
    "31":1.160275319567355,
    "32":1.3962635201573255,
    "33":1.632251720747296,
    "34":1.238938053097345,
    "35":1.2979351032448379,
    "36":1.2586037364798428,
    "37":1.27826941986234,
    "38":1.27826941986234,
    "39":0.904621435594887,
    "40":0.8652900688298918,
    "41":0.8456243854473944,
    "42":0.943952802359882,
    "43":0.8259587020648967,
    "44":0.5113077679449362,
    "45":0.7866273352999017,
    "46":0.7472959685349067,
    "47":0.8062930186823991,
    "48":0.6096361848574238,
    "49":0.6293018682399214,
    "50":0.727630285152409,
    "51":0.8456243854473944,
    "52":0.6489675516224189,
    "53":0.8062930186823991,
    "54":0.7669616519174041,
    "55":0.7866273352999017,
    "56":0.5506391347099311,
    "57":0.6489675516224189,
    "58":0.4523107177974435,
    "59":0.7669616519174041,
    "60":0.3146509341199607,
    "61":0.6686332350049163,
    "62":0.5113077679449362,
    "63":0.6489675516224189,
    "64":0.471976401179941,
    "65":0.5506391347099311,
    "66":0.5113077679449362,
    "67":0.688298918387414,
    "68":0.4916420845624385,
    "69":0.5309734513274336,
    "70":0.41297935103244837,
    "71":0.5703048180924287,
    "72":0.688298918387414,
    "73":0.5506391347099311,
    "74":0.5506391347099311,
    "75":0.688298918387414,
    "76":0.41297935103244837,
    "77":0.39331366764995085,
    "78":0.6096361848574238,
    "79":0.5899705014749262,
    "80":0.727630285152409,
    "81":0.471976401179941,
    "82":0.471976401179941,
    "83":0.5703048180924287,
    "84":0.4523107177974435,
    "85":0.41297935103244837,
    "86":0.6293018682399214,
    "87":0.5703048180924287,
    "88":0.5899705014749262,
    "89":0.4916420845624385,
    "90":0.471976401179941,
    "91":0.4523107177974435,
    "92":0.6096361848574238,
    "93":0.688298918387414,
    "94":0.5506391347099311,
    "95":0.5703048180924287,
    "96":0.6096361848574238,
    "97":0.4916420845624385,
    "98":0.5113077679449362,
    "99":0.3146509341199607,
    "100":0.27531956735496554,
    "101":0.2359882005899705,
    "102":0.41297935103244837,
    "103":0.3146509341199607,
    "104":0.39331366764995085,
    "105":0.5113077679449362,
    "106":0.27531956735496554,
    "107":0.2359882005899705,
    "108":0.3146509341199607,
    "109":0.4326450344149459,
    "110":0.21632251720747295,
    "111":0.3146509341199607,
    "112":0.35398230088495575,
    "113":0.3146509341199607,
    "114":0.4523107177974435,
    "115":0.2949852507374631,
    "116":0.33431661750245817,
    "117":0.3736479842674533,
    "118":0.35398230088495575,
    "119":0.33431661750245817,
    "120":0.35398230088495575,
    "121":0.4326450344149459,
    "122":0.2949852507374631,
    "123":0.33431661750245817,
    "124":0.33431661750245817,
    "125":0.4326450344149459,
    "126":0.39331366764995085,
    "127":0.2556538839724681,
    "128":0.2359882005899705,
    "129":0.17699115044247787,
    "130":0.17699115044247787,
    "131":0.15732546705998035,
    "132":0.15732546705998035,
    "133":0.2359882005899705,
    "134":0.3146509341199607,
    "135":0.27531956735496554,
    "136":0.15732546705998035,
    "137":0.21632251720747295,
    "138":0.19665683382497542,
    "139":0.2359882005899705,
    "140":0.2359882005899705,
    "141":0.09832841691248771,
    "142":0.09832841691248771,
    "143":0.13765978367748277,
    "144":0.2359882005899705,
    "145":0.19665683382497542,
    "146":0.17699115044247787,
    "147":0.21632251720747295,
    "148":0.33431661750245817,
    "149":0.2359882005899705,
    "150":0.2359882005899705,
    "151":0.19665683382497542,
    "152":0.21632251720747295,
    "153":0.13765978367748277,
    "154":0.13765978367748277,
    "155":0.27531956735496554,
    "156":0.15732546705998035,
    "157":0.09832841691248771,
    "158":0.058997050147492625,
    "159":0.0,
    "160":0.03933136676499509,
    "161":0.058997050147492625,
    "162":0.03933136676499509,
    "163":0.058997050147492625,
    "164":0.07866273352999018,
    "165":0.058997050147492625,
    "166":0.07866273352999018,
    "167":0.03933136676499509,
    "168":0.058997050147492625,
    "169":0.09832841691248771,
    "170":0.03933136676499509,
    "171":0.03933136676499509,
    "172":0.03933136676499509,
    "173":0.019665683382497544,
    "174":0.09832841691248771,
    "175":0.09832841691248771,
    "176":0.03933136676499509,
    "177":0.019665683382497544,
    "178":0.03933136676499509,
    "179":0.03933136676499509,
    "180":0.058997050147492625,
    "181":0.058997050147492625,
    "182":0.11799410029498525,
    "183":0.03933136676499509,
    "184":0.03933136676499509,
    "185":0.09832841691248771,
    "186":0.019665683382497544,
    "187":0.09832841691248771,
    "188":0.019665683382497544,
    "189":0.058997050147492625,
    "190":0.07866273352999018,
    "191":0.058997050147492625,
    "192":0.03933136676499509,
    "193":0.07866273352999018,
    "194":0.019665683382497544,
    "195":0.058997050147492625,
    "196":0.07866273352999018,
    "197":0.03933136676499509,
    "198":0.0,
    "199":0.019665683382497544,
    "200":0.0,
    "201":0.019665683382497544,
    "202":0.019665683382497544,
    "203":0.058997050147492625,
    "204":0.019665683382497544,
    "205":0.019665683382497544,
    "206":0.019665683382497544,
    "207":0.03933136676499509,
    "208":0.03933136676499509,
    "209":0.03933136676499509,
    "210":0.0,
    "211":0.0,
    "212":0.0,
    "213":0.019665683382497544,
    "214":0.0,
    "215":0.0,
    "216":0.03933136676499509,
    "217":0.0,
    "218":0.019665683382497544,
    "219":0.0,
    "220":0.0,
    "221":0.07866273352999018,
    "222":0.0,
    "223":0.019665683382497544,
    "224":0.0,
    "225":0.0,
    "226":0.0,
    "227":0.019665683382497544,
    "228":0.0,
    "229":0.019665683382497544,
    "230":0.0,
    "231":0.019665683382497544,
    "232":0.0,
    "233":0.0,
    "234":0.0,
    "235":0.0,
    "236":0.0,
    "237":0.0,
    "238":0.0,
    "239":0.0,
    "240":0.0,
    "241":0.0,
    "242":0.019665683382497544,
    "243":0.058997050147492625,
    "244":0.0,
    "245":0.0,
    "246":0.0,
    "247":0.0,
    "248":0.0,
    "249":0.0,
    "250":0.0,
    "251":0.0,
    "252":0.0,
    "253":0.0,
    "254":0.0,
    "255":0.0,
    "256":0.0,
    "257":0.0,
    "258":0.0,
    "259":0.0,
    "260":0.0,
    "261":0.0,
    "262":0.0,
    "263":0.0,
    "264":0.0,
    "265":0.0,
    "266":0.0,
    "267":0.0,
    "268":0.0,
    "269":0.0,
    "270":0.0,
    "271":0.0,
    "272":0.0,
    "273":0.0,
    "274":0.0,
    "275":0.0,
    "276":0.0,
    "277":0.0,
    "278":0.0,
    "279":0.0,
    "280":0.0,
    "281":0.0,
    "282":0.0,
    "283":0.0,
    "284":0.0,
    "285":0.0,
    "286":0.0,
    "287":0.0,
    "288":0.0,
    "289":0.0,
    "290":0.0,
    "291":0.0,
    "292":0.0,
    "293":0.0,
    "294":0.0,
    "295":0.0,
    "296":0.0,
    "297":0.0,
    "298":0.0,
    "299":0.0,
    "300":0.0,
    "301":0.0,
    "302":0.0,
    "303":0.0,
    "304":0.0,
    "305":0.0,
    "306":0.0,
    "307":0.0,
    "308":0.0,
    "309":0.0,
    "310":0.0,
    "311":0.0,
    "312":0.0,
    "313":0.0,
    "314":0.0,
    "315":0.0,