{
    "0":3.9301310043668125,
    "1":0.727802037845706,
    "2":0.5690088659520973,
    "3":0.6219399232499669,
    "4":0.8204313881169776,
    "5":0.8601296810903799,
    "6":0.9395262670371841,
    "7":1.1512504962286623,
    "8":1.2571126108244013,
    "9":1.217414317850999,
    "10":1.323276432446738,
    "11":1.0718539102818578,
    "12":1.217414317850999,
    "13":1.4159057827180097,
    "14":1.3762074897446077,
    "15":1.2571126108244013,
    "16":1.2306470821754665,
    "17":0.9527590313616514,
    "18":1.0983194389307926,
    "19":1.2306470821754665,
    "20":1.0850866746063252,
    "21":1.217414317850999,
    "22":1.4423713113669445,
    "23":1.323276432446738,
    "24":1.799655948127564,
    "25":1.5085351329892815,
    "26":1.627630011909488,
    "27":1.5085351329892815,
    "28":1.3100436681222707,
    "29":1.1777160248775969,
    "30":1.2571126108244013,
    "31":1.3894402540690751,
    "32":1.5482334259626835,
    "33":1.4688368400158793,
    "34":1.1512504962286623,
    "35":1.521767897313749,
    "36":1.3365091967712055,
    "37":1.2306470821754665,
    "38":1.5482334259626835,
    "39":1.2835781394733359,
    "40":1.1380177319041946,
    "41":1.2703453751488685,
    "42":1.1909487892020643,
    "43":1.4026730183935423,
    "44":1.217414317850999,
    "45":1.2438798464999339,
    "46":0.8865952097393146,
    "47":1.0983194389307926,
    "48":0.8601296810903799,
    "49":0.6881037448723039,
    "50":0.7013365091967712,
    "51":0.8733624454148471,
    "52":0.7410348021701734,
    "53":0.833664152441445,
    "54":0.727802037845706,
    "55":0.6351726875744342,
    "56":0.7542675664946408,
    "57":0.7542675664946408,
    "58":0.5954743946010321,
    "59":0.5690088659520973,
    "60":0.5690088659520973,
    "61":0.4102156940584888,
    "62":0.449913987031891,
    "63":0.55577610162763,
    "64":0.3572846367606193,
    "65":0.4763795156808257,
    "66":0.449913987031891,
    "67":0.55577610162763,
    "68":0.4763795156808257,
    "69":0.46314675135635835,
    "70":0.5425433373031626,
    "71":0.4763795156808257,
    "72":0.6351726875744342,
    "73":0.6351726875744342,
    "74":0.449913987031891,
    "75":0.4763795156808257,
    "76":0.46314675135635835,
    "77":0.5160778086542279,
    "78":0.4896122800052931,
    "79":0.5028450443297605,
    "80":0.449913987031891,
    "81":0.6087071589254995,
    "82":0.6087071589254995,
    "83":0.2911208151382824,
    "84":0.46314675135635835,
    "85":0.2911208151382824,
    "86":0.39698292973402144,
    "87":0.39698292973402144,
    "88":0.34405187243615193,
    "89":0.38375016540955403,
    "90":0.2911208151382824,
    "91":0.25142252216488026,
    "92":0.3308191081116845,
    "93":0.1455604075691412,
    "94":0.2249569935159455,
    "95":0.2646552864893476,
    "96":0.19849146486701072,
    "97":0.34405187243615193,
    "98":0.277888050813815,
    "99":0.2646552864893476,
    "100":0.2911208151382824,
    "101":0.39698292973402144,
    "102":0.34405187243615193,
    "103":0.2249569935159455,
    "104":0.2249569935159455,
    "105":0.2249569935159455,
    "106":0.19849146486701072,
    "107":0.25142252216488026,
    "108":0.18525870054254334,
    "109":0.23818975784041285,
    "110":0.2249569935159455,
    "111":0.34405187243615193,
    "112":0.19849146486701072,
    "113":0.19849146486701072,
    "114":0.277888050813815,
    "115":0.23818975784041285,
    "116":0.1323276432446738,
    "117":0.15879317189360856,
    "118":0.17202593621807596,
    "119":0.25142252216488026,
    "120":0.25142252216488026,
    "121":0.2117242291914781,
    "122":0.23818975784041285,
    "123":0.2117242291914781,
    "124":0.07939658594680428,
    "125":0.23818975784041285,
    "126":0.19849146486701072,
    "127":0.15879317189360856,
    "128":0.277888050813815,
    "129":0.2117242291914781,
    "130":0.2117242291914781,
    "131":0.1455604075691412,
    "132":0.2911208151382824,
    "133":0.09262935027127167,
    "134":0.1455604075691412,
    "135":0.10586211459573905,
    "136":0.10586211459573905,
    "137":0.1323276432446738,
    "138":0.1323276432446738,
    "139":0.15879317189360856,
    "140":0.07939658594680428,
    "141":0.09262935027127167,
    "142":0.15879317189360856,
    "143":0.17202593621807596,
    "144":0.10586211459573905,
    "145":0.10586211459573905,
    "146":0.11909487892020643,
    "147":0.17202593621807596,
    "148":0.052931057297869524,
    "149":0.10586211459573905,
    "150":0.11909487892020643,
    "151":0.0661638216223369,
    "152":0.1323276432446738,
    "153":0.03969829297340214,
    "154":0.052931057297869524,
    "155":0.03969829297340214,
    "156":0.09262935027127167,
    "157":0.11909487892020643,
    "158":0.026465528648934762,
    "159":0.026465528648934762,
    "160":0.09262935027127167,
    "161":0.07939658594680428,
    "162":0.10586211459573905,
    "163":0.09262935027127167,
    "164":0.09262935027127167,
    "165":0.09262935027127167,
    "166":0.0661638216223369,
    "167":0.09262935027127167,
    "168":0.1323276432446738,
    "169":0.052931057297869524,
    "170":0.1323276432446738,
    "171":0.052931057297869524,
    "172":0.03969829297340214,
    "173":0.03969829297340214,
    "174":0.0,
    "175":0.052931057297869524,
    "176":0.052931057297869524,
    "177":0.052931057297869524,
    "178":0.052931057297869524,
    "179":0.013232764324467381,
    "180":0.052931057297869524,
    "181":0.026465528648934762,
    "182":0.03969829297340214,
    "183":0.052931057297869524,
    "184":0.03969829297340214,
    "185":0.026465528648934762,
    "186":0.03969829297340214,
    "187":0.03969829297340214,
    "188":0.0,
    "189":0.0,
    "190":0.013232764324467381,
    "191":0.026465528648934762,
    "192":0.0,
    "193":0.013232764324467381,
    "194":0.026465528648934762,
    "195":0.013232764324467381,
    "196":0.026465528648934762,
    "197":0.0,
    "198":0.013232764324467381,
    "199":0.03969829297340214,
    "200":0.0,
    "201":0.013232764324467381,
    "202":0.0,
    "203":0.03969829297340214,
    "204":0.03969829297340214,
    "205":0.03969829297340214,
    "206":0.03969829297340214,
    "207":0.013232764324467381,
    "208":0.013232764324467381,
    "209":0.052931057297869524,
    "210":0.0,
    "211":0.03969829297340214,
    "212":0.0,
    "213":0.0,
    "214":0.013232764324467381,
    "215":0.03969829297340214,
    "216":0.0,
    "217":0.026465528648934762,
    "218":0.0661638216223369,
    "219":0.0,
    "220":0.03969829297340214,
    "221":0.013232764324467381,
    "222":0.0,
    "223":0.0,
    "224":0.03969829297340214,
    "225":0.013232764324467381,
    "226":0.0,
    "227":0.03969829297340214,
    "228":0.013232764324467381,
    "229":0.0,
    "230":0.0,
    "231":0.0,
    "232":0.0,
    "233":0.0,
    "234":0.013232764324467381,
    "235":0.0,
    "236":0.0,
    "237":0.0,
    "238":0.0,
    "239":0.0,
    "240":0.026465528648934762,
    "241":0.0,
    "242":0.013232764324467381,
    "243":0.0,
    "244":0.0,
    "245":0.0,
    "246":0.0,
    "247":0.013232764324467381,
    "248":0.0,
    "249":0.013232764324467381,
    "250":0.013232764324467381,
    "251":0.0,
    "252":0.013232764324467381,
    "253":0.0,
    "254":0.0,
    "255":0.0,
    "256":0.0,
    "257":0.013232764324467381,
    "258":0.0,
    "259":0.013232764324467381,
    "260":0.0,
    "261":0.0,
    "262":0.0,
    "263":0.0,
    "264":0.0,
    "265":0.013232764324467381,
    "266":0.0,
    "267":0.0,
    "268":0.0,
    "269":0.0,
    "270":0.013232764324467381,
    "271":0.013232764324467381,
    "272":0.0,
    "273":0.0,
    "274":0.013232764324467381,
    "275":0.0,
    "276":0.013232764324467381,
    "277":0.0,
    "278":0.0,
    "279":0.0,
    "280":0.0,
    "281":0.0,
    "282":0.0,
    "283":0.013232764324467381,
    "284":0.0,
    "285":0.0,
    "286":0.0,
    "287":0.0,
    "288":0.0,
    "289":0.0,
    "290":0.013232764324467381,
    "291":0.0,
    "292":0.0,
    "293":0.0,
    "294":0.013232764324467381,
    "295":0.0,
    "296":0.0,
    "297":0.0,
    "298":0.0,
    "299":0.0,