{
    "0":3.665123456790124,
    "1":5.902777777777778,
    "2":0.6044238683127572,
    "3":0.6301440329218106,
    "4":1.2474279835390947,
    "5":1.286008230452675,
    "6":1.3888888888888888,
    "7":0.8359053497942387,
    "8":1.183127572016461,
    "9":1.838991769547325,
    "10":2.4176954732510287,
    "11":2.353395061728395,
    "12":2.1604938271604937,
    "13":2.1733539094650207,
    "14":1.954732510288066,
    "15":1.646090534979424,
    "16":1.8904320987654322,
    "17":1.7232510288065845,
    "18":2.0318930041152266,
    "19":1.5174897119341564,
    "20":0.9387860082304528,
    "21":1.0802469135802468,
    "22":1.2474279835390947,
    "23":1.0545267489711936,
    "24":1.0673868312757202,
    "25":1.0802469135802468,
    "26":1.1188271604938271,
    "27":1.0673868312757202,
    "28":0.8101851851851851,
    "29":1.1059670781893005,
    "30":1.183127572016461,
    "31":1.1188271604938271,
    "32":0.8487654320987654,
    "33":0.8101851851851851,
    "34":0.8744855967078189,
    "35":1.183127572016461,
    "36":0.8744855967078189,
    "37":1.0159465020576133,
    "38":0.9645061728395061,
    "39":0.9259259259259258,
    "40":0.9645061728395061,
    "41":0.9259259259259258,
    "42":1.1059670781893005,
    "43":0.9902263374485597,
    "44":0.823045267489712,
    "45":0.7330246913580246,
    "46":1.0159465020576133,
    "47":0.8487654320987654,
    "48":0.7716049382716049,
    "49":0.8873456790123456,
    "50":0.7330246913580246,
    "51":0.9387860082304528,
    "52":0.823045267489712,
    "53":0.7844650205761318,
    "54":0.6558641975308641,
    "55":0.7587448559670782,
    "56":0.7330246913580246,
    "57":0.6172839506172839,
    "58":0.6044238683127572,
    "59":0.6301440329218106,
    "60":0.5915637860082305,
    "61":0.7073045267489712,
    "62":0.6558641975308641,
    "63":0.6044238683127572,
    "64":0.6430041152263375,
    "65":0.7330246913580246,
    "66":0.6558641975308641,
    "67":0.5787037037037037,
    "68":0.6815843621399177,
    "69":0.5787037037037037,
    "70":0.5272633744855968,
    "71":0.30864197530864196,
    "72":0.5401234567901234,
    "73":0.38580246913580246,
    "74":0.565843621399177,
    "75":0.257201646090535,
    "76":0.39866255144032925,
    "77":0.2957818930041152,
    "78":0.38580246913580246,
    "79":0.360082304526749,
    "80":0.3472222222222222,
    "81":0.38580246913580246,
    "82":0.43724279835390945,
    "83":0.2957818930041152,
    "84":0.3343621399176955,
    "85":0.257201646090535,
    "86":0.2700617283950617,
    "87":0.2829218106995885,
    "88":0.411522633744856,
    "89":0.1286008230452675,
    "90":0.19290123456790123,
    "91":0.23148148148148145,
    "92":0.21862139917695472,
    "93":0.2829218106995885,
    "94":0.257201646090535,
    "95":0.205761316872428,
    "96":0.24434156378600824,
    "97":0.16718106995884774,
    "98":0.2829218106995885,
    "99":0.360082304526749,
    "100":0.2957818930041152,
    "101":0.16718106995884774,
    "102":0.16718106995884774,
    "103":0.3472222222222222,
    "104":0.2700617283950617,
    "105":0.205761316872428,
    "106":0.2957818930041152,
    "107":0.16718106995884774,
    "108":0.30864197530864196,
    "109":0.21862139917695472,
    "110":0.30864197530864196,
    "111":0.16718106995884774,
    "112":0.16718106995884774,
    "113":0.19290123456790123,
    "114":0.205761316872428,
    "115":0.2829218106995885,
    "116":0.205761316872428,
    "117":0.19290123456790123,
    "118":0.1800411522633745,
    "119":0.21862139917695472,
    "120":0.23148148148148145,
    "121":0.1286008230452675,
    "122":0.1800411522633745,
    "123":0.07716049382716049,
    "124":0.14146090534979425,
    "125":0.14146090534979425,
    "126":0.11574074074074073,
    "127":0.16718106995884774,
    "128":0.14146090534979425,
    "129":0.1286008230452675,
    "130":0.051440329218107,
    "131":0.09002057613168725,
    "132":0.07716049382716049,
    "133":0.14146090534979425,
    "134":0.205761316872428,
    "135":0.09002057613168725,
    "136":0.038580246913580245,
    "137":0.051440329218107,
    "138":0.038580246913580245,
    "139":0.0257201646090535,
    "140":0.0257201646090535,
    "141":0.01286008230452675,
    "142":0.06430041152263374,
    "143":0.038580246913580245,
    "144":0.102880658436214,
    "145":0.051440329218107,
    "146":0.0257201646090535,
    "147":0.06430041152263374,
    "148":0.01286008230452675,
    "149":0.0257201646090535,
    "150":0.0,
    "151":0.01286008230452675,
    "152":0.0,
    "153":0.038580246913580245,
    "154":0.0257201646090535,
    "155":0.051440329218107,
    "156":0.038580246913580245,
    "157":0.01286008230452675,
    "158":0.038580246913580245,
    "159":0.038580246913580245,
    "160":0.01286008230452675,
    "161":0.051440329218107,
    "162":0.0,
    "163":0.06430041152263374,
    "164":0.051440329218107,
    "165":0.038580246913580245,
    "166":0.06430041152263374,
    "167":0.038580246913580245,
    "168":0.0257201646090535,
    "169":0.102880658436214,
    "170":0.0257201646090535,
    "171":0.038580246913580245,
    "172":0.051440329218107,
    "173":0.0,
    "174":0.0,
    "175":0.01286008230452675,
    "176":0.01286008230452675,
    "177":0.01286008230452675,
    "178":0.0,
    "179":0.01286008230452675,
    "180":0.0,
    "181":0.0,
    "182":0.051440329218107,
    "183":0.0,
    "184":0.0,
    "185":0.0257201646090535,
    "186":0.0,
    "187":0.0,
    "188":0.0,
    "189":0.01286008230452675,
    "190":0.0,
    "191":0.038580246913580245,
    "192":0.0,
    "193":0.0,
    "194":0.0,
    "195":0.0,
    "196":0.0257201646090535,
    "197":0.0,
    "198":0.0,
    "199":0.01286008230452675,
    "200":0.0,
    "201":0.0,
    "202":0.0,
    "203":0.01286008230452675,
    "204":0.0,
    "205":0.01286008230452675,
    "206":0.0,
    "207":0.0,
    "208":0.0,
    "209":0.0,
    "210":0.01286008230452675,
    "211":0.0,
    "212":0.0,
    "213":0.0,
    "214":0.0,
    "215":0.0,
    "216":0.0,
    "217":0.0,
    "218":0.0,
    "219":0.0,
    "220":0.0,
    "221":0.0,
    "222":0.0,
    "223":0.0,
    "224":0.0,
    "225":0.0,
    "226":0.0,
    "227":0.0,
    "228":0.0,
    "229":0.0,
    "230":0.0,
    "231":0.0,
    "232":0.0,
    "233":0.0,
    "234":0.0,
    "235":0.0,
    "236":0.0,
    "237":0.0,
    "238":0.0,
    "239":0.0,
    "240":0.0,
    "241":0.0,
    "242":0.0,
    "243":0.0,
    "244":0.0,
    "245":0.0,
    "246":0.0,
    "247":0.0,
    "248":0.0,
    "249":0.0,
    "250":0.0,
    "251":0.0,
    "252":0.0,
    "253":0.0,
    "254":0.0,
    "255":0.0,
    "256":0.0,
    "257":0.0,
    "258":0.0,
    "259":0.0,
    "260":0.0,
    "261":0.0,
    "262":0.0,
    "263":0.0,
    "264":0.0,
    "265":0.0,
    "266":0.0,
    "267":0.0,
    "268":0.0,
    "269":0.0,
    "270":0.0,
    "271":0.0,
    "272":0.0,
    "273":0.0,
    "274":0.0,
    "275":0.0,
    "276":0.0,
    "277":0.0,
    "278":0.0,
    "279":0.0,
    "280":0.0,
    "281":0.0,
    "282":0.0,
    "283":0.0,
    "284":0.0,
    "285":0.0,
    "286":0.0,
    "287":0.0,
    "288":0.0,
    "289":0.0,
    "290":0.0,
    "291":0.0,
    "292":0.0,
    "293":0.0,
    "294":0.0,
    "295":0.0,
    "296":0.0,
    "297":0.0,
    "298":0.0,
    "299":0.0,
    "300":0.0,
    "301":0.0,
    "302":0.0,
    "303":0.0,
    "304":0.0,
    "305":0.0,
    "306":0.0,
    "307":0.0,
    "308":0.0,
    "309":0.0,
    "310":0.0,
    "311":0.0,
    "312":0.01286008230452675,
    "313":0.0,
    "314":0.0,
    "315":0.0,
    "316":0.01286008230452675,
    "317":0.0,
    "318":0.0,
    "319":0.0,
    "320":0.0,
    "321":0.0,
    "322":0.0,
    "323":0.0,
    "324":0.0,
    "325":0.0,
    "326":0.0,
    "327":0.0,
    "328":0.0,
    "329":0.0,
    "330":0.0,
    "331":0.01286008230452675,
    "332":0.0,
    "333":0.0,
    "334":0.0,
    "335":0.01286008230452675,
    "336":0.0,
    "337":0.0,
    "338":0.0,
    "339":0.0,
    "340":0.0,
    "341":0.0,
    "342":0.0,
    "343":0.01286008230452675,
    "344":0.0,
    "345":0.0,
    "346":0.0,
    "347":0.0,
    "348":0.0,