{
    "0":3.065946779791747,
    "1":5.726957192441188,
    "2":2.024681835711531,
    "3":0.9255688391824143,
    "4":0.38565368299267255,
    "5":0.6941766293868107,
    "6":0.9448515233320478,
    "7":1.1183956806787505,
    "8":0.8484381025838797,
    "9":0.21210952564596994,
    "10":0.2506748939452372,
    "11":0.11569610489780179,
    "12":0.23139220979560357,
    "13":0.21210952564596994,
    "14":0.5591978403393753,
    "15":0.46278441959120714,
    "16":0.6170458927882762,
    "17":0.8677207867335134,
    "18":0.7520246818357115,
    "19":0.9255688391824143,
    "20":0.6941766293868107,
    "21":0.5013497878904744,
    "22":0.7713073659853451,
    "23":0.9641342074816814,
    "24":1.1183956806787505,
    "25":1.2148091014269187,
    "26":1.3305052063247205,
    "27":0.6556112610875434,
    "28":1.041264944080216,
    "29":0.7327419976860778,
    "30":1.2726571538758196,
    "31":1.504049363671423,
    "32":1.2919398380254532,
    "33":1.1569610489780178,
    "34":1.2148091014269187,
    "35":1.2919398380254532,
    "36":1.1376783648283841,
    "37":1.0219822599305823,
    "38":1.1569610489780178,
    "39":0.8291554184342461,
    "40":0.9062861550327806,
    "41":1.0026995757809487,
    "42":0.9255688391824143,
    "43":1.1569610489780178,
    "44":1.3883532587736214,
    "45":1.3690705746239877,
    "46":1.041264944080216,
    "47":1.1569610489780178,
    "48":0.8291554184342461,
    "49":1.3883532587736214,
    "50":1.1183956806787505,
    "51":1.0991129965291169,
    "52":1.0798303123794832,
    "53":1.041264944080216,
    "54":1.3305052063247205,
    "55":1.2919398380254532,
    "56":1.3112225221750868,
    "57":1.1183956806787505,
    "58":1.0219822599305823,
    "59":1.0798303123794832,
    "60":0.8484381025838797,
    "61":0.5784805244890089,
    "62":0.8291554184342461,
    "63":0.674893945237177,
    "64":0.4820671037408407,
    "65":0.7327419976860778,
    "66":1.0026995757809487,
    "67":0.5399151561897416,
    "68":0.6556112610875434,
    "69":0.7134593135364442,
    "70":0.7134593135364442,
    "71":0.6170458927882762,
    "72":0.6363285769379098,
    "73":0.674893945237177,
    "74":0.6556112610875434,
    "75":0.7327419976860778,
    "76":0.887003470883147,
    "77":0.7134593135364442,
    "78":0.6556112610875434,
    "79":0.7327419976860778,
    "80":0.7713073659853451,
    "81":0.674893945237177,
    "82":0.6170458927882762,
    "83":0.7134593135364442,
    "84":0.5013497878904744,
    "85":0.5013497878904744,
    "86":0.4820671037408407,
    "87":0.4435017354415735,
    "88":0.5977632086386425,
    "89":0.3278056305437717,
    "90":0.2506748939452372,
    "91":0.21210952564596994,
    "92":0.38565368299267255,
    "93":0.2506748939452372,
    "94":0.3278056305437717,
    "95":0.21210952564596994,
    "96":0.46278441959120714,
    "97":0.2506748939452372,
    "98":0.19282684149633628,
    "99":0.28924026224450444,
    "100":0.23139220979560357,
    "101":0.21210952564596994,
    "102":0.19282684149633628,
    "103":0.2506748939452372,
    "104":0.2699575780948708,
    "105":0.2506748939452372,
    "106":0.2506748939452372,
    "107":0.15426147319706904,
    "108":0.17354415734670267,
    "109":0.3085229463941381,
    "110":0.09641342074816814,
    "111":0.2506748939452372,
    "112":0.19282684149633628,
    "113":0.1349787890474354,
    "114":0.03856536829926726,
    "115":0.19282684149633628,
    "116":0.1349787890474354,
    "117":0.17354415734670267,
    "118":0.11569610489780179,
    "119":0.09641342074816814,
    "120":0.05784805244890089,
    "121":0.11569610489780179,
    "122":0.09641342074816814,
    "123":0.11569610489780179,
    "124":0.09641342074816814,
    "125":0.03856536829926726,
    "126":0.17354415734670267,
    "127":0.07713073659853452,
    "128":0.15426147319706904,
    "129":0.05784805244890089,
    "130":0.19282684149633628,
    "131":0.15426147319706904,
    "132":0.1349787890474354,
    "133":0.15426147319706904,
    "134":0.21210952564596994,
    "135":0.17354415734670267,
    "136":0.15426147319706904,
    "137":0.17354415734670267,
    "138":0.11569610489780179,
    "139":0.05784805244890089,
    "140":0.15426147319706904,
    "141":0.19282684149633628,
    "142":0.15426147319706904,
    "143":0.15426147319706904,
    "144":0.19282684149633628,
    "145":0.21210952564596994,
    "146":0.07713073659853452,
    "147":0.11569610489780179,
    "148":0.19282684149633628,
    "149":0.09641342074816814,
    "150":0.09641342074816814,
    "151":0.17354415734670267,
    "152":0.11569610489780179,
    "153":0.1349787890474354,
    "154":0.03856536829926726,
    "155":0.1349787890474354,
    "156":0.11569610489780179,
    "157":0.07713073659853452,
    "158":0.07713073659853452,
    "159":0.05784805244890089,
    "160":0.03856536829926726,
    "161":0.07713073659853452,
    "162":0.07713073659853452,
    "163":0.09641342074816814,
    "164":0.23139220979560357,
    "165":0.01928268414963363,
    "166":0.05784805244890089,
    "167":0.07713073659853452,
    "168":0.09641342074816814,
    "169":0.03856536829926726,
    "170":0.07713073659853452,
    "171":0.07713073659853452,
    "172":0.01928268414963363,
    "173":0.01928268414963363,
    "174":0.11569610489780179,
    "175":0.05784805244890089,
    "176":0.07713073659853452,
    "177":0.03856536829926726,
    "178":0.07713073659853452,
    "179":0.05784805244890089,
    "180":0.03856536829926726,
    "181":0.07713073659853452,
    "182":0.07713073659853452,
    "183":0.11569610489780179,
    "184":0.01928268414963363,
    "185":0.07713073659853452,
    "186":0.07713073659853452,
    "187":0.03856536829926726,
    "188":0.03856536829926726,
    "189":0.0,
    "190":0.01928268414963363,
    "191":0.01928268414963363,
    "192":0.0,
    "193":0.0,
    "194":0.0,
    "195":0.0,
    "196":0.05784805244890089,
    "197":0.0,
    "198":0.03856536829926726,
    "199":0.01928268414963363,
    "200":0.0,
    "201":0.01928268414963363,
    "202":0.01928268414963363,
    "203":0.01928268414963363,
    "204":0.0,
    "205":0.0,
    "206":0.03856536829926726,
    "207":0.01928268414963363,
    "208":0.03856536829926726,
    "209":0.01928268414963363,
    "210":0.01928268414963363,
    "211":0.0,
    "212":0.0,
    "213":0.05784805244890089,
    "214":0.03856536829926726,
    "215":0.07713073659853452,
    "216":0.0,
    "217":0.0,
    "218":0.03856536829926726,
    "219":0.0,
    "220":0.01928268414963363,
    "221":0.01928268414963363,
    "222":0.01928268414963363,
    "223":0.03856536829926726,
    "224":0.01928268414963363,
    "225":0.03856536829926726,
    "226":0.0,
    "227":0.01928268414963363,
    "228":0.0,
    "229":0.0,
    "230":0.03856536829926726,
    "231":0.01928268414963363,
    "232":0.0,
    "233":0.0,
    "234":0.03856536829926726,
    "235":0.05784805244890089,
    "236":0.05784805244890089,
    "237":0.0,
    "238":0.01928268414963363,
    "239":0.03856536829926726,
    "240":0.01928268414963363,
    "241":0.01928268414963363,
    "242":0.01928268414963363,
    "243":0.0,
    "244":0.01928268414963363,
    "245":0.01928268414963363,
    "246":0.0,
    "247":0.01928268414963363,
    "248":0.03856536829926726,
    "249":0.0,
    "250":0.05784805244890089,
    "251":0.03856536829926726,
    "252":0.01928268414963363,
    "253":0.01928268414963363,
    "254":0.0,
    "255":0.01928268414963363,
    "256":0.0,
    "257":0.01928268414963363,
    "258":0.0,
    "259":0.01928268414963363,
    "260":0.01928268414963363,
    "261":0.0,
    "262":0.0,
    "263":0.0,
    "264":0.01928268414963363,
    "265":0.01928268414963363,
    "266":0.0,
    "267":0.0,
    "268":0.0,
    "269":0.07713073659853452,
    "270":0.0,
    "271":0.0,
    "272":0.01928268414963363,
    "273":0.0,
    "274":0.0,
    "275":0.0,
    "276":0.0,
    "277":0.0,
    "278":0.0,
    "279":0.0,
    "280":0.0,
    "281":0.0,
    "282":0.01928268414963363,
    "283":0.0,
    "284":0.0,
    "285":0.0,
    "286":0.0,
    "287":0.01928268414963363,
    "288":0.0,
    "289":0.0,