{
    "0":[
        [
            -23.563381175898645,
            -46.65259403583942,
            "300000000001",
            "0"
        ]
    ],
    "1":[
        [
            -23.560373468253005,
            -46.64970582341482,
            "300000000002",
            "3"
        ]
    ],
    "10":[
        [
            -23.563035040447375,
            -46.64973425347892,
            "300000000011",
            "3"
        ]
    ],
    "11":[
        [
            -23.563996710974628,
            -46.64856538140976,
            "300000000012",
            "4"
        ]
    ],
    "12":[
        [
            -23.561554086956324,
            -46.64756260910076,
            "300000000013",
            "4"
        ]
    ],
    "13":[
        [
            -23.56358286899801,
            -46.64975567901721,
            "300000000014",
            "1"
        ]
    ],
    "14":[
        [
            -23.564443818964318,
            -46.64540330604582,
            "300000000015",
            "5"
        ]
    ],
    "15":[
        [
            -23.564015012403278,
            -46.64778464123978,
            "300000000016",
            "2"
        ]
    ],
    "16":[
        [
            -23.563247619754957,
            -46.650425721735886,
            "300000000017",
            "1"
        ]
    ],
    "17":[
        [
            -23.56494718492367,
            -46.64640495133148,
            "300000000018",
            "0"
        ]
    ],
    "2":[
        [
            -23.564838551525757,
            -46.649134042543544,
            "300000000003",
            "1"
        ]
    ],
    "3":[
        [
            -23.565038408515566,
            -46.64977444304325,
            "300000000004",
            "4"
        ]
    ],
    "4":[
        [
            -23.564942940490845,
            -46.64904964377401,
            "300000000005",
            "3"
        ]
    ],
    "5":[
        [
            -23.5645113799354,
            -46.6500890329316,
            "300000000006",
            "0"
        ]
    ],
    "6":[
        [
            -23.56553329388442,
            -46.64608085870027,
            "300000000007",
            "3"
        ]
    ],
    "7":[
        [
            -23.558229395581453,
            -46.64787590421926,
            "300000000008",
            "4"
        ]
    ],
    "8":[
        [
            -23.56281747067738,
            -46.64586916250781,
            "300000000009",
            "1"
        ]
    ],
    "9":[
        [
            -23.56406148118422,
            -46.64484845937135,
            "300000000010",
            "0"
        ]
    ],
    "total_length":6443.288142754202,
    "total_time":48.12069368362427
}