{
    "0":4.053184645078275,
    "1":1.608406605189792,
    "2":1.608406605189792,
    "3":0.9650439631138753,
    "4":0.6862534848809779,
    "5":0.4932446922582029,
    "6":0.6219172206733862,
    "7":0.6219172206733862,
    "8":1.1366073343341196,
    "9":0.8578168561012224,
    "10":1.1794981771391808,
    "11":1.308170705554364,
    "12":1.3510615483594253,
    "13":1.0937164915290585,
    "14":1.9086425048252198,
    "15":1.0079348059189364,
    "16":0.5361355350632641,
    "17":0.7505897490885696,
    "18":0.6862534848809779,
    "19":0.6219172206733862,
    "20":0.6433626420759168,
    "21":0.5361355350632641,
    "22":0.5361355350632641,
    "23":0.8792622775037529,
    "24":0.8792622775037529,
    "25":0.729144327686039,
    "26":0.6648080634784473,
    "27":0.9864893845164058,
    "28":1.0722710701265281,
    "29":1.265279862749303,
    "30":1.265279862749303,
    "31":1.1794981771391808,
    "32":1.265279862749303,
    "33":1.029380227321467,
    "34":1.1794981771391808,
    "35":1.308170705554364,
    "36":1.1794981771391808,
    "37":0.9650439631138753,
    "38":1.1366073343341196,
    "39":1.415397812567017,
    "40":0.9007076989062834,
    "41":1.3939523911644864,
    "42":1.1580527557366502,
    "43":1.2223890199442418,
    "44":1.0508256487239975,
    "45":1.1366073343341196,
    "46":1.029380227321467,
    "47":1.0937164915290585,
    "48":1.115161912931589,
    "49":0.9007076989062834,
    "50":1.0079348059189364,
    "51":0.8363714346986918,
    "52":0.7720351704911002,
    "53":0.7720351704911002,
    "54":0.7720351704911002,
    "55":0.8578168561012224,
    "56":0.8149260132961612,
    "57":0.9007076989062834,
    "58":0.5790263778683251,
    "59":0.9435985417113447,
    "60":0.6004717992708557,
    "61":0.6219172206733862,
    "62":0.4932446922582029,
    "63":0.7505897490885696,
    "64":0.6862534848809779,
    "65":0.6433626420759168,
    "66":0.7720351704911002,
    "67":0.6433626420759168,
    "68":0.7076989062835085,
    "69":0.5146901136607335,
    "70":0.7076989062835085,
    "71":0.6648080634784473,
    "72":0.5361355350632641,
    "73":0.6219172206733862,
    "74":0.5361355350632641,
    "75":0.4932446922582029,
    "76":0.5146901136607335,
    "77":0.47179927085567236,
    "78":0.3860175852455501,
    "79":0.47179927085567236,
    "80":0.5790263778683251,
    "81":0.3860175852455501,
    "82":0.3645721638430195,
    "83":0.4074630066480806,
    "84":0.6433626420759168,
    "85":0.6433626420759168,
    "86":0.4289084280506112,
    "87":0.5146901136607335,
    "88":0.729144327686039,
    "89":0.5790263778683251,
    "90":0.4932446922582029,
    "91":0.30023589963542785,
    "92":0.3216813210379584,
    "93":0.6219172206733862,
    "94":0.3216813210379584,
    "95":0.4503538494531417,
    "96":0.3860175852455501,
    "97":0.25734505683036674,
    "98":0.3860175852455501,
    "99":0.4289084280506112,
    "100":0.17156337122024448,
    "101":0.34312674244048896,
    "102":0.4074630066480806,
    "103":0.30023589963542785,
    "104":0.4932446922582029,
    "105":0.27879047823289727,
    "106":0.2144542140253056,
    "107":0.4074630066480806,
    "108":0.27879047823289727,
    "109":0.30023589963542785,
    "110":0.30023589963542785,
    "111":0.5146901136607335,
    "112":0.27879047823289727,
    "113":0.27879047823289727,
    "114":0.2144542140253056,
    "115":0.17156337122024448,
    "116":0.25734505683036674,
    "117":0.23589963542783618,
    "118":0.15011794981771392,
    "119":0.17156337122024448,
    "120":0.17156337122024448,
    "121":0.30023589963542785,
    "122":0.23589963542783618,
    "123":0.4074630066480806,
    "124":0.2144542140253056,
    "125":0.17156337122024448,
    "126":0.2144542140253056,
    "127":0.1072271070126528,
    "128":0.17156337122024448,
    "129":0.25734505683036674,
    "130":0.27879047823289727,
    "131":0.15011794981771392,
    "132":0.1072271070126528,
    "133":0.25734505683036674,
    "134":0.2144542140253056,
    "135":0.15011794981771392,
    "136":0.1072271070126528,
    "137":0.1072271070126528,
    "138":0.1072271070126528,
    "139":0.08578168561012224,
    "140":0.17156337122024448,
    "141":0.23589963542783618,
    "142":0.17156337122024448,
    "143":0.17156337122024448,
    "144":0.1072271070126528,
    "145":0.19300879262277504,
    "146":0.1072271070126528,
    "147":0.19300879262277504,
    "148":0.12867252841518337,
    "149":0.08578168561012224,
    "150":0.08578168561012224,
    "151":0.12867252841518337,
    "152":0.12867252841518337,
    "153":0.04289084280506112,
    "154":0.06433626420759168,
    "155":0.1072271070126528,
    "156":0.08578168561012224,
    "157":0.06433626420759168,
    "158":0.02144542140253056,
    "159":0.1072271070126528,
    "160":0.04289084280506112,
    "161":0.02144542140253056,
    "162":0.08578168561012224,
    "163":0.08578168561012224,
    "164":0.1072271070126528,
    "165":0.02144542140253056,
    "166":0.02144542140253056,
    "167":0.1072271070126528,
    "168":0.08578168561012224,
    "169":0.1072271070126528,
    "170":0.1072271070126528,
    "171":0.04289084280506112,
    "172":0.0,
    "173":0.02144542140253056,
    "174":0.0,
    "175":0.06433626420759168,
    "176":0.08578168561012224,
    "177":0.02144542140253056,
    "178":0.04289084280506112,
    "179":0.04289084280506112,
    "180":0.08578168561012224,
    "181":0.02144542140253056,
    "182":0.04289084280506112,
    "183":0.08578168561012224,
    "184":0.04289084280506112,
    "185":0.02144542140253056,
    "186":0.04289084280506112,
    "187":0.04289084280506112,
    "188":0.04289084280506112,
    "189":0.02144542140253056,
    "190":0.0,
    "191":0.02144542140253056,
    "192":0.06433626420759168,
    "193":0.04289084280506112,
    "194":0.02144542140253056,
    "195":0.04289084280506112,
    "196":0.08578168561012224,
    "197":0.02144542140253056,
    "198":0.02144542140253056,
    "199":0.02144542140253056,
    "200":0.06433626420759168,
    "201":0.04289084280506112,
    "202":0.0,
    "203":0.06433626420759168,
    "204":0.02144542140253056,
    "205":0.02144542140253056,
    "206":0.04289084280506112,
    "207":0.04289084280506112,
    "208":0.06433626420759168,
    "209":0.04289084280506112,
    "210":0.02144542140253056,
    "211":0.04289084280506112,
    "212":0.0,
    "213":0.0,
    "214":0.04289084280506112,
    "215":0.0,
    "216":0.0,
    "217":0.0,
    "218":0.04289084280506112,
    "219":0.04289084280506112,
    "220":0.02144542140253056,
    "221":0.04289084280506112,
    "222":0.04289084280506112,
    "223":0.0,
    "224":0.04289084280506112,
    "225":0.04289084280506112,
    "226":0.06433626420759168,
    "227":0.04289084280506112,
    "228":0.0,
    "229":0.02144542140253056,
    "230":0.02144542140253056,
    "231":0.02144542140253056,
    "232":0.04289084280506112,
    "233":0.04289084280506112,
    "234":0.08578168561012224,
    "235":0.02144542140253056,
    "236":0.02144542140253056,
    "237":0.04289084280506112,
    "238":0.04289084280506112,
    "239":0.04289084280506112,
    "240":0.06433626420759168,
    "241":0.0,
    "242":0.02144542140253056,
    "243":0.02144542140253056,
    "244":0.06433626420759168,
    "245":0.06433626420759168,
    "246":0.02144542140253056,
    "247":0.08578168561012224,
    "248":0.06433626420759168,
    "249":0.08578168561012224,
    "250":0.02144542140253056,
    "251":0.04289084280506112,
    "252":0.08578168561012224,
    "253":0.06433626420759168,
    "254":0.0,
    "255":0.0,
    "256":0.0,
    "257":0.0,
    "258":0.1072271070126528,
    "259":0.0,
    "260":0.0,
    "261":0.02144542140253056,
    "262":0.0,
    "263":0.0,
    "264":0.04289084280506112,
    "265":0.02144542140253056,
    "266":0.04289084280506112,
    "267":0.02144542140253056,
    "268":0.02144542140253056,
    "269":0.0,
    "270":0.02144542140253056,
    "271":0.02144542140253056,
    "272":0.02144542140253056,
    "273":0.0,
    "274":0.0,
    "275":0.0,
    "276":0.02144542140253056,
    "277":0.04289084280506112,