{
    "0":8.644436389996375,
    "1":3.8419717288872777,
    "2":4.113809351214208,
    "3":1.9572308807538963,
    "4":3.334541500543675,
    "5":3.189561435302646,
    "6":2.2109459949256975,
    "7":1.3229430953243928,
    "8":0.8880028996013047,
    "9":0.3624501631025734,
    "10":0.5617977528089888,
    "11":0.7792678506705328,
    "12":0.7249003262051468,
    "13":1.1779630300833634,
    "14":1.649148242116709,
    "15":1.975353388909025,
    "16":1.703515766582095,
    "17":2.084088437839797,
    "18":1.9572308807538963,
    "19":1.7216382747372236,
    "20":1.7941283073577383,
    "21":1.9934758970641537,
    "22":1.812250815512867,
    "23":2.084088437839797,
    "24":1.812250815512867,
    "25":1.9028633562885102,
    "26":2.1203334541500545,
    "27":1.2323305545487495,
    "28":0.8517578832910475,
    "29":0.8155128669807901,
    "30":0.9423704240666908,
    "31":0.8698803914461761,
    "32":0.7611453425154041,
    "33":0.8517578832910475,
    "34":0.8698803914461761,
    "35":0.8698803914461761,
    "36":0.9604929322218194,
    "37":0.7792678506705328,
    "38":0.8155128669807901,
    "39":0.7973903588256614,
    "40":0.9242479159115622,
    "41":0.8517578832910475,
    "42":0.8880028996013047,
    "43":0.7611453425154041,
    "44":0.9967379485320769,
    "45":0.8517578832910475,
    "46":0.7430228343602754,
    "47":0.7067778180500182,
    "48":0.9423704240666908,
    "49":0.7792678506705328,
    "50":0.9967379485320769,
    "51":0.5255527364987314,
    "52":0.8155128669807901,
    "53":0.6342877854295035,
    "54":0.7792678506705328,
    "55":0.6886553098948894,
    "56":0.48930772018847407,
    "57":0.7611453425154041,
    "58":0.5255527364987314,
    "59":0.5436752446538601,
    "60":0.7611453425154041,
    "61":0.5074302283436027,
    "62":0.45306270387821673,
    "63":0.43494019572308806,
    "64":0.5617977528089888,
    "65":0.38057267125770206,
    "66":0.6161652772743748,
    "67":0.6161652772743748,
    "68":0.2899601304820587,
    "69":0.48930772018847407,
    "70":0.45306270387821673,
    "71":0.25371511417180137,
    "72":0.3624501631025734,
    "73":0.3624501631025734,
    "74":0.3986951794128307,
    "75":0.3080826386371874,
    "76":0.2899601304820587,
    "77":0.21747009786154403,
    "78":0.38057267125770206,
    "79":0.16310257339615802,
    "80":0.21747009786154403,
    "81":0.3624501631025734,
    "82":0.25371511417180137,
    "83":0.21747009786154403,
    "84":0.14498006524102935,
    "85":0.2355926060166727,
    "86":0.1812250815512867,
    "87":0.3986951794128307,
    "88":0.21747009786154403,
    "89":0.19934758970641536,
    "90":0.16310257339615802,
    "91":0.16310257339615802,
    "92":0.09061254077564335,
    "93":0.21747009786154403,
    "94":0.14498006524102935,
    "95":0.21747009786154403,
    "96":0.03624501631025734,
    "97":0.10873504893077202,
    "98":0.14498006524102935,
    "99":0.05436752446538601,
    "100":0.09061254077564335,
    "101":0.09061254077564335,
    "102":0.12685755708590069,
    "103":0.07249003262051468,
    "104":0.10873504893077202,
    "105":0.16310257339615802,
    "106":0.05436752446538601,
    "107":0.12685755708590069,
    "108":0.07249003262051468,
    "109":0.07249003262051468,
    "110":0.10873504893077202,
    "111":0.16310257339615802,
    "112":0.05436752446538601,
    "113":0.05436752446538601,
    "114":0.09061254077564335,
    "115":0.12685755708590069,
    "116":0.10873504893077202,
    "117":0.21747009786154403,
    "118":0.03624501631025734,
    "119":0.07249003262051468,
    "120":0.03624501631025734,
    "121":0.03624501631025734,
    "122":0.01812250815512867,
    "123":0.03624501631025734,
    "124":0.07249003262051468,
    "125":0.0,
    "126":0.01812250815512867,
    "127":0.07249003262051468,
    "128":0.01812250815512867,
    "129":0.01812250815512867,
    "130":0.05436752446538601,
    "131":0.03624501631025734,
    "132":0.03624501631025734,
    "133":0.12685755708590069,
    "134":0.03624501631025734,
    "135":0.03624501631025734,
    "136":0.01812250815512867,
    "137":0.0,
    "138":0.0,
    "139":0.01812250815512867,
    "140":0.01812250815512867,
    "141":0.0,
    "142":0.07249003262051468,
    "143":0.07249003262051468,
    "144":0.0,
    "145":0.01812250815512867,
    "146":0.01812250815512867,
    "147":0.0,
    "148":0.01812250815512867,
    "149":0.0,
    "150":0.0,
    "151":0.0,
    "152":0.0,
    "153":0.0,
    "154":0.0,
    "155":0.0,
    "156":0.01812250815512867,
    "157":0.0,
    "158":0.0,
    "159":0.01812250815512867,
    "160":0.0,
    "161":0.0,
    "162":0.0,
    "163":0.0,
    "164":0.01812250815512867,
    "165":0.0,
    "166":0.0,
    "167":0.0,
    "168":0.0,
    "169":0.0,
    "170":0.0,
    "171":0.0,
    "172":0.03624501631025734,
    "173":0.01812250815512867,
    "174":0.0,
    "175":0.0,
    "176":0.0,
    "177":0.0,
    "178":0.0,
    "179":0.0,
    "180":0.01812250815512867,
    "181":0.01812250815512867,
    "182":0.03624501631025734,
    "183":0.0,
    "184":0.0,
    "185":0.01812250815512867,
    "186":0.0,
    "187":0.01812250815512867,
    "188":0.03624501631025734,
    "189":0.01812250815512867,
    "190":0.0,
    "191":0.0,
    "192":0.0,
    "193":0.0,
    "194":0.0,
    "195":0.0,
    "196":0.01812250815512867,
    "197":0.0,
    "198":0.03624501631025734,
    "199":0.0,
    "200":0.03624501631025734,
    "201":0.01812250815512867,
    "202":0.0,
    "203":0.01812250815512867,
    "204":0.01812250815512867,
    "205":0.01812250815512867,
    "206":0.01812250815512867,
    "207":0.0,
    "208":0.0,
    "209":0.0,
    "210":0.0,
    "211":0.0,
    "212":0.0,
    "213":0.01812250815512867,
    "214":0.0,
    "215":0.0,
    "216":0.0,
    "217":0.0,
    "218":0.0,
    "219":0.0,
    "220":0.03624501631025734,
    "221":0.01812250815512867,
    "222":0.0,
    "223":0.01812250815512867,
    "224":0.09061254077564335,
    "225":0.0,
    "226":0.0,
    "227":0.0,
    "228":0.0,
    "229":0.0,
    "230":0.0,
    "231":0.0,
    "232":0.0,
    "233":0.0,
    "234":0.0,
    "235":0.0,
    "236":0.0,
    "237":0.0,
    "238":0.0,
    "239":0.0,
    "240":0.0,
    "241":0.0,
    "242":0.0,
    "243":0.0,
    "244":0.0,
    "245":0.0,
    "246":0.0,
    "247":0.0,
    "248":0.0,
    "249":0.0,
    "250":0.0,
    "251":0.0,
    "252":0.0,
    "253":0.0,
    "254":0.0,
    "255":0.0,
    "256":0.0,
    "257":0.0,
    "258":0.0,
    "259":0.0,
    "260":0.0,
    "261":0.0,
    "262":0.0,
    "263":0.0,
    "264":0.0,
    "265":0.0,
    "266":0.0,
    "267":0.0,
    "268":0.0,
    "269":0.0,
    "270":0.0,
    "271":0.0,
    "272":0.0,
    "273":0.0,
    "274":0.0,
    "275":0.0,
    "276":0.0,
    "277":0.0,
    "278":0.0,
    "279":0.0,
    "280":0.0,
    "281":0.0,
    "282":0.0,
    "283":0.0,
    "284":0.0,
    "285":0.0,
    "286":0.0,
    "287":0.0,
    "288":0.0,
    "289":0.0,
    "290":0.0,
    "291":0.0,
    "292":0.0,
    "293":0.0,
    "294":0.0,
    "295":0.0,
    "296":0.0,
    "297":0.0,
    "298":0.0,
    "299":0.0,
    "300":0.0,
    "301":0.0,
    "302":0.0,
    "303":0.0,
    "304":0.0,
    "305":0.0,
    "306":0.0,
    "307":0.0,
    "308":0.0,
    "309":0.0,
    "310":0.0,
    "311":0.0,
    "312":0.0,
    "313":0.0,
    "314":0.0,
    "315":0.0,
    "316":0.0,
    "317":0.0,
    "318":0.0,
    "319":0.0,
    "320":0.0,
    "321":0.0,
    "322":0.0,
    "323":0.0,
    "324":0.0,
    "325":0.0,
    "326":0.0,
    "327":0.0,
    "328":0.0,
    "329":0.0,
    "330":0.0,
    "331":0.0,
    "332":0.0,
    "333":0.0,
    "334":0.0,
    "335":0.0,
    "336":0.0,
    "337":0.0,
    "338":0.0,
    "339":0.0,
    "340":0.0,
    "341":0.0,
    "342":0.0,
    "343":0.0,
    "344":0.0,
    "345":0.0,
    "346":0.0,
    "347":0.0,
    "348":0.0,
    "349":0.0,
    "350":0.0,
    "351":0.0,
    "352":0.0,
    "353":0.0,
    "354":0.0,
    "355":0.0,
    "356":0.0,
    "357":0.0,
    "358":0.0,
    "359":0.0,
    "360":0.0,
    "361":0.0,
    "362":0.0,
    "363":0.0,
    "364":0.0,
    "365":0.0,
    "366":0.0,