{
    "0":4.9623819433328,
    "1":6.963342404354091,
    "2":2.048983512085801,
    "3":1.8088682567632464,
    "4":1.9529374099567793,
    "5":1.9689450936449495,
    "6":1.1205378581719225,
    "7":1.2325916439891147,
    "8":1.7288298383223946,
    "9":1.8889066752040982,
    "10":1.6327837361933728,
    "11":1.600768368817032,
    "12":1.8248759404514168,
    "13":2.097006563150312,
    "14":2.080998879462142,
    "15":2.7693292780534655,
    "16":2.225068032655675,
    "17":2.1290219305266525,
    "18":1.840883624139587,
    "19":2.048983512085801,
    "20":1.8568913078277576,
    "21":1.584760685128862,
    "22":1.7288298383223946,
    "23":1.1525532255482631,
    "24":1.5687530014406914,
    "25":1.3286377461181367,
    "26":1.296622378741796,
    "27":1.2646070113654553,
    "28":1.5207299503761806,
    "29":0.9124379702257084,
    "30":1.0565071234192414,
    "31":1.2325916439891147,
    "32":0.640307347526813,
    "33":0.7683688170321754,
    "34":0.896430286537538,
    "35":0.9444533376020491,
    "36":0.8323995517848567,
    "37":0.9124379702257084,
    "38":0.7043380822794941,
    "39":0.9284456539138788,
    "40":0.9444533376020491,
    "41":0.8323995517848567,
    "42":0.8804226028493676,
    "43":0.8323995517848567,
    "44":0.7523611333440051,
    "45":0.7843765007203457,
    "46":0.5922842964623019,
    "47":0.7523611333440051,
    "48":0.7043380822794941,
    "49":0.5602689290859613,
    "50":0.6563150312149832,
    "51":0.6723227149031535,
    "52":0.5122458780214503,
    "53":0.5282535617096207,
    "54":0.7363534496558348,
    "55":0.7683688170321754,
    "56":0.5602689290859613,
    "57":0.6883303985913238,
    "58":0.6563150312149832,
    "59":0.5282535617096207,
    "60":0.640307347526813,
    "61":0.33616135745157677,
    "62":0.2241075716343845,
    "63":0.33616135745157677,
    "64":0.3681767248279174,
    "65":0.3201536737634065,
    "66":0.4802305106451097,
    "67":0.3041459900752361,
    "68":0.400192092204258,
    "69":0.3841844085160877,
    "70":0.20809988794621417,
    "71":0.25612293901072514,
    "72":0.11205378581719225,
    "73":0.12806146950536257,
    "74":0.17608452056987353,
    "75":0.16007683688170324,
    "76":0.11205378581719225,
    "77":0.09604610212902193,
    "78":0.09604610212902193,
    "79":0.09604610212902193,
    "80":0.03201536737634064,
    "81":0.16007683688170324,
    "82":0.11205378581719225,
    "83":0.16007683688170324,
    "84":0.11205378581719225,
    "85":0.12806146950536257,
    "86":0.16007683688170324,
    "87":0.11205378581719225,
    "88":0.09604610212902193,
    "89":0.06403073475268128,
    "90":0.09604610212902193,
    "91":0.2241075716343845,
    "92":0.17608452056987353,
    "93":0.16007683688170324,
    "94":0.1440691531935329,
    "95":0.16007683688170324,
    "96":0.16007683688170324,
    "97":0.16007683688170324,
    "98":0.06403073475268128,
    "99":0.08003841844085162,
    "100":0.12806146950536257,
    "101":0.06403073475268128,
    "102":0.11205378581719225,
    "103":0.08003841844085162,
    "104":0.19209220425804385,
    "105":0.12806146950536257,
    "106":0.08003841844085162,
    "107":0.12806146950536257,
    "108":0.06403073475268128,
    "109":0.1440691531935329,
    "110":0.06403073475268128,
    "111":0.06403073475268128,
    "112":0.01600768368817032,
    "113":0.09604610212902193,
    "114":0.08003841844085162,
    "115":0.06403073475268128,
    "116":0.06403073475268128,
    "117":0.06403073475268128,
    "118":0.08003841844085162,
    "119":0.11205378581719225,
    "120":0.17608452056987353,
    "121":0.20809988794621417,
    "122":0.12806146950536257,
    "123":0.09604610212902193,
    "124":0.04802305106451096,
    "125":0.04802305106451096,
    "126":0.08003841844085162,
    "127":0.06403073475268128,
    "128":0.04802305106451096,
    "129":0.06403073475268128,
    "130":0.06403073475268128,
    "131":0.12806146950536257,
    "132":0.09604610212902193,
    "133":0.04802305106451096,
    "134":0.08003841844085162,
    "135":0.09604610212902193,
    "136":0.11205378581719225,
    "137":0.08003841844085162,
    "138":0.03201536737634064,
    "139":0.04802305106451096,
    "140":0.01600768368817032,
    "141":0.03201536737634064,
    "142":0.03201536737634064,
    "143":0.06403073475268128,
    "144":0.11205378581719225,
    "145":0.11205378581719225,
    "146":0.11205378581719225,
    "147":0.11205378581719225,
    "148":0.1440691531935329,
    "149":0.12806146950536257,
    "150":0.11205378581719225,
    "151":0.09604610212902193,
    "152":0.04802305106451096,
    "153":0.12806146950536257,
    "154":0.04802305106451096,
    "155":0.09604610212902193,
    "156":0.09604610212902193,
    "157":0.03201536737634064,
    "158":0.08003841844085162,
    "159":0.08003841844085162,
    "160":0.08003841844085162,
    "161":0.11205378581719225,
    "162":0.04802305106451096,
    "163":0.04802305106451096,
    "164":0.06403073475268128,
    "165":0.0,
    "166":0.08003841844085162,
    "167":0.03201536737634064,
    "168":0.06403073475268128,
    "169":0.08003841844085162,
    "170":0.08003841844085162,
    "171":0.08003841844085162,
    "172":0.03201536737634064,
    "173":0.06403073475268128,
    "174":0.06403073475268128,
    "175":0.11205378581719225,
    "176":0.06403073475268128,
    "177":0.04802305106451096,
    "178":0.06403073475268128,
    "179":0.09604610212902193,
    "180":0.03201536737634064,
    "181":0.03201536737634064,
    "182":0.04802305106451096,
    "183":0.09604610212902193,
    "184":0.04802305106451096,
    "185":0.11205378581719225,
    "186":0.06403073475268128,
    "187":0.03201536737634064,
    "188":0.06403073475268128,
    "189":0.08003841844085162,
    "190":0.01600768368817032,
    "191":0.03201536737634064,
    "192":0.03201536737634064,
    "193":0.04802305106451096,
    "194":0.04802305106451096,
    "195":0.03201536737634064,
    "196":0.04802305106451096,
    "197":0.01600768368817032,
    "198":0.04802305106451096,
    "199":0.06403073475268128,
    "200":0.0,
    "201":0.01600768368817032,
    "202":0.04802305106451096,
    "203":0.04802305106451096,
    "204":0.04802305106451096,
    "205":0.03201536737634064,
    "206":0.03201536737634064,
    "207":0.01600768368817032,
    "208":0.04802305106451096,
    "209":0.01600768368817032,
    "210":0.04802305106451096,
    "211":0.01600768368817032,
    "212":0.03201536737634064,
    "213":0.06403073475268128,
    "214":0.01600768368817032,
    "215":0.04802305106451096,
    "216":0.0,
    "217":0.01600768368817032,
    "218":0.09604610212902193,
    "219":0.03201536737634064,
    "220":0.03201536737634064,
    "221":0.04802305106451096,
    "222":0.03201536737634064,
    "223":0.0,
    "224":0.01600768368817032,
    "225":0.06403073475268128,
    "226":0.0,
    "227":0.01600768368817032,
    "228":0.09604610212902193,
    "229":0.0,
    "230":0.01600768368817032,
    "231":0.0,
    "232":0.0,
    "233":0.0,
    "234":0.0,
    "235":0.01600768368817032,
    "236":0.0,
    "237":0.03201536737634064,
    "238":0.01600768368817032,
    "239":0.01600768368817032,
    "240":0.01600768368817032,
    "241":0.01600768368817032,
    "242":0.01600768368817032,
    "243":0.0,
    "244":0.01600768368817032,
    "245":0.03201536737634064,
    "246":0.0,
    "247":0.01600768368817032,
    "248":0.01600768368817032,
    "249":0.0,
    "250":0.0,
    "251":0.0,
    "252":0.0,
    "253":0.01600768368817032,
    "254":0.0,
    "255":0.0,
    "256":0.01600768368817032,
    "257":0.01600768368817032,
    "258":0.01600768368817032,
    "259":0.0,
    "260":0.0,
    "261":0.0,
    "262":0.01600768368817032,
    "263":0.01600768368817032,
    "264":0.0,
    "265":0.0,
    "266":0.01600768368817032,
    "267":0.01600768368817032,
    "268":0.0,
    "269":0.0,
    "270":0.01600768368817032,
    "271":0.0,
    "272":0.01600768368817032,
    "273":0.0,
    "274":0.03201536737634064,
    "275":0.0,
    "276":0.0,
    "277":0.01600768368817032,
    "278":0.01600768368817032,
    "279":0.0,