{
    "0":4.664996869129618,
    "1":1.2210394489668128,
    "2":1.8159048215403883,
    "3":0.06261740763932373,
    "4":0.06261740763932373,
    "5":0.21916092673763304,
    "6":0.4383218534752661,
    "7":0.7514088916718847,
    "8":0.8453350031308704,
    "9":0.7827175954915466,
    "10":0.8766437069505322,
    "11":0.5009392611145899,
    "12":0.31308703819661865,
    "13":0.31308703819661865,
    "14":0.34439574201628054,
    "15":0.34439574201628054,
    "16":0.4383218534752661,
    "17":0.28177833437695676,
    "18":0.34439574201628054,
    "19":0.4070131496556042,
    "20":1.0018785222291797,
    "21":1.1897307451471508,
    "22":0.6574827802128992,
    "23":0.6574827802128992,
    "24":0.5635566687539135,
    "25":0.6887914840325611,
    "26":0.7514088916718847,
    "27":0.7514088916718847,
    "28":0.6887914840325611,
    "29":1.0331872260488417,
    "30":1.1897307451471508,
    "31":0.9079524107701942,
    "32":0.6261740763932373,
    "33":1.0331872260488417,
    "34":0.8766437069505322,
    "35":0.939261114589856,
    "36":1.127113337507827,
    "37":1.0018785222291797,
    "38":1.4715090795241077,
    "39":1.3462742642454604,
    "40":0.8140262993112084,
    "41":0.9079524107701942,
    "42":0.8140262993112084,
    "43":0.9705698184095178,
    "44":1.2523481527864746,
    "45":1.1897307451471508,
    "46":0.939261114589856,
    "47":0.8766437069505322,
    "48":1.127113337507827,
    "49":0.9079524107701942,
    "50":0.8453350031308704,
    "51":0.8766437069505322,
    "52":1.2210394489668128,
    "53":1.2523481527864746,
    "54":0.939261114589856,
    "55":1.1897307451471508,
    "56":1.1897307451471508,
    "57":1.3149655604257984,
    "58":1.0331872260488417,
    "59":1.1897307451471508,
    "60":0.939261114589856,
    "61":1.4715090795241077,
    "62":1.158422041327489,
    "63":1.0958046336881653,
    "64":1.0018785222291797,
    "65":1.3775829680651221,
    "66":0.8453350031308704,
    "67":1.3149655604257984,
    "68":0.8140262993112084,
    "69":1.0644959298685035,
    "70":1.0644959298685035,
    "71":0.6887914840325611,
    "72":0.9079524107701942,
    "73":1.1897307451471508,
    "74":0.5948653725735754,
    "75":0.720100187852223,
    "76":0.6887914840325611,
    "77":0.7514088916718847,
    "78":0.9079524107701942,
    "79":0.6261740763932373,
    "80":0.9705698184095178,
    "81":0.720100187852223,
    "82":0.6261740763932373,
    "83":0.5009392611145899,
    "84":0.5322479649342517,
    "85":0.6261740763932373,
    "86":0.37570444583594237,
    "87":0.6261740763932373,
    "88":0.5635566687539135,
    "89":0.5635566687539135,
    "90":0.5948653725735754,
    "91":0.5009392611145899,
    "92":0.37570444583594237,
    "93":0.469630557294928,
    "94":0.6574827802128992,
    "95":0.6261740763932373,
    "96":0.4383218534752661,
    "97":0.720100187852223,
    "98":0.5322479649342517,
    "99":0.5635566687539135,
    "100":0.5635566687539135,
    "101":0.5009392611145899,
    "102":0.28177833437695676,
    "103":0.31308703819661865,
    "104":0.25046963055729493,
    "105":0.28177833437695676,
    "106":0.469630557294928,
    "107":0.34439574201628054,
    "108":0.21916092673763304,
    "109":0.31308703819661865,
    "110":0.4070131496556042,
    "111":0.21916092673763304,
    "112":0.37570444583594237,
    "113":0.31308703819661865,
    "114":0.09392611145898559,
    "115":0.15654351909830932,
    "116":0.12523481527864747,
    "117":0.28177833437695676,
    "118":0.031308703819661866,
    "119":0.06261740763932373,
    "120":0.15654351909830932,
    "121":0.18785222291797118,
    "122":0.18785222291797118,
    "123":0.15654351909830932,
    "124":0.15654351909830932,
    "125":0.06261740763932373,
    "126":0.06261740763932373,
    "127":0.12523481527864747,
    "128":0.0,
    "129":0.12523481527864747,
    "130":0.12523481527864747,
    "131":0.09392611145898559,
    "132":0.12523481527864747,
    "133":0.28177833437695676,
    "134":0.12523481527864747,
    "135":0.06261740763932373,
    "136":0.12523481527864747,
    "137":0.031308703819661866,
    "138":0.09392611145898559,
    "139":0.12523481527864747,
    "140":0.18785222291797118,
    "141":0.12523481527864747,
    "142":0.12523481527864747,
    "143":0.12523481527864747,
    "144":0.031308703819661866,
    "145":0.15654351909830932,
    "146":0.12523481527864747,
    "147":0.09392611145898559,
    "148":0.15654351909830932,
    "149":0.0,
    "150":0.09392611145898559,
    "151":0.09392611145898559,
    "152":0.12523481527864747,
    "153":0.12523481527864747,
    "154":0.09392611145898559,
    "155":0.06261740763932373,
    "156":0.031308703819661866,
    "157":0.09392611145898559,
    "158":0.0,
    "159":0.15654351909830932,
    "160":0.21916092673763304,
    "161":0.12523481527864747,
    "162":0.031308703819661866,
    "163":0.06261740763932373,
    "164":0.06261740763932373,
    "165":0.0,
    "166":0.06261740763932373,
    "167":0.15654351909830932,
    "168":0.06261740763932373,
    "169":0.12523481527864747,
    "170":0.12523481527864747,
    "171":0.031308703819661866,
    "172":0.031308703819661866,
    "173":0.0,
    "174":0.06261740763932373,
    "175":0.06261740763932373,
    "176":0.031308703819661866,
    "177":0.06261740763932373,
    "178":0.031308703819661866,
    "179":0.031308703819661866,
    "180":0.031308703819661866,
    "181":0.0,
    "182":0.09392611145898559,
    "183":0.06261740763932373,
    "184":0.06261740763932373,
    "185":0.031308703819661866,
    "186":0.0,
    "187":0.09392611145898559,
    "188":0.031308703819661866,
    "189":0.06261740763932373,
    "190":0.031308703819661866,
    "191":0.06261740763932373,
    "192":0.031308703819661866,
    "193":0.031308703819661866,
    "194":0.031308703819661866,
    "195":0.031308703819661866,
    "196":0.06261740763932373,
    "197":0.031308703819661866,
    "198":0.031308703819661866,
    "199":0.031308703819661866,
    "200":0.06261740763932373,
    "201":0.0,
    "202":0.0,
    "203":0.12523481527864747,
    "204":0.06261740763932373,
    "205":0.031308703819661866,
    "206":0.06261740763932373,
    "207":0.12523481527864747,
    "208":0.0,
    "209":0.06261740763932373,
    "210":0.0,
    "211":0.0,
    "212":0.031308703819661866,
    "213":0.06261740763932373,
    "214":0.031308703819661866,
    "215":0.031308703819661866,
    "216":0.06261740763932373,
    "217":0.0,
    "218":0.0,
    "219":0.06261740763932373,
    "220":0.06261740763932373,
    "221":0.0,
    "222":0.12523481527864747,
    "223":0.031308703819661866,
    "224":0.031308703819661866,
    "225":0.031308703819661866,
    "226":0.031308703819661866,
    "227":0.06261740763932373,
    "228":0.031308703819661866,
    "229":0.15654351909830932,
    "230":0.0,
    "231":0.0,
    "232":0.06261740763932373,
    "233":0.031308703819661866,
    "234":0.0,
    "235":0.0,
    "236":0.031308703819661866,
    "237":0.0,
    "238":0.0,
    "239":0.031308703819661866,
    "240":0.0,
    "241":0.0,
    "242":0.0,
    "243":0.0,
    "244":0.0,
    "245":0.031308703819661866,
    "246":0.06261740763932373,
    "247":0.0,
    "248":0.0,
    "249":0.031308703819661866,
    "250":0.0,
    "251":0.0,
    "252":0.0,
    "253":0.0,
    "254":0.12523481527864747,
    "255":0.0,
    "256":0.031308703819661866,
    "257":0.0,
    "258":0.0,
    "259":0.0,
    "260":0.0,
    "261":0.031308703819661866,
    "262":0.0,
    "263":0.0,
    "264":0.0,
    "265":0.0,
    "266":0.031308703819661866,
    "267":0.0,
    "268":0.0,
    "269":0.0,
    "270":0.0,
    "271":0.0,
    "272":0.0,
    "273":0.0,
    "274":0.0,
    "275":0.031308703819661866,
    "276":0.0,
    "277":0.0,
    "278":0.0,
    "279":0.0,
    "280":0.0,
    "281":0.031308703819661866,
    "282":0.0,
    "283":0.0,
    "284":0.0,
    "285":0.0,
    "286":0.0,
    "287":0.0,
    "288":0.0,
    "289":0.0,
    "290":0.0,
    "291":0.0,
    "292":0.031308703819661866,
    "293":0.0,
    "294":0.0,
    "295":0.031308703819661866,
    "296":0.0,
    "297":0.0,
    "298":0.0,