{
    "0":4.9757499550925095,
    "1":2.856116400215556,
    "2":1.4190767019938926,
    "3":1.6346326567271423,
    "4":1.6885216454104544,
    "5":1.275372732171726,
    "6":0.5748158792886654,
    "7":0.2874079396443327,
    "8":0.2514819471887911,
    "9":0.4131489132387282,
    "10":0.35925992455541583,
    "11":0.6646308604275193,
    "12":0.9340758038440813,
    "13":1.0059277887551643,
    "14":1.2574097359439553,
    "15":1.455002694449434,
    "16":1.383150709538351,
    "17":1.2214837434884138,
    "18":1.455002694449434,
    "19":1.5268546793605173,
    "20":1.7424106340937668,
    "21":1.975929585054787,
    "22":1.6885216454104544,
    "23":1.2394467397161846,
    "24":1.7244476378659959,
    "25":1.275372732171726,
    "26":1.4729656906772048,
    "27":1.2214837434884138,
    "28":1.203520747260643,
    "29":1.1496317585773308,
    "30":1.4370396982216633,
    "31":1.4011137057661218,
    "32":1.5268546793605173,
    "33":1.5268546793605173,
    "34":1.6885216454104544,
    "35":1.5268546793605173,
    "36":1.293335728399497,
    "37":1.4729656906772048,
    "38":1.3651877133105803,
    "39":1.203520747260643,
    "40":1.455002694449434,
    "41":1.4011137057661218,
    "42":1.3292617208550386,
    "43":1.3292617208550386,
    "44":1.0418537812107058,
    "45":1.4729656906772048,
    "46":1.0418537812107058,
    "47":1.383150709538351,
    "48":1.023890784982935,
    "49":1.1855577510328723,
    "50":1.275372732171726,
    "51":1.0598167774384766,
    "52":0.8442608227052272,
    "53":1.0059277887551643,
    "54":1.0598167774384766,
    "55":1.0059277887551643,
    "56":1.1855577510328723,
    "57":1.1855577510328723,
    "58":1.0059277887551643,
    "59":0.772408837794144,
    "60":1.113705766121789,
    "61":0.9700017962996228,
    "62":0.8801868151607687,
    "63":0.9700017962996228,
    "64":0.8981498113885397,
    "65":0.7903718340219148,
    "66":0.8801868151607687,
    "67":0.772408837794144,
    "68":1.113705766121789,
    "69":0.6107418717442069,
    "70":0.7364828453386024,
    "71":0.5748158792886654,
    "72":0.44907490569426983,
    "73":0.5927788755164362,
    "74":0.4850008981498114,
    "75":0.44907490569426983,
    "76":0.43111190946649897,
    "77":0.32333393209987427,
    "78":0.4131489132387282,
    "79":0.4131489132387282,
    "80":0.32333393209987427,
    "81":0.37722292078318664,
    "82":0.30537093587210346,
    "83":0.35925992455541583,
    "84":0.3951859170109574,
    "85":0.2514819471887911,
    "86":0.37722292078318664,
    "87":0.35925992455541583,
    "88":0.1975929585054787,
    "89":0.14370396982216635,
    "90":0.1975929585054787,
    "91":0.21555595473324948,
    "92":0.17962996227770792,
    "93":0.14370396982216635,
    "94":0.10777797736662474,
    "95":0.16166696604993713,
    "96":0.23351895096102032,
    "97":0.14370396982216635,
    "98":0.16166696604993713,
    "99":0.1975929585054787,
    "100":0.16166696604993713,
    "101":0.12574097359439554,
    "102":0.07185198491108317,
    "103":0.10777797736662474,
    "104":0.10777797736662474,
    "105":0.10777797736662474,
    "106":0.10777797736662474,
    "107":0.03592599245554159,
    "108":0.10777797736662474,
    "109":0.08981498113885396,
    "110":0.10777797736662474,
    "111":0.16166696604993713,
    "112":0.10777797736662474,
    "113":0.08981498113885396,
    "114":0.03592599245554159,
    "115":0.0,
    "116":0.03592599245554159,
    "117":0.05388898868331237,
    "118":0.017962996227770794,
    "119":0.017962996227770794,
    "120":0.017962996227770794,
    "121":0.03592599245554159,
    "122":0.0,
    "123":0.0,
    "124":0.017962996227770794,
    "125":0.03592599245554159,
    "126":0.017962996227770794,
    "127":0.03592599245554159,
    "128":0.03592599245554159,
    "129":0.0,
    "130":0.05388898868331237,
    "131":0.0,
    "132":0.0,
    "133":0.017962996227770794,
    "134":0.017962996227770794,
    "135":0.017962996227770794,
    "136":0.0,
    "137":0.0,
    "138":0.0,
    "139":0.017962996227770794,
    "140":0.03592599245554159,
    "141":0.03592599245554159,
    "142":0.017962996227770794,
    "143":0.03592599245554159,
    "144":0.0,
    "145":0.017962996227770794,
    "146":0.03592599245554159,
    "147":0.05388898868331237,
    "148":0.0,
    "149":0.017962996227770794,
    "150":0.0,
    "151":0.0,
    "152":0.0,
    "153":0.017962996227770794,
    "154":0.0,
    "155":0.0,
    "156":0.017962996227770794,
    "157":0.05388898868331237,
    "158":0.0,
    "159":0.0,
    "160":0.0,
    "161":0.0,
    "162":0.0,
    "163":0.0,
    "164":0.0,
    "165":0.0,
    "166":0.0,
    "167":0.0,
    "168":0.0,
    "169":0.0,
    "170":0.0,
    "171":0.0,
    "172":0.0,
    "173":0.0,
    "174":0.0,
    "175":0.0,
    "176":0.0,
    "177":0.0,
    "178":0.0,
    "179":0.0,
    "180":0.0,
    "181":0.0,
    "182":0.0,
    "183":0.0,
    "184":0.0,
    "185":0.0,
    "186":0.0,
    "187":0.0,
    "188":0.0,
    "189":0.0,
    "190":0.0,
    "191":0.0,
    "192":0.0,
    "193":0.0,
    "194":0.0,
    "195":0.0,
    "196":0.0,
    "197":0.0,
    "198":0.0,
    "199":0.0,
    "200":0.0,
    "201":0.0,
    "202":0.0,
    "203":0.0,
    "204":0.0,
    "205":0.0,
    "206":0.0,
    "207":0.0,
    "208":0.0,
    "209":0.0,
    "210":0.0,
    "211":0.0,
    "212":0.0,
    "213":0.0,
    "214":0.0,
    "215":0.0,
    "216":0.0,
    "217":0.0,
    "218":0.0,
    "219":0.0,
    "220":0.0,
    "221":0.0,
    "222":0.0,
    "223":0.0,
    "224":0.0,
    "225":0.0,
    "226":0.0,
    "227":0.0,
    "228":0.0,
    "229":0.017962996227770794,
    "230":0.0,
    "231":0.0,
    "232":0.0,
    "233":0.0,
    "234":0.0,
    "235":0.0,
    "236":0.0,
    "237":0.0,
    "238":0.0,
    "239":0.0,
    "240":0.0,
    "241":0.0,
    "242":0.0,
    "243":0.0,
    "244":0.0,
    "245":0.0,
    "246":0.0,
    "247":0.0,
    "248":0.0,
    "249":0.0,
    "250":0.0,
    "251":0.0,
    "252":0.0,
    "253":0.0,
    "254":0.0,
    "255":0.0,
    "256":0.0,
    "257":0.0,
    "258":0.0,
    "259":0.0,
    "260":0.0,
    "261":0.0,
    "262":0.0,
    "263":0.0,
    "264":0.0,
    "265":0.0,
    "266":0.0,
    "267":0.0,
    "268":0.0,
    "269":0.0,
    "270":0.0,
    "271":0.0,
    "272":0.0,
    "273":0.0,
    "274":0.0,
    "275":0.0,
    "276":0.0,
    "277":0.0,
    "278":0.0,
    "279":0.0,
    "280":0.017962996227770794,
    "281":0.0,
    "282":0.0,
    "283":0.0,
    "284":0.0,
    "285":0.0,
    "286":0.0,
    "287":0.0,
    "288":0.0,
    "289":0.0,
    "290":0.0,
    "291":0.0,
    "292":0.0,
    "293":0.0,
    "294":0.0,
    "295":0.0,
    "296":0.0,
    "297":0.0,
    "298":0.0,
    "299":0.0,
    "300":0.0,
    "301":0.0,
    "302":0.0,
    "303":0.0,
    "304":0.0,
    "305":0.0,
    "306":0.0,
    "307":0.0,
    "308":0.0,
    "309":0.0,
    "310":0.017962996227770794,
    "311":0.017962996227770794,
    "312":0.0,
    "313":0.0,
    "314":0.0,
    "315":0.0,
    "316":0.0,
    "317":0.0,
    "318":0.0,
    "319":0.0,
    "320":0.0,
    "321":0.0,
    "322":0.0,
    "323":0.0,
    "324":0.0,
    "325":0.0,
    "326":0.0,
    "327":0.0,
    "328":0.0,
    "329":0.0,
    "330":0.0,
    "331":0.0,
    "332":0.0,
    "333":0.0,
    "334":0.0,
    "335":0.05388898868331237,
    "336":0.0,
    "337":0.0,
    "338":0.0,
    "339":0.017962996227770794,
    "340":0.0,
    "341":0.0,
    "342":0.0,
    "343":0.0,
    "344":0.0,
    "345":0.0,
    "346":0.0,
    "347":0.0
}