{
    "0":5.818852027382833,
    "1":4.133754607688258,
    "2":4.291732490784623,
    "3":1.8957345971563981,
    "4":0.421274354923644,
    "5":1.1848341232227488,
    "6":1.2374934175882044,
    "7":1.3164823591363874,
    "8":1.5007898894154819,
    "9":1.1321748288572933,
    "10":1.395471300684571,
    "11":1.5534491837809372,
    "12":1.5534491837809372,
    "13":1.7377567140600316,
    "14":1.8694049499736705,
    "15":1.8694049499736705,
    "16":2.0010531858873093,
    "17":1.7640863612427595,
    "18":1.5271195365982098,
    "19":2.238020010531859,
    "20":1.6061084781463928,
    "21":1.6324381253291207,
    "22":1.29015271195366,
    "23":1.1848341232227488,
    "24":1.1321748288572933,
    "25":1.2111637704054765,
    "26":1.05318588730911,
    "27":1.263823064770932,
    "28":1.29015271195366,
    "29":1.263823064770932,
    "30":1.4481305950500263,
    "31":1.29015271195366,
    "32":1.395471300684571,
    "33":1.5271195365982098,
    "34":1.474460242232754,
    "35":1.4218009478672986,
    "36":1.1585044760400212,
    "37":1.3428120063191153,
    "38":1.6587677725118484,
    "39":1.2374934175882044,
    "40":1.2374934175882044,
    "41":1.5534491837809372,
    "42":1.3164823591363874,
    "43":1.263823064770932,
    "44":1.1058451816745656,
    "45":1.1585044760400212,
    "46":1.1321748288572933,
    "47":1.263823064770932,
    "48":1.5007898894154819,
    "49":0.7635597682991049,
    "50":0.6845708267509215,
    "51":0.8162190626645603,
    "52":0.7635597682991049,
    "53":0.737230121116377,
    "54":0.34228541337546076,
    "55":0.2896261190100053,
    "56":0.23696682464454977,
    "57":0.210637177461822,
    "58":0.3686150605581885,
    "59":0.315955766192733,
    "60":0.105318588730911,
    "61":0.1579778830963665,
    "62":0.07898894154818326,
    "63":0.13164823591363875,
    "64":0.34228541337546076,
    "65":0.1579778830963665,
    "66":0.23696682464454977,
    "67":0.315955766192733,
    "68":0.210637177461822,
    "69":0.2632964718272775,
    "70":0.2632964718272775,
    "71":0.2632964718272775,
    "72":0.23696682464454977,
    "73":0.18430753027909424,
    "74":0.13164823591363875,
    "75":0.210637177461822,
    "76":0.1579778830963665,
    "77":0.210637177461822,
    "78":0.105318588730911,
    "79":0.07898894154818326,
    "80":0.0526592943654555,
    "81":0.18430753027909424,
    "82":0.0526592943654555,
    "83":0.0526592943654555,
    "84":0.13164823591363875,
    "85":0.07898894154818326,
    "86":0.0526592943654555,
    "87":0.0526592943654555,
    "88":0.18430753027909424,
    "89":0.23696682464454977,
    "90":0.07898894154818326,
    "91":0.210637177461822,
    "92":0.0526592943654555,
    "93":0.07898894154818326,
    "94":0.18430753027909424,
    "95":0.1579778830963665,
    "96":0.1579778830963665,
    "97":0.1579778830963665,
    "98":0.13164823591363875,
    "99":0.105318588730911,
    "100":0.1579778830963665,
    "101":0.07898894154818326,
    "102":0.210637177461822,
    "103":0.13164823591363875,
    "104":0.02632964718272775,
    "105":0.07898894154818326,
    "106":0.2632964718272775,
    "107":0.1579778830963665,
    "108":0.210637177461822,
    "109":0.02632964718272775,
    "110":0.105318588730911,
    "111":0.210637177461822,
    "112":0.105318588730911,
    "113":0.02632964718272775,
    "114":0.13164823591363875,
    "115":0.0526592943654555,
    "116":0.13164823591363875,
    "117":0.13164823591363875,
    "118":0.210637177461822,
    "119":0.0526592943654555,
    "120":0.1579778830963665,
    "121":0.105318588730911,
    "122":0.1579778830963665,
    "123":0.105318588730911,
    "124":0.18430753027909424,
    "125":0.105318588730911,
    "126":0.13164823591363875,
    "127":0.23696682464454977,
    "128":0.105318588730911,
    "129":0.1579778830963665,
    "130":0.07898894154818326,
    "131":0.210637177461822,
    "132":0.07898894154818326,
    "133":0.13164823591363875,
    "134":0.105318588730911,
    "135":0.13164823591363875,
    "136":0.07898894154818326,
    "137":0.13164823591363875,
    "138":0.13164823591363875,
    "139":0.1579778830963665,
    "140":0.105318588730911,
    "141":0.105318588730911,
    "142":0.0526592943654555,
    "143":0.07898894154818326,
    "144":0.07898894154818326,
    "145":0.105318588730911,
    "146":0.02632964718272775,
    "147":0.0526592943654555,
    "148":0.02632964718272775,
    "149":0.105318588730911,
    "150":0.02632964718272775,
    "151":0.02632964718272775,
    "152":0.07898894154818326,
    "153":0.0,
    "154":0.0,
    "155":0.0,
    "156":0.07898894154818326,
    "157":0.02632964718272775,
    "158":0.0526592943654555,
    "159":0.0,
    "160":0.1579778830963665,
    "161":0.02632964718272775,
    "162":0.13164823591363875,
    "163":0.13164823591363875,
    "164":0.0,
    "165":0.0,
    "166":0.02632964718272775,
    "167":0.07898894154818326,
    "168":0.0526592943654555,
    "169":0.02632964718272775,
    "170":0.0526592943654555,
    "171":0.0526592943654555,
    "172":0.0526592943654555,
    "173":0.02632964718272775,
    "174":0.0,
    "175":0.0,
    "176":0.13164823591363875,
    "177":0.02632964718272775,
    "178":0.0,
    "179":0.02632964718272775,
    "180":0.02632964718272775,
    "181":0.0,
    "182":0.0,
    "183":0.0,
    "184":0.0,
    "185":0.0,
    "186":0.02632964718272775,
    "187":0.0,
    "188":0.02632964718272775,
    "189":0.07898894154818326,
    "190":0.0,
    "191":0.02632964718272775,
    "192":0.02632964718272775,
    "193":0.02632964718272775,
    "194":0.0,
    "195":0.0,
    "196":0.0,
    "197":0.0,
    "198":0.13164823591363875,
    "199":0.0,
    "200":0.0,
    "201":0.0,
    "202":0.0,
    "203":0.0,
    "204":0.0,
    "205":0.0,
    "206":0.0,
    "207":0.0,
    "208":0.0,
    "209":0.0,
    "210":0.0,
    "211":0.0,
    "212":0.0,
    "213":0.0,
    "214":0.0,
    "215":0.0,
    "216":0.0,
    "217":0.0,
    "218":0.0,
    "219":0.0,
    "220":0.0,
    "221":0.0,
    "222":0.0,
    "223":0.0,
    "224":0.0,
    "225":0.0,
    "226":0.0,
    "227":0.0,
    "228":0.0,
    "229":0.0,
    "230":0.0,
    "231":0.0,
    "232":0.0,
    "233":0.0,
    "234":0.0,
    "235":0.0,
    "236":0.0,
    "237":0.0,
    "238":0.0,
    "239":0.0,
    "240":0.0,
    "241":0.0,
    "242":0.0,
    "243":0.0,
    "244":0.0,
    "245":0.0,
    "246":0.0,
    "247":0.0,
    "248":0.0,
    "249":0.0,
    "250":0.0,
    "251":0.0,
    "252":0.0,
    "253":0.0,
    "254":0.0,
    "255":0.0,
    "256":0.0,
    "257":0.0,
    "258":0.0,
    "259":0.0,
    "260":0.0,
    "261":0.0,
    "262":0.0,
    "263":0.0,
    "264":0.0,
    "265":0.0,
    "266":0.0,
    "267":0.0,
    "268":0.0,
    "269":0.0,
    "270":0.0,
    "271":0.0,
    "272":0.0,
    "273":0.0,
    "274":0.0,
    "275":0.0,
    "276":0.0,
    "277":0.0,
    "278":0.0,
    "279":0.0,
    "280":0.0,
    "281":0.0,
    "282":0.0,
    "283":0.0,
    "284":0.0,
    "285":0.0,
    "286":0.0,
    "287":0.0,
    "288":0.0,
    "289":0.0,
    "290":0.0,
    "291":0.0,
    "292":0.0,
    "293":0.0,
    "294":0.0,
    "295":0.0,
    "296":0.0,
    "297":0.0,
    "298":0.0,
    "299":0.0,
    "300":0.0,
    "301":0.0,
    "302":0.0,
    "303":0.0,
    "304":0.0,
    "305":0.02632964718272775,
    "306":0.02632964718272775,
    "307":0.0,
    "308":0.0,
    "309":0.0,
    "310":0.0,
    "311":0.02632964718272775,
    "312":0.0,
    "313":0.0,
    "314":0.0,
    "315":0.02632964718272775,
    "316":0.0,
    "317":0.0,
    "318":0.0,
    "319":0.0,
    "320":0.0,
    "321":0.0,
    "322":0.0,
    "323":0.0,
    "324":0.0,
    "325":0.0,
    "326":0.0,
    "327":0.0,
    "328":0.0,
    "329":0.0,
    "330":0.0,
    "331":0.02632964718272775,
    "332":0.0,
    "333":0.0,
    "334":0.02632964718272775,
    "335":0.02632964718272775,
    "336":0.02632964718272775,
    "337":0.0,
    "338":0.0,
    "339":0.02632964718272775,
    "340":0.0,
    "341":0.0,
    "342":0.0,
    "343":0.0,
    "344":0.0,
    "345":0.0,
    "346":0.02632964718272775,
    "347":0.0,