{
    "0":9.94267287710498,
    "1":2.5438910784664994,
    "2":0.19706198495163021,
    "3":0.14331780723754925,
    "4":0.10748835542816196,
    "5":0.17914725904693657,
    "6":0.35829451809387314,
    "7":0.5911859548548907,
    "8":0.5911859548548907,
    "9":1.1286277319957005,
    "10":1.1107130060910069,
    "11":1.4331780723754926,
    "12":1.307774991042637,
    "13":1.2719455392332497,
    "14":1.164457183805088,
    "15":0.7703332139018273,
    "16":0.9136510211393766,
    "17":1.1823719097097813,
    "18":0.9136510211393766,
    "19":0.895736295234683,
    "20":0.895736295234683,
    "21":0.841992117520602,
    "22":0.8061626657112146,
    "23":0.6628448584736654,
    "24":0.573271228950197,
    "25":0.6628448584736654,
    "26":0.8240773916159082,
    "27":1.0569688283769259,
    "28":1.3973486205661052,
    "29":1.2361160874238624,
    "30":1.146542457900394,
    "31":1.2182013615191687,
    "32":1.1823719097097813,
    "33":1.1107130060910069,
    "34":1.361519168756718,
    "35":1.1286277319957005,
    "36":1.361519168756718,
    "37":1.0748835542816195,
    "38":1.092798280186313,
    "39":0.9494804729487639,
    "40":1.6302400573271227,
    "41":0.895736295234683,
    "42":1.522751701898961,
    "43":1.361519168756718,
    "44":1.415263346470799,
    "45":1.2002866356144752,
    "46":1.0211393765675385,
    "47":1.2182013615191687,
    "48":1.2182013615191687,
    "49":1.0211393765675385,
    "50":1.1823719097097813,
    "51":0.9136510211393766,
    "52":0.9673951988534576,
    "53":0.9673951988534576,
    "54":0.9136510211393766,
    "55":0.627015406664278,
    "56":0.5016123253314224,
    "57":0.46578287352203507,
    "58":0.7165890361877463,
    "59":0.680759584378359,
    "60":0.5911859548548907,
    "61":0.6986743102830526,
    "62":0.6986743102830526,
    "63":0.8061626657112146,
    "64":0.573271228950197,
    "65":0.6449301325689717,
    "66":0.680759584378359,
    "67":0.5911859548548907,
    "68":0.6449301325689717,
    "69":0.5016123253314224,
    "70":0.42995342171264783,
    "71":0.39412396990326043,
    "72":0.4836975994267288,
    "73":0.6449301325689717,
    "74":0.37620924399856687,
    "75":0.4836975994267288,
    "76":0.4478681476173415,
    "77":0.627015406664278,
    "78":0.3045503403797922,
    "79":0.35829451809387314,
    "80":0.37620924399856687,
    "81":0.37620924399856687,
    "82":0.3403797921891795,
    "83":0.4120386958079541,
    "84":0.3403797921891795,
    "85":0.4120386958079541,
    "86":0.21497671085632392,
    "87":0.23289143676101753,
    "88":0.2508061626657112,
    "89":0.19706198495163021,
    "90":0.2687208885704049,
    "91":0.2687208885704049,
    "92":0.21497671085632392,
    "93":0.2687208885704049,
    "94":0.21497671085632392,
    "95":0.19706198495163021,
    "96":0.17914725904693657,
    "97":0.19706198495163021,
    "98":0.2508061626657112,
    "99":0.2866356144750985,
    "100":0.21497671085632392,
    "101":0.3045503403797922,
    "102":0.3403797921891795,
    "103":0.17914725904693657,
    "104":0.32246506628448585,
    "105":0.16123253314224292,
    "106":0.17914725904693657,
    "107":0.23289143676101753,
    "108":0.2687208885704049,
    "109":0.16123253314224292,
    "110":0.16123253314224292,
    "111":0.19706198495163021,
    "112":0.14331780723754925,
    "113":0.19706198495163021,
    "114":0.21497671085632392,
    "115":0.19706198495163021,
    "116":0.16123253314224292,
    "117":0.19706198495163021,
    "118":0.2508061626657112,
    "119":0.08957362952346828,
    "120":0.2866356144750985,
    "121":0.2866356144750985,
    "122":0.16123253314224292,
    "123":0.16123253314224292,
    "124":0.21497671085632392,
    "125":0.07165890361877462,
    "126":0.2687208885704049,
    "127":0.16123253314224292,
    "128":0.07165890361877462,
    "129":0.17914725904693657,
    "130":0.1254030813328556,
    "131":0.14331780723754925,
    "132":0.19706198495163021,
    "133":0.16123253314224292,
    "134":0.23289143676101753,
    "135":0.17914725904693657,
    "136":0.08957362952346828,
    "137":0.21497671085632392,
    "138":0.14331780723754925,
    "139":0.19706198495163021,
    "140":0.37620924399856687,
    "141":0.10748835542816196,
    "142":0.08957362952346828,
    "143":0.21497671085632392,
    "144":0.07165890361877462,
    "145":0.10748835542816196,
    "146":0.17914725904693657,
    "147":0.10748835542816196,
    "148":0.2508061626657112,
    "149":0.16123253314224292,
    "150":0.17914725904693657,
    "151":0.10748835542816196,
    "152":0.14331780723754925,
    "153":0.08957362952346828,
    "154":0.10748835542816196,
    "155":0.2508061626657112,
    "156":0.16123253314224292,
    "157":0.17914725904693657,
    "158":0.2508061626657112,
    "159":0.1254030813328556,
    "160":0.10748835542816196,
    "161":0.16123253314224292,
    "162":0.05374417771408098,
    "163":0.10748835542816196,
    "164":0.08957362952346828,
    "165":0.10748835542816196,
    "166":0.05374417771408098,
    "167":0.10748835542816196,
    "168":0.10748835542816196,
    "169":0.14331780723754925,
    "170":0.10748835542816196,
    "171":0.16123253314224292,
    "172":0.17914725904693657,
    "173":0.08957362952346828,
    "174":0.1254030813328556,
    "175":0.1254030813328556,
    "176":0.1254030813328556,
    "177":0.10748835542816196,
    "178":0.10748835542816196,
    "179":0.08957362952346828,
    "180":0.07165890361877462,
    "181":0.05374417771408098,
    "182":0.1254030813328556,
    "183":0.14331780723754925,
    "184":0.21497671085632392,
    "185":0.07165890361877462,
    "186":0.1254030813328556,
    "187":0.1254030813328556,
    "188":0.08957362952346828,
    "189":0.08957362952346828,
    "190":0.05374417771408098,
    "191":0.19706198495163021,
    "192":0.05374417771408098,
    "193":0.017914725904693656,
    "194":0.05374417771408098,
    "195":0.08957362952346828,
    "196":0.07165890361877462,
    "197":0.14331780723754925,
    "198":0.03582945180938731,
    "199":0.017914725904693656,
    "200":0.03582945180938731,
    "201":0.017914725904693656,
    "202":0.05374417771408098,
    "203":0.10748835542816196,
    "204":0.03582945180938731,
    "205":0.017914725904693656,
    "206":0.0,
    "207":0.017914725904693656,
    "208":0.03582945180938731,
    "209":0.03582945180938731,
    "210":0.0,
    "211":0.017914725904693656,
    "212":0.017914725904693656,
    "213":0.0,
    "214":0.03582945180938731,
    "215":0.0,
    "216":0.03582945180938731,
    "217":0.03582945180938731,
    "218":0.07165890361877462,
    "219":0.0,
    "220":0.0,
    "221":0.017914725904693656,
    "222":0.0,
    "223":0.017914725904693656,
    "224":0.03582945180938731,
    "225":0.0,
    "226":0.0,
    "227":0.0,
    "228":0.0,
    "229":0.0,
    "230":0.0,
    "231":0.0,
    "232":0.0,
    "233":0.0,
    "234":0.0,
    "235":0.0,
    "236":0.0,
    "237":0.0,
    "238":0.0,
    "239":0.0,
    "240":0.0,
    "241":0.0,
    "242":0.0,
    "243":0.0,
    "244":0.0,
    "245":0.0,
    "246":0.0,
    "247":0.0,
    "248":0.0,
    "249":0.0,
    "250":0.0,
    "251":0.0,
    "252":0.0,
    "253":0.017914725904693656,
    "254":0.0,
    "255":0.0,
    "256":0.0,
    "257":0.0,
    "258":0.0,
    "259":0.0,
    "260":0.0,
    "261":0.0,
    "262":0.0
}