{
    "0":2.7232425585813806,
    "1":1.8841038632045597,
    "2":0.44331855604813175,
    "3":2.264091196960101,
    "4":2.2165927802406586,
    "5":1.3457884737175427,
    "6":2.1849271690943635,
    "7":1.8366054464851171,
    "8":2.311589613679544,
    "9":2.3274224192526916,
    "10":2.137428752374921,
    "11":2.0424319189360354,
    "12":1.044965167827739,
    "13":1.155794806839772,
    "14":1.124129195693477,
    "15":0.9816339455351488,
    "16":0.7599746675110829,
    "17":0.6808106396453452,
    "18":0.6966434452184928,
    "19":0.8708043065231159,
    "20":1.013299556681444,
    "21":1.0766307789740341,
    "22":1.2191260291323622,
    "23":1.2982900569981,
    "24":1.6782773907536415,
    "25":1.4566181127295756,
    "26":1.4724509183027232,
    "27":1.6149461684610515,
    "28":1.662444585180494,
    "29":1.5991133628879037,
    "30":1.2982900569981,
    "31":1.8207726409119698,
    "32":1.8366054464851171,
    "33":1.5674477517416086,
    "34":1.662444585180494,
    "35":1.6941101963267893,
    "36":1.266624445851805,
    "37":1.124129195693477,
    "38":1.155794806839772,
    "39":1.0607979734008866,
    "40":1.0766307789740341,
    "41":0.9499683343888538,
    "42":0.9341355288157062,
    "43":0.7916402786573782,
    "44":0.6333122229259025,
    "45":0.7758074730842305,
    "46":0.6808106396453452,
    "47":0.6174794173527549,
    "48":0.902469917669411,
    "49":0.5699810006333123,
    "50":0.6333122229259025,
    "51":0.9499683343888538,
    "52":0.5858138062064598,
    "53":0.42748575047498416,
    "54":0.6174794173527549,
    "55":0.3483217226092464,
    "56":0.3483217226092464,
    "57":0.44331855604813175,
    "58":0.42748575047498416,
    "59":0.41165294490183657,
    "60":0.5858138062064598,
    "61":0.41165294490183657,
    "62":0.42748575047498416,
    "63":0.4591513616212793,
    "64":0.37998733375554145,
    "65":0.44331855604813175,
    "66":0.42748575047498416,
    "67":0.3641545281823939,
    "68":0.2849905003166561,
    "69":0.44331855604813175,
    "70":0.6333122229259025,
    "71":0.5224825839138695,
    "72":0.3958201393286891,
    "73":0.4591513616212793,
    "74":0.5383153894870171,
    "75":0.3958201393286891,
    "76":0.4591513616212793,
    "77":0.4749841671944269,
    "78":0.4591513616212793,
    "79":0.44331855604813175,
    "80":0.4591513616212793,
    "81":0.42748575047498416,
    "82":0.506649778340722,
    "83":0.44331855604813175,
    "84":0.4908169727675744,
    "85":0.30082330588980366,
    "86":0.5224825839138695,
    "87":0.3958201393286891,
    "88":0.4591513616212793,
    "89":0.3324889170360988,
    "90":0.3641545281823939,
    "91":0.3483217226092464,
    "92":0.41165294490183657,
    "93":0.3958201393286891,
    "94":0.3483217226092464,
    "95":0.4591513616212793,
    "96":0.31665611146295125,
    "97":0.42748575047498416,
    "98":0.44331855604813175,
    "99":0.3641545281823939,
    "100":0.41165294490183657,
    "101":0.41165294490183657,
    "102":0.3958201393286891,
    "103":0.3483217226092464,
    "104":0.37998733375554145,
    "105":0.23749208359721344,
    "106":0.3324889170360988,
    "107":0.253324889170361,
    "108":0.23749208359721344,
    "109":0.23749208359721344,
    "110":0.253324889170361,
    "111":0.30082330588980366,
    "112":0.3324889170360988,
    "113":0.1266624445851805,
    "114":0.253324889170361,
    "115":0.22165927802406588,
    "116":0.1741608613046232,
    "117":0.253324889170361,
    "118":0.20582647245091829,
    "119":0.22165927802406588,
    "120":0.2849905003166561,
    "121":0.031665611146295125,
    "122":0.031665611146295125,
    "123":0.1266624445851805,
    "124":0.11082963901203294,
    "125":0.07916402786573781,
    "126":0.015832805573147563,
    "127":0.22165927802406588,
    "128":0.1266624445851805,
    "129":0.1266624445851805,
    "130":0.06333122229259025,
    "131":0.20582647245091829,
    "132":0.11082963901203294,
    "133":0.15832805573147563,
    "134":0.04749841671944268,
    "135":0.07916402786573781,
    "136":0.09499683343888536,
    "137":0.18999366687777072,
    "138":0.07916402786573781,
    "139":0.09499683343888536,
    "140":0.031665611146295125,
    "141":0.11082963901203294,
    "142":0.06333122229259025,
    "143":0.07916402786573781,
    "144":0.04749841671944268,
    "145":0.04749841671944268,
    "146":0.015832805573147563,
    "147":0.04749841671944268,
    "148":0.07916402786573781,
    "149":0.09499683343888536,
    "150":0.015832805573147563,
    "151":0.0,
    "152":0.015832805573147563,
    "153":0.015832805573147563,
    "154":0.0,
    "155":0.0,
    "156":0.04749841671944268,
    "157":0.015832805573147563,
    "158":0.0,
    "159":0.015832805573147563,
    "160":0.0,
    "161":0.015832805573147563,
    "162":0.015832805573147563,
    "163":0.015832805573147563,
    "164":0.0,
    "165":0.015832805573147563,
    "166":0.0,
    "167":0.0,
    "168":0.015832805573147563,
    "169":0.031665611146295125,
    "170":0.0,
    "171":0.0,
    "172":0.015832805573147563,
    "173":0.031665611146295125,
    "174":0.031665611146295125,
    "175":0.0,
    "176":0.0,
    "177":0.015832805573147563,
    "178":0.015832805573147563,
    "179":0.0,
    "180":0.0,
    "181":0.031665611146295125,
    "182":0.0,
    "183":0.0,
    "184":0.0,
    "185":0.0,
    "186":0.04749841671944268,
    "187":0.015832805573147563,
    "188":0.0,
    "189":0.015832805573147563,
    "190":0.0,
    "191":0.0,
    "192":0.015832805573147563,
    "193":0.0,
    "194":0.0,
    "195":0.015832805573147563,
    "196":0.0,
    "197":0.0,
    "198":0.0,
    "199":0.0,
    "200":0.015832805573147563,
    "201":0.015832805573147563,
    "202":0.0,
    "203":0.0,
    "204":0.015832805573147563,
    "205":0.0,
    "206":0.0,
    "207":0.015832805573147563,
    "208":0.0,
    "209":0.015832805573147563,
    "210":0.0,
    "211":0.0,
    "212":0.0,
    "213":0.0,
    "214":0.0,
    "215":0.0,
    "216":0.015832805573147563,
    "217":0.031665611146295125,
    "218":0.0,
    "219":0.015832805573147563,
    "220":0.0,
    "221":0.015832805573147563,
    "222":0.0,
    "223":0.015832805573147563,
    "224":0.015832805573147563,
    "225":0.0,
    "226":0.0,
    "227":0.0,
    "228":0.015832805573147563,
    "229":0.0,
    "230":0.015832805573147563,
    "231":0.0,
    "232":0.015832805573147563,
    "233":0.0,
    "234":0.015832805573147563,
    "235":0.0,
    "236":0.0,
    "237":0.031665611146295125,
    "238":0.0,
    "239":0.0,
    "240":0.0,
    "241":0.015832805573147563,
    "242":0.0,
    "243":0.0,
    "244":0.015832805573147563,
    "245":0.015832805573147563,
    "246":0.031665611146295125,
    "247":0.0,
    "248":0.015832805573147563,
    "249":0.0,
    "250":0.0,
    "251":0.0,
    "252":0.015832805573147563,
    "253":0.0,
    "254":0.0,
    "255":0.015832805573147563,
    "256":0.0,
    "257":0.015832805573147563,
    "258":0.0,
    "259":0.06333122229259025,
    "260":0.0,
    "261":0.0,
    "262":0.0,
    "263":0.0,
    "264":0.0,
    "265":0.0,
    "266":0.0,
    "267":0.0,
    "268":0.0,
    "269":0.0,
    "270":0.0,
    "271":0.0,
    "272":0.0,
    "273":0.0,
    "274":0.0,
    "275":0.0,
    "276":0.0,
    "277":0.0,
    "278":0.0,
    "279":0.0,
    "280":0.0,
    "281":0.0,
    "282":0.0,
    "283":0.0,
    "284":0.0,
    "285":0.0,
    "286":0.0,
    "287":0.0,
    "288":0.0,
    "289":0.0,
    "290":0.0,
    "291":0.015832805573147563,
    "292":0.0,
    "293":0.0,
    "294":0.0,
    "295":0.0,
    "296":0.0,
    "297":0.015832805573147563,
    "298":0.0,
    "299":0.0,
    "300":0.0,
    "301":0.0,
    "302":0.0,
    "303":0.0,
    "304":0.0,
    "305":0.0,
    "306":0.0,
    "307":0.0,
    "308":0.0,
    "309":0.015832805573147563,
    "310":0.015832805573147563,
    "311":0.0,
    "312":0.0,
    "313":0.0,
    "314":0.0,
    "315":0.0,
    "316":0.015832805573147563,
    "317":0.0,
    "318":0.0,
    "319":0.015832805573147563,
    "320":0.0,
    "321":0.0,
    "322":0.0,
    "323":0.0,
    "324":0.0,
    "325":0.0,
    "326":0.0,