{
    "0":3.6070740675888633,
    "1":2.4338994922080195,
    "2":0.07004027315706532,
    "3":0.33269129749606025,
    "4":0.6128523901243215,
    "5":0.4727718438101909,
    "6":0.7529329364384522,
    "7":0.7354228681491858,
    "8":1.0856242339345124,
    "9":1.488355804587638,
    "10":1.2432148485379093,
    "11":1.4008054631413063,
    "12":1.173174575380844,
    "13":1.173174575380844,
    "14":1.068114165645246,
    "15":1.173174575380844,
    "16":0.9455436876203818,
    "17":0.6653825949921205,
    "18":0.963053755909648,
    "19":0.963053755909648,
    "20":0.963053755909648,
    "21":1.120644370513045,
    "22":1.0856242339345124,
    "23":1.0155839607774468,
    "24":0.9980738924881808,
    "25":1.0506040973559796,
    "26":0.7879530730169847,
    "27":0.963053755909648,
    "28":1.0155839607774468,
    "29":0.8755034144633165,
    "30":0.9455436876203818,
    "31":0.5953423218350551,
    "32":0.8229732095955175,
    "33":0.6828926632813868,
    "34":0.8755034144633165,
    "35":0.7704430047277184,
    "36":0.8579933461740501,
    "37":0.9805638241989144,
    "38":0.9280336193311154,
    "39":0.7704430047277184,
    "40":1.0506040973559796,
    "41":0.8579933461740501,
    "42":0.9280336193311154,
    "43":0.7879530730169847,
    "44":0.9980738924881808,
    "45":0.8229732095955175,
    "46":1.0155839607774468,
    "47":1.0506040973559796,
    "48":1.068114165645246,
    "49":0.6303624584135878,
    "50":1.2607249168271757,
    "51":1.1556645070915776,
    "52":0.9280336193311154,
    "53":1.1906846436701102,
    "54":1.068114165645246,
    "55":1.2607249168271757,
    "56":1.120644370513045,
    "57":0.963053755909648,
    "58":1.120644370513045,
    "59":0.9280336193311154,
    "60":0.910523551041849,
    "61":1.1031343022237787,
    "62":1.0330940290667132,
    "63":0.9280336193311154,
    "64":0.8755034144633165,
    "65":0.7179127998599194,
    "66":1.1906846436701102,
    "67":1.0330940290667132,
    "68":1.0856242339345124,
    "69":0.8054631413062511,
    "70":0.910523551041849,
    "71":0.910523551041849,
    "72":0.7879530730169847,
    "73":0.6828926632813868,
    "74":0.8579933461740501,
    "75":0.8579933461740501,
    "76":0.5778322535457888,
    "77":0.8229732095955175,
    "78":0.5077919803887234,
    "79":0.7179127998599194,
    "80":0.6828926632813868,
    "81":0.6128523901243215,
    "82":0.6478725267028541,
    "83":0.6653825949921205,
    "84":0.7879530730169847,
    "85":0.6828926632813868,
    "86":0.5603221852565226,
    "87":0.5603221852565226,
    "88":0.5077919803887234,
    "89":0.9455436876203818,
    "90":0.5953423218350551,
    "91":0.40273157065312554,
    "92":0.2626510243389949,
    "93":0.40273157065312554,
    "94":0.35020136578532657,
    "95":0.2801610926282613,
    "96":0.4202416389423919,
    "97":0.2451409560497286,
    "98":0.2451409560497286,
    "99":0.4202416389423919,
    "100":0.2626510243389949,
    "101":0.33269129749606025,
    "102":0.5077919803887234,
    "103":0.3677114340745929,
    "104":0.35020136578532657,
    "105":0.35020136578532657,
    "106":0.3151812292067939,
    "107":0.1926107511819296,
    "108":0.2626510243389949,
    "109":0.35020136578532657,
    "110":0.35020136578532657,
    "111":0.3852215023638592,
    "112":0.2801610926282613,
    "113":0.35020136578532657,
    "114":0.33269129749606025,
    "115":0.21012081947119596,
    "116":0.14008054631413064,
    "117":0.17510068289266328,
    "118":0.1926107511819296,
    "119":0.10506040973559798,
    "120":0.10506040973559798,
    "121":0.08755034144633164,
    "122":0.08755034144633164,
    "123":0.1225704780248643,
    "124":0.1225704780248643,
    "125":0.05253020486779899,
    "126":0.03502013657853266,
    "127":0.05253020486779899,
    "128":0.10506040973559798,
    "129":0.1225704780248643,
    "130":0.07004027315706532,
    "131":0.10506040973559798,
    "132":0.1926107511819296,
    "133":0.15759061460339696,
    "134":0.10506040973559798,
    "135":0.05253020486779899,
    "136":0.0,
    "137":0.05253020486779899,
    "138":0.05253020486779899,
    "139":0.08755034144633164,
    "140":0.08755034144633164,
    "141":0.05253020486779899,
    "142":0.08755034144633164,
    "143":0.03502013657853266,
    "144":0.05253020486779899,
    "145":0.03502013657853266,
    "146":0.08755034144633164,
    "147":0.07004027315706532,
    "148":0.01751006828926633,
    "149":0.08755034144633164,
    "150":0.01751006828926633,
    "151":0.10506040973559798,
    "152":0.08755034144633164,
    "153":0.07004027315706532,
    "154":0.07004027315706532,
    "155":0.07004027315706532,
    "156":0.05253020486779899,
    "157":0.08755034144633164,
    "158":0.05253020486779899,
    "159":0.08755034144633164,
    "160":0.05253020486779899,
    "161":0.07004027315706532,
    "162":0.08755034144633164,
    "163":0.03502013657853266,
    "164":0.07004027315706532,
    "165":0.05253020486779899,
    "166":0.03502013657853266,
    "167":0.10506040973559798,
    "168":0.08755034144633164,
    "169":0.10506040973559798,
    "170":0.05253020486779899,
    "171":0.07004027315706532,
    "172":0.07004027315706532,
    "173":0.05253020486779899,
    "174":0.0,
    "175":0.07004027315706532,
    "176":0.05253020486779899,
    "177":0.05253020486779899,
    "178":0.10506040973559798,
    "179":0.0,
    "180":0.01751006828926633,
    "181":0.01751006828926633,
    "182":0.07004027315706532,
    "183":0.05253020486779899,
    "184":0.05253020486779899,
    "185":0.05253020486779899,
    "186":0.05253020486779899,
    "187":0.05253020486779899,
    "188":0.03502013657853266,
    "189":0.15759061460339696,
    "190":0.01751006828926633,
    "191":0.05253020486779899,
    "192":0.03502013657853266,
    "193":0.03502013657853266,
    "194":0.08755034144633164,
    "195":0.0,
    "196":0.03502013657853266,
    "197":0.03502013657853266,
    "198":0.07004027315706532,
    "199":0.03502013657853266,
    "200":0.01751006828926633,
    "201":0.03502013657853266,
    "202":0.0,
    "203":0.01751006828926633,
    "204":0.05253020486779899,
    "205":0.03502013657853266,
    "206":0.01751006828926633,
    "207":0.03502013657853266,
    "208":0.03502013657853266,
    "209":0.03502013657853266,
    "210":0.01751006828926633,
    "211":0.01751006828926633,
    "212":0.03502013657853266,
    "213":0.01751006828926633,
    "214":0.03502013657853266,
    "215":0.03502013657853266,
    "216":0.0,
    "217":0.05253020486779899,
    "218":0.0,
    "219":0.0,
    "220":0.0,
    "221":0.01751006828926633,
    "222":0.0,
    "223":0.0,
    "224":0.0,
    "225":0.01751006828926633,
    "226":0.07004027315706532,
    "227":0.0,
    "228":0.0,
    "229":0.0,
    "230":0.0,
    "231":0.01751006828926633,
    "232":0.0,
    "233":0.0,
    "234":0.0,
    "235":0.0,
    "236":0.0,
    "237":0.0,
    "238":0.0,
    "239":0.0,
    "240":0.0,
    "241":0.0,
    "242":0.01751006828926633,
    "243":0.0,
    "244":0.0,
    "245":0.0,
    "246":0.0,
    "247":0.0,
    "248":0.0,
    "249":0.0,
    "250":0.0,
    "251":0.0,
    "252":0.0,
    "253":0.0,
    "254":0.0,
    "255":0.0,
    "256":0.0,
    "257":0.0,
    "258":0.0,
    "259":0.0,
    "260":0.0,
    "261":0.0,
    "262":0.0,
    "263":0.0,
    "264":0.0,
    "265":0.0,
    "266":0.0,
    "267":0.0,
    "268":0.0,
    "269":0.0,
    "270":0.0,
    "271":0.0,
    "272":0.0,
    "273":0.0,
    "274":0.0,
    "275":0.0,
    "276":0.0,
    "277":0.0,
    "278":0.0,
    "279":0.0,
    "280":0.0,
    "281":0.0,
    "282":0.0,
    "283":0.0,
    "284":0.0,
    "285":0.0,
    "286":0.0,
    "287":0.0,
    "288":0.0,
    "289":0.0,
    "290":0.0,
    "291":0.0,
    "292":0.0,
    "293":0.0,
    "294":0.0,
    "295":0.0,
    "296":0.0,
    "297":0.0,
    "298":0.0,
    "299":0.0,
    "300":0.0,
    "301":0.0,
    "302":0.0,
    "303":0.0,
    "304":0.0,
    "305":0.0,
    "306":0.0,
    "307":0.0,
    "308":0.0,
    "309":0.0,
    "310":0.0,
    "311":0.0,
    "312":0.0,
    "313":0.0,
    "314":0.0,
    "315":0.0,
    "316":0.0,