{
    "0":3.4929050366443164,
    "1":3.009511928894433,
    "2":2.0427257133946672,
    "3":1.5437392795883362,
    "4":1.4969593014189926,
    "5":2.7912053641041634,
    "6":1.1850927802900357,
    "7":1.1227194760642445,
    "8":1.8400124746608453,
    "9":1.6528925619834711,
    "10":1.5905192577576797,
    "11":1.6840792140963667,
    "12":1.559332605644784,
    "13":2.2142523000155934,
    "14":2.401372212692967,
    "15":2.2766256042413846,
    "16":2.1206923436769065,
    "17":1.9803524091688756,
    "18":2.245438952128489,
    "19":2.027132387338219,
    "20":2.3857788866365195,
    "21":1.9335724309995324,
    "22":1.7620458443786058,
    "23":1.2474660845158272,
    "24":1.5749259317012316,
    "25":1.559332605644784,
    "26":1.7152658662092626,
    "27":0.9979728676126618,
    "28":1.559332605644784,
    "29":1.5125526274754406,
    "30":1.2942460626851706,
    "31":1.4813659753625448,
    "32":1.263059410572275,
    "33":1.169499454233588,
    "34":1.1227194760642445,
    "35":0.9200062373304226,
    "36":1.0447528457820054,
    "37":0.9511928894433184,
    "38":1.0447528457820054,
    "39":0.8732262591610791,
    "40":0.9044129112739748,
    "41":0.6861063464837049,
    "42":0.9511928894433184,
    "43":0.8420396070481834,
    "44":0.7172929985966007,
    "45":0.6861063464837049,
    "46":0.6393263683143614,
    "47":0.7484796507094963,
    "48":0.9667862154997662,
    "49":0.6237330422579136,
    "50":0.9200062373304226,
    "51":0.6081397162014658,
    "52":0.6549196943708093,
    "53":0.7016996725401528,
    "54":0.8732262591610791,
    "55":0.7484796507094963,
    "56":0.7952596288788398,
    "57":0.7172929985966007,
    "58":0.6237330422579136,
    "59":0.6237330422579136,
    "60":0.5457664119756744,
    "61":0.3118665211289568,
    "62":0.32745984718540466,
    "63":0.34305317324185247,
    "64":0.35864649929830034,
    "65":0.34305317324185247,
    "66":0.5301730859192266,
    "67":0.35864649929830034,
    "68":0.29627319507250893,
    "69":0.20271323873382194,
    "70":0.3118665211289568,
    "71":0.2806798690160611,
    "72":0.12474660845158272,
    "73":0.09355995633868704,
    "74":0.10915328239513489,
    "75":0.12474660845158272,
    "76":0.14033993450803056,
    "77":0.18711991267737407,
    "78":0.18711991267737407,
    "79":0.2338998908467176,
    "80":0.1559332605644784,
    "81":0.24949321690316545,
    "82":0.17152658662092624,
    "83":0.17152658662092624,
    "84":0.09355995633868704,
    "85":0.20271323873382194,
    "86":0.18711991267737407,
    "87":0.20271323873382194,
    "88":0.18711991267737407,
    "89":0.1559332605644784,
    "90":0.06237330422579136,
    "91":0.21830656479026977,
    "92":0.1559332605644784,
    "93":0.12474660845158272,
    "94":0.09355995633868704,
    "95":0.12474660845158272,
    "96":0.21830656479026977,
    "97":0.09355995633868704,
    "98":0.0779666302822392,
    "99":0.09355995633868704,
    "100":0.06237330422579136,
    "101":0.0779666302822392,
    "102":0.1559332605644784,
    "103":0.03118665211289568,
    "104":0.03118665211289568,
    "105":0.06237330422579136,
    "106":0.09355995633868704,
    "107":0.06237330422579136,
    "108":0.06237330422579136,
    "109":0.12474660845158272,
    "110":0.0779666302822392,
    "111":0.06237330422579136,
    "112":0.14033993450803056,
    "113":0.0779666302822392,
    "114":0.1559332605644784,
    "115":0.12474660845158272,
    "116":0.0779666302822392,
    "117":0.10915328239513489,
    "118":0.09355995633868704,
    "119":0.06237330422579136,
    "120":0.14033993450803056,
    "121":0.1559332605644784,
    "122":0.1559332605644784,
    "123":0.0779666302822392,
    "124":0.12474660845158272,
    "125":0.04677997816934352,
    "126":0.09355995633868704,
    "127":0.14033993450803056,
    "128":0.06237330422579136,
    "129":0.06237330422579136,
    "130":0.04677997816934352,
    "131":0.10915328239513489,
    "132":0.0779666302822392,
    "133":0.1559332605644784,
    "134":0.09355995633868704,
    "135":0.10915328239513489,
    "136":0.0779666302822392,
    "137":0.04677997816934352,
    "138":0.04677997816934352,
    "139":0.10915328239513489,
    "140":0.04677997816934352,
    "141":0.04677997816934352,
    "142":0.10915328239513489,
    "143":0.10915328239513489,
    "144":0.06237330422579136,
    "145":0.01559332605644784,
    "146":0.01559332605644784,
    "147":0.0779666302822392,
    "148":0.01559332605644784,
    "149":0.04677997816934352,
    "150":0.0779666302822392,
    "151":0.0779666302822392,
    "152":0.10915328239513489,
    "153":0.04677997816934352,
    "154":0.10915328239513489,
    "155":0.06237330422579136,
    "156":0.06237330422579136,
    "157":0.0779666302822392,
    "158":0.10915328239513489,
    "159":0.10915328239513489,
    "160":0.0,
    "161":0.03118665211289568,
    "162":0.04677997816934352,
    "163":0.06237330422579136,
    "164":0.06237330422579136,
    "165":0.0779666302822392,
    "166":0.06237330422579136,
    "167":0.09355995633868704,
    "168":0.01559332605644784,
    "169":0.04677997816934352,
    "170":0.12474660845158272,
    "171":0.03118665211289568,
    "172":0.01559332605644784,
    "173":0.04677997816934352,
    "174":0.03118665211289568,
    "175":0.09355995633868704,
    "176":0.04677997816934352,
    "177":0.03118665211289568,
    "178":0.0779666302822392,
    "179":0.0779666302822392,
    "180":0.04677997816934352,
    "181":0.04677997816934352,
    "182":0.0779666302822392,
    "183":0.0779666302822392,
    "184":0.0,
    "185":0.06237330422579136,
    "186":0.0779666302822392,
    "187":0.0779666302822392,
    "188":0.03118665211289568,
    "189":0.10915328239513489,
    "190":0.01559332605644784,
    "191":0.03118665211289568,
    "192":0.03118665211289568,
    "193":0.01559332605644784,
    "194":0.03118665211289568,
    "195":0.04677997816934352,
    "196":0.01559332605644784,
    "197":0.04677997816934352,
    "198":0.04677997816934352,
    "199":0.06237330422579136,
    "200":0.04677997816934352,
    "201":0.04677997816934352,
    "202":0.06237330422579136,
    "203":0.03118665211289568,
    "204":0.01559332605644784,
    "205":0.14033993450803056,
    "206":0.04677997816934352,
    "207":0.09355995633868704,
    "208":0.06237330422579136,
    "209":0.04677997816934352,
    "210":0.04677997816934352,
    "211":0.01559332605644784,
    "212":0.0,
    "213":0.06237330422579136,
    "214":0.01559332605644784,
    "215":0.01559332605644784,
    "216":0.01559332605644784,
    "217":0.04677997816934352,
    "218":0.01559332605644784,
    "219":0.01559332605644784,
    "220":0.01559332605644784,
    "221":0.01559332605644784,
    "222":0.0,
    "223":0.03118665211289568,
    "224":0.01559332605644784,
    "225":0.04677997816934352,
    "226":0.0779666302822392,
    "227":0.0,
    "228":0.03118665211289568,
    "229":0.06237330422579136,
    "230":0.0,
    "231":0.03118665211289568,
    "232":0.0,
    "233":0.0,
    "234":0.0,
    "235":0.0,
    "236":0.0,
    "237":0.0,
    "238":0.0,
    "239":0.01559332605644784,
    "240":0.0,
    "241":0.0,
    "242":0.0,
    "243":0.01559332605644784,
    "244":0.03118665211289568,
    "245":0.01559332605644784,
    "246":0.0,
    "247":0.01559332605644784,
    "248":0.01559332605644784,
    "249":0.0,
    "250":0.01559332605644784,
    "251":0.0,
    "252":0.0,
    "253":0.0,
    "254":0.0,
    "255":0.0,
    "256":0.0,
    "257":0.0,
    "258":0.01559332605644784,
    "259":0.0,
    "260":0.01559332605644784,
    "261":0.0,
    "262":0.0,
    "263":0.0,
    "264":0.01559332605644784,
    "265":0.0,
    "266":0.0,
    "267":0.0,
    "268":0.0,
    "269":0.0,
    "270":0.0,
    "271":0.0,
    "272":0.03118665211289568,
    "273":0.0,
    "274":0.0,
    "275":0.01559332605644784,
    "276":0.01559332605644784,
    "277":0.0,
    "278":0.0,
    "279":0.03118665211289568,
    "280":0.0,
    "281":0.01559332605644784,
    "282":0.0,
    "283":0.0,
    "284":0.0,
    "285":0.0,
    "286":0.0,
    "287":0.0,
    "288":0.0,
    "289":0.0,