{
    "0":0.03785011355034065,
    "1":1.2112036336109009,
    "2":3.709311127933384,
    "3":0.11355034065102196,
    "4":1.2112036336109009,
    "5":1.7789553368660105,
    "6":4.201362604087812,
    "7":5.071915215745648,
    "8":3.3308099924299777,
    "9":3.8228614685844056,
    "10":3.557910673732021,
    "11":3.3308099924299777,
    "12":2.498107494322483,
    "13":2.195306585919758,
    "14":2.043906131718395,
    "15":1.854655563966692,
    "16":2.535957607872824,
    "17":2.2710068130204393,
    "18":2.498107494322483,
    "19":2.535957607872824,
    "20":2.384557153671461,
    "21":2.460257380772142,
    "22":1.7411052233156699,
    "23":1.8925056775170326,
    "24":2.157456472369417,
    "25":1.5518546555639667,
    "26":1.854655563966692,
    "27":1.7411052233156699,
    "28":1.4383043149129449,
    "29":1.514004542013626,
    "30":1.2112036336109009,
    "31":1.17335352006056,
    "32":0.34065102195306585,
    "33":0.4920514761544285,
    "34":0.34065102195306585,
    "35":0.4920514761544285,
    "36":0.34065102195306585,
    "37":0.34065102195306585,
    "38":0.6056018168054504,
    "39":0.6813020439061317,
    "40":0.5677517032551098,
    "41":0.7191521574564724,
    "42":0.757002271006813,
    "43":0.45420136260408783,
    "44":0.757002271006813,
    "45":0.757002271006813,
    "46":0.6056018168054504,
    "47":0.45420136260408783,
    "48":0.5677517032551098,
    "49":0.22710068130204392,
    "50":0.6056018168054504,
    "51":0.3785011355034065,
    "52":0.4163512490537472,
    "53":0.6056018168054504,
    "54":0.6056018168054504,
    "55":0.4920514761544285,
    "56":0.6434519303557911,
    "57":0.45420136260408783,
    "58":0.6056018168054504,
    "59":0.6813020439061317,
    "60":0.6434519303557911,
    "61":0.6434519303557911,
    "62":0.6434519303557911,
    "63":0.45420136260408783,
    "64":0.6056018168054504,
    "65":0.6056018168054504,
    "66":0.45420136260408783,
    "67":0.5677517032551098,
    "68":0.5299015897047691,
    "69":0.45420136260408783,
    "70":0.3028009084027252,
    "71":0.5677517032551098,
    "72":0.6813020439061317,
    "73":0.5677517032551098,
    "74":0.1514004542013626,
    "75":0.18925056775170326,
    "76":0.34065102195306585,
    "77":0.22710068130204392,
    "78":0.3028009084027252,
    "79":0.18925056775170326,
    "80":0.18925056775170326,
    "81":0.18925056775170326,
    "82":0.3028009084027252,
    "83":0.3028009084027252,
    "84":0.18925056775170326,
    "85":0.3785011355034065,
    "86":0.18925056775170326,
    "87":0.22710068130204392,
    "88":0.1514004542013626,
    "89":0.11355034065102196,
    "90":0.0757002271006813,
    "91":0.11355034065102196,
    "92":0.03785011355034065,
    "93":0.1514004542013626,
    "94":0.18925056775170326,
    "95":0.11355034065102196,
    "96":0.11355034065102196,
    "97":0.3028009084027252,
    "98":0.0757002271006813,
    "99":0.03785011355034065,
    "100":0.11355034065102196,
    "101":0.03785011355034065,
    "102":0.0757002271006813,
    "103":0.03785011355034065,
    "104":0.03785011355034065,
    "105":0.11355034065102196,
    "106":0.0,
    "107":0.0757002271006813,
    "108":0.18925056775170326,
    "109":0.1514004542013626,
    "110":0.03785011355034065,
    "111":0.22710068130204392,
    "112":0.1514004542013626,
    "113":0.11355034065102196,
    "114":0.0757002271006813,
    "115":0.0,
    "116":0.0757002271006813,
    "117":0.0,
    "118":0.0,
    "119":0.0,
    "120":0.0,
    "121":0.0,
    "122":0.0,
    "123":0.0,
    "124":0.0
}