{
    "0":14.131126670910248,
    "1":0.7001909611712286,
    "2":1.20942075111394,
    "3":3.946530872056015,
    "4":5.155951623169956,
    "5":0.6365372374283895,
    "6":0.9548058561425843,
    "7":0.5092297899427116,
    "8":0.6365372374283895,
    "9":0.5728835136855506,
    "10":0.19096117122851686,
    "11":0.0,
    "12":1.0184595798854232,
    "13":2.41884150222788,
    "14":2.41884150222788,
    "15":2.737110120942075,
    "16":3.3099936346276255,
    "17":2.673456397199236,
    "18":3.500954805856143,
    "19":3.1190324633991087,
    "20":3.882877148313176,
    "21":3.500954805856143,
    "22":2.9917250159134308,
    "23":3.755569700827498,
    "24":3.1826861871419476,
    "25":2.673456397199236,
    "26":1.782304264799491,
    "27":1.464035646085296,
    "28":1.273074474856779,
    "29":1.273074474856779,
    "30":0.9548058561425843,
    "31":1.8459579885423298,
    "32":1.273074474856779,
    "33":1.20942075111394,
    "34":1.0821133036282622,
    "35":1.718650541056652,
    "36":0.5728835136855506,
    "37":0.5728835136855506,
    "38":1.0821133036282622,
    "39":0.7638446849140674,
    "40":0.7001909611712286,
    "41":0.6365372374283895,
    "42":0.5092297899427116,
    "43":0.5728835136855506,
    "44":0.6365372374283895,
    "45":0.6365372374283895,
    "46":0.19096117122851686,
    "47":0.31826861871419476,
    "48":0.2546148949713558,
    "49":0.2546148949713558,
    "50":0.7638446849140674,
    "51":0.5092297899427116,
    "52":0.31826861871419476,
    "53":0.6365372374283895,
    "54":0.2546148949713558,
    "55":0.3819223424570337,
    "56":0.19096117122851686,
    "57":0.4455760661998727,
    "58":0.5728835136855506,
    "59":0.2546148949713558,
    "60":0.5728835136855506,
    "61":0.4455760661998727,
    "62":0.3819223424570337,
    "63":0.2546148949713558,
    "64":0.4455760661998727,
    "65":0.0,
    "66":0.06365372374283895,
    "67":0.0,
    "68":0.0,
    "69":0.06365372374283895,
    "70":0.0,
    "71":0.06365372374283895,
    "72":0.0,
    "73":0.06365372374283895,
    "74":0.06365372374283895,
    "75":0.1273074474856779,
    "76":0.1273074474856779,
    "77":0.19096117122851686,
    "78":0.0,
    "79":0.0,
    "80":0.06365372374283895,
    "81":0.0,
    "82":0.19096117122851686,
    "83":0.0,
    "84":0.06365372374283895,
    "85":0.0,
    "86":0.0,
    "87":0.1273074474856779,
    "88":0.0,
    "89":0.06365372374283895,
    "90":0.0,
    "91":0.06365372374283895,
    "92":0.06365372374283895,
    "93":0.0,
    "94":0.19096117122851686,
    "95":0.0,
    "96":0.06365372374283895,
    "97":0.06365372374283895,
    "98":0.0,
    "99":0.0,
    "100":0.0,
    "101":0.0,
    "102":0.0,
    "103":0.06365372374283895,
    "104":0.0,
    "105":0.0,
    "106":0.0,
    "107":0.0,
    "108":0.0,
    "109":0.0,
    "110":0.0,
    "111":0.0,
    "112":0.0,
    "113":0.0,
    "114":0.0,
    "115":0.06365372374283895,
    "116":0.0,
    "117":0.0,
    "118":0.0,
    "119":0.0,
    "120":0.0,
    "121":0.0,
    "122":0.0,
    "123":0.0,
    "124":0.0,
    "125":0.0,
    "126":0.0,
    "127":0.0,
    "128":0.0,
    "129":0.0,
    "130":0.0,
    "131":0.0,
    "132":0.0,
    "133":0.0,
    "134":0.0,
    "135":0.0,
    "136":0.0,
    "137":0.0,
    "138":0.0,
    "139":0.0,
    "140":0.0,
    "141":0.06365372374283895,
    "142":0.0,
    "143":0.0,
    "144":0.0,
    "145":0.0,
    "146":0.0,
    "147":0.0,
    "148":0.0,
    "149":0.0,
    "150":0.06365372374283895,
    "151":0.0,
    "152":0.0,
    "153":0.0,
    "154":0.0,
    "155":0.19096117122851686,
    "156":0.0,
    "157":0.0,
    "158":0.0,
    "159":0.0,
    "160":0.0,
    "161":0.0,
    "162":0.0,
    "163":0.0
}