{
    "0":0.43103448275862066,
    "1":0.0,
    "2":0.0,
    "3":0.0,
    "4":0.0,
    "5":0.0,
    "6":0.0,
    "7":0.0,
    "8":0.0,
    "9":0.0,
    "10":0.0,
    "11":0.0,
    "12":0.0,
    "13":0.43103448275862066,
    "14":2.1551724137931036,
    "15":2.586206896551724,
    "16":2.586206896551724,
    "17":4.310344827586207,
    "18":2.586206896551724,
    "19":2.1551724137931036,
    "20":4.741379310344827,
    "21":1.7241379310344827,
    "22":3.8793103448275863,
    "23":4.310344827586207,
    "24":3.4482758620689653,
    "25":4.310344827586207,
    "26":3.4482758620689653,
    "27":2.1551724137931036,
    "28":1.293103448275862,
    "29":2.586206896551724,
    "30":1.293103448275862,
    "31":0.0,
    "32":0.0,
    "33":3.0172413793103448,
    "34":1.293103448275862,
    "35":2.586206896551724,
    "36":0.43103448275862066,
    "37":1.7241379310344827,
    "38":1.293103448275862,
    "39":0.43103448275862066,
    "40":0.43103448275862066,
    "41":1.293103448275862,
    "42":3.0172413793103448,
    "43":0.0,
    "44":1.293103448275862,
    "45":0.8620689655172413,
    "46":1.293103448275862,
    "47":1.7241379310344827,
    "48":1.293103448275862,
    "49":0.43103448275862066,
    "50":1.293103448275862,
    "51":1.7241379310344827,
    "52":1.7241379310344827,
    "53":0.8620689655172413,
    "54":0.43103448275862066,
    "55":1.7241379310344827,
    "56":0.43103448275862066,
    "57":1.293103448275862,
    "58":1.7241379310344827,
    "59":1.7241379310344827,
    "60":1.7241379310344827,
    "61":0.43103448275862066,
    "62":1.293103448275862,
    "63":1.293103448275862,
    "64":0.43103448275862066,
    "65":1.7241379310344827,
    "66":0.43103448275862066,
    "67":0.0,
    "68":0.0,
    "69":0.8620689655172413,
    "70":0.43103448275862066,
    "71":0.43103448275862066,
    "72":0.43103448275862066,
    "73":0.0,
    "74":1.293103448275862,
    "75":0.43103448275862066,
    "76":0.0,
    "77":0.8620689655172413,
    "78":2.1551724137931036,
    "79":0.0,
    "80":0.0,
    "81":0.0,
    "82":0.0,
    "83":0.0,
    "84":0.0,
    "85":0.0,
    "86":0.0
}