{
    "0":0.0,
    "1":47.1907145125592,
    "2":52.437507447180906,
    "3":50.758197264144805,
    "4":88.80625662018123,
    "5":71.62389297736726,
    "6":84.08365834377692,
    "7":86.655436900603,
    "8":84.52461444887074,
    "9":52.33523284649158,
    "10":71.6407225510713,
    "11":75.56102433387282,
    "12":89.17351545092382,
    "13":61.57466674477423,
    "14":79.10898346284634,
    "15":72.41675703861418,
    "16":49.89492819019442,
    "17":58.65687348024534,
    "18":81.29070845227479,
    "19":48.44431921680383,
    "20":56.03508849835495,
    "21":66.12123268527276,
    "22":45.36276751972531,
    "23":69.92629248696659,
    "24":83.29344592032224,
    "25":58.84060697934381,
    "26":50.92799953885083,
    "27":54.13966079457099,
    "28":75.97702134453185,
    "29":73.36170927884669,
    "30":73.15365323137968,
    "31":73.65984550365843,
    "32":54.501971570483356,
    "33":76.12501033375557,
    "34":89.33755128905003,
    "35":52.492791659012525,
    "36":48.14160180121625,
    "37":57.14322975580841,
    "38":45.83583293834428,
    "39":74.86691254848672,
    "40":57.2437098341847,
    "41":47.20508079597285,
    "42":46.3602947918597,
    "43":59.76869536926117,
    "44":88.91673307757894,
    "45":56.483734165489054,
    "46":79.96128032278261,
    "47":62.94576518114715,
    "48":75.49958056339445,
    "49":80.8726972244544,
    "50":69.37881681308936,
    "51":51.253803574402475,
    "52":82.08294432323554,
    "53":82.45039454665077,
    "54":80.71353805350387,
    "55":75.77540417900819,
    "56":90.25982630039479,
    "57":90.51148092222152,
    "58":90.51148092222152,
    "59":90.51148092222152,
    "60":27.482000026210383,
    "61":23.227753111200816,
    "62":25.597236327388977,
    "63":22.38604442118997,
    "64":24.571635250388375,
    "65":28.308776445179987,
    "66":31.756772806771412,
    "67":20.53675784838845,
    "68":33.51739768117303,
    "69":28.639719785504187,
    "70":17.55595669399261,
    "71":24.04393225499405,
    "72":29.523085051110332,
    "73":32.26773696982773,
    "74":28.345949468888794,
    "75":29.083093783758592,
    "76":25.56184935891021,
    "77":24.49268564010476,
    "78":17.430093473991217,
    "79":22.817624118830484,
    "80":20.632576659144576,
    "81":19.298557332968038,
    "82":30.322729747424532,
    "83":29.624504780252586,
    "84":23.015610012330296,
    "85":20.559460720337853,
    "86":32.763579073657134,
    "87":24.146937732931832,
    "88":32.53054036744609,
    "89":25.874974891808527,
    "90":25.823970256948474,
    "91":33.75086643327586,
    "92":33.75086643327586,
    "93":33.75086643327586,
    "94":33.75086643327586,
    "95":16.74779739027015,
    "96":9.40715332360584,
    "97":17.92739450770567,
    "98":17.704855385204198,
    "99":10.71082855916453,
    "100":14.478506886466759,
    "101":17.162851812290405,
    "102":16.534857505406816,
    "103":11.856966873727165,
    "104":10.929402239141094,
    "105":13.476267397971986,
    "106":15.80711279751652,
    "107":15.758698640008088,
    "108":11.72804520653688,
    "109":13.908735607122653,
    "110":12.45035294844437,
    "111":15.087967556079997,
    "112":10.834014856869883,
    "113":12.38073009829744,
    "114":10.216714262572982,
    "115":11.198360102932236,
    "116":9.189629767723256,
    "117":17.19664706042217,
    "118":14.096322096426523,
    "119":17.159811001697985,
    "120":16.12549363304065,
    "121":12.046095926930267,
    "122":15.672185601067042,
    "123":14.101453742032973,
    "124":17.420991251558462,
    "125":15.8065770646821,
    "126":15.861254265688947,
    "127":14.366526480217356,
    "128":13.716577276357926,
    "129":13.308392170590079,
    "130":14.981408061262508,
    "131":13.88077240909065,
    "132":14.573076571807286,
    "133":9.103745539736613,
    "134":13.86154041147468,
    "135":15.111825054033693,
    "136":14.90410071315948,
    "137":17.962709264190238,
    "138":11.25728633830749,
    "139":14.661942977837375,
    "140":17.97172460744431,
    "141":14.74429685761134
}