{
    "0":0.7831487982716717,
    "1":13.664596273291925,
    "2":3.537672157709965,
    "3":4.80691331352957,
    "4":3.888738860383473,
    "5":1.8633540372670807,
    "6":2.3224412638401297,
    "7":2.808533621388064,
    "8":2.349446394815015,
    "9":2.94355927626249,
    "10":2.6735079665136374,
    "11":3.753713205509047,
    "12":3.9697542533081283,
    "13":3.483661895760194,
    "14":3.0515798001620307,
    "15":3.159600324061572,
    "16":3.321631109910883,
    "17":2.889549014312719,
    "18":2.9705644072373754,
    "19":2.349446394815015,
    "20":2.7005130974885225,
    "21":2.160410477990818,
    "22":2.403456656764785,
    "23":1.4582770726438024,
    "24":1.2692411558196057,
    "25":1.053200108020524,
    "26":1.3232514177693762,
    "27":1.053200108020524,
    "28":1.3232514177693762,
    "29":0.9721847150958682,
    "30":1.053200108020524,
    "31":1.404266810694032,
    "32":0.837159060221442,
    "33":0.7291385363219012,
    "34":0.9181744531460978,
    "35":0.6481231433972455,
    "36":0.7831487982716717,
    "37":0.4050769646232784,
    "38":0.7561436672967864,
    "39":0.5671077504725899,
    "40":0.4860923575479341,
    "41":0.4050769646232784,
    "42":0.2970564407237375,
    "43":0.43208209559816363,
    "44":0.5401026194977046,
    "45":0.4860923575479341,
    "46":0.32406157169862276,
    "47":0.3780718336483932,
    "48":0.2970564407237375,
    "49":0.43208209559816363,
    "50":0.2970564407237375,
    "51":0.21604104779908181,
    "52":0.16203078584931138,
    "53":0.13502565487442614,
    "54":0.10802052389954091,
    "55":0.16203078584931138,
    "56":0.13502565487442614,
    "57":0.027005130974885227,
    "58":0.027005130974885227,
    "59":0.10802052389954091,
    "60":0.10802052389954091,
    "61":0.0,
    "62":0.0,
    "63":0.0,
    "64":0.0,
    "65":0.0,
    "66":0.0,
    "67":0.0,
    "68":0.0,
    "69":0.0,
    "70":0.0,
    "71":0.027005130974885227,
    "72":0.0,
    "73":0.0,
    "74":0.0,
    "75":0.0,
    "76":0.0,
    "77":0.0,
    "78":0.0,
    "79":0.0
}