{
    "0":5.176336746302616,
    "1":0.11376564277588168,
    "2":0.05688282138794084,
    "3":0.7963594994311717,
    "4":1.422070534698521,
    "5":1.877133105802048,
    "6":0.0,
    "7":0.11376564277588168,
    "8":0.05688282138794084,
    "9":0.0,
    "10":0.11376564277588168,
    "11":0.22753128555176336,
    "12":1.5358361774744027,
    "13":1.422070534698521,
    "14":1.5358361774744027,
    "15":2.04778156996587,
    "16":1.9340159271899888,
    "17":1.763367463026166,
    "18":1.422070534698521,
    "19":1.8202502844141069,
    "20":1.763367463026166,
    "21":1.5927189988623434,
    "22":1.5927189988623434,
    "23":1.2514220705346986,
    "24":0.7394766780432309,
    "25":0.4550625711035267,
    "26":0.4550625711035267,
    "27":1.1945392491467577,
    "28":0.9670079635949944,
    "29":1.1376564277588168,
    "30":1.1376564277588168,
    "31":0.7963594994311717,
    "32":0.8532423208191127,
    "33":0.5688282138794084,
    "34":0.7963594994311717,
    "35":0.5119453924914675,
    "36":0.7963594994311717,
    "37":1.1376564277588168,
    "38":0.9101251422070534,
    "39":1.0807736063708762,
    "40":0.9101251422070534,
    "41":0.7394766780432309,
    "42":0.9670079635949944,
    "43":1.0807736063708762,
    "44":1.0807736063708762,
    "45":0.9101251422070534,
    "46":1.0807736063708762,
    "47":0.7963594994311717,
    "48":1.023890784982935,
    "49":1.023890784982935,
    "50":1.1945392491467577,
    "51":0.5688282138794084,
    "52":0.9670079635949944,
    "53":1.3651877133105803,
    "54":0.7963594994311717,
    "55":1.0807736063708762,
    "56":0.9101251422070534,
    "57":0.7963594994311717,
    "58":1.023890784982935,
    "59":0.7963594994311717,
    "60":0.7394766780432309,
    "61":1.4789533560864618,
    "62":1.422070534698521,
    "63":1.023890784982935,
    "64":1.0807736063708762,
    "65":0.6825938566552902,
    "66":0.7963594994311717,
    "67":1.2514220705346986,
    "68":1.1945392491467577,
    "69":1.3083048919226392,
    "70":0.9101251422070534,
    "71":0.7394766780432309,
    "72":0.5688282138794084,
    "73":0.9101251422070534,
    "74":1.1376564277588168,
    "75":1.023890784982935,
    "76":0.7963594994311717,
    "77":0.7394766780432309,
    "78":1.023890784982935,
    "79":0.6257110352673493,
    "80":1.1376564277588168,
    "81":0.9670079635949944,
    "82":0.5688282138794084,
    "83":0.4550625711035267,
    "84":0.6257110352673493,
    "85":0.39817974971558584,
    "86":0.8532423208191127,
    "87":0.3412969283276451,
    "88":0.6257110352673493,
    "89":0.7394766780432309,
    "90":0.9101251422070534,
    "91":0.8532423208191127,
    "92":0.5119453924914675,
    "93":0.9101251422070534,
    "94":0.2844141069397042,
    "95":0.5119453924914675,
    "96":0.2844141069397042,
    "97":0.22753128555176336,
    "98":0.7963594994311717,
    "99":0.6825938566552902,
    "100":0.7963594994311717,
    "101":0.39817974971558584,
    "102":0.11376564277588168,
    "103":0.05688282138794084,
    "104":0.3412969283276451,
    "105":0.3412969283276451,
    "106":0.22753128555176336,
    "107":0.2844141069397042,
    "108":0.17064846416382254,
    "109":0.22753128555176336,
    "110":0.11376564277588168,
    "111":0.22753128555176336,
    "112":0.17064846416382254,
    "113":0.22753128555176336,
    "114":0.11376564277588168,
    "115":0.05688282138794084,
    "116":0.22753128555176336,
    "117":0.11376564277588168,
    "118":0.3412969283276451,
    "119":0.11376564277588168,
    "120":0.22753128555176336,
    "121":0.0,
    "122":0.0,
    "123":0.0,
    "124":0.0,
    "125":0.0,
    "126":0.0,
    "127":0.0,
    "128":0.0,
    "129":0.0,
    "130":0.0,
    "131":0.0,
    "132":0.0,
    "133":0.0,
    "134":0.0,
    "135":0.05688282138794084,
    "136":0.0,
    "137":0.0,
    "138":0.0,
    "139":0.0,
    "140":0.0,
    "141":0.0,
    "142":0.0,
    "143":0.05688282138794084,
    "144":0.05688282138794084,
    "145":0.11376564277588168,
    "146":0.0,
    "147":0.0,
    "148":0.05688282138794084,
    "149":0.0,
    "150":0.0,
    "151":0.0,
    "152":0.0,
    "153":0.0,
    "154":0.0,
    "155":0.0,
    "156":0.0,
    "157":0.0,
    "158":0.0,
    "159":0.0,
    "160":0.0,
    "161":0.0,
    "162":0.0,
    "163":0.0,
    "164":0.0,
    "165":0.0,
    "166":0.0,
    "167":0.0,
    "168":0.0,
    "169":0.0,
    "170":0.0,
    "171":0.05688282138794084,
    "172":0.0,
    "173":0.0,
    "174":0.0,
    "175":0.0,
    "176":0.05688282138794084,
    "177":0.22753128555176336,
    "178":0.0,
    "179":0.0,
    "180":0.0,
    "181":0.0,
    "182":0.0,
    "183":0.0,
    "184":0.0,
    "185":0.0,
    "186":0.0
}