{
    "0":9.692307692307692,
    "1":10.923076923076923,
    "2":0.0,
    "3":0.15384615384615385,
    "4":0.0,
    "5":0.7692307692307693,
    "6":1.8461538461538463,
    "7":0.7692307692307693,
    "8":1.5384615384615385,
    "9":0.6153846153846154,
    "10":0.6153846153846154,
    "11":0.3076923076923077,
    "12":2.307692307692308,
    "13":1.8461538461538463,
    "14":1.6923076923076923,
    "15":1.2307692307692308,
    "16":1.3846153846153846,
    "17":2.6153846153846154,
    "18":2.923076923076923,
    "19":3.076923076923077,
    "20":4.153846153846154,
    "21":3.6923076923076925,
    "22":3.6923076923076925,
    "23":2.769230769230769,
    "24":2.1538461538461537,
    "25":2.1538461538461537,
    "26":2.4615384615384617,
    "27":2.4615384615384617,
    "28":2.0,
    "29":2.1538461538461537,
    "30":2.307692307692308,
    "31":2.307692307692308,
    "32":2.307692307692308,
    "33":2.307692307692308,
    "34":2.4615384615384617,
    "35":1.5384615384615385,
    "36":1.6923076923076923,
    "37":1.8461538461538463,
    "38":1.0769230769230769,
    "39":0.3076923076923077,
    "40":0.15384615384615385,
    "41":0.46153846153846156,
    "42":0.0,
    "43":0.3076923076923077,
    "44":0.6153846153846154,
    "45":0.46153846153846156,
    "46":0.9230769230769231,
    "47":0.15384615384615385,
    "48":0.15384615384615385,
    "49":0.3076923076923077,
    "50":0.6153846153846154,
    "51":0.15384615384615385,
    "52":0.15384615384615385,
    "53":0.3076923076923077,
    "54":0.3076923076923077,
    "55":0.15384615384615385,
    "56":0.6153846153846154,
    "57":0.6153846153846154,
    "58":0.7692307692307693,
    "59":0.3076923076923077,
    "60":0.0,
    "61":0.15384615384615385,
    "62":0.3076923076923077,
    "63":0.6153846153846154,
    "64":0.46153846153846156,
    "65":0.15384615384615385,
    "66":0.6153846153846154,
    "67":0.0,
    "68":0.0,
    "69":0.0,
    "70":0.0,
    "71":0.0,
    "72":0.0,
    "73":0.0,
    "74":0.0,
    "75":0.0
}