{
    "0":0.0,
    "1":19.910328384092388,
    "2":29.953235123996887,
    "3":20.31709348697927,
    "4":28.35050011721718,
    "5":27.87688963478438,
    "6":27.03906682190009,
    "7":19.64319933195117,
    "8":21.543780367385725,
    "9":16.687227251075146,
    "10":28.458431122442352,
    "11":21.54191750470531,
    "12":31.172438545731854,
    "13":17.918111361793088,
    "14":17.5987492153878,
    "15":24.801488327904345,
    "16":23.60667996542446,
    "17":20.99703996000502,
    "18":30.58495034342062,
    "19":19.766031285333554,
    "20":29.761871750374695,
    "21":18.99249259034641,
    "22":17.726925855470675,
    "23":23.406136433293636,
    "24":30.996435012788194,
    "25":28.437136820928774,
    "26":18.90292207762904,
    "27":27.350892026982073,
    "28":29.779173317659623,
    "29":26.961032058233613,
    "30":18.306742236712907,
    "31":27.833634884899464,
    "32":28.430548257228534,
    "33":21.921696308324837,
    "34":28.62593683083064,
    "35":17.56819365202763,
    "36":29.101165343740202,
    "37":20.633616768579916,
    "38":29.56224168850806,
    "39":17.72579027521371,
    "40":21.797520490295835,
    "41":18.22566669873702,
    "42":18.34598425026179,
    "43":18.963546382125944,
    "44":22.165658578627063,
    "45":20.08515645082968,
    "46":21.32434315668406,
    "47":18.264834826950448,
    "48":21.077055763975512,
    "49":32.66062876254249,
    "50":23.21328850120099,
    "51":17.759160985449544,
    "52":25.17855265136719,
    "53":20.591887252822325,
    "54":24.221647831971897,
    "55":18.465948241743778,
    "56":28.548827043504236,
    "57":28.366382915911863,
    "58":24.251852006031054,
    "59":24.857418248814103,
    "60":18.86038068537414,
    "61":16.804615705133834,
    "62":20.396268981168774,
    "63":27.933280367166443,
    "64":23.11062040789625,
    "65":29.489291423915528,
    "66":20.14451542269991,
    "67":26.686207333568998,
    "68":25.14677819170519,
    "69":21.6560086706845,
    "70":16.890489051669455,
    "71":20.205938014621736,
    "72":24.295469975568885,
    "73":32.4228895625405,
    "74":29.51644823513973,
    "75":31.67148814935625,
    "76":30.728767464087365,
    "77":30.491036783006944,
    "78":25.21585647864072,
    "79":20.79254158815875,
    "80":20.590374657829422,
    "81":23.791770417985923,
    "82":26.54989032791569,
    "83":30.30132871252777,
    "84":30.899955853057218,
    "85":30.88666677413255,
    "86":18.6913208479584,
    "87":26.728644316578237,
    "88":27.366699742427564,
    "89":23.15065186567247,
    "90":32.4195011910519,
    "91":24.659153377510602,
    "92":20.099901273439922,
    "93":17.90709923457041,
    "94":22.169197070833896,
    "95":19.382580265710104,
    "96":30.89198530511146,
    "97":26.041639903678227,
    "98":19.340620616989707,
    "99":24.240054806584677,
    "100":20.748224201044383,
    "101":28.321514824199806,
    "102":26.127753889719422,
    "103":30.702422800226316,
    "104":21.114672944881416,
    "105":31.097851385428722,
    "106":30.33996835477281,
    "107":20.55342283788883,
    "108":21.81878795701571,
    "109":18.291612105530856,
    "110":18.723260444225478,
    "111":23.152954679340123,
    "112":31.230841746485964,
    "113":17.0066213520201,
    "114":24.12024717336538,
    "115":16.600942905677584,
    "116":26.315917544191446,
    "117":19.967366768154527,
    "118":27.33580011458923,
    "119":17.51720389303162,
    "120":30.233681539560994,
    "121":16.76753073364793,
    "122":22.896957828106103,
    "123":16.441213568759405,
    "124":32.75384169220584,
    "125":21.109335022197023,
    "126":24.78102029692797,
    "127":30.19093109609905,
    "128":28.858143611211585,
    "129":29.251199537508484,
    "130":19.417419507551397,
    "131":27.878972570241217,
    "132":32.77070268284157,
    "133":32.77070268284157,
    "134":32.77070268284157,
    "135":66.16053132332623,
    "136":42.96628391899664,
    "137":54.595844064521195,
    "138":64.82753798810135,
    "139":62.78719397642896,
    "140":81.28396945864647,
    "141":50.8372901743231,
    "142":73.2697973785863,
    "143":53.35847077659502,
    "144":75.32407326688768,
    "145":79.53074447709214,
    "146":85.04737407139962,
    "147":68.83589504858459,
    "148":59.067779059032844,
    "149":45.99718373098292,
    "150":80.78215544579761,
    "151":75.10749311816016,
    "152":78.5473293205326,
    "153":55.64865634669868,
    "154":63.08255594134519,
    "155":66.61837102199422,
    "156":48.330251920588026,
    "157":59.01960804625613,
    "158":83.83899534724708,
    "159":65.68582336885437,
    "160":62.98768145743593,
    "161":56.50691358677745,
    "162":61.202707714641356,
    "163":63.39548123572216,
    "164":63.01130975512268,
    "165":65.8861329246419,
    "166":73.2338344143138,
    "167":73.02545104688755,
    "168":65.439772099069,
    "169":79.70599184672488,
    "170":57.938655827497804,
    "171":74.94986152151884,
    "172":60.44416159573725,
    "173":73.60485887694043,
    "174":84.48905560825487,
    "175":74.60860599460949,
    "176":65.56297116345173,
    "177":68.30857592553615,
    "178":72.17411674162747,
    "179":85.24388999914137,
    "180":82.05656370516893,
    "181":44.0404387145301,
    "182":81.17428438736286,
    "183":78.55996541032333,
    "184":76.701428486047,
    "185":63.26822620601984,
    "186":55.47346642471228,
    "187":80.35917186481875,
    "188":44.82168248523112,
    "189":83.71191077646417,
    "190":59.003896857622536,
    "191":49.03114363943348,
    "192":65.79658226155175,
    "193":47.417256374017235,
    "194":42.86029701876394,
    "195":58.53759669465114,
    "196":84.24108814097475,
    "197":80.31593199930832,
    "198":50.704515595095096,
    "199":68.8951897718342,
    "200":73.42437842845017,
    "201":66.33813759519465,
    "202":66.9503320819398,
    "203":66.36934699849614,
    "204":73.0958993059368,
    "205":64.31757705567723,
    "206":43.94336916831495,
    "207":59.36468467400552,
    "208":62.70189324296564,
    "209":70.1710150432437,
    "210":71.42022566641363,
    "211":77.29443707378582,
    "212":58.62371418551574,
    "213":82.68248304568702,
    "214":53.340654051477486,
    "215":74.95646251825207,
    "216":73.89344930645716,
    "217":65.24688595944325,
    "218":62.796884715522744,
    "219":55.41887575956853,
    "220":50.27778755001142,
    "221":70.21723093208823,
    "222":84.75029120905583,
    "223":83.07821392377639,
    "224":82.90299665858439,
    "225":54.02739040311074,
    "226":51.554145111793936,
    "227":83.83424223485217,
    "228":47.930021684621444,
    "229":54.914373629497305,
    "230":49.91929787872296,
    "231":76.79039111570698,
    "232":75.0806615684219,
    "233":77.55150920052768,
    "234":52.32121500404221,
    "235":58.47827923357725,
    "236":79.96488268042162,
    "237":49.932028667913364,
    "238":53.78471803781074,
    "239":72.59381972606619,
    "240":71.50583985488986,
    "241":67.35890328153575,
    "242":79.88709865698128,
    "243":73.38019791878698,
    "244":72.45759626448063,
    "245":57.242494702526834,
    "246":59.19721266337715,
    "247":65.44924666435423,
    "248":43.27882416561454,
    "249":66.53005234825201,
    "250":44.195483871199215,
    "251":56.16848199596632,
    "252":85.11873559152258,
    "253":53.891401566764145,
    "254":45.67556164247441,
    "255":84.43235988510834,
    "256":68.82926583143025,
    "257":54.592158802493714,
    "258":50.21324168523985,
    "259":62.75493653985547,
    "260":79.9679477710332,
    "261":69.6343304386501,
    "262":68.71386781451011,
    "263":44.18766250822331,
    "264":72.60284196714514,
    "265":69.41449962836109,
    "266":61.08469296390948,
    "267":75.7066479959884,
    "268":60.355624555147756,
    "269":55.82633111115396,
    "270":58.089505003292835,
    "271":53.57022513363049,
    "272":65.5632064266656,
    "273":44.57275528439295,
    "274":72.98891653684879,
    "275":68.0697809822981,
    "276":53.30368650600491,