{
    "0":28.8833746898263,
    "1":0.49627791563275436,
    "2":0.0,
    "3":0.0,
    "4":0.0,
    "5":1.488833746898263,
    "6":3.1265508684863526,
    "7":5.11166253101737,
    "8":3.9205955334987594,
    "9":4.069478908188586,
    "10":2.133995037220844,
    "11":1.9851116625310175,
    "12":2.034739454094293,
    "13":0.19851116625310172,
    "14":0.2977667493796526,
    "15":0.19851116625310172,
    "16":0.1488833746898263,
    "17":0.24813895781637718,
    "18":0.09925558312655086,
    "19":0.0,
    "20":0.0,
    "21":0.0,
    "22":0.0,
    "23":0.0,
    "24":0.04962779156327543,
    "25":0.0,
    "26":0.34739454094292804,
    "27":0.34739454094292804,
    "28":0.4466501240694789,
    "29":0.5955334987593052,
    "30":0.8933002481389578,
    "31":0.5459057071960298,
    "32":0.6451612903225806,
    "33":0.4466501240694789,
    "34":0.8933002481389578,
    "35":0.8436724565756825,
    "36":0.9429280397022334,
    "37":1.240694789081886,
    "38":1.1910669975186103,
    "39":0.5955334987593052,
    "40":1.3895781637717122,
    "41":0.6947890818858561,
    "42":0.8436724565756825,
    "43":1.0918114143920596,
    "44":1.240694789081886,
    "45":1.2903225806451613,
    "46":1.0421836228287842,
    "47":1.2903225806451613,
    "48":1.7866004962779156,
    "49":1.4392059553349876,
    "50":1.687344913151365,
    "51":0.6451612903225806,
    "52":1.2903225806451613,
    "53":0.9429280397022334,
    "54":1.0421836228287842,
    "55":0.9429280397022334,
    "56":0.9925558312655087,
    "57":0.7940446650124069,
    "58":1.141439205955335,
    "59":0.8436724565756825,
    "60":0.6947890818858561,
    "61":0.8933002481389578,
    "62":0.7940446650124069,
    "63":0.6947890818858561,
    "64":0.5459057071960298,
    "65":0.9429280397022334,
    "66":0.2977667493796526,
    "67":0.5459057071960298,
    "68":0.5459057071960298,
    "69":0.49627791563275436,
    "70":0.39702233250620345,
    "71":0.4466501240694789,
    "72":0.24813895781637718,
    "73":0.6451612903225806,
    "74":0.39702233250620345,
    "75":0.39702233250620345,
    "76":0.34739454094292804,
    "77":0.5459057071960298,
    "78":0.39702233250620345,
    "79":0.39702233250620345,
    "80":0.1488833746898263,
    "81":0.2977667493796526,
    "82":0.39702233250620345,
    "83":0.4466501240694789,
    "84":0.39702233250620345,
    "85":0.24813895781637718,
    "86":0.09925558312655086,
    "87":0.19851116625310172,
    "88":0.19851116625310172,
    "89":0.0,
    "90":0.0,
    "91":0.0,
    "92":0.0,
    "93":0.0,
    "94":0.0,
    "95":0.0,
    "96":0.0
}