{
    "0":0.08488964346349745,
    "1":0.0,
    "2":0.0,
    "3":5.517826825127335,
    "4":8.743633276740239,
    "5":6.36672325976231,
    "6":0.0,
    "7":0.0,
    "8":0.7640067911714771,
    "9":1.1884550084889642,
    "10":1.1884550084889642,
    "11":2.461799660441426,
    "12":1.7826825127334467,
    "13":1.4431239388794566,
    "14":1.9524617996604414,
    "15":2.2071307300509337,
    "16":1.4431239388794566,
    "17":0.2546689303904924,
    "18":0.5093378607809848,
    "19":0.4244482173174873,
    "20":0.4244482173174873,
    "21":0.3395585738539898,
    "22":1.2733446519524618,
    "23":1.5280135823429541,
    "24":1.4431239388794566,
    "25":2.037351443123939,
    "26":1.697792869269949,
    "27":2.122241086587436,
    "28":2.122241086587436,
    "29":2.037351443123939,
    "30":2.3769100169779285,
    "31":1.697792869269949,
    "32":2.7164685908319184,
    "33":2.2071307300509337,
    "34":1.5280135823429541,
    "35":1.9524617996604414,
    "36":1.9524617996604414,
    "37":2.2920203735144313,
    "38":2.5466893039049237,
    "39":1.4431239388794566,
    "40":1.9524617996604414,
    "41":1.6129032258064515,
    "42":1.9524617996604414,
    "43":1.8675721561969438,
    "44":1.4431239388794566,
    "45":1.1035653650254669,
    "46":1.4431239388794566,
    "47":1.1884550084889642,
    "48":0.7640067911714771,
    "49":0.5942275042444821,
    "50":0.6791171477079796,
    "51":0.9337860780984719,
    "52":0.7640067911714771,
    "53":0.3395585738539898,
    "54":0.5942275042444821,
    "55":0.4244482173174873,
    "56":0.08488964346349745,
    "57":0.08488964346349745,
    "58":0.2546689303904924,
    "59":0.3395585738539898,
    "60":0.1697792869269949,
    "61":0.3395585738539898,
    "62":0.5093378607809848,
    "63":0.08488964346349745,
    "64":0.3395585738539898,
    "65":0.1697792869269949,
    "66":0.2546689303904924,
    "67":0.0,
    "68":0.2546689303904924,
    "69":0.2546689303904924,
    "70":0.2546689303904924,
    "71":0.3395585738539898,
    "72":0.2546689303904924,
    "73":0.3395585738539898,
    "74":0.2546689303904924,
    "75":0.08488964346349745,
    "76":0.3395585738539898,
    "77":0.2546689303904924,
    "78":0.2546689303904924,
    "79":0.5942275042444821,
    "80":0.2546689303904924,
    "81":0.2546689303904924,
    "82":0.1697792869269949,
    "83":0.5942275042444821,
    "84":0.2546689303904924,
    "85":0.5093378607809848,
    "86":0.4244482173174873,
    "87":0.2546689303904924,
    "88":0.08488964346349745,
    "89":0.4244482173174873,
    "90":0.08488964346349745,
    "91":0.0,
    "92":0.0,
    "93":0.0,
    "94":0.08488964346349745,
    "95":0.0,
    "96":0.0,
    "97":0.0,
    "98":0.0,
    "99":0.0,
    "100":0.0,
    "101":0.0,
    "102":0.0,
    "103":0.08488964346349745,
    "104":0.0,
    "105":0.08488964346349745,
    "106":0.0,
    "107":0.0,
    "108":0.08488964346349745,
    "109":0.08488964346349745,
    "110":0.0,
    "111":0.0,
    "112":0.0,
    "113":0.0,
    "114":0.0,
    "115":0.0,
    "116":0.0,
    "117":0.0,
    "118":0.08488964346349745,
    "119":0.0,
    "120":0.0,
    "121":0.0,
    "122":0.08488964346349745,
    "123":0.08488964346349745,
    "124":0.0,
    "125":0.0,
    "126":0.1697792869269949,
    "127":0.0,
    "128":0.0,
    "129":0.0,
    "130":0.0,
    "131":0.0,
    "132":0.0,
    "133":0.0,
    "134":0.0
}