{
    "0":1.6177351707609346,
    "1":0.05991611743559017,
    "2":0.17974835230677053,
    "3":1.4979029358897544,
    "4":6.051527860994608,
    "5":7.429598562013181,
    "6":7.489514679448773,
    "7":3.5350509286998206,
    "8":2.3367285799880166,
    "9":2.8759736369083284,
    "10":3.5350509286998206,
    "11":2.456560814859197,
    "12":3.2354703415218693,
    "13":2.636309167165968,
    "14":2.396644697423607,
    "15":2.756141402037148,
    "16":2.037147992810066,
    "17":1.797483523067705,
    "18":1.9173157579388855,
    "19":1.6776512881965249,
    "20":1.2582384661473938,
    "21":1.2582384661473938,
    "22":1.1384062312762133,
    "23":1.1384062312762133,
    "24":1.4979029358897544,
    "25":1.2582384661473938,
    "26":1.4379868184541642,
    "27":1.2582384661473938,
    "28":1.797483523067705,
    "29":1.318154583582984,
    "30":1.2582384661473938,
    "31":1.1983223487118035,
    "32":1.318154583582984,
    "33":1.018573996405033,
    "34":1.1384062312762133,
    "35":0.8388256440982624,
    "36":1.1983223487118035,
    "37":1.4979029358897544,
    "38":1.1983223487118035,
    "39":1.1384062312762133,
    "40":0.4793289394847214,
    "41":1.1384062312762133,
    "42":0.4194128220491312,
    "43":0.5991611743559018,
    "44":0.659077291791492,
    "45":0.7789095266626722,
    "46":1.018573996405033,
    "47":0.2995805871779509,
    "48":0.2995805871779509,
    "49":0.5392450569203115,
    "50":0.7189934092270821,
    "51":0.9586578789694428,
    "52":0.7189934092270821,
    "53":0.4194128220491312,
    "54":0.8987417615338525,
    "55":0.35949670461354105,
    "56":0.8388256440982624,
    "57":0.5991611743559018,
    "58":0.7189934092270821,
    "59":0.2995805871779509,
    "60":0.4793289394847214,
    "61":0.35949670461354105,
    "62":0.35949670461354105,
    "63":0.35949670461354105,
    "64":0.4194128220491312,
    "65":0.4793289394847214,
    "66":0.2995805871779509,
    "67":0.2396644697423607,
    "68":0.17974835230677053,
    "69":0.659077291791492,
    "70":0.11983223487118035,
    "71":0.05991611743559017,
    "72":0.05991611743559017,
    "73":0.05991611743559017,
    "74":0.11983223487118035,
    "75":0.05991611743559017,
    "76":0.05991611743559017,
    "77":0.05991611743559017,
    "78":0.11983223487118035,
    "79":0.0,
    "80":0.0,
    "81":0.0,
    "82":0.0,
    "83":0.0,
    "84":0.0,
    "85":0.0,
    "86":0.0,
    "87":0.0
}