{
    "0":7.0107222811358545,
    "1":1.5317544479792624,
    "2":3.534817956875221,
    "3":5.12548603746907,
    "4":2.7335925533168375,
    "5":3.1459879816189464,
    "6":3.888299752562743,
    "7":5.3964887474961705,
    "8":4.925179686579474,
    "9":6.233062330623306,
    "10":5.702839637092024,
    "11":4.889831507010722,
    "12":3.8176033934252387,
    "13":3.723341581241899,
    "14":3.7940379403794036,
    "15":3.4523388712147987,
    "16":3.4994697773064685,
    "17":2.7335925533168375,
    "18":2.45080711676682,
    "19":2.309414398491811,
    "20":2.073759868033463,
    "21":1.8616707906209495,
    "22":1.5906680805938493,
    "23":1.1782726522917402,
    "24":1.343230823612584,
    "25":1.22540355838341,
    "26":1.284317190997997,
    "27":0.8954872157417226,
    "28":0.8601390361729704,
    "29":0.49487451396253096,
    "30":0.671615411806292,
    "31":0.5302226935312832,
    "32":0.4477436078708613,
    "33":0.5302226935312832,
    "34":0.4359608813479439,
    "35":0.38882997525627433,
    "36":0.3534817956875221,
    "37":0.23565453045834805,
    "38":0.29456816307293504,
    "39":0.38882997525627433,
    "40":0.23565453045834805,
    "41":0.15317544479792625,
    "42":0.2120890774125133,
    "43":0.2120890774125133,
    "44":0.25921998350418285,
    "45":0.2120890774125133,
    "46":0.12960999175209142,
    "47":0.16495817132084364,
    "48":0.09426181218333922,
    "49":0.10604453870625664,
    "50":0.10604453870625664,
    "51":0.10604453870625664,
    "52":0.011782726522917402,
    "53":0.11782726522917403,
    "54":0.03534817956875221,
    "55":0.023565453045834805,
    "56":0.04713090609166961,
    "57":0.04713090609166961,
    "58":0.058913632614587014,
    "59":0.058913632614587014,
    "60":0.04713090609166961,
    "61":0.08247908566042182,
    "62":0.04713090609166961,
    "63":0.07069635913750442,
    "64":0.04713090609166961,
    "65":0.04713090609166961,
    "66":0.011782726522917402,
    "67":0.058913632614587014,
    "68":0.011782726522917402,
    "69":0.023565453045834805,
    "70":0.0,
    "71":0.0,
    "72":0.011782726522917402,
    "73":0.0,
    "74":0.03534817956875221,
    "75":0.03534817956875221,
    "76":0.023565453045834805,
    "77":0.023565453045834805,
    "78":0.0,
    "79":0.011782726522917402,
    "80":0.0,
    "81":0.0,
    "82":0.0,
    "83":0.023565453045834805,
    "84":0.0,
    "85":0.011782726522917402,
    "86":0.0,
    "87":0.0,
    "88":0.0,
    "89":0.0,
    "90":0.0,
    "91":0.0,
    "92":0.0,
    "93":0.0
}