{
    "0":5.39405684754522,
    "1":4.489664082687338,
    "2":10.012919896640827,
    "3":7.7196382428940575,
    "4":5.830103359173126,
    "5":3.762919896640827,
    "6":3.940568475452196,
    "7":3.4237726098191215,
    "8":3.0523255813953485,
    "9":3.407622739018088,
    "10":3.1169250645994833,
    "11":2.341731266149871,
    "12":2.1963824289405682,
    "13":1.6311369509043927,
    "14":1.9864341085271318,
    "15":2.535529715762274,
    "16":1.8733850129198968,
    "17":1.905684754521964,
    "18":2.2771317829457365,
    "19":1.4534883720930232,
    "20":1.7280361757105942,
    "21":1.695736434108527,
    "22":1.5826873385012918,
    "23":1.5665374677002586,
    "24":1.2596899224806202,
    "25":1.4534883720930232,
    "26":1.1627906976744187,
    "27":1.1143410852713178,
    "28":1.0497416020671835,
    "29":0.7913436692506459,
    "30":1.1143410852713178,
    "31":0.8074935400516795,
    "32":1.03359173126615,
    "33":0.710594315245478,
    "34":0.8397932816537468,
    "35":0.4844961240310077,
    "36":0.516795865633075,
    "37":0.6944444444444444,
    "38":0.30684754521963825,
    "39":0.40374677002583975,
    "40":0.3714470284237726,
    "41":0.30684754521963825,
    "42":0.29069767441860467,
    "43":0.29069767441860467,
    "44":0.2583979328165375,
    "45":0.3391472868217054,
    "46":0.1937984496124031,
    "47":0.22609819121447028,
    "48":0.22609819121447028,
    "49":0.14534883720930233,
    "50":0.1776485788113695,
    "51":0.2099483204134367,
    "52":0.2099483204134367,
    "53":0.2099483204134367,
    "54":0.12919896640826875,
    "55":0.09689922480620156,
    "56":0.1776485788113695,
    "57":0.11304909560723514,
    "58":0.1776485788113695,
    "59":0.06459948320413438,
    "60":0.1776485788113695,
    "61":0.12919896640826875,
    "62":0.09689922480620156,
    "63":0.14534883720930233,
    "64":0.12919896640826875,
    "65":0.16149870801033592,
    "66":0.06459948320413438,
    "67":0.08074935400516796,
    "68":0.11304909560723514,
    "69":0.06459948320413438,
    "70":0.06459948320413438,
    "71":0.12919896640826875,
    "72":0.09689922480620156,
    "73":0.08074935400516796,
    "74":0.12919896640826875,
    "75":0.06459948320413438,
    "76":0.03229974160206719,
    "77":0.06459948320413438,
    "78":0.03229974160206719,
    "79":0.03229974160206719,
    "80":0.04844961240310078,
    "81":0.016149870801033594,
    "82":0.08074935400516796,
    "83":0.016149870801033594,
    "84":0.016149870801033594,
    "85":0.016149870801033594,
    "86":0.06459948320413438,
    "87":0.06459948320413438,
    "88":0.03229974160206719,
    "89":0.04844961240310078,
    "90":0.016149870801033594,
    "91":0.016149870801033594,
    "92":0.0,
    "93":0.0,
    "94":0.03229974160206719,
    "95":0.03229974160206719,
    "96":0.016149870801033594,
    "97":0.016149870801033594,
    "98":0.03229974160206719,
    "99":0.03229974160206719,
    "100":0.0,
    "101":0.016149870801033594,
    "102":0.0,
    "103":0.016149870801033594,
    "104":0.08074935400516796,
    "105":0.0,
    "106":0.03229974160206719,
    "107":0.016149870801033594,
    "108":0.016149870801033594,
    "109":0.03229974160206719,
    "110":0.0,
    "111":0.0,
    "112":0.016149870801033594,
    "113":0.0,
    "114":0.016149870801033594,
    "115":0.016149870801033594,
    "116":0.016149870801033594,
    "117":0.016149870801033594,
    "118":0.03229974160206719,
    "119":0.016149870801033594,
    "120":0.03229974160206719,
    "121":0.03229974160206719,
    "122":0.016149870801033594,
    "123":0.0,
    "124":0.0,
    "125":0.0,
    "126":0.03229974160206719,
    "127":0.06459948320413438,
    "128":0.03229974160206719,
    "129":0.06459948320413438,
    "130":0.0,
    "131":0.0,
    "132":0.0,
    "133":0.0,
    "134":0.0,
    "135":0.0,
    "136":0.0,
    "137":0.0,
    "138":0.0,
    "139":0.0,
    "140":0.0,
    "141":0.0,
    "142":0.0,
    "143":0.0,
    "144":0.0,
    "145":0.0,
    "146":0.0,
    "147":0.0,
    "148":0.0,
    "149":0.0,
    "150":0.0,
    "151":0.0,
    "152":0.0,
    "153":0.0,
    "154":0.0,
    "155":0.0,
    "156":0.0,
    "157":0.0,
    "158":0.0,
    "159":0.0,
    "160":0.0,
    "161":0.016149870801033594,
    "162":0.0,
    "163":0.0,
    "164":0.0,
    "165":0.0,
    "166":0.0,
    "167":0.0,
    "168":0.0,
    "169":0.0
}