{
    "0":7.446537678207739,
    "1":4.824338085539715,
    "2":5.040733197556008,
    "3":0.8273930753564154,
    "4":1.489307535641548,
    "5":2.864052953156823,
    "6":4.162423625254583,
    "7":5.028004073319756,
    "8":5.117107942973523,
    "9":4.1369653767820775,
    "10":4.0733197556008145,
    "11":3.8314663951120163,
    "12":3.716904276985743,
    "13":3.9587576374745415,
    "14":3.5768839103869654,
    "15":3.0422606924643585,
    "16":2.8131364562118124,
    "17":2.4439918533604885,
    "18":2.5585539714867616,
    "19":2.4439918533604885,
    "20":2.4694501018329937,
    "21":2.5076374745417516,
    "22":2.074847250509165,
    "23":1.985743380855397,
    "24":1.794806517311609,
    "25":1.5020366598778006,
    "26":1.094704684317719,
    "27":0.9164969450101833,
    "28":0.9419551934826884,
    "29":0.674643584521385,
    "30":0.7892057026476579,
    "31":0.7128309572301426,
    "32":0.6619144602851323,
    "33":0.5218940936863543,
    "34":0.5346232179226069,
    "35":0.5346232179226069,
    "36":0.420061099796334,
    "37":0.560081466395112,
    "38":0.3564154786150713,
    "39":0.33095723014256617,
    "40":0.4327902240325866,
    "41":0.17820773930753564,
    "42":0.2163951120162933,
    "43":0.26731160896130346,
    "44":0.20366598778004072,
    "45":0.1909368635437882,
    "46":0.140020366598778,
    "47":0.15274949083503053,
    "48":0.12729124236252545,
    "49":0.2163951120162933,
    "50":0.3436863543788187,
    "51":0.1909368635437882,
    "52":0.11456211812627291,
    "53":0.11456211812627291,
    "54":0.140020366598778,
    "55":0.07637474541751527,
    "56":0.11456211812627291,
    "57":0.03818737270875763,
    "58":0.08910386965376782,
    "59":0.10183299389002036,
    "60":0.03818737270875763,
    "61":0.08910386965376782,
    "62":0.08910386965376782,
    "63":0.02545824847250509,
    "64":0.02545824847250509,
    "65":0.07637474541751527,
    "66":0.05091649694501018,
    "67":0.03818737270875763,
    "68":0.02545824847250509,
    "69":0.012729124236252545,
    "70":0.08910386965376782,
    "71":0.06364562118126273,
    "72":0.06364562118126273,
    "73":0.02545824847250509,
    "74":0.07637474541751527,
    "75":0.05091649694501018,
    "76":0.140020366598778,
    "77":0.06364562118126273,
    "78":0.02545824847250509,
    "79":0.06364562118126273,
    "80":0.012729124236252545,
    "81":0.03818737270875763,
    "82":0.10183299389002036,
    "83":0.06364562118126273,
    "84":0.02545824847250509,
    "85":0.05091649694501018,
    "86":0.03818737270875763,
    "87":0.06364562118126273,
    "88":0.05091649694501018,
    "89":0.0,
    "90":0.05091649694501018,
    "91":0.03818737270875763,
    "92":0.08910386965376782,
    "93":0.0,
    "94":0.0,
    "95":0.0,
    "96":0.0,
    "97":0.0,
    "98":0.0,
    "99":0.0,
    "100":0.0,
    "101":0.012729124236252545,
    "102":0.0,
    "103":0.0,
    "104":0.0,
    "105":0.0,
    "106":0.0,
    "107":0.0,
    "108":0.0,
    "109":0.0,
    "110":0.0
}