{
    "0":8.613298773801215,
    "1":2.701624962615891,
    "2":5.074269763732429,
    "3":5.154022530156515,
    "4":4.9845479015053336,
    "5":2.6418103877978267,
    "6":2.781377729039976,
    "7":2.9508523576911574,
    "8":3.598843584886851,
    "9":4.19698933306749,
    "10":3.9278237463862027,
    "11":4.2268966204765235,
    "12":3.8081945967500745,
    "13":3.8480709799621176,
    "14":3.130296082145349,
    "15":2.6119031003887945,
    "16":2.4324593759346027,
    "17":2.003788256405144,
    "18":1.4953643704516,
    "19":1.8941282025720267,
    "20":1.884159106769016,
    "21":1.654869903299771,
    "22":1.6648389991027814,
    "23":1.4554879872395574,
    "24":1.4156116040275148,
    "25":1.2162296879673014,
    "26":1.166384208952248,
    "27":1.0367859635131094,
    "28":0.9370950054830027,
    "29":1.0268168677100988,
    "30":0.9570331970890241,
    "31":0.8872495264679493,
    "32":1.106569634134184,
    "33":0.8872495264679493,
    "34":0.7377130894227893,
    "35":0.89721862227096,
    "36":0.9271259096799921,
    "37":0.59814574818064,
    "38":0.42867111952945863,
    "39":0.42867111952945863,
    "40":0.45857840693849067,
    "41":0.49845479015053334,
    "42":0.45857840693849067,
    "43":0.30904196989333066,
    "44":0.37882564051440537,
    "45":0.23925829927225603,
    "46":0.269165586681288,
    "47":0.23925829927225603,
    "48":0.2891037782873094,
    "49":0.19938191606021335,
    "50":0.15950553284817065,
    "51":0.16947462865118135,
    "52":0.14953643704516,
    "53":0.13956734124214934,
    "54":0.15950553284817065,
    "55":0.19938191606021335,
    "56":0.07975276642408533,
    "57":0.30904196989333066,
    "58":0.10966005383311733,
    "59":0.15950553284817065,
    "60":0.16947462865118135,
    "61":0.12959824543913867,
    "62":0.13956734124214934,
    "63":0.15950553284817065,
    "64":0.11962914963612802,
    "65":0.06978367062107467,
    "66":0.06978367062107467,
    "67":0.05981457481806401,
    "68":0.01993819160602133,
    "69":0.05981457481806401,
    "70":0.029907287409032004,
    "71":0.04984547901505334,
    "72":0.07975276642408533,
    "73":0.01993819160602133,
    "74":0.03987638321204266,
    "75":0.05981457481806401,
    "76":0.03987638321204266,
    "77":0.029907287409032004,
    "78":0.04984547901505334,
    "79":0.0,
    "80":0.009969095803010666,
    "81":0.0,
    "82":0.0,
    "83":0.009969095803010666,
    "84":0.0,
    "85":0.009969095803010666,
    "86":0.0,
    "87":0.0,
    "88":0.0,
    "89":0.0,
    "90":0.0,
    "91":0.0,
    "92":0.0,
    "93":0.009969095803010666,
    "94":0.009969095803010666,
    "95":0.0,
    "96":0.009969095803010666,
    "97":0.01993819160602133,
    "98":0.009969095803010666,
    "99":0.009969095803010666,
    "100":0.009969095803010666,
    "101":0.0,
    "102":0.0,
    "103":0.0,
    "104":0.0,
    "105":0.0,
    "106":0.0,
    "107":0.0,
    "108":0.0,
    "109":0.009969095803010666,
    "110":0.0,
    "111":0.009969095803010666,
    "112":0.01993819160602133,
    "113":0.01993819160602133,
    "114":0.0,
    "115":0.0,
    "116":0.0,
    "117":0.0,
    "118":0.0,
    "119":0.0,
    "120":0.0,
    "121":0.01993819160602133,
    "122":0.009969095803010666,
    "123":0.0,
    "124":0.03987638321204266,
    "125":0.0,
    "126":0.0,
    "127":0.0,
    "128":0.0,
    "129":0.0,
    "130":0.0,
    "131":0.0,
    "132":0.0,
    "133":0.0
}