{
    "0":0.6067781559863845,
    "1":3.892259878644369,
    "2":3.596270534260767,
    "3":1.9683291401509546,
    "4":2.427112623945538,
    "5":3.862660944206009,
    "6":5.727393813822703,
    "7":6.215776232055646,
    "8":4.351043362438952,
    "9":4.543436436288293,
    "10":5.091016723397958,
    "11":4.439840165754033,
    "12":3.6554684031374873,
    "13":3.877460411425189,
    "14":3.4482758620689653,
    "15":3.374278525973065,
    "16":3.344679591534705,
    "17":3.537072665384046,
    "18":2.9894923782743823,
    "19":2.293917418972917,
    "20":2.027527009027675,
    "21":2.545508361698979,
    "22":1.7907355335207935,
    "23":1.8943318040550539,
    "24":1.4503477874796507,
    "25":1.6723397957673525,
    "26":1.5095456563563712,
    "27":1.1395589758768685,
    "28":1.1691579103152285,
    "29":0.48838241823294365,
    "30":0.3699866804795027,
    "31":0.547580287109664,
    "32":0.4587834837945834,
    "33":0.38478614769868286,
    "34":0.3403877460411425,
    "35":0.3403877460411425,
    "36":0.31078881160278227,
    "37":0.35518721326032265,
    "38":0.25159094272606186,
    "39":0.39958561491786293,
    "40":0.25159094272606186,
    "41":0.31078881160278227,
    "42":0.23679147550688173,
    "43":0.23679147550688173,
    "44":0.1479946721918011,
    "45":0.25159094272606186,
    "46":0.1479946721918011,
    "47":0.11839573775344087,
    "48":0.22199200828770163,
    "49":0.17759360663016133,
    "50":0.22199200828770163,
    "51":0.20719254106852156,
    "52":0.25159094272606186,
    "53":0.20719254106852156,
    "54":0.133195204972621,
    "55":0.20719254106852156,
    "56":0.133195204972621,
    "57":0.1627941394109812,
    "58":0.22199200828770163,
    "59":0.19239307384934143,
    "60":0.08879680331508066,
    "61":0.1627941394109812,
    "62":0.1479946721918011,
    "63":0.11839573775344087,
    "64":0.1627941394109812,
    "65":0.23679147550688173,
    "66":0.11839573775344087,
    "67":0.11839573775344087,
    "68":0.08879680331508066,
    "69":0.07399733609590055,
    "70":0.08879680331508066,
    "71":0.07399733609590055,
    "72":0.07399733609590055,
    "73":0.11839573775344087,
    "74":0.08879680331508066,
    "75":0.014799467219180108,
    "76":0.014799467219180108,
    "77":0.029598934438360217,
    "78":0.029598934438360217,
    "79":0.05919786887672043,
    "80":0.07399733609590055,
    "81":0.133195204972621,
    "82":0.04439840165754033,
    "83":0.04439840165754033,
    "84":0.04439840165754033,
    "85":0.014799467219180108,
    "86":0.04439840165754033,
    "87":0.04439840165754033,
    "88":0.029598934438360217,
    "89":0.029598934438360217,
    "90":0.014799467219180108,
    "91":0.04439840165754033,
    "92":0.08879680331508066,
    "93":0.05919786887672043,
    "94":0.0,
    "95":0.029598934438360217,
    "96":0.029598934438360217,
    "97":0.029598934438360217,
    "98":0.05919786887672043,
    "99":0.08879680331508066,
    "100":0.08879680331508066,
    "101":0.0,
    "102":0.014799467219180108,
    "103":0.0,
    "104":0.014799467219180108,
    "105":0.014799467219180108,
    "106":0.0,
    "107":0.0,
    "108":0.014799467219180108,
    "109":0.029598934438360217,
    "110":0.014799467219180108,
    "111":0.0,
    "112":0.014799467219180108,
    "113":0.0,
    "114":0.0,
    "115":0.0,
    "116":0.0,
    "117":0.0,
    "118":0.0,
    "119":0.0,
    "120":0.0,
    "121":0.0,
    "122":0.05919786887672043,
    "123":0.0,
    "124":0.0,
    "125":0.0,
    "126":0.0,
    "127":0.014799467219180108,
    "128":0.0,
    "129":0.014799467219180108,
    "130":0.014799467219180108,
    "131":0.0,
    "132":0.0,
    "133":0.0,
    "134":0.014799467219180108,
    "135":0.014799467219180108,
    "136":0.014799467219180108,
    "137":0.0,
    "138":0.0,
    "139":0.0,
    "140":0.0,
    "141":0.0,
    "142":0.0,
    "143":0.0,
    "144":0.0,
    "145":0.029598934438360217,
    "146":0.0,
    "147":0.0,
    "148":0.0,
    "149":0.0,
    "150":0.0,
    "151":0.014799467219180108,
    "152":0.0,
    "153":0.014799467219180108,
    "154":0.0,
    "155":0.0,
    "156":0.0,
    "157":0.0,
    "158":0.0,
    "159":0.0,
    "160":0.0,
    "161":0.0
}