{
    "0":1.9284654689302787,
    "1":1.302126256799077,
    "2":4.203065765617274,
    "3":2.6372177352892696,
    "4":3.823965716169441,
    "5":3.889896159551673,
    "6":4.186583154771715,
    "7":3.7580352727872093,
    "8":4.186583154771715,
    "9":4.466787539146201,
    "10":5.290918081424097,
    "11":4.648096258447338,
    "12":4.664578869292896,
    "13":4.236030987308389,
    "14":4.236030987308389,
    "15":3.823965716169441,
    "16":2.4229437942970167,
    "17":2.4394264051425743,
    "18":2.1592220207680897,
    "19":2.0108785231580684,
    "20":1.9943959123125103,
    "21":1.6317784737102357,
    "22":1.6647436954013515,
    "23":1.4339871435635405,
    "24":1.4999175869457724,
    "25":1.1702653700346135,
    "26":1.03840448327015,
    "27":1.3186088676446348,
    "28":1.1867479808801713,
    "29":0.9559914290423602,
    "30":1.269161035107961,
    "31":1.1702653700346135,
    "32":1.021921872424592,
    "33":0.8406131531234549,
    "34":1.0713697049612658,
    "35":0.8406131531234549,
    "36":0.8076479314323389,
    "37":0.8076479314323389,
    "38":0.527443547057854,
    "39":0.5604087687489698,
    "40":0.510960936212296,
    "41":0.44503049283006424,
    "42":0.5768913795945279,
    "43":0.5604087687489698,
    "44":0.44503049283006424,
    "45":0.4615131036756222,
    "46":0.4779957145211801,
    "47":0.37910004944783254,
    "48":0.4120652711389484,
    "49":0.24723916268336904,
    "50":0.34613482775671667,
    "51":0.24723916268336904,
    "52":0.18130871930113732,
    "53":0.1318608867644635,
    "54":0.1483434976100214,
    "55":0.1318608867644635,
    "56":0.16482610845557935,
    "57":0.16482610845557935,
    "58":0.16482610845557935,
    "59":0.18130871930113732,
    "60":0.08241305422778968,
    "61":0.1318608867644635,
    "62":0.049447832536673814,
    "63":0.049447832536673814,
    "64":0.049447832536673814,
    "65":0.016482610845557938,
    "66":0.06593044338223175,
    "67":0.049447832536673814,
    "68":0.0,
    "69":0.0,
    "70":0.0,
    "71":0.0,
    "72":0.0,
    "73":0.0,
    "74":0.0,
    "75":0.0
}