{
    "0":10.353260869565217,
    "1":1.5217391304347827,
    "2":3.6005434782608696,
    "3":3.016304347826087,
    "4":2.880434782608696,
    "5":4.307065217391305,
    "6":4.497282608695652,
    "7":4.877717391304348,
    "8":4.877717391304348,
    "9":3.532608695652174,
    "10":2.7853260869565215,
    "11":2.907608695652174,
    "12":2.5815217391304346,
    "13":2.730978260869565,
    "14":2.2282608695652173,
    "15":2.798913043478261,
    "16":2.690217391304348,
    "17":2.377717391304348,
    "18":2.6494565217391304,
    "19":2.4456521739130435,
    "20":2.2010869565217392,
    "21":2.418478260869565,
    "22":2.0380434782608696,
    "23":1.983695652173913,
    "24":1.7119565217391304,
    "25":1.4809782608695652,
    "26":1.263586956521739,
    "27":1.25,
    "28":1.3179347826086958,
    "29":1.2771739130434783,
    "30":0.8559782608695652,
    "31":0.7744565217391305,
    "32":0.7336956521739131,
    "33":0.6657608695652174,
    "34":0.5434782608695652,
    "35":0.5706521739130435,
    "36":0.5434782608695652,
    "37":0.5027173913043478,
    "38":0.3804347826086957,
    "39":0.3532608695652174,
    "40":0.39402173913043476,
    "41":0.43478260869565216,
    "42":0.4076086956521739,
    "43":0.39402173913043476,
    "44":0.29891304347826086,
    "45":0.16304347826086957,
    "46":0.28532608695652173,
    "47":0.20380434782608695,
    "48":0.28532608695652173,
    "49":0.23097826086956522,
    "50":0.19021739130434784,
    "51":0.29891304347826086,
    "52":0.36684782608695654,
    "53":0.19021739130434784,
    "54":0.1766304347826087,
    "55":0.21739130434782608,
    "56":0.19021739130434784,
    "57":0.19021739130434784,
    "58":0.19021739130434784,
    "59":0.12228260869565219,
    "60":0.05434782608695652,
    "61":0.02717391304347826,
    "62":0.20380434782608695,
    "63":0.06793478260869565,
    "64":0.16304347826086957,
    "65":0.16304347826086957,
    "66":0.1358695652173913,
    "67":0.14945652173913043,
    "68":0.04076086956521739,
    "69":0.06793478260869565,
    "70":0.0,
    "71":0.05434782608695652,
    "72":0.05434782608695652,
    "73":0.04076086956521739,
    "74":0.02717391304347826,
    "75":0.09510869565217392,
    "76":0.04076086956521739,
    "77":0.06793478260869565,
    "78":0.06793478260869565,
    "79":0.05434782608695652,
    "80":0.01358695652173913,
    "81":0.02717391304347826,
    "82":0.08152173913043478,
    "83":0.04076086956521739,
    "84":0.05434782608695652,
    "85":0.06793478260869565,
    "86":0.04076086956521739,
    "87":0.09510869565217392,
    "88":0.05434782608695652,
    "89":0.01358695652173913,
    "90":0.02717391304347826,
    "91":0.08152173913043478,
    "92":0.01358695652173913,
    "93":0.01358695652173913,
    "94":0.01358695652173913,
    "95":0.02717391304347826,
    "96":0.0,
    "97":0.0,
    "98":0.0,
    "99":0.0,
    "100":0.0,
    "101":0.0,
    "102":0.0,
    "103":0.0,
    "104":0.0
}