{
    "0":7.228404875463699,
    "1":2.2363540010598837,
    "2":3.094859565447801,
    "3":2.3741388447270797,
    "4":4.292527821939586,
    "5":4.56809750927398,
    "6":4.462109167991521,
    "7":3.857975622681505,
    "8":4.133545310015898,
    "9":3.7413884472708,
    "10":3.5930047694753573,
    "11":3.2114467408585057,
    "12":3.1160572337042924,
    "13":3.158452570217276,
    "14":2.6179120296767353,
    "15":2.840487546369899,
    "16":2.978272390037096,
    "17":2.798092209856916,
    "18":2.2363540010598837,
    "19":2.183359830418654,
    "20":2.1303656597774245,
    "21":2.5225225225225225,
    "22":2.3635400105988342,
    "23":2.01377848436672,
    "24":1.8971913089560148,
    "25":1.5050344462109166,
    "26":1.6534181240063592,
    "27":1.5474297827239005,
    "28":1.3142554319024908,
    "29":1.197668256491786,
    "30":1.1446740858505564,
    "31":0.9009009009009009,
    "32":1.0704822469528352,
    "33":0.7737148913619503,
    "34":0.9114997350291467,
    "35":0.7313195548489666,
    "36":0.6571277159512454,
    "37":0.6359300476947536,
    "38":0.604133545310016,
    "39":0.4981452040275569,
    "40":0.5511393746687864,
    "41":0.36036036036036034,
    "42":0.47694753577106513,
    "43":0.37095919448860626,
    "44":0.22257551669316375,
    "45":0.2649708532061473,
    "46":0.2649708532061473,
    "47":0.2649708532061473,
    "48":0.2543720190779014,
    "49":0.2861685214626391,
    "50":0.24377318494965555,
    "51":0.19077901430842606,
    "52":0.18018018018018017,
    "53":0.10598834128245893,
    "54":0.07419183889772124,
    "55":0.08479067302596714,
    "56":0.11658717541070482,
    "57":0.16958134605193428,
    "58":0.11658717541070482,
    "59":0.09538950715421303,
    "60":0.08479067302596714,
    "61":0.06359300476947535,
    "62":0.0,
    "63":0.010598834128245893,
    "64":0.0,
    "65":0.010598834128245893,
    "66":0.0,
    "67":0.021197668256491786,
    "68":0.03179650238473768,
    "69":0.0,
    "70":0.0,
    "71":0.010598834128245893,
    "72":0.03179650238473768,
    "73":0.0,
    "74":0.0,
    "75":0.010598834128245893,
    "76":0.010598834128245893,
    "77":0.0,
    "78":0.0,
    "79":0.021197668256491786,
    "80":0.021197668256491786,
    "81":0.0,
    "82":0.010598834128245893,
    "83":0.06359300476947535,
    "84":0.010598834128245893,
    "85":0.010598834128245893,
    "86":0.0,
    "87":0.0,
    "88":0.010598834128245893,
    "89":0.010598834128245893,
    "90":0.0,
    "91":0.0,
    "92":0.0,
    "93":0.0,
    "94":0.0,
    "95":0.0,
    "96":0.0,
    "97":0.0,
    "98":0.0,
    "99":0.010598834128245893,
    "100":0.0,
    "101":0.010598834128245893,
    "102":0.0,
    "103":0.010598834128245893,
    "104":0.0,
    "105":0.0,
    "106":0.010598834128245893,
    "107":0.0,
    "108":0.0,
    "109":0.0,
    "110":0.0,
    "111":0.010598834128245893,
    "112":0.0,
    "113":0.0,
    "114":0.010598834128245893,
    "115":0.0,
    "116":0.0,
    "117":0.0,
    "118":0.0,
    "119":0.0,
    "120":0.0,
    "121":0.0,
    "122":0.0,
    "123":0.0
}