{
    "0":3.466728711028385,
    "1":0.5118659841786878,
    "2":3.594695207073057,
    "3":5.025593299208935,
    "4":4.816193578408562,
    "5":4.025127966496045,
    "6":4.327594229874361,
    "7":3.594695207073057,
    "8":3.711028385295486,
    "9":3.734295020939972,
    "10":3.9204281060958586,
    "11":3.6063285248953005,
    "12":2.5709632387156818,
    "13":2.024197301070265,
    "14":2.024197301070265,
    "15":1.8380642159143787,
    "16":1.9776640297812935,
    "17":1.9660307119590505,
    "18":1.8380642159143787,
    "19":1.7798976268031643,
    "20":1.9892973476035365,
    "21":1.5123313168915775,
    "22":2.024197301070265,
    "23":1.8845974872033502,
    "24":2.0939972080037226,
    "25":2.08236389018148,
    "26":1.7798976268031643,
    "27":1.9892973476035365,
    "28":1.5821312238250351,
    "29":1.675197766402978,
    "30":1.5821312238250351,
    "31":1.4425314099581201,
    "32":1.3029315960912053,
    "33":1.093531875290833,
    "34":1.2912982782689624,
    "35":1.1633317822242903,
    "36":1.105165193113076,
    "37":1.233131689157748,
    "38":1.1633317822242903,
    "39":0.965565379246161,
    "40":0.7212657049790601,
    "41":0.7212657049790601,
    "42":0.8259655653792463,
    "43":0.44206607724523034,
    "44":0.5234993020009306,
    "45":0.36063285248953003,
    "46":0.3838994881340158,
    "47":0.3373662168450442,
    "48":0.36063285248953003,
    "49":0.32573289902280134,
    "50":0.36063285248953003,
    "51":0.20939972080037225,
    "52":0.04653327128897162,
    "53":0.15123313168915775,
    "54":0.06979990693345743,
    "55":0.12796649604467195,
    "56":0.10469986040018613,
    "57":0.08143322475570033,
    "58":0.12796649604467195,
    "59":0.16286644951140067,
    "60":0.10469986040018613,
    "61":0.09306654257794324,
    "62":0.11633317822242904,
    "63":0.09306654257794324,
    "64":0.02326663564448581,
    "65":0.11633317822242904,
    "66":0.11633317822242904,
    "67":0.06979990693345743,
    "68":0.02326663564448581,
    "69":0.04653327128897162,
    "70":0.06979990693345743,
    "71":0.09306654257794324,
    "72":0.04653327128897162,
    "73":0.02326663564448581,
    "74":0.05816658911121452,
    "75":0.08143322475570033,
    "76":0.02326663564448581,
    "77":0.011633317822242905,
    "78":0.02326663564448581,
    "79":0.02326663564448581,
    "80":0.011633317822242905,
    "81":0.08143322475570033,
    "82":0.02326663564448581,
    "83":0.0,
    "84":0.02326663564448581,
    "85":0.02326663564448581,
    "86":0.02326663564448581,
    "87":0.034899953466728716,
    "88":0.02326663564448581,
    "89":0.034899953466728716,
    "90":0.011633317822242905,
    "91":0.011633317822242905,
    "92":0.034899953466728716,
    "93":0.011633317822242905,
    "94":0.02326663564448581,
    "95":0.011633317822242905,
    "96":0.034899953466728716,
    "97":0.0,
    "98":0.011633317822242905,
    "99":0.034899953466728716,
    "100":0.02326663564448581,
    "101":0.0,
    "102":0.034899953466728716,
    "103":0.011633317822242905,
    "104":0.011633317822242905,
    "105":0.02326663564448581,
    "106":0.011633317822242905,
    "107":0.02326663564448581,
    "108":0.034899953466728716,
    "109":0.011633317822242905,
    "110":0.02326663564448581,
    "111":0.011633317822242905,
    "112":0.011633317822242905,
    "113":0.011633317822242905,
    "114":0.011633317822242905,
    "115":0.02326663564448581,
    "116":0.02326663564448581,
    "117":0.034899953466728716,
    "118":0.011633317822242905,
    "119":0.0,
    "120":0.0,
    "121":0.0,
    "122":0.011633317822242905,
    "123":0.04653327128897162,
    "124":0.0,
    "125":0.011633317822242905,
    "126":0.0,
    "127":0.034899953466728716,
    "128":0.02326663564448581,
    "129":0.04653327128897162,
    "130":0.0,
    "131":0.0,
    "132":0.0,
    "133":0.0,
    "134":0.0,
    "135":0.0,
    "136":0.0,
    "137":0.0,
    "138":0.0
}