{
    "0":3.1737346101231187,
    "1":2.0383036935704513,
    "2":1.4774281805745555,
    "3":1.9972640218878248,
    "4":3.255813953488372,
    "5":2.7359781121751023,
    "6":3.2147742818057456,
    "7":4.336525307797538,
    "8":5.1846785225718195,
    "9":5.677154582763338,
    "10":6.087551299589603,
    "11":5.909712722298222,
    "12":5.512995896032832,
    "13":4.8426812585499315,
    "14":4.719562243502052,
    "15":3.9398084815321477,
    "16":3.0232558139534884,
    "17":2.339261285909713,
    "18":1.9425444596443229,
    "19":2.4213406292749657,
    "20":2.216142270861833,
    "21":1.3679890560875512,
    "22":0.9986320109439124,
    "23":1.0259917920656634,
    "24":1.2859097127222983,
    "25":0.9165526675786594,
    "26":0.7934336525307797,
    "27":0.6976744186046512,
    "28":0.6703146374829001,
    "29":0.7387140902872777,
    "30":0.7113543091655267,
    "31":0.6839945280437756,
    "32":0.8207934336525308,
    "33":0.6703146374829001,
    "34":0.8207934336525308,
    "35":0.6292749658002736,
    "36":0.7523939808481532,
    "37":0.560875512995896,
    "38":0.4514363885088919,
    "39":0.38303693570451436,
    "40":0.27359781121751026,
    "41":0.2188782489740082,
    "42":0.2188782489740082,
    "43":0.3419972640218878,
    "44":0.3419972640218878,
    "45":0.2051983584131327,
    "46":0.19151846785225718,
    "47":0.17783857729138167,
    "48":0.27359781121751026,
    "49":0.25991792065663477,
    "50":0.2051983584131327,
    "51":0.17783857729138167,
    "52":0.27359781121751026,
    "53":0.16415868673050615,
    "54":0.19151846785225718,
    "55":0.17783857729138167,
    "56":0.13679890560875513,
    "57":0.17783857729138167,
    "58":0.17783857729138167,
    "59":0.16415868673050615,
    "60":0.12311901504787962,
    "61":0.16415868673050615,
    "62":0.2188782489740082,
    "63":0.1094391244870041,
    "64":0.13679890560875513,
    "65":0.12311901504787962,
    "66":0.12311901504787962,
    "67":0.13679890560875513,
    "68":0.16415868673050615,
    "69":0.1094391244870041,
    "70":0.24623803009575923,
    "71":0.027359781121751026,
    "72":0.05471956224350205,
    "73":0.08207934336525308,
    "74":0.05471956224350205,
    "75":0.09575923392612859,
    "76":0.04103967168262654,
    "77":0.05471956224350205,
    "78":0.05471956224350205,
    "79":0.027359781121751026,
    "80":0.06839945280437756,
    "81":0.04103967168262654,
    "82":0.04103967168262654,
    "83":0.06839945280437756,
    "84":0.06839945280437756,
    "85":0.09575923392612859,
    "86":0.04103967168262654,
    "87":0.013679890560875513,
    "88":0.04103967168262654,
    "89":0.06839945280437756,
    "90":0.027359781121751026,
    "91":0.1094391244870041,
    "92":0.12311901504787962,
    "93":0.1094391244870041,
    "94":0.013679890560875513,
    "95":0.08207934336525308,
    "96":0.027359781121751026,
    "97":0.013679890560875513,
    "98":0.06839945280437756,
    "99":0.05471956224350205,
    "100":0.013679890560875513,
    "101":0.04103967168262654,
    "102":0.027359781121751026,
    "103":0.027359781121751026,
    "104":0.06839945280437756,
    "105":0.0,
    "106":0.04103967168262654,
    "107":0.027359781121751026,
    "108":0.027359781121751026,
    "109":0.013679890560875513,
    "110":0.04103967168262654,
    "111":0.013679890560875513,
    "112":0.013679890560875513,
    "113":0.05471956224350205,
    "114":0.027359781121751026,
    "115":0.013679890560875513,
    "116":0.04103967168262654,
    "117":0.0,
    "118":0.027359781121751026,
    "119":0.013679890560875513,
    "120":0.027359781121751026,
    "121":0.027359781121751026,
    "122":0.04103967168262654,
    "123":0.027359781121751026,
    "124":0.013679890560875513,
    "125":0.05471956224350205,
    "126":0.06839945280437756,
    "127":0.013679890560875513,
    "128":0.0,
    "129":0.04103967168262654,
    "130":0.013679890560875513,
    "131":0.013679890560875513,
    "132":0.013679890560875513,
    "133":0.027359781121751026,
    "134":0.0,
    "135":0.0,
    "136":0.013679890560875513,
    "137":0.027359781121751026,
    "138":0.0,
    "139":0.027359781121751026,
    "140":0.013679890560875513,
    "141":0.013679890560875513,
    "142":0.04103967168262654,
    "143":0.04103967168262654,
    "144":0.027359781121751026,
    "145":0.013679890560875513,
    "146":0.0,
    "147":0.013679890560875513,
    "148":0.0,
    "149":0.013679890560875513,
    "150":0.013679890560875513,
    "151":0.04103967168262654,
    "152":0.04103967168262654,
    "153":0.013679890560875513,
    "154":0.013679890560875513,
    "155":0.0,
    "156":0.0,
    "157":0.013679890560875513,
    "158":0.0,
    "159":0.0,
    "160":0.0,
    "161":0.0,
    "162":0.0,
    "163":0.0,
    "164":0.0,
    "165":0.0
}