{
    "0":2.743932639920753,
    "1":4.170381376919266,
    "2":9.628528974739972,
    "3":5.646359583952452,
    "4":4.041604754829123,
    "5":3.159980188211986,
    "6":4.467558197127291,
    "7":4.0812283308568595,
    "8":5.21050024764735,
    "9":4.794452699356118,
    "10":4.2000990589400695,
    "11":3.3283803863298664,
    "12":2.109955423476969,
    "13":2.0108964834076275,
    "14":2.3873204556711243,
    "15":1.6740960871718673,
    "16":1.4363546310054482,
    "17":1.6939078751857355,
    "18":1.5156017830609212,
    "19":1.7533432392273403,
    "20":1.6245666171371969,
    "21":1.9514611193660227,
    "22":1.5453194650817237,
    "23":1.8127786032689452,
    "24":1.6047548291233282,
    "25":1.58494304110946,
    "26":1.5156017830609212,
    "27":1.5156017830609212,
    "28":0.9905894006934125,
    "29":0.8420009905894007,
    "30":1.0203070827142149,
    "31":0.9410599306587419,
    "32":0.9410599306587419,
    "33":0.6636948984645864,
    "34":0.7528479445269936,
    "35":0.6438831104507181,
    "36":0.48538880633977216,
    "37":0.6835066864784547,
    "38":0.5250123823675087,
    "39":0.4160475482912333,
    "40":0.475482912332838,
    "41":0.4655770183259039,
    "42":0.3070827142149579,
    "43":0.4061416542842992,
    "44":0.36651807825656263,
    "45":0.237741456166419,
    "46":0.25755324418028724,
    "47":0.24764735017335313,
    "48":0.2872709262010897,
    "49":0.25755324418028724,
    "50":0.24764735017335313,
    "51":0.21792966815255077,
    "52":0.237741456166419,
    "53":0.1882119861317484,
    "54":0.22783556215948492,
    "55":0.158494304110946,
    "56":0.20802377414561665,
    "57":0.1485884101040119,
    "58":0.1485884101040119,
    "59":0.21792966815255077,
    "60":0.158494304110946,
    "61":0.13868251609707777,
    "62":0.12877662209014362,
    "63":0.22783556215948492,
    "64":0.158494304110946,
    "65":0.05943536404160475,
    "66":0.13868251609707777,
    "67":0.10896483407627539,
    "68":0.1882119861317484,
    "69":0.04952947003467063,
    "70":0.09905894006934125,
    "71":0.079247152055473,
    "72":0.0396235760277365,
    "73":0.04952947003467063,
    "74":0.05943536404160475,
    "75":0.06934125804853888,
    "76":0.04952947003467063,
    "77":0.04952947003467063,
    "78":0.06934125804853888,
    "79":0.04952947003467063,
    "80":0.05943536404160475,
    "81":0.05943536404160475,
    "82":0.06934125804853888,
    "83":0.029717682020802376,
    "84":0.029717682020802376,
    "85":0.029717682020802376,
    "86":0.06934125804853888,
    "87":0.05943536404160475,
    "88":0.0396235760277365,
    "89":0.01981178801386825,
    "90":0.01981178801386825,
    "91":0.0,
    "92":0.0,
    "93":0.0,
    "94":0.009905894006934125,
    "95":0.0396235760277365,
    "96":0.0,
    "97":0.0,
    "98":0.0,
    "99":0.0,
    "100":0.0,
    "101":0.0,
    "102":0.0,
    "103":0.0,
    "104":0.0,
    "105":0.0,
    "106":0.0,
    "107":0.0,
    "108":0.0,
    "109":0.0,
    "110":0.0,
    "111":0.0,
    "112":0.0,
    "113":0.0,
    "114":0.0,
    "115":0.0,
    "116":0.0,
    "117":0.0,
    "118":0.009905894006934125,
    "119":0.0,
    "120":0.0,
    "121":0.0,
    "122":0.0,
    "123":0.0,
    "124":0.0,
    "125":0.0,
    "126":0.0,
    "127":0.0,
    "128":0.0,
    "129":0.0,
    "130":0.0,
    "131":0.0,
    "132":0.0,
    "133":0.0,
    "134":0.0,
    "135":0.0,
    "136":0.0,
    "137":0.0,
    "138":0.0,
    "139":0.0,
    "140":0.0,
    "141":0.009905894006934125,
    "142":0.0,
    "143":0.0,
    "144":0.0,
    "145":0.0,
    "146":0.0,
    "147":0.0,
    "148":0.0,
    "149":0.0,
    "150":0.0,
    "151":0.0,
    "152":0.0,
    "153":0.0,
    "154":0.0,
    "155":0.0,
    "156":0.0,
    "157":0.0,
    "158":0.0,
    "159":0.0,
    "160":0.0,
    "161":0.0,
    "162":0.0,
    "163":0.0,
    "164":0.0,
    "165":0.009905894006934125,
    "166":0.0,
    "167":0.0,
    "168":0.0,
    "169":0.0,
    "170":0.0,
    "171":0.0,
    "172":0.0,
    "173":0.0,
    "174":0.0,
    "175":0.0,
    "176":0.0,
    "177":0.0,
    "178":0.0,
    "179":0.0,
    "180":0.0,
    "181":0.0,
    "182":0.0,
    "183":0.0,
    "184":0.0,
    "185":0.0,
    "186":0.0,
    "187":0.0,
    "188":0.009905894006934125,
    "189":0.0,
    "190":0.0,
    "191":0.0,
    "192":0.0,
    "193":0.0,
    "194":0.0,
    "195":0.0,
    "196":0.0,
    "197":0.0,
    "198":0.0,
    "199":0.0,
    "200":0.0,
    "201":0.0,
    "202":0.0,
    "203":0.0,
    "204":0.0,
    "205":0.0,
    "206":0.0,
    "207":0.0,
    "208":0.0,
    "209":0.0,
    "210":0.0,
    "211":0.0,
    "212":0.009905894006934125,
    "213":0.0,
    "214":0.0,
    "215":0.0,
    "216":0.0,
    "217":0.0,
    "218":0.0,
    "219":0.0,
    "220":0.0,
    "221":0.0,
    "222":0.0,
    "223":0.0,
    "224":0.0,
    "225":0.0,
    "226":0.0,
    "227":0.0,
    "228":0.0,
    "229":0.0,
    "230":0.0,
    "231":0.0,
    "232":0.0,
    "233":0.0,
    "234":0.0,
    "235":0.009905894006934125,
    "236":0.0,
    "237":0.0,
    "238":0.0,
    "239":0.0,
    "240":0.0,
    "241":0.0,
    "242":0.0,
    "243":0.0,
    "244":0.0,
    "245":0.0,
    "246":0.0,
    "247":0.0,
    "248":0.0,
    "249":0.0,
    "250":0.009905894006934125,
    "251":0.0,
    "252":0.0,
    "253":0.0,
    "254":0.0,
    "255":0.0,
    "256":0.0,
    "257":0.0,
    "258":0.0,
    "259":0.0
}