{
    "0":2.1443888491779846,
    "1":5.13461996664284,
    "2":9.1493924231594,
    "3":8.529902311174649,
    "4":6.623778889683107,
    "5":3.5263283297593517,
    "6":4.18155825589707,
    "7":3.2761496306885873,
    "8":3.4071956159161303,
    "9":3.4786752442220634,
    "10":3.3952823445318083,
    "11":2.6923993328568026,
    "12":2.728139147009769,
    "13":2.192041934715273,
    "14":2.0609959494877295,
    "15":2.1801286633309505,
    "16":1.8703836073385751,
    "17":2.0609959494877295,
    "18":1.858470335954253,
    "19":1.9299499642601858,
    "20":1.8822968787228973,
    "21":2.0252561353347627,
    "22":1.5368120085775554,
    "23":1.2628067667381462,
    "24":1.2866333095067906,
    "25":1.1675005956635693,
    "26":1.2985465808911127,
    "27":1.1079342387419584,
    "28":1.0960209673576364,
    "29":1.0126280676673813,
    "30":1.048367881820348,
    "31":1.1913271384322135,
    "32":0.7862759113652609,
    "33":0.7862759113652609,
    "34":0.9888015248987372,
    "35":0.6671431975220395,
    "36":0.619490111984751,
    "37":0.5599237550631403,
    "38":0.6314033833690731,
    "39":0.44079104121991897,
    "40":0.44079104121991897,
    "41":0.45270431260424115,
    "42":0.45270431260424115,
    "43":0.39313795568263044,
    "44":0.32165832737669764,
    "45":0.39313795568263044,
    "46":0.3097450559923755,
    "47":0.21443888491779842,
    "48":0.33357159876101977,
    "49":0.25017869907076484,
    "50":0.2978317846080534,
    "51":0.19061234214915415,
    "52":0.1310459852275435,
    "53":0.17869907076483202,
    "54":0.1310459852275435,
    "55":0.14295925661186562,
    "56":0.04765308553728854,
    "57":0.17869907076483202,
    "58":0.09530617107457708,
    "59":0.15487252799618775,
    "60":0.16678579938050989,
    "61":0.05956635692161067,
    "62":0.07147962830593281,
    "63":0.11913271384322134,
    "64":0.16678579938050989,
    "65":0.011913271384322134,
    "66":0.07147962830593281,
    "67":0.09530617107457708,
    "68":0.02382654276864427,
    "69":0.011913271384322134,
    "70":0.011913271384322134,
    "71":0.011913271384322134,
    "72":0.011913271384322134,
    "73":0.011913271384322134,
    "74":0.0,
    "75":0.011913271384322134,
    "76":0.011913271384322134,
    "77":0.011913271384322134,
    "78":0.05956635692161067,
    "79":0.02382654276864427,
    "80":0.0,
    "81":0.05956635692161067,
    "82":0.04765308553728854,
    "83":0.0,
    "84":0.0,
    "85":0.0,
    "86":0.0,
    "87":0.0,
    "88":0.0,
    "89":0.0,
    "90":0.0
}