{
    "0":5.445255474452555,
    "1":10.846715328467154,
    "2":5.737226277372263,
    "3":2.7445255474452557,
    "4":2.5255474452554743,
    "5":2.1751824817518246,
    "6":2.335766423357664,
    "7":3.8394160583941606,
    "8":3.8832116788321165,
    "9":4.335766423357664,
    "10":4.175182481751825,
    "11":3.9416058394160585,
    "12":3.401459854014598,
    "13":2.6569343065693434,
    "14":1.927007299270073,
    "15":2.014598540145985,
    "16":2.0,
    "17":1.8394160583941606,
    "18":1.4306569343065694,
    "19":1.7226277372262775,
    "20":1.7956204379562044,
    "21":1.6058394160583942,
    "22":1.5474452554744527,
    "23":1.6350364963503652,
    "24":1.824817518248175,
    "25":1.7956204379562044,
    "26":1.6934306569343065,
    "27":2.0291970802919708,
    "28":1.6204379562043796,
    "29":1.489051094890511,
    "30":1.3868613138686132,
    "31":1.1094890510948905,
    "32":1.27007299270073,
    "33":1.2262773722627736,
    "34":0.9781021897810219,
    "35":0.9927007299270074,
    "36":1.0072992700729926,
    "37":0.6715328467153284,
    "38":0.583941605839416,
    "39":0.5547445255474452,
    "40":0.4233576642335766,
    "41":0.5255474452554744,
    "42":0.3941605839416058,
    "43":0.1897810218978102,
    "44":0.145985401459854,
    "45":0.1313868613138686,
    "46":0.23357664233576644,
    "47":0.10218978102189782,
    "48":0.145985401459854,
    "49":0.11678832116788322,
    "50":0.05839416058394161,
    "51":0.0875912408759124,
    "52":0.10218978102189782,
    "53":0.0437956204379562,
    "54":0.145985401459854,
    "55":0.1313868613138686,
    "56":0.0437956204379562,
    "57":0.029197080291970805,
    "58":0.0437956204379562,
    "59":0.1313868613138686,
    "60":0.10218978102189782,
    "61":0.072992700729927,
    "62":0.10218978102189782,
    "63":0.0437956204379562,
    "64":0.05839416058394161,
    "65":0.05839416058394161,
    "66":0.014598540145985403,
    "67":0.014598540145985403,
    "68":0.014598540145985403,
    "69":0.014598540145985403,
    "70":0.0,
    "71":0.0,
    "72":0.029197080291970805,
    "73":0.014598540145985403,
    "74":0.014598540145985403,
    "75":0.014598540145985403,
    "76":0.014598540145985403,
    "77":0.0,
    "78":0.0437956204379562,
    "79":0.0,
    "80":0.0437956204379562,
    "81":0.0437956204379562,
    "82":0.0,
    "83":0.014598540145985403,
    "84":0.014598540145985403,
    "85":0.0437956204379562,
    "86":0.0437956204379562,
    "87":0.014598540145985403,
    "88":0.014598540145985403,
    "89":0.0,
    "90":0.0,
    "91":0.014598540145985403,
    "92":0.0,
    "93":0.014598540145985403,
    "94":0.014598540145985403,
    "95":0.014598540145985403,
    "96":0.0,
    "97":0.0,
    "98":0.014598540145985403,
    "99":0.0437956204379562,
    "100":0.0,
    "101":0.0,
    "102":0.0,
    "103":0.0,
    "104":0.0,
    "105":0.0,
    "106":0.0,
    "107":0.0,
    "108":0.0
}