{
    "0":4.38178933235689,
    "1":8.470645673135603,
    "2":9.898694007079214,
    "3":3.4297571097278166,
    "4":2.0505309410472354,
    "5":2.001708775784206,
    "6":2.53875259367753,
    "7":2.9415354570975225,
    "8":3.5274014402538754,
    "9":3.7348956426217503,
    "10":4.19870621262053,
    "11":4.271939460515074,
    "12":3.9790064689368974,
    "13":3.649456853411449,
    "14":3.9423898449896253,
    "15":3.3321127792017577,
    "16":2.9049188331502505,
    "17":2.0261198584157207,
    "18":1.8308311973636031,
    "19":2.282436226046625,
    "20":2.30684730867814,
    "21":2.135969730257537,
    "22":1.8796533626266325,
    "23":1.4280483339436105,
    "24":1.3181984621017944,
    "25":1.1229098010496765,
    "26":1.269376296838765,
    "27":1.2205541315757356,
    "28":0.7811546442084707,
    "29":0.8055657268399854,
    "30":0.7201269376296839,
    "31":0.7323324789454413,
    "32":0.5614549005248383,
    "33":0.41498840473575005,
    "34":0.5126327352618089,
    "35":0.43939948736726475,
    "36":0.41498840473575005,
    "37":0.5126327352618089,
    "38":0.378371780788478,
    "39":0.28072745026241913,
    "40":0.4271939460515074,
    "41":0.43939948736726475,
    "42":0.4516050286830221,
    "43":0.23190528499938973,
    "44":0.36616623947272064,
    "45":0.21969974368363238,
    "46":0.3295496155254486,
    "47":0.28072745026241913,
    "48":0.2929329915781765,
    "49":0.3295496155254486,
    "50":0.18308311973636032,
    "51":0.28072745026241913,
    "52":0.17087757842060297,
    "53":0.14646649578908824,
    "54":0.18308311973636032,
    "55":0.10984987184181619,
    "56":0.04882216526302942,
    "57":0.09764433052605884,
    "58":0.14646649578908824,
    "59":0.04882216526302942,
    "60":0.08543878921030149,
    "61":0.06102770657878677,
    "62":0.03661662394727206,
    "63":0.06102770657878677,
    "64":0.03661662394727206,
    "65":0.08543878921030149,
    "66":0.04882216526302942,
    "67":0.08543878921030149,
    "68":0.012205541315757355,
    "69":0.0,
    "70":0.0,
    "71":0.0,
    "72":0.0,
    "73":0.0,
    "74":0.0,
    "75":0.0,
    "76":0.0,
    "77":0.0,
    "78":0.0,
    "79":0.0,
    "80":0.0,
    "81":0.012205541315757355,
    "82":0.0,
    "83":0.0,
    "84":0.0,
    "85":0.0,
    "86":0.0,
    "87":0.0,
    "88":0.0,
    "89":0.0,
    "90":0.0,
    "91":0.0,
    "92":0.0,
    "93":0.0,
    "94":0.0,
    "95":0.012205541315757355,
    "96":0.0,
    "97":0.0,
    "98":0.0,
    "99":0.0,
    "100":0.0,
    "101":0.0,
    "102":0.0,
    "103":0.0,
    "104":0.0,
    "105":0.0,
    "106":0.0,
    "107":0.0,
    "108":0.012205541315757355,
    "109":0.0,
    "110":0.0,
    "111":0.0,
    "112":0.0,
    "113":0.0,
    "114":0.0,
    "115":0.0,
    "116":0.0,
    "117":0.0,
    "118":0.0,
    "119":0.0,
    "120":0.0,
    "121":0.0,
    "122":0.012205541315757355,
    "123":0.0,
    "124":0.0,
    "125":0.0,
    "126":0.0,
    "127":0.0,
    "128":0.0,
    "129":0.0,
    "130":0.0,
    "131":0.0,
    "132":0.0,
    "133":0.0,
    "134":0.0,
    "135":0.012205541315757355,
    "136":0.0,
    "137":0.0,
    "138":0.0,
    "139":0.0,
    "140":0.0,
    "141":0.0,
    "142":0.0,
    "143":0.0,
    "144":0.0,
    "145":0.012205541315757355,
    "146":0.0,
    "147":0.0,
    "148":0.0,
    "149":0.0,
    "150":0.0,
    "151":0.0,
    "152":0.0,
    "153":0.0,
    "154":0.0
}