{
    "0":2.328469419434958,
    "1":2.5768394908413534,
    "2":7.435579012728965,
    "3":5.712511642347097,
    "4":3.2443340577460416,
    "5":3.1822415398944424,
    "6":4.113629307668426,
    "7":3.849736106799131,
    "8":4.144675566594225,
    "9":4.7656007451102145,
    "10":4.951878298665011,
    "11":4.253337472834524,
    "12":3.3995653523750393,
    "13":2.685501397081652,
    "14":2.8562558211735487,
    "15":3.104625892579944,
    "16":2.4681775846010554,
    "17":2.7010245265445514,
    "18":1.9403911828624651,
    "19":1.6764979819931698,
    "20":1.552312946289972,
    "21":1.381558522198075,
    "22":1.4746972989754736,
    "23":1.5212666873641727,
    "24":1.319466004346476,
    "25":1.4281279105867744,
    "26":1.1331884507916796,
    "27":1.1952809686432786,
    "28":0.9934802856255821,
    "29":1.0400496740142813,
    "30":1.009003415088482,
    "31":1.0866190624029806,
    "32":0.8382489909965849,
    "33":0.7295870847562869,
    "34":0.8692952499223843,
    "35":0.6364483079788885,
    "36":0.7140639552933872,
    "37":0.49674014281279105,
    "38":0.6054020490530891,
    "39":0.5898789195901893,
    "40":0.6519714374417882,
    "41":0.4656938838869916,
    "42":0.5122632722756908,
    "43":0.6519714374417882,
    "44":0.49674014281279105,
    "45":0.41912449549829245,
    "46":0.43464762496119214,
    "47":0.26389320086929524,
    "48":0.40360136603539276,
    "49":0.20180068301769638,
    "50":0.26389320086929524,
    "51":0.388078236572493,
    "52":0.29493945979509467,
    "53":0.3104625892579944,
    "54":0.279416330332195,
    "55":0.2328469419434958,
    "56":0.17075442409189692,
    "57":0.17075442409189692,
    "58":0.12418503570319776,
    "59":0.06209251785159888,
    "60":0.09313877677739833,
    "61":0.09313877677739833,
    "62":0.1552312946289972,
    "63":0.1397081651660975,
    "64":0.20180068301769638,
    "65":0.09313877677739833,
    "66":0.0,
    "67":0.01552312946289972,
    "68":0.046569388388699166,
    "69":0.0,
    "70":0.03104625892579944,
    "71":0.0,
    "72":0.0,
    "73":0.01552312946289972,
    "74":0.0776156473144986,
    "75":0.0,
    "76":0.01552312946289972,
    "77":0.01552312946289972,
    "78":0.0,
    "79":0.01552312946289972,
    "80":0.0,
    "81":0.0,
    "82":0.0,
    "83":0.0,
    "84":0.0,
    "85":0.06209251785159888,
    "86":0.0,
    "87":0.01552312946289972,
    "88":0.0,
    "89":0.0,
    "90":0.0,
    "91":0.0,
    "92":0.0,
    "93":0.0,
    "94":0.0,
    "95":0.01552312946289972,
    "96":0.01552312946289972,
    "97":0.0,
    "98":0.0,
    "99":0.0,
    "100":0.0,
    "101":0.0,
    "102":0.01552312946289972,
    "103":0.0,
    "104":0.0,
    "105":0.0,
    "106":0.0,
    "107":0.0,
    "108":0.0,
    "109":0.0,
    "110":0.0,
    "111":0.0,
    "112":0.0,
    "113":0.0,
    "114":0.0,
    "115":0.0,
    "116":0.06209251785159888,
    "117":0.0,
    "118":0.0,
    "119":0.0,
    "120":0.0,
    "121":0.0,
    "122":0.0,
    "123":0.0,
    "124":0.0,
    "125":0.0
}