{
    "0":5.102871091479717,
    "1":5.32372428222713,
    "2":8.752760664884343,
    "3":3.243054748343601,
    "4":1.9295594560037197,
    "5":2.3480181332093455,
    "6":4.19621062420086,
    "7":4.730907822852493,
    "8":5.009880274322911,
    "9":5.242357317214925,
    "10":5.067999535045914,
    "11":4.568173892828083,
    "12":3.7196326862722304,
    "13":3.475531791235616,
    "14":3.4987794955248166,
    "15":3.091944670463792,
    "16":3.1384400790421942,
    "17":2.789724514704173,
    "18":2.9640822968731837,
    "19":2.5107520632337557,
    "20":2.3945135417877483,
    "21":1.8598163431361152,
    "22":1.790073230268511,
    "23":1.3948622573520866,
    "24":1.2669998837614784,
    "25":0.9299081715680576,
    "26":1.0228989887248634,
    "27":0.9066604672788562,
    "28":0.7671742415436476,
    "29":0.6974311286760433,
    "30":0.5928164593746368,
    "31":0.5346971986516331,
    "32":0.5230733465070325,
    "33":0.32546786004882017,
    "34":0.3952109729164245,
    "35":0.26734859932581656,
    "36":0.27897245147041727,
    "37":0.22085319074741366,
    "38":0.13948622573520864,
    "39":0.16273393002441008,
    "40":0.10461466930140649,
    "41":0.32546786004882017,
    "42":0.12786237359060793,
    "43":0.15111007787980937,
    "44":0.1162385214460072,
    "45":0.12786237359060793,
    "46":0.09299081715680577,
    "47":0.06974311286760432,
    "48":0.09299081715680577,
    "49":0.08136696501220504,
    "50":0.09299081715680577,
    "51":0.0581192607230036,
    "52":0.0581192607230036,
    "53":0.1162385214460072,
    "54":0.08136696501220504,
    "55":0.13948622573520864,
    "56":0.06974311286760432,
    "57":0.1162385214460072,
    "58":0.06974311286760432,
    "59":0.03487155643380216,
    "60":0.04649540857840288,
    "61":0.06974311286760432,
    "62":0.0581192607230036,
    "63":0.06974311286760432,
    "64":0.02324770428920144,
    "65":0.0,
    "66":0.03487155643380216,
    "67":0.01162385214460072,
    "68":0.03487155643380216,
    "69":0.01162385214460072,
    "70":0.02324770428920144,
    "71":0.01162385214460072,
    "72":0.0,
    "73":0.01162385214460072,
    "74":0.01162385214460072,
    "75":0.03487155643380216,
    "76":0.0,
    "77":0.03487155643380216,
    "78":0.01162385214460072,
    "79":0.01162385214460072,
    "80":0.02324770428920144,
    "81":0.0,
    "82":0.0,
    "83":0.0,
    "84":0.01162385214460072,
    "85":0.02324770428920144,
    "86":0.0,
    "87":0.0,
    "88":0.0,
    "89":0.0,
    "90":0.0,
    "91":0.0,
    "92":0.0,
    "93":0.0,
    "94":0.0,
    "95":0.01162385214460072,
    "96":0.0,
    "97":0.02324770428920144,
    "98":0.01162385214460072,
    "99":0.0,
    "100":0.0,
    "101":0.0,
    "102":0.0,
    "103":0.0,
    "104":0.0,
    "105":0.0,
    "106":0.0,
    "107":0.01162385214460072,
    "108":0.0,
    "109":0.0,
    "110":0.0,
    "111":0.0,
    "112":0.0,
    "113":0.0,
    "114":0.0,
    "115":0.02324770428920144,
    "116":0.0,
    "117":0.0,
    "118":0.0,
    "119":0.02324770428920144,
    "120":0.01162385214460072,
    "121":0.01162385214460072,
    "122":0.0,
    "123":0.0,
    "124":0.0,
    "125":0.0,
    "126":0.0,
    "127":0.0,
    "128":0.0,
    "129":0.0
}