{
    "0":0.6908237747653806,
    "1":1.1209593326381648,
    "2":7.872784150156413,
    "3":6.790928050052138,
    "4":2.7763295099061525,
    "5":2.880604796663191,
    "6":4.053701772679875,
    "7":4.679353493222107,
    "8":5.122523461939521,
    "9":5.656934306569343,
    "10":4.353493222106361,
    "11":4.4447340980187695,
    "12":4.223149113660062,
    "13":3.597497393117831,
    "14":2.450469238790407,
    "15":2.111574556830031,
    "16":2.150677789363921,
    "17":2.2679874869655894,
    "18":1.5641293013555788,
    "19":1.824817518248175,
    "20":1.629301355578728,
    "21":1.551094890510949,
    "22":1.4337851929092804,
    "23":1.4989572471324297,
    "24":1.551094890510949,
    "25":1.629301355578728,
    "26":1.7075078206465069,
    "27":1.4207507820646508,
    "28":1.3686131386861315,
    "29":1.5250260688216892,
    "30":1.47288842544317,
    "31":0.9124087591240875,
    "32":0.7168925964546402,
    "33":0.7299270072992701,
    "34":0.5474452554744526,
    "35":0.5474452554744526,
    "36":0.7950990615224193,
    "37":0.5213764337851928,
    "38":0.5344108446298228,
    "39":0.5083420229405631,
    "40":0.4171011470281543,
    "41":0.5083420229405631,
    "42":0.3910323253388947,
    "43":0.4040667361835245,
    "44":0.4301355578727841,
    "45":0.3779979144942649,
    "46":0.4301355578727841,
    "47":0.2737226277372263,
    "48":0.1303441084462982,
    "49":0.2737226277372263,
    "50":0.14337851929092804,
    "51":0.07820646506777894,
    "52":0.0651720542231491,
    "53":0.10427528675703858,
    "54":0.10427528675703858,
    "55":0.05213764337851929,
    "56":0.11730969760166841,
    "57":0.0651720542231491,
    "58":0.1303441084462982,
    "59":0.11730969760166841,
    "60":0.07820646506777894,
    "61":0.07820646506777894,
    "62":0.1303441084462982,
    "63":0.10427528675703858,
    "64":0.026068821689259645,
    "65":0.03910323253388947,
    "66":0.0651720542231491,
    "67":0.0,
    "68":0.013034410844629822,
    "69":0.013034410844629822,
    "70":0.0,
    "71":0.013034410844629822,
    "72":0.026068821689259645,
    "73":0.013034410844629822,
    "74":0.026068821689259645,
    "75":0.10427528675703858,
    "76":0.03910323253388947,
    "77":0.03910323253388947,
    "78":0.0651720542231491,
    "79":0.026068821689259645,
    "80":0.026068821689259645,
    "81":0.026068821689259645,
    "82":0.026068821689259645,
    "83":0.0,
    "84":0.03910323253388947,
    "85":0.03910323253388947,
    "86":0.026068821689259645,
    "87":0.0651720542231491,
    "88":0.026068821689259645,
    "89":0.05213764337851929,
    "90":0.026068821689259645,
    "91":0.03910323253388947,
    "92":0.026068821689259645,
    "93":0.05213764337851929,
    "94":0.03910323253388947,
    "95":0.0,
    "96":0.0,
    "97":0.05213764337851929,
    "98":0.05213764337851929,
    "99":0.03910323253388947,
    "100":0.026068821689259645,
    "101":0.013034410844629822,
    "102":0.03910323253388947,
    "103":0.0651720542231491,
    "104":0.0,
    "105":0.0,
    "106":0.0,
    "107":0.013034410844629822,
    "108":0.03910323253388947,
    "109":0.013034410844629822,
    "110":0.013034410844629822,
    "111":0.013034410844629822,
    "112":0.026068821689259645,
    "113":0.0,
    "114":0.013034410844629822,
    "115":0.026068821689259645,
    "116":0.026068821689259645,
    "117":0.0,
    "118":0.013034410844629822,
    "119":0.013034410844629822,
    "120":0.013034410844629822,
    "121":0.0,
    "122":0.0,
    "123":0.013034410844629822,
    "124":0.013034410844629822,
    "125":0.013034410844629822,
    "126":0.013034410844629822,
    "127":0.013034410844629822,
    "128":0.03910323253388947,
    "129":0.0,
    "130":0.0,
    "131":0.0,
    "132":0.026068821689259645,
    "133":0.013034410844629822,
    "134":0.0,
    "135":0.013034410844629822,
    "136":0.013034410844629822,
    "137":0.0,
    "138":0.013034410844629822,
    "139":0.013034410844629822,
    "140":0.026068821689259645,
    "141":0.0,
    "142":0.0,
    "143":0.0,
    "144":0.0,
    "145":0.0,
    "146":0.0,
    "147":0.013034410844629822,
    "148":0.0,
    "149":0.0,
    "150":0.0,
    "151":0.0,
    "152":0.0,
    "153":0.0,
    "154":0.0,
    "155":0.0
}