{
    "0":4.385245901639345,
    "1":5.081967213114754,
    "2":9.234972677595628,
    "3":7.650273224043716,
    "4":3.7704918032786887,
    "5":2.8551912568306013,
    "6":3.1967213114754096,
    "7":3.2650273224043715,
    "8":3.360655737704918,
    "9":3.825136612021858,
    "10":3.948087431693989,
    "11":3.2513661202185795,
    "12":3.2650273224043715,
    "13":2.8278688524590163,
    "14":2.4863387978142075,
    "15":2.336065573770492,
    "16":2.03551912568306,
    "17":2.26775956284153,
    "18":2.814207650273224,
    "19":1.762295081967213,
    "20":1.6530054644808743,
    "21":1.2158469945355193,
    "22":1.2978142076502732,
    "23":1.1612021857923498,
    "24":0.8060109289617485,
    "25":1.010928961748634,
    "26":1.010928961748634,
    "27":1.2021857923497268,
    "28":0.9972677595628415,
    "29":1.2978142076502732,
    "30":1.0655737704918031,
    "31":1.3387978142076504,
    "32":1.133879781420765,
    "33":0.9289617486338797,
    "34":1.0382513661202186,
    "35":0.778688524590164,
    "36":0.6693989071038252,
    "37":0.49180327868852464,
    "38":0.32786885245901637,
    "39":0.4508196721311476,
    "40":0.4371584699453552,
    "41":0.4098360655737705,
    "42":0.31420765027322406,
    "43":0.3551912568306011,
    "44":0.28688524590163933,
    "45":0.3825136612021858,
    "46":0.273224043715847,
    "47":0.31420765027322406,
    "48":0.36885245901639346,
    "49":0.34153005464480873,
    "50":0.15027322404371585,
    "51":0.2185792349726776,
    "52":0.15027322404371585,
    "53":0.09562841530054644,
    "54":0.17759562841530055,
    "55":0.08196721311475409,
    "56":0.040983606557377046,
    "57":0.08196721311475409,
    "58":0.06830601092896176,
    "59":0.09562841530054644,
    "60":0.08196721311475409,
    "61":0.06830601092896176,
    "62":0.1092896174863388,
    "63":0.1092896174863388,
    "64":0.0546448087431694,
    "65":0.0546448087431694,
    "66":0.0546448087431694,
    "67":0.0273224043715847,
    "68":0.0273224043715847,
    "69":0.040983606557377046,
    "70":0.040983606557377046,
    "71":0.0,
    "72":0.0273224043715847,
    "73":0.01366120218579235,
    "74":0.040983606557377046,
    "75":0.0273224043715847,
    "76":0.0273224043715847,
    "77":0.040983606557377046,
    "78":0.0273224043715847,
    "79":0.01366120218579235,
    "80":0.0,
    "81":0.0273224043715847,
    "82":0.0273224043715847,
    "83":0.040983606557377046,
    "84":0.0273224043715847,
    "85":0.01366120218579235,
    "86":0.0546448087431694,
    "87":0.040983606557377046,
    "88":0.0273224043715847,
    "89":0.0273224043715847,
    "90":0.0273224043715847,
    "91":0.0546448087431694,
    "92":0.09562841530054644,
    "93":0.040983606557377046,
    "94":0.01366120218579235,
    "95":0.01366120218579235,
    "96":0.040983606557377046,
    "97":0.01366120218579235,
    "98":0.0546448087431694,
    "99":0.0,
    "100":0.0,
    "101":0.0,
    "102":0.01366120218579235,
    "103":0.01366120218579235,
    "104":0.01366120218579235,
    "105":0.0,
    "106":0.0,
    "107":0.01366120218579235,
    "108":0.0,
    "109":0.01366120218579235,
    "110":0.0,
    "111":0.0,
    "112":0.0546448087431694,
    "113":0.01366120218579235,
    "114":0.0,
    "115":0.0,
    "116":0.0546448087431694,
    "117":0.0,
    "118":0.0,
    "119":0.0,
    "120":0.0,
    "121":0.0,
    "122":0.0,
    "123":0.01366120218579235,
    "124":0.01366120218579235,
    "125":0.0,
    "126":0.01366120218579235,
    "127":0.0,
    "128":0.01366120218579235,
    "129":0.0,
    "130":0.01366120218579235,
    "131":0.01366120218579235,
    "132":0.0,
    "133":0.0,
    "134":0.0,
    "135":0.0,
    "136":0.0,
    "137":0.0,
    "138":0.0,
    "139":0.0273224043715847,
    "140":0.0,
    "141":0.0,
    "142":0.0,
    "143":0.01366120218579235,
    "144":0.0,
    "145":0.0,
    "146":0.01366120218579235,
    "147":0.0,
    "148":0.0,
    "149":0.0,
    "150":0.0,
    "151":0.0,
    "152":0.0,
    "153":0.0,
    "154":0.0,
    "155":0.0
}