{
    "0":2.2813688212927756,
    "1":1.2904712524484387,
    "2":4.032722663901371,
    "3":3.7101048507892616,
    "4":4.401428736029497,
    "5":4.459039059799516,
    "6":5.415370434381842,
    "7":5.4499366286438535,
    "8":5.576679340937896,
    "9":5.127318815531743,
    "10":4.505127318815532,
    "11":4.286208088489457,
    "12":3.226178131121097,
    "13":3.0303030303030303,
    "14":3.2607443253831088,
    "15":2.5809425048968775,
    "16":2.1891923032607443,
    "17":2.2583246917847677,
    "18":2.0854937204747093,
    "19":2.1891923032607443,
    "20":1.9472289434266619,
    "21":1.8320082958866228,
    "22":1.7628759073625995,
    "23":1.670699389330568,
    "24":1.7052655835925796,
    "25":1.255905058186427,
    "26":1.3135153819564467,
    "27":1.3596036409724623,
    "28":1.1291623458923838,
    "29":1.2213388639244154,
    "30":1.3596036409724623,
    "31":1.2789491876944348,
    "32":0.7835004032722664,
    "33":0.8641548565502939,
    "34":0.8641548565502939,
    "35":0.5761032377001959,
    "36":0.6682797557322272,
    "37":0.4608825901601567,
    "38":0.25348542458808615,
    "39":0.23044129508007835,
    "40":0.3341398778661136,
    "41":0.2189192303260744,
    "42":0.1958751008180666,
    "43":0.3917502016361332,
    "44":0.28805161885009795,
    "45":0.3341398778661136,
    "46":0.28805161885009795,
    "47":0.28805161885009795,
    "48":0.16130890655605484,
    "49":0.14978684180205093,
    "50":0.11522064754003918,
    "51":0.12674271229404308,
    "52":0.09217651803203135,
    "53":0.12674271229404308,
    "54":0.13826477704804702,
    "55":0.12674271229404308,
    "56":0.12674271229404308,
    "57":0.11522064754003918,
    "58":0.034566194262011754,
    "59":0.09217651803203135,
    "60":0.06913238852402351,
    "61":0.046088259016015674,
    "62":0.13826477704804702,
    "63":0.023044129508007837,
    "64":0.05761032377001959,
    "65":0.09217651803203135,
    "66":0.034566194262011754,
    "67":0.10369858278603526,
    "68":0.046088259016015674,
    "69":0.046088259016015674,
    "70":0.09217651803203135,
    "71":0.09217651803203135,
    "72":0.06913238852402351,
    "73":0.046088259016015674,
    "74":0.05761032377001959,
    "75":0.10369858278603526,
    "76":0.034566194262011754,
    "77":0.05761032377001959,
    "78":0.05761032377001959,
    "79":0.06913238852402351,
    "80":0.023044129508007837,
    "81":0.046088259016015674,
    "82":0.034566194262011754,
    "83":0.046088259016015674,
    "84":0.023044129508007837,
    "85":0.034566194262011754,
    "86":0.046088259016015674,
    "87":0.023044129508007837,
    "88":0.046088259016015674,
    "89":0.046088259016015674,
    "90":0.046088259016015674,
    "91":0.011522064754003919,
    "92":0.023044129508007837,
    "93":0.046088259016015674,
    "94":0.12674271229404308,
    "95":0.011522064754003919,
    "96":0.034566194262011754,
    "97":0.011522064754003919,
    "98":0.011522064754003919,
    "99":0.0,
    "100":0.046088259016015674,
    "101":0.023044129508007837,
    "102":0.0,
    "103":0.034566194262011754,
    "104":0.0,
    "105":0.034566194262011754,
    "106":0.011522064754003919,
    "107":0.023044129508007837,
    "108":0.023044129508007837,
    "109":0.06913238852402351,
    "110":0.0,
    "111":0.0,
    "112":0.0,
    "113":0.0,
    "114":0.0,
    "115":0.0,
    "116":0.0,
    "117":0.0,
    "118":0.0,
    "119":0.0,
    "120":0.023044129508007837,
    "121":0.046088259016015674,
    "122":0.0,
    "123":0.0,
    "124":0.0,
    "125":0.0,
    "126":0.0,
    "127":0.0,
    "128":0.0,
    "129":0.0
}