{
    "0":7.721769211761799,
    "1":4.0894489745490485,
    "2":6.8322213985668405,
    "3":5.337286879169755,
    "4":3.323449468742278,
    "5":2.149740548554485,
    "6":2.4215468248085,
    "7":2.853965900667161,
    "8":3.644675067951569,
    "9":4.212997281937238,
    "10":3.6076105757351122,
    "11":3.7682233753397574,
    "12":3.867062021250309,
    "13":3.385223622436372,
    "14":2.322708178897949,
    "15":2.446256486286138,
    "16":2.2979985174203117,
    "17":1.927353595255745,
    "18":1.8038052878675561,
    "19":1.643192488262911,
    "20":1.6061279960464543,
    "21":1.2601927353595257,
    "22":1.4702248579194463,
    "23":1.3960958734865332,
    "24":1.420805534964171,
    "25":1.2354830738818878,
    "26":1.0872251050160613,
    "27":1.2849023968371633,
    "28":1.420805534964171,
    "29":0.9883864591055104,
    "30":0.9019026439337781,
    "31":0.8524833209785025,
    "32":0.9389671361502347,
    "33":0.6918705213738572,
    "34":0.6548060291574005,
    "35":0.4447739065974796,
    "36":0.5559673832468496,
    "37":0.4447739065974796,
    "38":0.4941932295527552,
    "39":0.5559673832468496,
    "40":0.4694835680751174,
    "41":0.2347417840375587,
    "42":0.3459352606869286,
    "43":0.3335804299481097,
    "44":0.25945144551519644,
    "45":0.2965159377316531,
    "46":0.37064492216456635,
    "47":0.3829997529033852,
    "48":0.5806770447244872,
    "49":0.4324190758586607,
    "50":0.4324190758586607,
    "51":0.4200642451198419,
    "52":0.3335804299481097,
    "53":0.14825796886582654,
    "54":0.2347417840375587,
    "55":0.18532246108228317,
    "56":0.2718062762540153,
    "57":0.2965159377316531,
    "58":0.18532246108228317,
    "59":0.18532246108228317,
    "60":0.2223869532987398,
    "61":0.18532246108228317,
    "62":0.19767729182110205,
    "63":0.18532246108228317,
    "64":0.1235483073881888,
    "65":0.1235483073881888,
    "66":0.09883864591055103,
    "67":0.08648381517173215,
    "68":0.16061279960464542,
    "69":0.19767729182110205,
    "70":0.09883864591055103,
    "71":0.1729676303434643,
    "72":0.1111934766493699,
    "73":0.18532246108228317,
    "74":0.19767729182110205,
    "75":0.08648381517173215,
    "76":0.08648381517173215,
    "77":0.18532246108228317,
    "78":0.1235483073881888,
    "79":0.08648381517173215,
    "80":0.14825796886582654,
    "81":0.1235483073881888,
    "82":0.14825796886582654,
    "83":0.14825796886582654,
    "84":0.13590313812700766,
    "85":0.16061279960464542,
    "86":0.024709661477637757,
    "87":0.0617741536940944,
    "88":0.0617741536940944,
    "89":0.0617741536940944,
    "90":0.07412898443291327,
    "91":0.08648381517173215,
    "92":0.024709661477637757,
    "93":0.024709661477637757,
    "94":0.012354830738818878,
    "95":0.024709661477637757,
    "96":0.0,
    "97":0.0,
    "98":0.0,
    "99":0.0,
    "100":0.0,
    "101":0.0,
    "102":0.0,
    "103":0.0,
    "104":0.0
}