{
    "0":4.2706131078224105,
    "1":2.466525722339676,
    "2":7.357293868921776,
    "3":3.185341789992953,
    "4":4.524312896405919,
    "5":2.8329809725158563,
    "6":5.25722339675828,
    "7":5.25722339675828,
    "8":4.045102184637068,
    "9":4.4538407329105,
    "10":4.5665961945031714,
    "11":3.4954193093727977,
    "12":2.7625088090204373,
    "13":2.5933756166314303,
    "14":2.2832980972515857,
    "15":2.22692036645525,
    "16":2.4101479915433406,
    "17":2.565186751233263,
    "18":2.4101479915433406,
    "19":2.6497533474277657,
    "20":2.2973925299506694,
    "21":2.1141649048625792,
    "22":1.8886539816772376,
    "23":2.0014094432699086,
    "24":1.522198731501057,
    "25":1.3953488372093024,
    "26":1.2544045102184638,
    "27":0.8456659619450317,
    "28":0.9302325581395349,
    "29":0.7751937984496124,
    "30":1.0429880197322057,
    "31":0.7610993657505285,
    "32":0.7470049330514447,
    "33":0.8738548273431994,
    "34":0.8033826638477801,
    "35":0.6765327695560254,
    "36":0.5778717406624384,
    "37":0.6483439041578576,
    "38":0.4369274136715997,
    "39":0.31007751937984496,
    "40":0.40873854827343203,
    "41":0.3382663847780127,
    "42":0.47921071176885127,
    "43":0.3523608174770966,
    "44":0.19732205778717407,
    "45":0.2677942212825934,
    "46":0.2677942212825934,
    "47":0.2959830866807611,
    "48":0.2536997885835095,
    "49":0.2536997885835095,
    "50":0.23960535588442564,
    "51":0.31007751937984496,
    "52":0.28188865398167723,
    "53":0.21141649048625794,
    "54":0.14094432699083861,
    "55":0.19732205778717407,
    "56":0.16913319238900634,
    "57":0.1832276250880902,
    "58":0.16913319238900634,
    "59":0.08456659619450317,
    "60":0.08456659619450317,
    "61":0.09866102889358704,
    "62":0.14094432699083861,
    "63":0.2536997885835095,
    "64":0.07047216349541931,
    "65":0.05637773079633545,
    "66":0.09866102889358704,
    "67":0.014094432699083862,
    "68":0.042283298097251586,
    "69":0.028188865398167725,
    "70":0.014094432699083862,
    "71":0.028188865398167725,
    "72":0.014094432699083862,
    "73":0.014094432699083862,
    "74":0.014094432699083862,
    "75":0.042283298097251586,
    "76":0.028188865398167725,
    "77":0.014094432699083862,
    "78":0.028188865398167725,
    "79":0.042283298097251586,
    "80":0.0,
    "81":0.028188865398167725,
    "82":0.042283298097251586,
    "83":0.028188865398167725,
    "84":0.0,
    "85":0.0,
    "86":0.0,
    "87":0.028188865398167725,
    "88":0.05637773079633545,
    "89":0.014094432699083862,
    "90":0.028188865398167725,
    "91":0.028188865398167725,
    "92":0.0,
    "93":0.0,
    "94":0.0,
    "95":0.0,
    "96":0.0,
    "97":0.0,
    "98":0.0,
    "99":0.0
}