{
    "0":2.736127831892306,
    "1":2.6595162525993215,
    "2":7.858159133194703,
    "3":4.990697165371566,
    "4":3.261464375615629,
    "5":3.39279851154646,
    "6":5.231476414578089,
    "7":6.413483637955565,
    "8":6.293094013352304,
    "9":6.260260479369596,
    "10":5.680201379008428,
    "11":4.432527087665536,
    "12":2.9221845244609828,
    "13":1.9371785049797525,
    "14":1.7839553463937834,
    "15":1.7839553463937834,
    "16":2.090401663565722,
    "17":1.8496224143591988,
    "18":1.7292327897559374,
    "19":1.5869541424975375,
    "20":1.663565721790522,
    "21":1.751121812411076,
    "22":1.751121812411076,
    "23":1.521287074532122,
    "24":1.4775090292218451,
    "25":1.41184196125643,
    "26":1.368063915946153,
    "27":1.0506730874466454,
    "28":0.8427273722228302,
    "29":0.875560906205538,
    "30":0.9959505308087993,
    "31":0.831782860895261,
    "32":0.6785597023092919,
    "33":0.47061398708547664,
    "34":0.5472255663784612,
    "35":0.2736127831892306,
    "36":0.30644631717193827,
    "37":0.38305789646492283,
    "38":0.36116887380978435,
    "39":0.3721133851373536,
    "40":0.24077924920652294,
    "41":0.2736127831892306,
    "42":0.28455729451679984,
    "43":0.20794571522381525,
    "44":0.1860566925686768,
    "45":0.2736127831892306,
    "46":0.28455729451679984,
    "47":0.2298347378789537,
    "48":0.1860566925686768,
    "49":0.14227864725839992,
    "50":0.17511218124110758,
    "51":0.2736127831892306,
    "52":0.16416766991353837,
    "53":0.197001203896246,
    "54":0.17511218124110758,
    "55":0.20794571522381525,
    "56":0.2298347378789537,
    "57":0.2298347378789537,
    "58":0.26266827186166136,
    "59":0.17511218124110758,
    "60":0.13133413593083068,
    "61":0.12038962460326147,
    "62":0.08755609062055379,
    "63":0.098500601948123,
    "64":0.07661157929298457,
    "65":0.03283353398270767,
    "66":0.08755609062055379,
    "67":0.03283353398270767,
    "68":0.05472255663784612,
    "69":0.05472255663784612,
    "70":0.05472255663784612,
    "71":0.08755609062055379,
    "72":0.03283353398270767,
    "73":0.021889022655138448,
    "74":0.043778045310276896,
    "75":0.08755609062055379,
    "76":0.06566706796541534,
    "77":0.05472255663784612,
    "78":0.021889022655138448,
    "79":0.010944511327569224,
    "80":0.043778045310276896,
    "81":0.043778045310276896,
    "82":0.05472255663784612,
    "83":0.05472255663784612,
    "84":0.03283353398270767,
    "85":0.021889022655138448,
    "86":0.06566706796541534,
    "87":0.043778045310276896,
    "88":0.010944511327569224,
    "89":0.0,
    "90":0.021889022655138448,
    "91":0.0,
    "92":0.0,
    "93":0.010944511327569224,
    "94":0.03283353398270767,
    "95":0.0,
    "96":0.0,
    "97":0.0,
    "98":0.0,
    "99":0.0,
    "100":0.0,
    "101":0.0,
    "102":0.0,
    "103":0.0,
    "104":0.0,
    "105":0.0,
    "106":0.0,
    "107":0.0,
    "108":0.0,
    "109":0.0,
    "110":0.0,
    "111":0.0,
    "112":0.0,
    "113":0.0,
    "114":0.0,
    "115":0.0,
    "116":0.0,
    "117":0.0,
    "118":0.0,
    "119":0.0,
    "120":0.0,
    "121":0.0,
    "122":0.0,
    "123":0.0,
    "124":0.0,
    "125":0.0,
    "126":0.010944511327569224,
    "127":0.0,
    "128":0.0,
    "129":0.0,
    "130":0.0,
    "131":0.0,
    "132":0.0,
    "133":0.0,
    "134":0.0,
    "135":0.0,
    "136":0.0,
    "137":0.0,
    "138":0.0,
    "139":0.0,
    "140":0.0,
    "141":0.0,
    "142":0.0,
    "143":0.0,
    "144":0.0,
    "145":0.0,
    "146":0.0,
    "147":0.0,
    "148":0.0,
    "149":0.0,
    "150":0.0,
    "151":0.010944511327569224,
    "152":0.0,
    "153":0.0,
    "154":0.0,
    "155":0.0,
    "156":0.0,
    "157":0.0,
    "158":0.0,
    "159":0.0,
    "160":0.0,
    "161":0.0,
    "162":0.0,
    "163":0.0,
    "164":0.0,
    "165":0.0,
    "166":0.0,
    "167":0.0,
    "168":0.0,
    "169":0.0,
    "170":0.0,
    "171":0.0,
    "172":0.0,
    "173":0.0,
    "174":0.0,
    "175":0.0,
    "176":0.0,
    "177":0.010944511327569224,
    "178":0.0,
    "179":0.0,
    "180":0.0,
    "181":0.0,
    "182":0.0,
    "183":0.0,
    "184":0.0,
    "185":0.0,
    "186":0.0,
    "187":0.0,
    "188":0.0,
    "189":0.0,
    "190":0.0,
    "191":0.0,
    "192":0.0,
    "193":0.0,
    "194":0.0,
    "195":0.0,
    "196":0.0,
    "197":0.0,
    "198":0.0,
    "199":0.0,
    "200":0.0,
    "201":0.0,
    "202":0.010944511327569224,
    "203":0.0,
    "204":0.0,
    "205":0.0,
    "206":0.0,
    "207":0.0,
    "208":0.0,
    "209":0.0,
    "210":0.0,
    "211":0.0,
    "212":0.0,
    "213":0.0,
    "214":0.0,
    "215":0.0,
    "216":0.0,
    "217":0.0,
    "218":0.0,
    "219":0.0,
    "220":0.0,
    "221":0.0,
    "222":0.0,
    "223":0.0,
    "224":0.0,
    "225":0.0,
    "226":0.0,
    "227":0.010944511327569224,
    "228":0.0,
    "229":0.0,
    "230":0.0,
    "231":0.0,
    "232":0.0,
    "233":0.0,
    "234":0.0,
    "235":0.0,
    "236":0.0,
    "237":0.0,
    "238":0.0,
    "239":0.0,
    "240":0.0,
    "241":0.0,
    "242":0.0,
    "243":0.0,
    "244":0.0,
    "245":0.0,
    "246":0.0,
    "247":0.0,
    "248":0.0,
    "249":0.0,
    "250":0.0,
    "251":0.0,
    "252":0.010944511327569224,
    "253":0.0,
    "254":0.0,
    "255":0.0,
    "256":0.0,
    "257":0.0,
    "258":0.0,
    "259":0.0,
    "260":0.0,
    "261":0.0,
    "262":0.0,
    "263":0.0,
    "264":0.0,
    "265":0.0,
    "266":0.0,
    "267":0.0,
    "268":0.010944511327569224,
    "269":0.0,
    "270":0.0,
    "271":0.0,
    "272":0.0,
    "273":0.0,
    "274":0.0,
    "275":0.0,
    "276":0.0,
    "277":0.0
}