{
    "0":3.890374331550802,
    "1":3.4759358288770055,
    "2":4.652406417112299,
    "3":3.141711229946524,
    "4":3.39572192513369,
    "5":2.6604278074866308,
    "6":2.272727272727273,
    "7":2.072192513368984,
    "8":2.393048128342246,
    "9":2.7005347593582885,
    "10":3.1684491978609626,
    "11":3.3288770053475933,
    "12":3.2352941176470593,
    "13":2.820855614973262,
    "14":3.155080213903743,
    "15":2.8475935828877006,
    "16":2.3262032085561497,
    "17":2.5401069518716577,
    "18":2.3262032085561497,
    "19":1.644385026737968,
    "20":1.8181818181818181,
    "21":1.8181818181818181,
    "22":1.697860962566845,
    "23":1.9385026737967916,
    "24":1.8850267379679142,
    "25":1.7647058823529411,
    "26":1.6310160427807487,
    "27":1.4973262032085561,
    "28":1.4973262032085561,
    "29":1.3502673796791442,
    "30":1.8048128342245988,
    "31":1.5240641711229945,
    "32":1.7513368983957218,
    "33":1.6577540106951874,
    "34":1.2967914438502675,
    "35":0.949197860962567,
    "36":1.1764705882352942,
    "37":0.9090909090909091,
    "38":0.7085561497326204,
    "39":0.8957219251336899,
    "40":0.8155080213903744,
    "41":0.7887700534759358,
    "42":0.8823529411764706,
    "43":0.6016042780748663,
    "44":0.3342245989304813,
    "45":0.4411764705882353,
    "46":0.45454545454545453,
    "47":0.5080213903743316,
    "48":0.3609625668449198,
    "49":0.3877005347593583,
    "50":0.4812834224598931,
    "51":0.3074866310160428,
    "52":0.3877005347593583,
    "53":0.42780748663101603,
    "54":0.2807486631016043,
    "55":0.4411764705882353,
    "56":0.3609625668449198,
    "57":0.3342245989304813,
    "58":0.24064171122994654,
    "59":0.3342245989304813,
    "60":0.267379679144385,
    "61":0.16042780748663102,
    "62":0.37433155080213903,
    "63":0.16042780748663102,
    "64":0.17379679144385027,
    "65":0.16042780748663102,
    "66":0.14705882352941177,
    "67":0.12032085561497327,
    "68":0.040106951871657755,
    "69":0.08021390374331551,
    "70":0.053475935828877004,
    "71":0.026737967914438502,
    "72":0.026737967914438502,
    "73":0.12032085561497327,
    "74":0.06684491978609625,
    "75":0.08021390374331551,
    "76":0.053475935828877004,
    "77":0.16042780748663102,
    "78":0.08021390374331551,
    "79":0.08021390374331551,
    "80":0.053475935828877004,
    "81":0.06684491978609625,
    "82":0.013368983957219251,
    "83":0.08021390374331551,
    "84":0.013368983957219251,
    "85":0.053475935828877004,
    "86":0.040106951871657755,
    "87":0.053475935828877004,
    "88":0.013368983957219251,
    "89":0.053475935828877004,
    "90":0.013368983957219251,
    "91":0.040106951871657755,
    "92":0.026737967914438502,
    "93":0.013368983957219251,
    "94":0.0,
    "95":0.0,
    "96":0.0,
    "97":0.013368983957219251,
    "98":0.0,
    "99":0.013368983957219251,
    "100":0.013368983957219251,
    "101":0.0,
    "102":0.0,
    "103":0.0,
    "104":0.013368983957219251,
    "105":0.026737967914438502,
    "106":0.0,
    "107":0.0,
    "108":0.013368983957219251,
    "109":0.013368983957219251,
    "110":0.013368983957219251,
    "111":0.013368983957219251,
    "112":0.0,
    "113":0.013368983957219251,
    "114":0.013368983957219251,
    "115":0.0,
    "116":0.0,
    "117":0.0,
    "118":0.0,
    "119":0.0,
    "120":0.06684491978609625,
    "121":0.013368983957219251,
    "122":0.0,
    "123":0.0,
    "124":0.0,
    "125":0.0,
    "126":0.0,
    "127":0.0,
    "128":0.0,
    "129":0.0,
    "130":0.0
}