{
    "0":4.241094745638776,
    "1":1.2430794944113654,
    "2":6.131829102684634,
    "3":7.2495560430377095,
    "4":5.139454716389846,
    "5":3.22782826700094,
    "6":3.45764128277447,
    "7":5.202130993418991,
    "8":4.951425885302413,
    "9":5.139454716389846,
    "10":4.554476130784498,
    "11":3.9277133604930534,
    "12":3.5725477906612344,
    "13":3.5934398830042826,
    "14":2.277238065392249,
    "15":2.496605034994255,
    "16":2.956231066541314,
    "17":2.5906194505379716,
    "18":2.5906194505379716,
    "19":2.120547372819388,
    "20":2.15188551133396,
    "21":1.8176120338451895,
    "22":1.6818134336153767,
    "23":1.9429645879034785,
    "24":1.6504752951008044,
    "25":1.6922594797869006,
    "26":1.1595111250391725,
    "27":1.044604617152408,
    "28":1.044604617152408,
    "29":0.9296981092656429,
    "30":0.9296981092656429,
    "31":0.9505902016086911,
    "32":0.5536404470907762,
    "33":0.4178418468609631,
    "34":0.44917998537553533,
    "35":0.5745325394338243,
    "36":0.4178418468609631,
    "37":0.4178418468609631,
    "38":0.36561161600334274,
    "39":0.396949754517915,
    "40":0.261151154288102,
    "41":0.20892092343048155,
    "42":0.1880288310874334,
    "43":0.10446046171524077,
    "44":0.06267627702914447,
    "45":0.1880288310874334,
    "46":0.13579860022981302,
    "47":0.07312232320066855,
    "48":0.05223023085762039,
    "49":0.05223023085762039,
    "50":0.05223023085762039,
    "51":0.08356836937219263,
    "52":0.0940144155437167,
    "53":0.041784184686096314,
    "54":0.06267627702914447,
    "55":0.06267627702914447,
    "56":0.05223023085762039,
    "57":0.06267627702914447,
    "58":0.06267627702914447,
    "59":0.010446046171524078,
    "60":0.0,
    "61":0.041784184686096314,
    "62":0.031338138514572234,
    "63":0.020892092343048157,
    "64":0.020892092343048157,
    "65":0.0,
    "66":0.010446046171524078,
    "67":0.020892092343048157,
    "68":0.0,
    "69":0.010446046171524078,
    "70":0.031338138514572234,
    "71":0.031338138514572234,
    "72":0.010446046171524078,
    "73":0.020892092343048157,
    "74":0.0,
    "75":0.020892092343048157,
    "76":0.020892092343048157,
    "77":0.0,
    "78":0.0,
    "79":0.0,
    "80":0.041784184686096314,
    "81":0.010446046171524078,
    "82":0.010446046171524078,
    "83":0.010446046171524078,
    "84":0.020892092343048157,
    "85":0.010446046171524078,
    "86":0.010446046171524078,
    "87":0.0,
    "88":0.020892092343048157,
    "89":0.031338138514572234,
    "90":0.031338138514572234,
    "91":0.010446046171524078,
    "92":0.020892092343048157,
    "93":0.020892092343048157,
    "94":0.06267627702914447,
    "95":0.010446046171524078,
    "96":0.010446046171524078,
    "97":0.010446046171524078,
    "98":0.0,
    "99":0.020892092343048157,
    "100":0.0,
    "101":0.0,
    "102":0.041784184686096314,
    "103":0.010446046171524078,
    "104":0.020892092343048157,
    "105":0.020892092343048157,
    "106":0.020892092343048157,
    "107":0.010446046171524078,
    "108":0.0,
    "109":0.010446046171524078,
    "110":0.0,
    "111":0.010446046171524078,
    "112":0.010446046171524078,
    "113":0.0,
    "114":0.010446046171524078,
    "115":0.0,
    "116":0.010446046171524078,
    "117":0.0,
    "118":0.0,
    "119":0.0,
    "120":0.0,
    "121":0.0,
    "122":0.0,
    "123":0.0,
    "124":0.0
}