{
    "0":[
        [
            -1.45868549231058,
            -48.47076993187418,
            "300000000001",
            "0"
        ]
    ],
    "1":[
        [
            -1.4590003973570207,
            -48.46789835570037,
            "300000000002",
            "3"
        ]
    ],
    "10":[
        [
            -1.4605824580266273,
            -48.46892582425345,
            "300000000011",
            "3"
        ]
    ],
    "11":[
        [
            -1.4602389711277255,
            -48.471188680627556,
            "300000000012",
            "4"
        ]
    ],
    "12":[
        [
            -1.4614536329276437,
            -48.47168178525943,
            "300000000013",
            "4"
        ]
    ],
    "13":[
        [
            -1.460669132134305,
            -48.47132993695324,
            "300000000014",
            "1"
        ]
    ],
    "14":[
        [
            -1.4560560071012674,
            -48.473424794836475,
            "300000000015",
            "5"
        ]
    ],
    "15":[
        [
            -1.4611615632719368,
            -48.46618842849235,
            "300000000016",
            "2"
        ]
    ],
    "16":[
        [
            -1.4590947734164705,
            -48.471661328961495,
            "300000000017",
            "1"
        ]
    ],
    "17":[
        [
            -1.4578320515797092,
            -48.467677689786925,
            "300000000018",
            "3"
        ]
    ],
    "18":[
        [
            -1.4634401170299258,
            -48.47023063507533,
            "300000000019",
            "4"
        ]
    ],
    "19":[
        [
            -1.4627449764587759,
            -48.46815663578827,
            "300000000020",
            "4"
        ]
    ],
    "2":[
        [
            -1.4613896914653586,
            -48.46724830346136,
            "300000000003",
            "1"
        ]
    ],
    "20":[
        [
            -1.4583754540636844,
            -48.46943302630673,
            "300000000021",
            "5"
        ]
    ],
    "21":[
        [
            -1.4619169195664856,
            -48.46933027518917,
            "300000000022",
            "0"
        ]
    ],
    "22":[
        [
            -1.4602223128493776,
            -48.471716932526185,
            "300000000023",
            "3"
        ]
    ],
    "23":[
        [
            -1.4629825319876997,
            -48.46685820948821,
            "300000000024",
            "0"
        ]
    ],
    "3":[
        [
            -1.4614053795182103,
            -48.470609500728614,
            "300000000004",
            "4"
        ]
    ],
    "4":[
        [
            -1.4631019052264433,
            -48.4717696232114,
            "300000000005",
            "3"
        ]
    ],
    "5":[
        [
            -1.4575318778089508,
            -48.470168748259454,
            "300000000006",
            "0"
        ]
    ],
    "6":[
        [
            -1.46224653400877,
            -48.47216311611949,
            "300000000007",
            "3"
        ]
    ],
    "7":[
        [
            -1.4608658009803392,
            -48.47035676908717,
            "300000000008",
            "4"
        ]
    ],
    "8":[
        [
            -1.4609615426151672,
            -48.4713733767258,
            "300000000009",
            "1"
        ]
    ],
    "9":[
        [
            -1.4589673862123658,
            -48.47172118997302,
            "300000000010",
            "0"
        ]
    ],
    "total_length":6306.124441477731,
    "total_time":143.52190041542053
}