{
    "0":11.806504509428805,
    "1":4.072150860890954,
    "2":4.769062585405848,
    "3":6.682153593878108,
    "4":4.222465154413775,
    "5":2.2820442743919105,
    "6":2.473353375239136,
    "7":3.6075430445476906,
    "8":3.183930035528833,
    "9":3.9901612462421423,
    "10":4.04482098934135,
    "11":3.7441924022957087,
    "12":3.265919650177644,
    "13":3.5255534298988795,
    "14":2.295709210166712,
    "15":2.432358567914731,
    "16":2.691992347635966,
    "17":2.1590598524186935,
    "18":1.8994260726974583,
    "19":1.8447663295982508,
    "20":1.4621481279037989,
    "21":1.2298442197321673,
    "22":1.4074883848045914,
    "23":1.4074883848045914,
    "24":1.161519540858158,
    "25":1.0112052473353375,
    "26":0.8472260180377154,
    "27":0.8198961464881116,
    "28":0.8608909538125171,
    "29":0.9428805684613283,
    "30":0.6969117245148948,
    "31":0.7379065318393003,
    "32":0.6559169171904893,
    "33":0.669581852965291,
    "34":0.5329324952172725,
    "35":0.6422519814156874,
    "36":0.6012571740912818,
    "37":0.38261820169445204,
    "38":0.5056026236676687,
    "39":0.4919376878928669,
    "40":0.4509428805684613,
    "41":0.478272752118065,
    "42":0.286963651270839,
    "43":0.43727794479365945,
    "44":0.2596337797212353,
    "45":0.3006285870456409,
    "46":0.24596884394643345,
    "47":0.21863897239682972,
    "48":0.24596884394643345,
    "49":0.286963651270839,
    "50":0.32795845859524464,
    "51":0.15031429352282044,
    "52":0.286963651270839,
    "53":0.23230390817163157,
    "54":0.12298442197321673,
    "55":0.17764416507242414,
    "56":0.15031429352282044,
    "57":0.09565455042361301,
    "58":0.05465974309920743,
    "59":0.08198961464881116,
    "60":0.09565455042361301,
    "61":0.05465974309920743,
    "62":0.05465974309920743,
    "63":0.013664935774801858,
    "64":0.05465974309920743,
    "65":0.0683246788740093,
    "66":0.027329871549603715,
    "67":0.05465974309920743,
    "68":0.027329871549603715,
    "69":0.04099480732440558,
    "70":0.10931948619841486,
    "71":0.027329871549603715,
    "72":0.08198961464881116,
    "73":0.027329871549603715,
    "74":0.10931948619841486,
    "75":0.0683246788740093,
    "76":0.04099480732440558,
    "77":0.027329871549603715,
    "78":0.027329871549603715,
    "79":0.0,
    "80":0.027329871549603715,
    "81":0.04099480732440558,
    "82":0.013664935774801858,
    "83":0.013664935774801858,
    "84":0.05465974309920743,
    "85":0.013664935774801858,
    "86":0.05465974309920743,
    "87":0.013664935774801858,
    "88":0.013664935774801858,
    "89":0.027329871549603715,
    "90":0.05465974309920743,
    "91":0.05465974309920743,
    "92":0.08198961464881116,
    "93":0.013664935774801858,
    "94":0.013664935774801858,
    "95":0.0683246788740093,
    "96":0.05465974309920743,
    "97":0.027329871549603715,
    "98":0.027329871549603715,
    "99":0.013664935774801858,
    "100":0.0,
    "101":0.05465974309920743,
    "102":0.027329871549603715,
    "103":0.027329871549603715,
    "104":0.0,
    "105":0.013664935774801858,
    "106":0.013664935774801858,
    "107":0.027329871549603715,
    "108":0.027329871549603715,
    "109":0.0683246788740093,
    "110":0.027329871549603715,
    "111":0.0683246788740093,
    "112":0.013664935774801858,
    "113":0.0683246788740093,
    "114":0.027329871549603715,
    "115":0.013664935774801858,
    "116":0.0,
    "117":0.027329871549603715,
    "118":0.027329871549603715,
    "119":0.013664935774801858,
    "120":0.027329871549603715,
    "121":0.04099480732440558,
    "122":0.027329871549603715,
    "123":0.013664935774801858,
    "124":0.027329871549603715,
    "125":0.013664935774801858,
    "126":0.027329871549603715,
    "127":0.027329871549603715,
    "128":0.013664935774801858,
    "129":0.04099480732440558,
    "130":0.04099480732440558,
    "131":0.027329871549603715,
    "132":0.013664935774801858,
    "133":0.013664935774801858,
    "134":0.027329871549603715,
    "135":0.013664935774801858,
    "136":0.05465974309920743,
    "137":0.04099480732440558,
    "138":0.027329871549603715,
    "139":0.013664935774801858,
    "140":0.027329871549603715,
    "141":0.0,
    "142":0.0683246788740093,
    "143":0.0,
    "144":0.013664935774801858,
    "145":0.0,
    "146":0.0,
    "147":0.0,
    "148":0.013664935774801858,
    "149":0.013664935774801858,
    "150":0.027329871549603715,
    "151":0.0,
    "152":0.013664935774801858,
    "153":0.0,
    "154":0.0,
    "155":0.0,
    "156":0.027329871549603715,
    "157":0.0,
    "158":0.013664935774801858,
    "159":0.013664935774801858,
    "160":0.013664935774801858,
    "161":0.013664935774801858,
    "162":0.013664935774801858,
    "163":0.0,
    "164":0.0,
    "165":0.0,
    "166":0.0,
    "167":0.0,
    "168":0.0,
    "169":0.0,
    "170":0.0,
    "171":0.0
}