{
    "0":1.209936928819668,
    "1":6.075427983009396,
    "2":7.195263225640365,
    "3":5.766507916076715,
    "4":4.45359763161282,
    "5":5.88235294117647,
    "6":4.646672673445746,
    "7":4.1961642425022525,
    "8":4.968464409833955,
    "9":4.556570987257047,
    "10":3.7199124726477026,
    "11":3.42386407517055,
    "12":3.3208907195263224,
    "13":2.6773072467499035,
    "14":2.9089972969494142,
    "15":2.728793924572017,
    "16":2.2782854936285233,
    "17":1.7634187154073884,
    "18":1.711932037585275,
    "19":1.6347020208521044,
    "20":1.711932037585275,
    "21":1.7891620543184452,
    "22":1.3901403011970652,
    "23":1.4673703179302355,
    "24":1.3000386150083665,
    "25":1.4030119706525936,
    "26":1.3515252928304802,
    "27":1.0039902175312139,
    "28":0.9525035397091002,
    "29":0.9911185480756854,
    "30":0.9010168618869867,
    "31":0.5920967949543056,
    "32":0.6564551422319475,
    "33":0.7723001673317029,
    "34":0.6693268116874759,
    "35":0.6178401338653623,
    "36":0.604968464409834,
    "37":0.437636761487965,
    "38":0.3475350752992663,
    "39":0.42476509203243656,
    "40":0.38615008366585146,
    "41":0.42476509203243656,
    "42":0.41189342257690825,
    "43":0.39902175312137983,
    "44":0.38615008366585146,
    "45":0.33466340584373794,
    "46":0.18020337237739734,
    "47":0.1287166945552838,
    "48":0.15446003346634057,
    "49":0.1287166945552838,
    "50":0.10297335564422706,
    "51":0.20594671128845413,
    "52":0.09010168618869867,
    "53":0.15446003346634057,
    "54":0.07723001673317029,
    "55":0.2188183807439825,
    "56":0.1287166945552838,
    "57":0.09010168618869867,
    "58":0.07723001673317029,
    "59":0.09010168618869867,
    "60":0.03861500836658514,
    "61":0.09010168618869867,
    "62":0.05148667782211353,
    "63":0.09010168618869867,
    "64":0.05148667782211353,
    "65":0.025743338911056766,
    "66":0.025743338911056766,
    "67":0.07723001673317029,
    "68":0.07723001673317029,
    "69":0.0643583472776419,
    "70":0.012871669455528383,
    "71":0.0643583472776419,
    "72":0.025743338911056766,
    "73":0.05148667782211353,
    "74":0.03861500836658514,
    "75":0.05148667782211353,
    "76":0.05148667782211353,
    "77":0.025743338911056766,
    "78":0.0,
    "79":0.012871669455528383,
    "80":0.012871669455528383,
    "81":0.0,
    "82":0.012871669455528383,
    "83":0.0,
    "84":0.0,
    "85":0.0,
    "86":0.025743338911056766,
    "87":0.012871669455528383,
    "88":0.0,
    "89":0.0,
    "90":0.0,
    "91":0.0,
    "92":0.0,
    "93":0.012871669455528383,
    "94":0.0,
    "95":0.0,
    "96":0.0,
    "97":0.0,
    "98":0.012871669455528383,
    "99":0.0,
    "100":0.0,
    "101":0.012871669455528383,
    "102":0.0,
    "103":0.0,
    "104":0.012871669455528383,
    "105":0.012871669455528383,
    "106":0.0,
    "107":0.0,
    "108":0.0,
    "109":0.0,
    "110":0.012871669455528383,
    "111":0.0,
    "112":0.0,
    "113":0.012871669455528383,
    "114":0.0,
    "115":0.012871669455528383,
    "116":0.012871669455528383,
    "117":0.0,
    "118":0.0,
    "119":0.0,
    "120":0.0,
    "121":0.0,
    "122":0.012871669455528383,
    "123":0.0,
    "124":0.0,
    "125":0.012871669455528383,
    "126":0.0,
    "127":0.0,
    "128":0.0,
    "129":0.0,
    "130":0.0,
    "131":0.0,
    "132":0.0,
    "133":0.0,
    "134":0.012871669455528383,
    "135":0.0,
    "136":0.0,
    "137":0.0,
    "138":0.05148667782211353,
    "139":0.012871669455528383,
    "140":0.0,
    "141":0.012871669455528383,
    "142":0.012871669455528383,
    "143":0.012871669455528383,
    "144":0.0,
    "145":0.0,
    "146":0.0,
    "147":0.0,
    "148":0.0,
    "149":0.0,
    "150":0.012871669455528383,
    "151":0.012871669455528383,
    "152":0.05148667782211353,
    "153":0.0,
    "154":0.0,
    "155":0.0,
    "156":0.0,
    "157":0.0,
    "158":0.0,
    "159":0.0,
    "160":0.0
}