{
    "0":4.688726864834549,
    "1":0.538418395961862,
    "2":1.7498597868760517,
    "3":4.217610768367919,
    "4":4.049355019629838,
    "5":2.8266965787997753,
    "6":4.890633763320247,
    "7":6.045989904655076,
    "8":6.831183398766124,
    "9":7.358384744812114,
    "10":6.32641615255188,
    "11":5.978687605159843,
    "12":4.172742568704431,
    "13":3.757711721817162,
    "14":3.1968592260235558,
    "15":2.591138530566461,
    "16":2.4453168816601236,
    "17":2.1088053841839596,
    "18":1.6264722378014584,
    "19":1.693774537296691,
    "20":1.8283791362871564,
    "21":1.7049915872125632,
    "22":1.1217049915872126,
    "23":1.2675266404935503,
    "24":0.975883342680875,
    "25":0.975883342680875,
    "26":1.065619742007852,
    "27":0.9422321929332585,
    "28":0.9983174425126192,
    "29":0.7739764441951766,
    "30":0.8749298934380259,
    "31":0.7964105440269209,
    "32":0.6842400448681997,
    "33":0.717891194615816,
    "34":0.6618059450364554,
    "35":0.6730229949523275,
    "36":0.9422321929332585,
    "37":0.6842400448681997,
    "38":0.33651149747616377,
    "39":0.3701626472237801,
    "40":0.5047672462142456,
    "41":0.2579921480650589,
    "42":0.23555804823331464,
    "43":0.20190689848569826,
    "44":0.2243409983174425,
    "45":0.2131239484015704,
    "46":0.28042624789680315,
    "47":0.269209197980931,
    "48":0.11217049915872125,
    "49":0.16825574873808188,
    "50":0.12338754907459339,
    "51":0.1346045989904655,
    "52":0.11217049915872125,
    "53":0.056085249579360626,
    "54":0.06730229949523275,
    "55":0.06730229949523275,
    "56":0.02243409983174425,
    "57":0.06730229949523275,
    "58":0.011217049915872124,
    "59":0.02243409983174425,
    "60":0.0448681996634885,
    "61":0.02243409983174425,
    "62":0.02243409983174425,
    "63":0.011217049915872124,
    "64":0.011217049915872124,
    "65":0.011217049915872124,
    "66":0.02243409983174425,
    "67":0.02243409983174425,
    "68":0.02243409983174425,
    "69":0.02243409983174425,
    "70":0.056085249579360626,
    "71":0.02243409983174425,
    "72":0.03365114974761638,
    "73":0.0448681996634885,
    "74":0.03365114974761638,
    "75":0.02243409983174425,
    "76":0.02243409983174425,
    "77":0.0448681996634885,
    "78":0.0,
    "79":0.011217049915872124,
    "80":0.011217049915872124,
    "81":0.011217049915872124,
    "82":0.0448681996634885,
    "83":0.0,
    "84":0.011217049915872124,
    "85":0.02243409983174425,
    "86":0.02243409983174425,
    "87":0.011217049915872124,
    "88":0.0,
    "89":0.011217049915872124,
    "90":0.03365114974761638,
    "91":0.0,
    "92":0.02243409983174425,
    "93":0.0448681996634885,
    "94":0.03365114974761638,
    "95":0.011217049915872124,
    "96":0.03365114974761638,
    "97":0.0,
    "98":0.0,
    "99":0.0,
    "100":0.011217049915872124,
    "101":0.011217049915872124,
    "102":0.011217049915872124,
    "103":0.0,
    "104":0.02243409983174425,
    "105":0.011217049915872124,
    "106":0.0,
    "107":0.02243409983174425,
    "108":0.011217049915872124,
    "109":0.02243409983174425,
    "110":0.011217049915872124,
    "111":0.02243409983174425,
    "112":0.011217049915872124,
    "113":0.011217049915872124,
    "114":0.0,
    "115":0.0,
    "116":0.011217049915872124,
    "117":0.0,
    "118":0.02243409983174425,
    "119":0.011217049915872124,
    "120":0.011217049915872124,
    "121":0.011217049915872124,
    "122":0.0,
    "123":0.0,
    "124":0.0,
    "125":0.011217049915872124,
    "126":0.02243409983174425,
    "127":0.0,
    "128":0.0,
    "129":0.011217049915872124,
    "130":0.011217049915872124,
    "131":0.03365114974761638,
    "132":0.0,
    "133":0.0,
    "134":0.011217049915872124,
    "135":0.0,
    "136":0.011217049915872124,
    "137":0.0,
    "138":0.011217049915872124,
    "139":0.0,
    "140":0.0,
    "141":0.011217049915872124,
    "142":0.0,
    "143":0.011217049915872124,
    "144":0.02243409983174425,
    "145":0.011217049915872124,
    "146":0.0,
    "147":0.011217049915872124,
    "148":0.0,
    "149":0.0,
    "150":0.011217049915872124,
    "151":0.02243409983174425,
    "152":0.0,
    "153":0.0,
    "154":0.0,
    "155":0.0,
    "156":0.0,
    "157":0.011217049915872124,
    "158":0.0,
    "159":0.0,
    "160":0.0,
    "161":0.0,
    "162":0.0,
    "163":0.0,
    "164":0.0,
    "165":0.0,
    "166":0.0448681996634885,
    "167":0.0,
    "168":0.0,
    "169":0.0,
    "170":0.0,
    "171":0.0,
    "172":0.0,
    "173":0.0,
    "174":0.0
}