{
    "0":1.8437585359191477,
    "1":5.55859054903032,
    "2":5.77711007921333,
    "3":3.1958481289265226,
    "4":1.6252390057361379,
    "5":2.6222343621961213,
    "6":3.837749248839115,
    "7":3.4416826003824093,
    "8":2.7997814804698167,
    "9":3.209505599562961,
    "10":3.0456159519257033,
    "11":2.581261950286807,
    "12":1.67986888828189,
    "13":1.556951652553947,
    "14":1.638896476372576,
    "15":2.089593007375034,
    "16":1.9393608303742145,
    "17":2.089593007375034,
    "18":2.2671401256487296,
    "19":2.034963124829282,
    "20":2.089593007375034,
    "21":1.953018301010653,
    "22":2.0076481835564053,
    "23":2.3217700081944823,
    "24":2.04862059546572,
    "25":1.8574160065555858,
    "26":1.638896476372576,
    "27":2.0076481835564053,
    "28":1.2701447691887462,
    "29":0.7101884730947828,
    "30":0.9969953564599836,
    "31":1.1199125921879267,
    "32":1.0516252390057361,
    "33":0.723845943731221,
    "34":0.8057907675498497,
    "35":0.8877355913684786,
    "36":0.8740781207320404,
    "37":0.8057907675498497,
    "38":0.7648183556405354,
    "39":0.47801147227533464,
    "40":0.6282436492761541,
    "41":0.6965310024583447,
    "42":0.505326413548211,
    "43":0.5599562960939634,
    "44":0.6692160611854685,
    "45":0.4506965310024583,
    "46":0.5872712373668397,
    "47":0.5189838841846489,
    "48":0.5462988254575253,
    "49":0.5462988254575253,
    "50":0.5736137667304015,
    "51":0.5872712373668397,
    "52":0.49166894291177277,
    "53":0.5326413548210871,
    "54":0.36875170718382955,
    "55":0.4370390603660202,
    "56":0.5736137667304015,
    "57":0.505326413548211,
    "58":0.28680688336520077,
    "59":0.505326413548211,
    "60":0.36875170718382955,
    "61":0.32777929527451516,
    "62":0.27314941272876264,
    "63":0.32777929527451516,
    "64":0.27314941272876264,
    "65":0.27314941272876264,
    "66":0.25949194209232446,
    "67":0.3004643540016389,
    "68":0.15023217700081945,
    "69":0.2185195301830101,
    "70":0.32777929527451516,
    "71":0.2185195301830101,
    "72":0.25949194209232446,
    "73":0.27314941272876264,
    "74":0.32777929527451516,
    "75":0.2185195301830101,
    "76":0.19120458891013384,
    "77":0.15023217700081945,
    "78":0.204862059546572,
    "79":0.13657470636438132,
    "80":0.1775471182736957,
    "81":0.19120458891013384,
    "82":0.2185195301830101,
    "83":0.1775471182736957,
    "84":0.16388964763725758,
    "85":0.16388964763725758,
    "86":0.15023217700081945,
    "87":0.23217700081944823,
    "88":0.09560229445506692,
    "89":0.15023217700081945,
    "90":0.054629882545752524,
    "91":0.013657470636438131,
    "92":0.09560229445506692,
    "93":0.08194482381862879,
    "94":0.13657470636438132,
    "95":0.10925976509150505,
    "96":0.10925976509150505,
    "97":0.09560229445506692,
    "98":0.054629882545752524,
    "99":0.013657470636438131,
    "100":0.027314941272876262,
    "101":0.027314941272876262,
    "102":0.013657470636438131,
    "103":0.0,
    "104":0.0,
    "105":0.013657470636438131,
    "106":0.054629882545752524,
    "107":0.0,
    "108":0.013657470636438131,
    "109":0.027314941272876262,
    "110":0.054629882545752524,
    "111":0.013657470636438131,
    "112":0.027314941272876262,
    "113":0.040972411909314395,
    "114":0.013657470636438131,
    "115":0.013657470636438131,
    "116":0.040972411909314395,
    "117":0.040972411909314395,
    "118":0.013657470636438131,
    "119":0.027314941272876262,
    "120":0.027314941272876262,
    "121":0.12291723572794319,
    "122":0.0,
    "123":0.0,
    "124":0.0,
    "125":0.0,
    "126":0.0,
    "127":0.0,
    "128":0.0,
    "129":0.0,
    "130":0.0
}