{
    "0":3.112940571134551,
    "1":5.852842809364549,
    "2":4.425006431695395,
    "3":4.682274247491638,
    "4":1.7494211474144583,
    "5":2.5340879855930023,
    "6":3.7303833290455364,
    "7":4.502186776434268,
    "8":6.110110625160792,
    "9":5.45407769488037,
    "10":5.7113455106766144,
    "11":4.888088500128633,
    "12":4.206328788268587,
    "13":3.8718806277334705,
    "14":3.383071777720607,
    "15":2.919989709287368,
    "16":1.8909184461023927,
    "17":1.5178801131978388,
    "18":1.788011319783895,
    "19":1.6207872395163365,
    "20":1.839464882943144,
    "21":1.8008747105737073,
    "22":1.6851041934653976,
    "23":2.1095960895292,
    "24":1.7494211474144583,
    "25":1.4278363776691536,
    "26":1.4149729868793415,
    "27":1.595060457936712,
    "28":0.8489837921276049,
    "29":0.6946231026498585,
    "30":0.6431695394906097,
    "31":0.7203498842294829,
    "32":0.6688963210702341,
    "33":0.6303061487007975,
    "34":0.656032930280422,
    "35":0.5145356315924877,
    "36":0.6045793671211731,
    "37":0.6431695394906097,
    "38":0.6174427579109854,
    "39":0.6174427579109854,
    "40":0.5788525855415487,
    "41":0.36017494211474144,
    "42":0.463082068433239,
    "43":0.34731155132492925,
    "44":0.2701312065860561,
    "45":0.41162850527399025,
    "46":0.3087213789554927,
    "47":0.2701312065860561,
    "48":0.12863390789812193,
    "49":0.10290712631849756,
    "50":0.20581425263699513,
    "51":0.14149729868793415,
    "52":0.15436068947774634,
    "53":0.10290712631849756,
    "54":0.038590172369436584,
    "55":0.02572678157962439,
    "56":0.012863390789812195,
    "57":0.02572678157962439,
    "58":0.06431695394906096,
    "59":0.038590172369436584,
    "60":0.07718034473887317,
    "61":0.09004373552868536,
    "62":0.02572678157962439,
    "63":0.02572678157962439,
    "64":0.0,
    "65":0.05145356315924878,
    "66":0.012863390789812195,
    "67":0.012863390789812195,
    "68":0.012863390789812195,
    "69":0.02572678157962439,
    "70":0.02572678157962439,
    "71":0.05145356315924878,
    "72":0.0,
    "73":0.0,
    "74":0.0,
    "75":0.0,
    "76":0.012863390789812195,
    "77":0.0,
    "78":0.0,
    "79":0.0,
    "80":0.0,
    "81":0.012863390789812195,
    "82":0.0,
    "83":0.012863390789812195,
    "84":0.0,
    "85":0.0,
    "86":0.0,
    "87":0.0,
    "88":0.0,
    "89":0.0,
    "90":0.012863390789812195,
    "91":0.0,
    "92":0.0,
    "93":0.0,
    "94":0.05145356315924878,
    "95":0.0,
    "96":0.0,
    "97":0.0,
    "98":0.0,
    "99":0.0,
    "100":0.0,
    "101":0.0,
    "102":0.0,
    "103":0.0
}