{
    "0":4.887957017428909,
    "1":5.556283580133665,
    "2":3.0402306381863453,
    "3":1.087668719695977,
    "4":2.057397457738173,
    "5":2.765037347660857,
    "6":1.7690997248067095,
    "7":2.057397457738173,
    "8":1.965666360896344,
    "9":1.9263530336784171,
    "10":2.0442930153321974,
    "11":1.6380553007469532,
    "12":2.057397457738173,
    "13":2.057397457738173,
    "14":1.6511597431529288,
    "15":1.716681955182807,
    "16":1.6249508583409775,
    "17":1.9132485912724415,
    "18":1.5856375311230506,
    "19":1.4152797798453676,
    "20":1.2318175861617087,
    "21":1.4939064342812214,
    "22":1.4283842222513432,
    "23":1.3497575678154894,
    "24":1.2187131437557333,
    "25":1.2187131437557333,
    "26":1.1400864893198794,
    "27":1.3235486830035381,
    "28":1.4152797798453676,
    "29":1.3235486830035381,
    "30":1.2318175861617087,
    "31":1.3104442405975625,
    "32":1.153190931725855,
    "33":1.1007731621019525,
    "34":1.2449220285676843,
    "35":1.1138776045079282,
    "36":1.0352509500720743,
    "37":1.0352509500720743,
    "38":0.7600576595465863,
    "39":0.982833180448172,
    "40":1.0614598348840256,
    "41":1.153190931725855,
    "42":0.982833180448172,
    "43":0.9042065260123182,
    "44":0.9173109684182938,
    "45":0.6421176778928056,
    "46":0.6945354475167081,
    "47":0.7600576595465863,
    "48":0.6683265627047569,
    "49":0.5765954658629275,
    "50":0.6814310051107325,
    "51":0.7600576595465863,
    "52":0.39313327217926874,
    "53":0.49796881142707383,
    "54":0.524177696239025,
    "55":0.3538199449613419,
    "56":0.5634910234569519,
    "57":0.62901323548683,
    "58":0.4848643690210982,
    "59":0.3538199449613419,
    "60":0.41934215699122,
    "61":0.4455510418031713,
    "62":0.3538199449613419,
    "63":0.28829773293146377,
    "64":0.4586554842091469,
    "65":0.3538199449613419,
    "66":0.4455510418031713,
    "67":0.314506617743415,
    "68":0.20967107849561,
    "69":0.36692438736731753,
    "70":0.314506617743415,
    "71":0.4062377145852444,
    "72":0.28829773293146377,
    "73":0.2620888481195125,
    "74":0.28829773293146377,
    "75":0.19656663608963437,
    "76":0.24898440571353692,
    "77":0.34071550255536626,
    "78":0.3276110601493906,
    "79":0.20967107849561,
    "80":0.23587996330756128,
    "81":0.23587996330756128,
    "82":0.314506617743415,
    "83":0.14414886646573188,
    "84":0.1572533088717075,
    "85":0.17035775127768313,
    "86":0.20967107849561,
    "87":0.09173109684182938,
    "88":0.1572533088717075,
    "89":0.11793998165378064,
    "90":0.1572533088717075,
    "91":0.11793998165378064,
    "92":0.14414886646573188,
    "93":0.07862665443585375,
    "94":0.18346219368365876,
    "95":0.22277552090158564,
    "96":0.11793998165378064,
    "97":0.104835539247805,
    "98":0.13104442405975625,
    "99":0.13104442405975625,
    "100":0.09173109684182938,
    "101":0.18346219368365876,
    "102":0.07862665443585375,
    "103":0.104835539247805,
    "104":0.1572533088717075,
    "105":0.22277552090158564,
    "106":0.14414886646573188,
    "107":0.11793998165378064,
    "108":0.07862665443585375,
    "109":0.07862665443585375,
    "110":0.1572533088717075,
    "111":0.13104442405975625,
    "112":0.07862665443585375,
    "113":0.14414886646573188,
    "114":0.14414886646573188,
    "115":0.07862665443585375,
    "116":0.09173109684182938,
    "117":0.0524177696239025,
    "118":0.07862665443585375,
    "119":0.104835539247805,
    "120":0.06552221202987812,
    "121":0.06552221202987812,
    "122":0.07862665443585375,
    "123":0.02620888481195125,
    "124":0.03931332721792687,
    "125":0.07862665443585375,
    "126":0.07862665443585375,
    "127":0.02620888481195125,
    "128":0.07862665443585375,
    "129":0.0524177696239025,
    "130":0.0524177696239025,
    "131":0.11793998165378064,
    "132":0.0524177696239025,
    "133":0.02620888481195125,
    "134":0.0524177696239025,
    "135":0.0,
    "136":0.0524177696239025,
    "137":0.0,
    "138":0.02620888481195125,
    "139":0.02620888481195125,
    "140":0.02620888481195125,
    "141":0.03931332721792687,
    "142":0.03931332721792687,
    "143":0.03931332721792687,
    "144":0.03931332721792687,
    "145":0.02620888481195125,
    "146":0.0,
    "147":0.03931332721792687,
    "148":0.03931332721792687,
    "149":0.06552221202987812,
    "150":0.07862665443585375,
    "151":0.03931332721792687,
    "152":0.013104442405975626,
    "153":0.013104442405975626,
    "154":0.02620888481195125,
    "155":0.03931332721792687,
    "156":0.0524177696239025,
    "157":0.0524177696239025,
    "158":0.07862665443585375,
    "159":0.104835539247805,
    "160":0.03931332721792687,
    "161":0.0524177696239025,
    "162":0.02620888481195125,
    "163":0.0524177696239025,
    "164":0.06552221202987812,
    "165":0.0524177696239025,
    "166":0.02620888481195125,
    "167":0.02620888481195125,
    "168":0.06552221202987812,
    "169":0.03931332721792687,
    "170":0.02620888481195125,
    "171":0.0,
    "172":0.03931332721792687,
    "173":0.02620888481195125,
    "174":0.013104442405975626,
    "175":0.02620888481195125,
    "176":0.0524177696239025,
    "177":0.06552221202987812,
    "178":0.0524177696239025,
    "179":0.0524177696239025,
    "180":0.013104442405975626,
    "181":0.03931332721792687,
    "182":0.013104442405975626,
    "183":0.06552221202987812,
    "184":0.03931332721792687,
    "185":0.0524177696239025,
    "186":0.02620888481195125,
    "187":0.03931332721792687,
    "188":0.0,
    "189":0.0,
    "190":0.0524177696239025,
    "191":0.02620888481195125,
    "192":0.013104442405975626,
    "193":0.03931332721792687,
    "194":0.0524177696239025,
    "195":0.03931332721792687,
    "196":0.02620888481195125,
    "197":0.02620888481195125,
    "198":0.03931332721792687,
    "199":0.03931332721792687,
    "200":0.013104442405975626,
    "201":0.013104442405975626,
    "202":0.0524177696239025,
    "203":0.02620888481195125,
    "204":0.0,
    "205":0.03931332721792687,
    "206":0.013104442405975626,
    "207":0.07862665443585375,
    "208":0.03931332721792687,
    "209":0.0,
    "210":0.0,
    "211":0.013104442405975626,
    "212":0.06552221202987812,
    "213":0.02620888481195125,
    "214":0.013104442405975626,
    "215":0.0,
    "216":0.03931332721792687,
    "217":0.0,
    "218":0.0,
    "219":0.013104442405975626,
    "220":0.0,
    "221":0.0,
    "222":0.03931332721792687,
    "223":0.02620888481195125,
    "224":0.013104442405975626,
    "225":0.03931332721792687,
    "226":0.013104442405975626,
    "227":0.0,
    "228":0.0,
    "229":0.013104442405975626,
    "230":0.013104442405975626,
    "231":0.0,
    "232":0.013104442405975626,
    "233":0.02620888481195125,
    "234":0.03931332721792687,
    "235":0.0,
    "236":0.013104442405975626,
    "237":0.0,
    "238":0.013104442405975626,
    "239":0.013104442405975626,
    "240":0.0524177696239025,
    "241":0.013104442405975626,
    "242":0.013104442405975626,
    "243":0.013104442405975626,
    "244":0.013104442405975626,
    "245":0.0,
    "246":0.013104442405975626,
    "247":0.013104442405975626,
    "248":0.03931332721792687,
    "249":0.02620888481195125,
    "250":0.013104442405975626,
    "251":0.02620888481195125,
    "252":0.02620888481195125,
    "253":0.02620888481195125,
    "254":0.013104442405975626,
    "255":0.06552221202987812,
    "256":0.0,
    "257":0.0,
    "258":0.013104442405975626,
    "259":0.03931332721792687,
    "260":0.0524177696239025,
    "261":0.013104442405975626,
    "262":0.0,
    "263":0.02620888481195125,
    "264":0.013104442405975626,
    "265":0.0,
    "266":0.0524177696239025,
    "267":0.06552221202987812,
    "268":0.0,
    "269":0.03931332721792687,
    "270":0.0,
    "271":0.013104442405975626,
    "272":0.0,
    "273":0.0,
    "274":0.013104442405975626,
    "275":0.0,
    "276":0.0,
    "277":0.02620888481195125,
    "278":0.013104442405975626,
    "279":0.0,