{
    "0":4.129104062326099,
    "1":2.3260990539788535,
    "2":0.8569838619922092,
    "3":2.7490261547022814,
    "4":4.051196438508625,
    "5":3.1608235948803562,
    "6":0.879243183082916,
    "7":1.3132999443516973,
    "8":1.2576516416249306,
    "9":1.1908736783528102,
    "10":1.5915414579855316,
    "11":1.3132999443516973,
    "12":0.912632164718976,
    "13":0.9571508069003896,
    "14":1.0684474123539232,
    "15":0.756816917084029,
    "16":1.1463550361713968,
    "17":1.2353923205342237,
    "18":1.0684474123539232,
    "19":1.0795770728992764,
    "20":1.2576516416249306,
    "21":1.5358931552587647,
    "22":1.4023372287145242,
    "23":1.3466889259877575,
    "24":1.1797440178074567,
    "25":1.0239287701725097,
    "26":0.8124652198107959,
    "27":0.9460211463550361,
    "28":0.8235948803561491,
    "29":0.8347245409015025,
    "30":0.9460211463550361,
    "31":0.912632164718976,
    "32":1.1797440178074567,
    "33":1.05731775180857,
    "34":1.1463550361713968,
    "35":1.0461880912632164,
    "36":1.1018363939899833,
    "37":1.12409571508069,
    "38":1.1129660545353366,
    "39":1.2242626599888704,
    "40":1.2020033388981637,
    "41":0.9237618252643295,
    "42":1.1463550361713968,
    "43":0.9905397885364496,
    "44":1.0127991096271562,
    "45":1.0350584307178632,
    "46":0.7456872565386755,
    "47":1.0461880912632164,
    "48":1.2353923205342237,
    "49":1.0684474123539232,
    "50":0.8903728436282694,
    "51":0.756816917084029,
    "52":0.9015025041736227,
    "53":0.9015025041736227,
    "54":0.8235948803561491,
    "55":0.845854201446856,
    "56":0.9460211463550361,
    "57":0.8013355592654423,
    "58":0.6900389538119087,
    "59":0.7122982749026154,
    "60":0.7345575959933223,
    "61":0.6455203116304953,
    "62":0.5676126878130217,
    "63":0.7122982749026154,
    "64":0.46744574290484137,
    "65":0.6010016694490818,
    "66":0.5008347245409015,
    "67":0.422927100723428,
    "68":0.5564830272676683,
    "69":0.4451864218141347,
    "70":0.4451864218141347,
    "71":0.2671118530884808,
    "72":0.41179744017807457,
    "73":0.24485253199777404,
    "74":0.25598219254312743,
    "75":0.3784084585420145,
    "76":0.3005008347245409,
    "77":0.28937117417918756,
    "78":0.3116304952698943,
    "79":0.22259321090706735,
    "80":0.333889816360601,
    "81":0.20033388981636058,
    "82":0.28937117417918756,
    "83":0.25598219254312743,
    "84":0.23372287145242068,
    "85":0.40066777963272115,
    "86":0.20033388981636058,
    "87":0.2671118530884808,
    "88":0.2671118530884808,
    "89":0.3561491374513077,
    "90":0.23372287145242068,
    "91":0.27824151363383415,
    "92":0.2671118530884808,
    "93":0.22259321090706735,
    "94":0.23372287145242068,
    "95":0.25598219254312743,
    "96":0.2671118530884808,
    "97":0.23372287145242068,
    "98":0.23372287145242068,
    "99":0.32276015581524764,
    "100":0.22259321090706735,
    "101":0.3116304952698943,
    "102":0.20033388981636058,
    "103":0.27824151363383415,
    "104":0.2671118530884808,
    "105":0.2671118530884808,
    "106":0.211463550361714,
    "107":0.15581524763494714,
    "108":0.15581524763494714,
    "109":0.211463550361714,
    "110":0.18920422927100725,
    "111":0.22259321090706735,
    "112":0.14468558708959378,
    "113":0.1669449081803005,
    "114":0.18920422927100725,
    "115":0.20033388981636058,
    "116":0.23372287145242068,
    "117":0.27824151363383415,
    "118":0.211463550361714,
    "119":0.17807456872565386,
    "120":0.22259321090706735,
    "121":0.22259321090706735,
    "122":0.22259321090706735,
    "123":0.25598219254312743,
    "124":0.2671118530884808,
    "125":0.211463550361714,
    "126":0.3116304952698943,
    "127":0.14468558708959378,
    "128":0.05564830272676684,
    "129":0.18920422927100725,
    "130":0.14468558708959378,
    "131":0.18920422927100725,
    "132":0.14468558708959378,
    "133":0.15581524763494714,
    "134":0.1335559265442404,
    "135":0.12242626599888702,
    "136":0.10016694490818029,
    "137":0.17807456872565386,
    "138":0.1669449081803005,
    "139":0.11129660545353368,
    "140":0.18920422927100725,
    "141":0.17807456872565386,
    "142":0.12242626599888702,
    "143":0.08903728436282693,
    "144":0.1335559265442404,
    "145":0.11129660545353368,
    "146":0.10016694490818029,
    "147":0.08903728436282693,
    "148":0.07790762381747357,
    "149":0.05564830272676684,
    "150":0.07790762381747357,
    "151":0.05564830272676684,
    "152":0.05564830272676684,
    "153":0.07790762381747357,
    "154":0.05564830272676684,
    "155":0.07790762381747357,
    "156":0.10016694490818029,
    "157":0.07790762381747357,
    "158":0.05564830272676684,
    "159":0.0667779632721202,
    "160":0.07790762381747357,
    "161":0.044518642181413465,
    "162":0.0667779632721202,
    "163":0.044518642181413465,
    "164":0.12242626599888702,
    "165":0.0667779632721202,
    "166":0.05564830272676684,
    "167":0.0667779632721202,
    "168":0.011129660545353366,
    "169":0.0333889816360601,
    "170":0.022259321090706732,
    "171":0.011129660545353366,
    "172":0.022259321090706732,
    "173":0.022259321090706732,
    "174":0.044518642181413465,
    "175":0.022259321090706732,
    "176":0.0667779632721202,
    "177":0.044518642181413465,
    "178":0.022259321090706732,
    "179":0.011129660545353366,
    "180":0.05564830272676684,
    "181":0.0333889816360601,
    "182":0.0333889816360601,
    "183":0.05564830272676684,
    "184":0.011129660545353366,
    "185":0.0333889816360601,
    "186":0.08903728436282693,
    "187":0.0333889816360601,
    "188":0.0,
    "189":0.07790762381747357,
    "190":0.044518642181413465,
    "191":0.0667779632721202,
    "192":0.022259321090706732,
    "193":0.0,
    "194":0.0333889816360601,
    "195":0.011129660545353366,
    "196":0.044518642181413465,
    "197":0.0333889816360601,
    "198":0.011129660545353366,
    "199":0.0333889816360601,
    "200":0.0333889816360601,
    "201":0.022259321090706732,
    "202":0.011129660545353366,
    "203":0.022259321090706732,
    "204":0.022259321090706732,
    "205":0.022259321090706732,
    "206":0.022259321090706732,
    "207":0.0,
    "208":0.022259321090706732,
    "209":0.011129660545353366,
    "210":0.011129660545353366,
    "211":0.0333889816360601,
    "212":0.044518642181413465,
    "213":0.0,
    "214":0.0,
    "215":0.022259321090706732,
    "216":0.011129660545353366,
    "217":0.011129660545353366,
    "218":0.011129660545353366,
    "219":0.044518642181413465,
    "220":0.011129660545353366,
    "221":0.0,
    "222":0.011129660545353366,
    "223":0.011129660545353366,
    "224":0.0,
    "225":0.0,
    "226":0.0,
    "227":0.0,
    "228":0.0333889816360601,
    "229":0.0,
    "230":0.0,
    "231":0.022259321090706732,
    "232":0.011129660545353366,
    "233":0.022259321090706732,
    "234":0.011129660545353366,
    "235":0.0,
    "236":0.0,
    "237":0.0,
    "238":0.0,
    "239":0.0,
    "240":0.0,
    "241":0.0,
    "242":0.0,
    "243":0.011129660545353366,
    "244":0.044518642181413465,
    "245":0.011129660545353366,
    "246":0.0,
    "247":0.0,
    "248":0.011129660545353366,
    "249":0.0,
    "250":0.0,
    "251":0.0,
    "252":0.0,
    "253":0.011129660545353366,
    "254":0.0,
    "255":0.022259321090706732,
    "256":0.0,
    "257":0.0,
    "258":0.0,
    "259":0.0,
    "260":0.0,
    "261":0.0,
    "262":0.0,
    "263":0.0,
    "264":0.011129660545353366,
    "265":0.011129660545353366,
    "266":0.011129660545353366,
    "267":0.0,
    "268":0.0,
    "269":0.0,
    "270":0.0,
    "271":0.0,
    "272":0.0,
    "273":0.0,
    "274":0.0,
    "275":0.0,
    "276":0.0,
    "277":0.0,
    "278":0.0,
    "279":0.0,
    "280":0.011129660545353366,
    "281":0.0,
    "282":0.0,
    "283":0.0,
    "284":0.011129660545353366,
    "285":0.0,
    "286":0.044518642181413465,
    "287":0.0,
    "288":0.0,
    "289":0.0,
    "290":0.0,
    "291":0.011129660545353366,
    "292":0.0,