{
    "0":5.5480072463768115,
    "1":0.6453804347826086,
    "2":3.057065217391304,
    "3":3.306159420289855,
    "4":1.4832427536231885,
    "5":0.9397644927536232,
    "6":0.6227355072463768,
    "7":0.6567028985507246,
    "8":0.8152173913043478,
    "9":1.0190217391304348,
    "10":0.4642210144927536,
    "11":0.7246376811594203,
    "12":0.8265398550724637,
    "13":0.8605072463768116,
    "14":1.2681159420289856,
    "15":1.381340579710145,
    "16":1.3473731884057971,
    "17":1.188858695652174,
    "18":1.177536231884058,
    "19":1.0190217391304348,
    "20":1.5625,
    "21":1.5625,
    "22":1.5058876811594202,
    "23":1.5625,
    "24":1.1435688405797102,
    "25":1.0643115942028987,
    "26":1.2907608695652173,
    "27":1.1322463768115942,
    "28":1.2341485507246377,
    "29":0.9171195652173914,
    "30":0.8944746376811594,
    "31":0.792572463768116,
    "32":0.6680253623188406,
    "33":0.5434782608695652,
    "34":0.7133152173913043,
    "35":0.7472826086956522,
    "36":0.6680253623188406,
    "37":0.7133152173913043,
    "38":0.8831521739130435,
    "39":0.6793478260869565,
    "40":0.7133152173913043,
    "41":0.792572463768116,
    "42":0.588768115942029,
    "43":0.4076086956521739,
    "44":0.5434782608695652,
    "45":0.5208333333333333,
    "46":0.5095108695652174,
    "47":0.44157608695652173,
    "48":0.6453804347826086,
    "49":0.6567028985507246,
    "50":0.6793478260869565,
    "51":0.7359601449275363,
    "52":0.7359601449275363,
    "53":0.6793478260869565,
    "54":0.7019927536231884,
    "55":0.9057971014492754,
    "56":0.7246376811594203,
    "57":0.7133152173913043,
    "58":0.7019927536231884,
    "59":0.6114130434782609,
    "60":0.6453804347826086,
    "61":0.5661231884057971,
    "62":0.5661231884057971,
    "63":0.5434782608695652,
    "64":0.7019927536231884,
    "65":0.7133152173913043,
    "66":0.7019927536231884,
    "67":0.6000905797101449,
    "68":0.7246376811594203,
    "69":0.7472826086956522,
    "70":0.5548007246376812,
    "71":0.577445652173913,
    "72":0.6453804347826086,
    "73":0.6340579710144928,
    "74":0.5095108695652174,
    "75":0.6680253623188406,
    "76":0.6906702898550725,
    "77":0.577445652173913,
    "78":0.7019927536231884,
    "79":0.5434782608695652,
    "80":0.3509963768115942,
    "81":0.5434782608695652,
    "82":0.5095108695652174,
    "83":0.3849637681159421,
    "84":0.5661231884057971,
    "85":0.6567028985507246,
    "86":0.4868659420289855,
    "87":0.4868659420289855,
    "88":0.4642210144927536,
    "89":0.4981884057971014,
    "90":0.5095108695652174,
    "91":0.3736413043478261,
    "92":0.36231884057971014,
    "93":0.4981884057971014,
    "94":0.396286231884058,
    "95":0.4755434782608696,
    "96":0.4076086956521739,
    "97":0.3736413043478261,
    "98":0.5208333333333333,
    "99":0.4755434782608696,
    "100":0.3509963768115942,
    "101":0.3283514492753623,
    "102":0.4076086956521739,
    "103":0.3849637681159421,
    "104":0.3170289855072464,
    "105":0.3736413043478261,
    "106":0.30570652173913043,
    "107":0.3849637681159421,
    "108":0.28306159420289856,
    "109":0.3170289855072464,
    "110":0.4076086956521739,
    "111":0.30570652173913043,
    "112":0.26041666666666663,
    "113":0.3170289855072464,
    "114":0.3170289855072464,
    "115":0.20380434782608695,
    "116":0.2717391304347826,
    "117":0.2151268115942029,
    "118":0.22644927536231885,
    "119":0.2490942028985507,
    "120":0.2717391304347826,
    "121":0.18115942028985507,
    "122":0.16983695652173914,
    "123":0.12454710144927535,
    "124":0.2151268115942029,
    "125":0.20380434782608695,
    "126":0.2717391304347826,
    "127":0.2151268115942029,
    "128":0.28306159420289856,
    "129":0.2717391304347826,
    "130":0.2377717391304348,
    "131":0.14719202898550726,
    "132":0.1358695652173913,
    "133":0.2151268115942029,
    "134":0.22644927536231885,
    "135":0.1358695652173913,
    "136":0.14719202898550726,
    "137":0.1358695652173913,
    "138":0.14719202898550726,
    "139":0.14719202898550726,
    "140":0.1358695652173913,
    "141":0.1358695652173913,
    "142":0.05661231884057971,
    "143":0.14719202898550726,
    "144":0.09057971014492754,
    "145":0.12454710144927535,
    "146":0.11322463768115942,
    "147":0.11322463768115942,
    "148":0.11322463768115942,
    "149":0.05661231884057971,
    "150":0.05661231884057971,
    "151":0.10190217391304347,
    "152":0.06793478260869565,
    "153":0.05661231884057971,
    "154":0.05661231884057971,
    "155":0.05661231884057971,
    "156":0.022644927536231884,
    "157":0.04528985507246377,
    "158":0.04528985507246377,
    "159":0.022644927536231884,
    "160":0.0792572463768116,
    "161":0.022644927536231884,
    "162":0.033967391304347824,
    "163":0.06793478260869565,
    "164":0.1358695652173913,
    "165":0.011322463768115942,
    "166":0.033967391304347824,
    "167":0.022644927536231884,
    "168":0.022644927536231884,
    "169":0.06793478260869565,
    "170":0.022644927536231884,
    "171":0.033967391304347824,
    "172":0.04528985507246377,
    "173":0.022644927536231884,
    "174":0.0792572463768116,
    "175":0.04528985507246377,
    "176":0.04528985507246377,
    "177":0.06793478260869565,
    "178":0.05661231884057971,
    "179":0.033967391304347824,
    "180":0.033967391304347824,
    "181":0.033967391304347824,
    "182":0.033967391304347824,
    "183":0.0792572463768116,
    "184":0.022644927536231884,
    "185":0.10190217391304347,
    "186":0.022644927536231884,
    "187":0.05661231884057971,
    "188":0.05661231884057971,
    "189":0.022644927536231884,
    "190":0.05661231884057971,
    "191":0.0,
    "192":0.033967391304347824,
    "193":0.033967391304347824,
    "194":0.022644927536231884,
    "195":0.033967391304347824,
    "196":0.022644927536231884,
    "197":0.022644927536231884,
    "198":0.05661231884057971,
    "199":0.011322463768115942,
    "200":0.0,
    "201":0.05661231884057971,
    "202":0.0,
    "203":0.011322463768115942,
    "204":0.04528985507246377,
    "205":0.022644927536231884,
    "206":0.011322463768115942,
    "207":0.033967391304347824,
    "208":0.0,
    "209":0.011322463768115942,
    "210":0.011322463768115942,
    "211":0.022644927536231884,
    "212":0.022644927536231884,
    "213":0.011322463768115942,
    "214":0.0,
    "215":0.011322463768115942,
    "216":0.033967391304347824,
    "217":0.022644927536231884,
    "218":0.022644927536231884,
    "219":0.022644927536231884,
    "220":0.022644927536231884,
    "221":0.011322463768115942,
    "222":0.0,
    "223":0.04528985507246377,
    "224":0.011322463768115942,
    "225":0.033967391304347824,
    "226":0.011322463768115942,
    "227":0.011322463768115942,
    "228":0.011322463768115942,
    "229":0.022644927536231884,
    "230":0.0,
    "231":0.0,
    "232":0.04528985507246377,
    "233":0.022644927536231884,
    "234":0.022644927536231884,
    "235":0.0,
    "236":0.022644927536231884,
    "237":0.011322463768115942,
    "238":0.0,
    "239":0.022644927536231884,
    "240":0.022644927536231884,
    "241":0.0,
    "242":0.04528985507246377,
    "243":0.011322463768115942,
    "244":0.04528985507246377,
    "245":0.022644927536231884,
    "246":0.033967391304347824,
    "247":0.011322463768115942,
    "248":0.022644927536231884,
    "249":0.0,
    "250":0.011322463768115942,
    "251":0.011322463768115942,
    "252":0.0,
    "253":0.022644927536231884,
    "254":0.011322463768115942,
    "255":0.011322463768115942,
    "256":0.022644927536231884,
    "257":0.0,
    "258":0.022644927536231884,
    "259":0.033967391304347824,
    "260":0.04528985507246377,
    "261":0.011322463768115942,
    "262":0.011322463768115942,
    "263":0.022644927536231884,
    "264":0.011322463768115942,
    "265":0.022644927536231884,
    "266":0.011322463768115942,
    "267":0.033967391304347824,
    "268":0.011322463768115942,
    "269":0.011322463768115942,
    "270":0.011322463768115942,
    "271":0.0,