{
    "0":5.918910920390648,
    "1":2.3182401104863373,
    "2":1.8249975337871167,
    "3":0.9272960441945348,
    "4":1.9631054552628984,
    "5":2.4464831804281344,
    "6":2.426753477360166,
    "7":2.505672289632041,
    "8":2.2195915951464933,
    "9":2.367564368156259,
    "10":2.1899970405445397,
    "11":1.8644569399230542,
    "12":2.2097267436125088,
    "13":1.4402683239617244,
    "14":1.4501331754957087,
    "15":1.4501331754957087,
    "16":1.4698628785636776,
    "17":1.578376245437506,
    "18":1.410673769359771,
    "19":1.548781690835553,
    "20":1.6868896123113348,
    "21":1.647430206175397,
    "22":1.4994574331656307,
    "23":1.548781690835553,
    "24":1.1739173325441452,
    "25":1.2331064417480517,
    "26":1.361349511689849,
    "27":1.3514846601558648,
    "28":1.4402683239617244,
    "29":1.331754957087896,
    "30":1.3416198086218802,
    "31":1.1837821840781295,
    "32":1.124593074874223,
    "33":1.0949985202722698,
    "34":1.1344579264082075,
    "35":0.9667554503304726,
    "36":0.9371608957285192,
    "37":1.0851336687382855,
    "38":1.0062148564664102,
    "39":1.0654039656703167,
    "40":0.7004044589128933,
    "41":0.690539607378909,
    "42":0.690539607378909,
    "43":0.7497287165828154,
    "44":0.7102693104468778,
    "45":0.572161388971096,
    "46":0.6708099043109401,
    "47":0.789188122718753,
    "48":0.6313504981750024,
    "49":0.7990529742527375,
    "50":0.7299990135148466,
    "51":0.6412153497089869,
    "52":0.7595935681167999,
    "53":0.6116207951070336,
    "54":0.6609450527769557,
    "55":0.5524316859031272,
    "56":0.5622965374371115,
    "57":0.453783170563283,
    "58":0.4636480220972674,
    "59":0.4241886159613298,
    "60":0.3649995067574233,
    "61":0.4241886159613298,
    "62":0.5031074282332051,
    "63":0.33540495215547006,
    "64":0.5129722797671895,
    "65":0.4833777251652363,
    "66":0.404458912893361,
    "67":0.3945940613593765,
    "68":0.38472920982539216,
    "69":0.3452698036894545,
    "70":0.38472920982539216,
    "71":0.3156752490875012,
    "72":0.24662128834961033,
    "73":0.20716188221367265,
    "74":0.24662128834961033,
    "75":0.2268915852816415,
    "76":0.286080694485548,
    "77":0.2170267337476571,
    "78":0.1578376245437506,
    "79":0.3058103975535168,
    "80":0.2170267337476571,
    "81":0.2959455460195324,
    "82":0.25648613988359475,
    "83":0.19729703067968826,
    "84":0.3058103975535168,
    "85":0.25648613988359475,
    "86":0.25648613988359475,
    "87":0.2170267337476571,
    "88":0.24662128834961033,
    "89":0.2959455460195324,
    "90":0.18743217914570384,
    "91":0.25648613988359475,
    "92":0.25648613988359475,
    "93":0.2170267337476571,
    "94":0.18743217914570384,
    "95":0.17756732761171945,
    "96":0.19729703067968826,
    "97":0.286080694485548,
    "98":0.18743217914570384,
    "99":0.1479727730097662,
    "100":0.18743217914570384,
    "101":0.2170267337476571,
    "102":0.11837821840781297,
    "103":0.18743217914570384,
    "104":0.1578376245437506,
    "105":0.12824306994179738,
    "106":0.18743217914570384,
    "107":0.1381079214757818,
    "108":0.17756732761171945,
    "109":0.1479727730097662,
    "110":0.23675643681562594,
    "111":0.16770247607773503,
    "112":0.17756732761171945,
    "113":0.19729703067968826,
    "114":0.12824306994179738,
    "115":0.09864851533984413,
    "116":0.19729703067968826,
    "117":0.2268915852816415,
    "118":0.16770247607773503,
    "119":0.08878366380585972,
    "120":0.20716188221367265,
    "121":0.18743217914570384,
    "122":0.1479727730097662,
    "123":0.17756732761171945,
    "124":0.19729703067968826,
    "125":0.1381079214757818,
    "126":0.09864851533984413,
    "127":0.09864851533984413,
    "128":0.11837821840781297,
    "129":0.10851336687382855,
    "130":0.12824306994179738,
    "131":0.1381079214757818,
    "132":0.08878366380585972,
    "133":0.0789188122718753,
    "134":0.0789188122718753,
    "135":0.049324257669922066,
    "136":0.0789188122718753,
    "137":0.059189109203906486,
    "138":0.0690539607378909,
    "139":0.03945940613593765,
    "140":0.059189109203906486,
    "141":0.0789188122718753,
    "142":0.059189109203906486,
    "143":0.0690539607378909,
    "144":0.0789188122718753,
    "145":0.0690539607378909,
    "146":0.059189109203906486,
    "147":0.029594554601953243,
    "148":0.0690539607378909,
    "149":0.03945940613593765,
    "150":0.0789188122718753,
    "151":0.0690539607378909,
    "152":0.059189109203906486,
    "153":0.0789188122718753,
    "154":0.09864851533984413,
    "155":0.03945940613593765,
    "156":0.059189109203906486,
    "157":0.029594554601953243,
    "158":0.0690539607378909,
    "159":0.03945940613593765,
    "160":0.0690539607378909,
    "161":0.009864851533984413,
    "162":0.0789188122718753,
    "163":0.009864851533984413,
    "164":0.0789188122718753,
    "165":0.049324257669922066,
    "166":0.049324257669922066,
    "167":0.03945940613593765,
    "168":0.019729703067968826,
    "169":0.029594554601953243,
    "170":0.049324257669922066,
    "171":0.03945940613593765,
    "172":0.019729703067968826,
    "173":0.009864851533984413,
    "174":0.009864851533984413,
    "175":0.03945940613593765,
    "176":0.019729703067968826,
    "177":0.03945940613593765,
    "178":0.029594554601953243,
    "179":0.029594554601953243,
    "180":0.019729703067968826,
    "181":0.029594554601953243,
    "182":0.029594554601953243,
    "183":0.029594554601953243,
    "184":0.009864851533984413,
    "185":0.009864851533984413,
    "186":0.019729703067968826,
    "187":0.0,
    "188":0.009864851533984413,
    "189":0.0,
    "190":0.009864851533984413,
    "191":0.009864851533984413,
    "192":0.009864851533984413,
    "193":0.009864851533984413,
    "194":0.019729703067968826,
    "195":0.009864851533984413,
    "196":0.009864851533984413,
    "197":0.019729703067968826,
    "198":0.019729703067968826,
    "199":0.03945940613593765,
    "200":0.009864851533984413,
    "201":0.019729703067968826,
    "202":0.029594554601953243,
    "203":0.009864851533984413,
    "204":0.009864851533984413,
    "205":0.0,
    "206":0.019729703067968826,
    "207":0.029594554601953243,
    "208":0.0,
    "209":0.009864851533984413,
    "210":0.0,
    "211":0.0,
    "212":0.0,
    "213":0.009864851533984413,
    "214":0.019729703067968826,
    "215":0.0,
    "216":0.009864851533984413,
    "217":0.0,
    "218":0.0,
    "219":0.019729703067968826,
    "220":0.019729703067968826,
    "221":0.0,
    "222":0.009864851533984413,
    "223":0.029594554601953243,
    "224":0.009864851533984413,
    "225":0.019729703067968826,
    "226":0.0,
    "227":0.0,
    "228":0.009864851533984413,
    "229":0.0,
    "230":0.0,
    "231":0.009864851533984413,
    "232":0.0,
    "233":0.009864851533984413,
    "234":0.009864851533984413,
    "235":0.009864851533984413,
    "236":0.009864851533984413,
    "237":0.019729703067968826,
    "238":0.009864851533984413,
    "239":0.009864851533984413,
    "240":0.0,
    "241":0.0,
    "242":0.0,
    "243":0.009864851533984413,
    "244":0.0,
    "245":0.009864851533984413,
    "246":0.0,
    "247":0.009864851533984413,
    "248":0.0,
    "249":0.0,
    "250":0.0,
    "251":0.0,
    "252":0.0,
    "253":0.0,
    "254":0.009864851533984413,
    "255":0.0,
    "256":0.009864851533984413,
    "257":0.009864851533984413,
    "258":0.0,
    "259":0.0,
    "260":0.0,
    "261":0.009864851533984413,
    "262":0.0,
    "263":0.009864851533984413,
    "264":0.0,
    "265":0.0,
    "266":0.019729703067968826,
    "267":0.0,
    "268":0.0,
    "269":0.019729703067968826,
    "270":0.0,
    "271":0.0,
    "272":0.0,
    "273":0.009864851533984413,
    "274":0.0,
    "275":0.009864851533984413,
    "276":0.0,
    "277":0.019729703067968826,
    "278":0.0,
    "279":0.009864851533984413,
    "280":0.0,
    "281":0.0,
    "282":0.0,
    "283":0.0,
    "284":0.0,
    "285":0.009864851533984413,
    "286":0.0,
    "287":0.0,