{
    "0":1.3546056592414208,
    "1":2.513546056592414,
    "2":3.2661047561709817,
    "3":2.0168573148705597,
    "4":2.332931968693558,
    "5":1.053582179409994,
    "6":1.1739915713425646,
    "7":1.8061408789885613,
    "8":1.2642986152919928,
    "9":1.2040939193257074,
    "10":1.5201685731487056,
    "11":1.56532209512342,
    "12":1.4449127031908489,
    "13":1.1438892233594222,
    "14":0.6472004816375677,
    "15":1.0084286574352799,
    "16":0.9181216134858519,
    "17":1.2492474413004213,
    "18":1.1438892233594222,
    "19":1.6104756170981338,
    "20":1.3395544852498493,
    "21":1.2492474413004213,
    "22":1.399759181216135,
    "23":0.8278145695364238,
    "24":1.2341962673088502,
    "25":1.4148103552077063,
    "26":1.3847080072245637,
    "27":1.2040939193257074,
    "28":1.1890427453341361,
    "29":1.1438892233594222,
    "30":1.1739915713425646,
    "31":1.053582179409994,
    "32":1.2191450933172787,
    "33":1.2040939193257074,
    "34":0.9482239614689947,
    "35":1.2040939193257074,
    "36":1.2793497892835641,
    "37":0.7074051776038531,
    "38":0.8127633955448524,
    "39":0.9482239614689947,
    "40":0.6773028296207104,
    "41":0.8127633955448524,
    "42":0.6923540036122818,
    "43":0.6923540036122818,
    "44":0.49668874172185434,
    "45":0.5568934376881397,
    "46":0.5418422636965683,
    "47":0.7977122215532811,
    "48":0.6622516556291391,
    "49":0.7375075255869958,
    "50":0.7977122215532811,
    "51":0.78266104756171,
    "52":0.7074051776038531,
    "53":0.6773028296207104,
    "54":0.7676098735701384,
    "55":0.8127633955448524,
    "56":0.5869957856712823,
    "57":0.3461770018061409,
    "58":0.5418422636965683,
    "59":0.5719446116797111,
    "60":0.6773028296207104,
    "61":0.7525586995785671,
    "62":0.8880192655027092,
    "63":0.7074051776038531,
    "64":0.5117399157134257,
    "65":0.3612281757977122,
    "66":0.4665863937387116,
    "67":0.6321493076459964,
    "68":0.4665863937387116,
    "69":0.5568934376881397,
    "70":0.5869957856712823,
    "71":0.436484045755569,
    "72":0.436484045755569,
    "73":0.3612281757977122,
    "74":0.30102347983142685,
    "75":0.436484045755569,
    "76":0.3612281757977122,
    "77":0.27092113184828415,
    "78":0.37627934978928357,
    "79":0.49668874172185434,
    "80":0.4665863937387116,
    "81":0.391330523780855,
    "82":0.481637567730283,
    "83":0.3612281757977122,
    "84":0.481637567730283,
    "85":0.3461770018061409,
    "86":0.28597230583985556,
    "87":0.33112582781456956,
    "88":0.3612281757977122,
    "89":0.3461770018061409,
    "90":0.3461770018061409,
    "91":0.25586995785671285,
    "92":0.49668874172185434,
    "93":0.30102347983142685,
    "94":0.3160746538229982,
    "95":0.436484045755569,
    "96":0.1956652618904275,
    "97":0.3160746538229982,
    "98":0.25586995785671285,
    "99":0.391330523780855,
    "100":0.37627934978928357,
    "101":0.33112582781456956,
    "102":0.27092113184828415,
    "103":0.27092113184828415,
    "104":0.13546056592414207,
    "105":0.3160746538229982,
    "106":0.30102347983142685,
    "107":0.3461770018061409,
    "108":0.3461770018061409,
    "109":0.1806140878988561,
    "110":0.25586995785671285,
    "111":0.2408187838651415,
    "112":0.33112582781456956,
    "113":0.2107164358819988,
    "114":0.22576760987357017,
    "115":0.22576760987357017,
    "116":0.3612281757977122,
    "117":0.25586995785671285,
    "118":0.2408187838651415,
    "119":0.22576760987357017,
    "120":0.28597230583985556,
    "121":0.27092113184828415,
    "122":0.28597230583985556,
    "123":0.2107164358819988,
    "124":0.2107164358819988,
    "125":0.12040939193257075,
    "126":0.27092113184828415,
    "127":0.1806140878988561,
    "128":0.2408187838651415,
    "129":0.15051173991571343,
    "130":0.2107164358819988,
    "131":0.16556291390728478,
    "132":0.1956652618904275,
    "133":0.3461770018061409,
    "134":0.13546056592414207,
    "135":0.15051173991571343,
    "136":0.15051173991571343,
    "137":0.13546056592414207,
    "138":0.060204695966285374,
    "139":0.12040939193257075,
    "140":0.1053582179409994,
    "141":0.22576760987357017,
    "142":0.12040939193257075,
    "143":0.16556291390728478,
    "144":0.12040939193257075,
    "145":0.12040939193257075,
    "146":0.07525586995785671,
    "147":0.12040939193257075,
    "148":0.1053582179409994,
    "149":0.16556291390728478,
    "150":0.12040939193257075,
    "151":0.1806140878988561,
    "152":0.060204695966285374,
    "153":0.15051173991571343,
    "154":0.13546056592414207,
    "155":0.12040939193257075,
    "156":0.09030704394942805,
    "157":0.12040939193257075,
    "158":0.12040939193257075,
    "159":0.12040939193257075,
    "160":0.16556291390728478,
    "161":0.09030704394942805,
    "162":0.09030704394942805,
    "163":0.060204695966285374,
    "164":0.07525586995785671,
    "165":0.1053582179409994,
    "166":0.07525586995785671,
    "167":0.12040939193257075,
    "168":0.12040939193257075,
    "169":0.13546056592414207,
    "170":0.09030704394942805,
    "171":0.09030704394942805,
    "172":0.04515352197471403,
    "173":0.030102347983142687,
    "174":0.07525586995785671,
    "175":0.09030704394942805,
    "176":0.07525586995785671,
    "177":0.015051173991571343,
    "178":0.12040939193257075,
    "179":0.15051173991571343,
    "180":0.07525586995785671,
    "181":0.04515352197471403,
    "182":0.030102347983142687,
    "183":0.015051173991571343,
    "184":0.13546056592414207,
    "185":0.060204695966285374,
    "186":0.04515352197471403,
    "187":0.09030704394942805,
    "188":0.12040939193257075,
    "189":0.07525586995785671,
    "190":0.12040939193257075,
    "191":0.015051173991571343,
    "192":0.07525586995785671,
    "193":0.030102347983142687,
    "194":0.0,
    "195":0.030102347983142687,
    "196":0.060204695966285374,
    "197":0.09030704394942805,
    "198":0.015051173991571343,
    "199":0.030102347983142687,
    "200":0.04515352197471403,
    "201":0.07525586995785671,
    "202":0.015051173991571343,
    "203":0.060204695966285374,
    "204":0.030102347983142687,
    "205":0.12040939193257075,
    "206":0.060204695966285374,
    "207":0.015051173991571343,
    "208":0.030102347983142687,
    "209":0.07525586995785671,
    "210":0.030102347983142687,
    "211":0.07525586995785671,
    "212":0.015051173991571343,
    "213":0.04515352197471403,
    "214":0.015051173991571343,
    "215":0.07525586995785671,
    "216":0.030102347983142687,
    "217":0.015051173991571343,
    "218":0.015051173991571343,
    "219":0.09030704394942805,
    "220":0.015051173991571343,
    "221":0.030102347983142687,
    "222":0.015051173991571343,
    "223":0.015051173991571343,
    "224":0.0,
    "225":0.0,
    "226":0.0,
    "227":0.07525586995785671,
    "228":0.0,
    "229":0.0,
    "230":0.0,
    "231":0.0,
    "232":0.04515352197471403,
    "233":0.015051173991571343,
    "234":0.0,
    "235":0.0,
    "236":0.0,
    "237":0.0,
    "238":0.015051173991571343,
    "239":0.015051173991571343,
    "240":0.0,
    "241":0.0,
    "242":0.015051173991571343,
    "243":0.0,
    "244":0.0,
    "245":0.015051173991571343,
    "246":0.0,
    "247":0.0,
    "248":0.015051173991571343,
    "249":0.015051173991571343,
    "250":0.0,
    "251":0.0,
    "252":0.015051173991571343,
    "253":0.0,
    "254":0.015051173991571343,
    "255":0.0,
    "256":0.0,
    "257":0.0,
    "258":0.015051173991571343,
    "259":0.0,
    "260":0.015051173991571343,
    "261":0.0,
    "262":0.0,
    "263":0.030102347983142687,
    "264":0.0,
    "265":0.015051173991571343,
    "266":0.0,
    "267":0.015051173991571343,
    "268":0.0,
    "269":0.0,
    "270":0.015051173991571343,
    "271":0.060204695966285374,
    "272":0.015051173991571343,
    "273":0.0,
    "274":0.0,
    "275":0.0,
    "276":0.0,
    "277":0.0,
    "278":0.0,
    "279":0.0,
    "280":0.0,
    "281":0.0
}