{
    "0":2.856423807726186,
    "1":5.398263495658739,
    "2":1.119919466465333,
    "3":1.157669560840569,
    "4":1.9755882723040141,
    "5":1.6484207877186359,
    "6":1.8120045300113252,
    "7":1.5100037750094375,
    "8":1.4974204102176922,
    "9":2.1014219202214672,
    "10":2.1014219202214672,
    "11":2.239838932930666,
    "12":2.1895054737636843,
    "13":2.277589027305902,
    "14":2.025921731470995,
    "15":2.327922486472883,
    "16":2.667673335850006,
    "17":1.937838177928778,
    "18":1.686170882093872,
    "19":2.214672203347175,
    "20":1.6358374229268908,
    "21":1.4848370454259467,
    "22":1.6106706933433999,
    "23":1.5477538693846735,
    "24":1.2709198439662766,
    "25":1.2205863847992953,
    "26":1.3212533031332578,
    "27":1.4974204102176922,
    "28":1.447086951050711,
    "29":1.2709198439662766,
    "30":1.2709198439662766,
    "31":0.9060022650056626,
    "32":1.0192525481313703,
    "33":0.8934189002139171,
    "34":1.0570026425066061,
    "35":0.9185856297974079,
    "36":0.8305020762551907,
    "37":0.8556688058386812,
    "38":0.7927519818799547,
    "39":0.8808355354221719,
    "40":0.8305020762551907,
    "41":0.9311689945891531,
    "42":0.8305020762551907,
    "43":0.8053353466716999,
    "44":0.8682521706304266,
    "45":0.7550018875047187,
    "46":0.604001510003775,
    "47":0.6920850635459922,
    "48":0.7550018875047187,
    "49":0.5536680508367937,
    "50":0.5033345916698125,
    "51":0.5285013212533031,
    "52":0.5788347804202845,
    "53":0.4907512268780672,
    "54":0.47816786208632184,
    "55":0.33975084937712347,
    "56":0.36491757896061405,
    "57":0.3523342141688688,
    "58":0.22650056625141565,
    "59":0.3523342141688688,
    "60":0.3775009437523594,
    "61":0.26425066062665153,
    "62":0.27683402541839686,
    "63":0.40266767333584996,
    "64":0.27683402541839686,
    "65":0.3900843085441047,
    "66":0.28941739021014223,
    "67":0.28941739021014223,
    "68":0.3145841197936328,
    "69":0.4278344029193406,
    "70":0.28941739021014223,
    "71":0.3775009437523594,
    "72":0.4530011325028313,
    "73":0.40266767333584996,
    "74":0.3020007550018875,
    "75":0.3271674845853781,
    "76":0.33975084937712347,
    "77":0.3775009437523594,
    "78":0.36491757896061405,
    "79":0.46558449729457657,
    "80":0.26425066062665153,
    "81":0.44041776771108593,
    "82":0.36491757896061405,
    "83":0.13841701270919843,
    "84":0.26425066062665153,
    "85":0.1761671070844344,
    "86":0.28941739021014223,
    "87":0.16358374229268904,
    "88":0.1761671070844344,
    "89":0.22650056625141565,
    "90":0.1761671070844344,
    "91":0.20133383666792498,
    "92":0.12583364791745313,
    "93":0.1887504718761797,
    "94":0.3020007550018875,
    "95":0.1887504718761797,
    "96":0.22650056625141565,
    "97":0.15100037750094375,
    "98":0.13841701270919843,
    "99":0.11325028312570783,
    "100":0.28941739021014223,
    "101":0.23908393104316092,
    "102":0.15100037750094375,
    "103":0.10066691833396249,
    "104":0.1761671070844344,
    "105":0.13841701270919843,
    "106":0.1761671070844344,
    "107":0.0880835535422172,
    "108":0.16358374229268904,
    "109":0.050333459166981245,
    "110":0.16358374229268904,
    "111":0.20133383666792498,
    "112":0.06291682395872657,
    "113":0.13841701270919843,
    "114":0.050333459166981245,
    "115":0.025166729583490623,
    "116":0.0880835535422172,
    "117":0.0880835535422172,
    "118":0.07550018875047187,
    "119":0.20133383666792498,
    "120":0.06291682395872657,
    "121":0.050333459166981245,
    "122":0.15100037750094375,
    "123":0.025166729583490623,
    "124":0.06291682395872657,
    "125":0.1761671070844344,
    "126":0.0880835535422172,
    "127":0.07550018875047187,
    "128":0.10066691833396249,
    "129":0.12583364791745313,
    "130":0.13841701270919843,
    "131":0.07550018875047187,
    "132":0.050333459166981245,
    "133":0.06291682395872657,
    "134":0.0880835535422172,
    "135":0.12583364791745313,
    "136":0.07550018875047187,
    "137":0.12583364791745313,
    "138":0.050333459166981245,
    "139":0.050333459166981245,
    "140":0.0880835535422172,
    "141":0.03775009437523594,
    "142":0.050333459166981245,
    "143":0.06291682395872657,
    "144":0.0880835535422172,
    "145":0.06291682395872657,
    "146":0.06291682395872657,
    "147":0.050333459166981245,
    "148":0.025166729583490623,
    "149":0.06291682395872657,
    "150":0.050333459166981245,
    "151":0.07550018875047187,
    "152":0.025166729583490623,
    "153":0.06291682395872657,
    "154":0.050333459166981245,
    "155":0.0,
    "156":0.050333459166981245,
    "157":0.0880835535422172,
    "158":0.07550018875047187,
    "159":0.10066691833396249,
    "160":0.025166729583490623,
    "161":0.11325028312570783,
    "162":0.050333459166981245,
    "163":0.11325028312570783,
    "164":0.06291682395872657,
    "165":0.012583364791745311,
    "166":0.03775009437523594,
    "167":0.050333459166981245,
    "168":0.06291682395872657,
    "169":0.050333459166981245,
    "170":0.025166729583490623,
    "171":0.025166729583490623,
    "172":0.050333459166981245,
    "173":0.03775009437523594,
    "174":0.050333459166981245,
    "175":0.06291682395872657,
    "176":0.025166729583490623,
    "177":0.050333459166981245,
    "178":0.025166729583490623,
    "179":0.06291682395872657,
    "180":0.025166729583490623,
    "181":0.050333459166981245,
    "182":0.06291682395872657,
    "183":0.06291682395872657,
    "184":0.012583364791745311,
    "185":0.012583364791745311,
    "186":0.03775009437523594,
    "187":0.025166729583490623,
    "188":0.012583364791745311,
    "189":0.025166729583490623,
    "190":0.025166729583490623,
    "191":0.03775009437523594,
    "192":0.0,
    "193":0.012583364791745311,
    "194":0.012583364791745311,
    "195":0.0,
    "196":0.03775009437523594,
    "197":0.03775009437523594,
    "198":0.012583364791745311,
    "199":0.025166729583490623,
    "200":0.03775009437523594,
    "201":0.012583364791745311,
    "202":0.03775009437523594,
    "203":0.03775009437523594,
    "204":0.025166729583490623,
    "205":0.050333459166981245,
    "206":0.012583364791745311,
    "207":0.012583364791745311,
    "208":0.03775009437523594,
    "209":0.012583364791745311,
    "210":0.050333459166981245,
    "211":0.012583364791745311,
    "212":0.012583364791745311,
    "213":0.0,
    "214":0.0,
    "215":0.0,
    "216":0.025166729583490623,
    "217":0.0,
    "218":0.0,
    "219":0.0,
    "220":0.012583364791745311,
    "221":0.03775009437523594,
    "222":0.012583364791745311,
    "223":0.025166729583490623,
    "224":0.012583364791745311,
    "225":0.025166729583490623,
    "226":0.012583364791745311,
    "227":0.0,
    "228":0.0,
    "229":0.050333459166981245,
    "230":0.012583364791745311,
    "231":0.012583364791745311,
    "232":0.012583364791745311,
    "233":0.06291682395872657,
    "234":0.012583364791745311,
    "235":0.012583364791745311,
    "236":0.012583364791745311,
    "237":0.025166729583490623,
    "238":0.025166729583490623,
    "239":0.012583364791745311,
    "240":0.012583364791745311,
    "241":0.03775009437523594,
    "242":0.07550018875047187,
    "243":0.0,
    "244":0.0,
    "245":0.0,
    "246":0.012583364791745311,
    "247":0.06291682395872657,
    "248":0.012583364791745311,
    "249":0.012583364791745311,
    "250":0.025166729583490623,
    "251":0.012583364791745311,
    "252":0.0,
    "253":0.012583364791745311,
    "254":0.025166729583490623,
    "255":0.012583364791745311,
    "256":0.03775009437523594,
    "257":0.03775009437523594,
    "258":0.025166729583490623,
    "259":0.025166729583490623,
    "260":0.012583364791745311,
    "261":0.025166729583490623,
    "262":0.050333459166981245,
    "263":0.025166729583490623,
    "264":0.06291682395872657,
    "265":0.03775009437523594,
    "266":0.03775009437523594,
    "267":0.025166729583490623,
    "268":0.025166729583490623,