{
    "0":[
        [
            -23.56366366467993,
            -46.65190329935452,
            "300000000001",
            "0"
        ]
    ],
    "1":[
        [
            -23.565909931898307,
            -46.648461485293225,
            "300000000002",
            "3"
        ]
    ],
    "10":[
        [
            -23.563870859138426,
            -46.647106306201856,
            "300000000011",
            "3"
        ]
    ],
    "11":[
        [
            -23.568337145468,
            -46.64891834364582,
            "300000000012",
            "4"
        ]
    ],
    "12":[
        [
            -23.564354955635338,
            -46.64890145810735,
            "300000000013",
            "4"
        ]
    ],
    "13":[
        [
            -23.562132399716596,
            -46.65222855238107,
            "300000000014",
            "1"
        ]
    ],
    "14":[
        [
            -23.56410101657643,
            -46.64777199003887,
            "300000000015",
            "5"
        ]
    ],
    "15":[
        [
            -23.559234989294943,
            -46.64710700092008,
            "300000000016",
            "2"
        ]
    ],
    "16":[
        [
            -23.564391605716878,
            -46.64652021833754,
            "300000000017",
            "1"
        ]
    ],
    "17":[
        [
            -23.56194380438574,
            -46.64898719333366,
            "300000000018",
            "3"
        ]
    ],
    "18":[
        [
            -23.56259636773255,
            -46.65136042837906,
            "300000000019",
            "4"
        ]
    ],
    "19":[
        [
            -23.563564823946784,
            -46.64635639060525,
            "300000000020",
            "4"
        ]
    ],
    "2":[
        [
            -23.561009761523884,
            -46.64638163205215,
            "300000000003",
            "1"
        ]
    ],
    "20":[
        [
            -23.565982620240153,
            -46.647612185138975,
            "300000000021",
            "5"
        ]
    ],
    "21":[
        [
            -23.563670091722724,
            -46.64976708328083,
            "300000000022",
            "0"
        ]
    ],
    "22":[
        [
            -23.56470336201638,
            -46.64994821551941,
            "300000000023",
            "3"
        ]
    ],
    "23":[
        [
            -23.561638923774957,
            -46.64869240467831,
            "300000000024",
            "0"
        ]
    ],
    "3":[
        [
            -23.56058226643148,
            -46.65153120696287,
            "300000000004",
            "4"
        ]
    ],
    "4":[
        [
            -23.562584725578095,
            -46.6472407524241,
            "300000000005",
            "3"
        ]
    ],
    "5":[
        [
            -23.564889422652712,
            -46.64796192263911,
            "300000000006",
            "0"
        ]
    ],
    "6":[
        [
            -23.560820646186855,
            -46.64816849819675,
            "300000000007",
            "3"
        ]
    ],
    "7":[
        [
            -23.565455371414284,
            -46.646855901282144,
            "300000000008",
            "4"
        ]
    ],
    "8":[
        [
            -23.562175840535126,
            -46.64936222789363,
            "300000000009",
            "1"
        ]
    ],
    "9":[
        [
            -23.56359096131587,
            -46.64883822831149,
            "300000000010",
            "0"
        ]
    ],
    "total_length":9330.095605724837,
    "total_time":0.3980679512023926
}