{
    "0":6.478733926805143,
    "1":0.3956478733926805,
    "2":1.022090339597758,
    "3":1.3353115727002967,
    "4":0.9891196834817012,
    "5":0.9231783712495879,
    "6":0.42861852950873724,
    "7":0.791295746785361,
    "8":0.7088691064952193,
    "9":0.3956478733926805,
    "10":0.5440158259149357,
    "11":0.9231783712495879,
    "12":0.8407517309594461,
    "13":0.8077810748433895,
    "14":0.6758984503791625,
    "15":0.791295746785361,
    "16":0.7583250906693043,
    "17":0.7088691064952193,
    "18":0.6264424662050775,
    "19":0.8572370590174745,
    "20":0.5605011539729641,
    "21":0.44510385756676557,
    "22":0.2472799208704253,
    "23":0.37916254533465216,
    "24":0.2967359050445104,
    "25":0.26376524892845365,
    "26":0.3626772172766238,
    "27":0.41213320145070886,
    "28":0.34619188921859545,
    "29":0.4945598417408506,
    "30":0.41213320145070886,
    "31":0.5440158259149357,
    "32":0.5440158259149357,
    "33":0.41213320145070886,
    "34":0.7748104187273327,
    "35":0.6099571381470491,
    "36":0.5769864820309925,
    "37":0.6594131223211342,
    "38":0.6264424662050775,
    "39":0.6923837784371909,
    "40":0.5934718100890208,
    "41":1.0385756676557862,
    "42":0.8407517309594461,
    "43":1.3188262446422685,
    "44":1.170458292120013,
    "45":1.022090339597758,
    "46":1.1374876360039565,
    "47":1.0385756676557862,
    "48":0.9066930431915594,
    "49":0.8902077151335311,
    "50":1.1374876360039565,
    "51":1.2858555885262115,
    "52":1.4012528849324102,
    "53":0.9561490273656446,
    "54":1.0056050115397297,
    "55":0.9891196834817012,
    "56":1.2693702604681834,
    "57":1.022090339597758,
    "58":1.170458292120013,
    "59":0.8077810748433895,
    "60":0.9231783712495879,
    "61":0.9066930431915594,
    "62":0.7583250906693043,
    "63":1.071546323771843,
    "64":1.1045169798878998,
    "65":1.1869436201780417,
    "66":0.9561490273656446,
    "67":1.2199142762940982,
    "68":0.9891196834817012,
    "69":0.8407517309594461,
    "70":0.9066930431915594,
    "71":0.741839762611276,
    "72":0.9231783712495879,
    "73":1.0880316518298714,
    "74":0.791295746785361,
    "75":0.8407517309594461,
    "76":0.791295746785361,
    "77":0.8242664029014177,
    "78":0.8077810748433895,
    "79":0.8737223870755028,
    "80":0.6099571381470491,
    "81":0.5605011539729641,
    "82":0.6264424662050775,
    "83":0.8242664029014177,
    "84":0.5934718100890208,
    "85":0.5605011539729641,
    "86":0.5275304978569073,
    "87":0.5605011539729641,
    "88":0.4780745136828223,
    "89":0.3626772172766238,
    "90":0.2967359050445104,
    "91":0.41213320145070886,
    "92":0.37916254533465216,
    "93":0.44510385756676557,
    "94":0.5440158259149357,
    "95":0.3297065611605671,
    "96":0.44510385756676557,
    "97":0.3297065611605671,
    "98":0.3297065611605671,
    "99":0.28025057698648204,
    "100":0.5440158259149357,
    "101":0.42861852950873724,
    "102":0.34619188921859545,
    "103":0.34619188921859545,
    "104":0.28025057698648204,
    "105":0.28025057698648204,
    "106":0.3297065611605671,
    "107":0.28025057698648204,
    "108":0.16485328058028356,
    "109":0.2967359050445104,
    "110":0.3297065611605671,
    "111":0.3956478733926805,
    "112":0.19782393669634024,
    "113":0.1813386086383119,
    "114":0.1813386086383119,
    "115":0.21430926475436862,
    "116":0.2472799208704253,
    "117":0.2967359050445104,
    "118":0.2967359050445104,
    "119":0.23079459281239698,
    "120":0.2967359050445104,
    "121":0.26376524892845365,
    "122":0.16485328058028356,
    "123":0.3297065611605671,
    "124":0.1813386086383119,
    "125":0.1483679525222552,
    "126":0.19782393669634024,
    "127":0.2967359050445104,
    "128":0.13188262446422683,
    "129":0.2472799208704253,
    "130":0.13188262446422683,
    "131":0.3297065611605671,
    "132":0.08242664029014178,
    "133":0.11539729640619849,
    "134":0.1813386086383119,
    "135":0.11539729640619849,
    "136":0.21430926475436862,
    "137":0.16485328058028356,
    "138":0.1813386086383119,
    "139":0.06594131223211341,
    "140":0.16485328058028356,
    "141":0.09891196834817012,
    "142":0.2472799208704253,
    "143":0.11539729640619849,
    "144":0.1813386086383119,
    "145":0.21430926475436862,
    "146":0.1813386086383119,
    "147":0.16485328058028356,
    "148":0.2472799208704253,
    "149":0.19782393669634024,
    "150":0.13188262446422683,
    "151":0.13188262446422683,
    "152":0.16485328058028356,
    "153":0.19782393669634024,
    "154":0.13188262446422683,
    "155":0.11539729640619849,
    "156":0.13188262446422683,
    "157":0.09891196834817012,
    "158":0.08242664029014178,
    "159":0.06594131223211341,
    "160":0.08242664029014178,
    "161":0.11539729640619849,
    "162":0.1813386086383119,
    "163":0.23079459281239698,
    "164":0.03297065611605671,
    "165":0.09891196834817012,
    "166":0.13188262446422683,
    "167":0.08242664029014178,
    "168":0.11539729640619849,
    "169":0.1483679525222552,
    "170":0.09891196834817012,
    "171":0.16485328058028356,
    "172":0.08242664029014178,
    "173":0.06594131223211341,
    "174":0.09891196834817012,
    "175":0.06594131223211341,
    "176":0.03297065611605671,
    "177":0.08242664029014178,
    "178":0.06594131223211341,
    "179":0.08242664029014178,
    "180":0.016485328058028353,
    "181":0.06594131223211341,
    "182":0.06594131223211341,
    "183":0.06594131223211341,
    "184":0.03297065611605671,
    "185":0.04945598417408506,
    "186":0.016485328058028353,
    "187":0.04945598417408506,
    "188":0.03297065611605671,
    "189":0.04945598417408506,
    "190":0.04945598417408506,
    "191":0.04945598417408506,
    "192":0.016485328058028353,
    "193":0.04945598417408506,
    "194":0.04945598417408506,
    "195":0.04945598417408506,
    "196":0.04945598417408506,
    "197":0.04945598417408506,
    "198":0.06594131223211341,
    "199":0.08242664029014178,
    "200":0.04945598417408506,
    "201":0.0,
    "202":0.06594131223211341,
    "203":0.016485328058028353,
    "204":0.11539729640619849,
    "205":0.09891196834817012,
    "206":0.04945598417408506,
    "207":0.08242664029014178,
    "208":0.0,
    "209":0.06594131223211341,
    "210":0.08242664029014178,
    "211":0.04945598417408506,
    "212":0.016485328058028353,
    "213":0.04945598417408506,
    "214":0.03297065611605671,
    "215":0.04945598417408506,
    "216":0.04945598417408506,
    "217":0.03297065611605671,
    "218":0.0,
    "219":0.09891196834817012,
    "220":0.016485328058028353,
    "221":0.03297065611605671,
    "222":0.016485328058028353,
    "223":0.08242664029014178,
    "224":0.04945598417408506,
    "225":0.0,
    "226":0.0,
    "227":0.04945598417408506,
    "228":0.06594131223211341,
    "229":0.03297065611605671,
    "230":0.03297065611605671,
    "231":0.04945598417408506,
    "232":0.016485328058028353,
    "233":0.03297065611605671,
    "234":0.016485328058028353,
    "235":0.0,
    "236":0.016485328058028353,
    "237":0.04945598417408506,
    "238":0.08242664029014178,
    "239":0.03297065611605671,
    "240":0.04945598417408506,
    "241":0.016485328058028353,
    "242":0.03297065611605671,
    "243":0.03297065611605671,
    "244":0.09891196834817012,
    "245":0.06594131223211341,
    "246":0.03297065611605671,
    "247":0.04945598417408506,
    "248":0.016485328058028353,
    "249":0.04945598417408506,
    "250":0.016485328058028353,
    "251":0.08242664029014178,
    "252":0.04945598417408506,
    "253":0.06594131223211341,
    "254":0.016485328058028353,
    "255":0.04945598417408506,
    "256":0.09891196834817012,
    "257":0.016485328058028353,
    "258":0.016485328058028353,
    "259":0.03297065611605671,
    "260":0.016485328058028353,
    "261":0.03297065611605671,
    "262":0.04945598417408506,
    "263":0.03297065611605671,
    "264":0.016485328058028353,
    "265":0.04945598417408506,
    "266":0.04945598417408506,
    "267":0.016485328058028353,