{
    "0":6.012691147404556,
    "1":5.919067928846354,
    "2":2.5382294809112658,
    "3":1.0298554041402268,
    "4":1.1234786226984292,
    "5":1.3627379590138355,
    "6":1.0506605638198272,
    "7":0.8114012275044211,
    "8":0.8426089670238218,
    "9":1.4147508582128367,
    "10":1.3939456985332361,
    "11":1.7580359929262455,
    "12":2.1013211276396544,
    "13":2.226152085717258,
    "14":2.184541766358057,
    "15":1.9868927494018516,
    "16":1.7996463122854467,
    "17":1.4667637574118382,
    "18":1.497971496931239,
    "19":1.695620513887444,
    "20":1.4875689170914386,
    "21":1.4043482783730366,
    "22":1.1858941017372309,
    "23":0.8738167065432227,
    "24":0.9674399251014252,
    "25":1.1338812025382294,
    "26":1.0090502444606262,
    "27":0.9674399251014252,
    "28":0.8946218662228232,
    "29":1.1026734630188286,
    "30":0.9882450847810257,
    "31":0.9882450847810257,
    "32":1.0090502444606262,
    "33":1.2171018412566317,
    "34":1.0090502444606262,
    "35":1.1650889420576303,
    "36":1.0610631436596276,
    "37":1.0506605638198272,
    "38":1.113076042858629,
    "39":1.113076042858629,
    "40":1.0090502444606262,
    "41":1.1338812025382294,
    "42":1.2379070009362323,
    "43":1.0714657234994278,
    "44":1.0610631436596276,
    "45":0.9778425049412254,
    "46":0.9882450847810257,
    "47":0.9778425049412254,
    "48":0.8322063871840215,
    "49":0.8426089670238218,
    "50":0.7905960678248206,
    "51":0.5513367315094143,
    "52":0.7801934879850203,
    "53":0.7385831686258193,
    "54":0.5097264121502133,
    "55":0.6345573702278164,
    "56":0.7073754291064184,
    "57":0.6345573702278164,
    "58":0.6865702694268178,
    "59":0.6865702694268178,
    "60":0.6449599500676167,
    "61":0.6241547903880162,
    "62":0.7385831686258193,
    "63":0.7489857484656195,
    "64":0.6969728492666181,
    "65":0.728180588786019,
    "66":0.5929470508686154,
    "67":0.7073754291064184,
    "68":0.499323832310413,
    "69":0.4889212524706127,
    "70":0.30167481535420787,
    "71":0.3640902943930095,
    "72":0.37449287423280975,
    "73":0.29127223551440756,
    "74":0.42650577343181106,
    "75":0.37449287423280975,
    "76":0.3536877145532092,
    "77":0.3432851347134089,
    "78":0.38489545407261,
    "79":0.43690835327161137,
    "80":0.30167481535420787,
    "81":0.30167481535420787,
    "82":0.3432851347134089,
    "83":0.3224799750338084,
    "84":0.2600644959950068,
    "85":0.3328825548736087,
    "86":0.29127223551440756,
    "87":0.29127223551440756,
    "88":0.2496619161552065,
    "89":0.2808696556746073,
    "90":0.2496619161552065,
    "91":0.3328825548736087,
    "92":0.19764901695620515,
    "93":0.3432851347134089,
    "94":0.3120773951940081,
    "95":0.3120773951940081,
    "96":0.3328825548736087,
    "97":0.19764901695620515,
    "98":0.16644127743680434,
    "99":0.20805159679600538,
    "100":0.18724643711640487,
    "101":0.16644127743680434,
    "102":0.15603869759700406,
    "103":0.1352335379174035,
    "104":0.09362321855820244,
    "105":0.12483095807760325,
    "106":0.16644127743680434,
    "107":0.08322063871840217,
    "108":0.052012899199001345,
    "109":0.09362321855820244,
    "110":0.11442837823780298,
    "111":0.10402579839800269,
    "112":0.09362321855820244,
    "113":0.15603869759700406,
    "114":0.1352335379174035,
    "115":0.08322063871840217,
    "116":0.12483095807760325,
    "117":0.07281805887860189,
    "118":0.16644127743680434,
    "119":0.09362321855820244,
    "120":0.07281805887860189,
    "121":0.08322063871840217,
    "122":0.12483095807760325,
    "123":0.07281805887860189,
    "124":0.1352335379174035,
    "125":0.08322063871840217,
    "126":0.07281805887860189,
    "127":0.15603869759700406,
    "128":0.11442837823780298,
    "129":0.062415479038801625,
    "130":0.11442837823780298,
    "131":0.1352335379174035,
    "132":0.08322063871840217,
    "133":0.031207739519400812,
    "134":0.010402579839800271,
    "135":0.07281805887860189,
    "136":0.07281805887860189,
    "137":0.12483095807760325,
    "138":0.020805159679600543,
    "139":0.031207739519400812,
    "140":0.07281805887860189,
    "141":0.052012899199001345,
    "142":0.041610319359201085,
    "143":0.07281805887860189,
    "144":0.062415479038801625,
    "145":0.041610319359201085,
    "146":0.041610319359201085,
    "147":0.031207739519400812,
    "148":0.062415479038801625,
    "149":0.020805159679600543,
    "150":0.041610319359201085,
    "151":0.010402579839800271,
    "152":0.062415479038801625,
    "153":0.020805159679600543,
    "154":0.020805159679600543,
    "155":0.052012899199001345,
    "156":0.0,
    "157":0.041610319359201085,
    "158":0.0,
    "159":0.041610319359201085,
    "160":0.09362321855820244,
    "161":0.031207739519400812,
    "162":0.07281805887860189,
    "163":0.010402579839800271,
    "164":0.041610319359201085,
    "165":0.010402579839800271,
    "166":0.052012899199001345,
    "167":0.031207739519400812,
    "168":0.020805159679600543,
    "169":0.062415479038801625,
    "170":0.0,
    "171":0.020805159679600543,
    "172":0.0,
    "173":0.0,
    "174":0.0,
    "175":0.0,
    "176":0.0,
    "177":0.0,
    "178":0.0,
    "179":0.0,
    "180":0.0,
    "181":0.0,
    "182":0.0,
    "183":0.010402579839800271,
    "184":0.0,
    "185":0.0,
    "186":0.0,
    "187":0.0,
    "188":0.010402579839800271,
    "189":0.010402579839800271,
    "190":0.0,
    "191":0.0,
    "192":0.0,
    "193":0.0,
    "194":0.0,
    "195":0.010402579839800271,
    "196":0.0,
    "197":0.010402579839800271,
    "198":0.010402579839800271,
    "199":0.0,
    "200":0.0,
    "201":0.0,
    "202":0.0,
    "203":0.010402579839800271,
    "204":0.0,
    "205":0.0,
    "206":0.0,
    "207":0.0,
    "208":0.010402579839800271,
    "209":0.0,
    "210":0.0,
    "211":0.0,
    "212":0.0,
    "213":0.0,
    "214":0.0,
    "215":0.0,
    "216":0.0,
    "217":0.0,
    "218":0.0,
    "219":0.0,
    "220":0.0,
    "221":0.0,
    "222":0.0,
    "223":0.0,
    "224":0.0,
    "225":0.0,
    "226":0.0,
    "227":0.0,
    "228":0.0,
    "229":0.0,
    "230":0.0,
    "231":0.0,
    "232":0.0,
    "233":0.0,
    "234":0.0,
    "235":0.0,
    "236":0.0,
    "237":0.0,
    "238":0.0,
    "239":0.031207739519400812,
    "240":0.0,
    "241":0.0,
    "242":0.0,
    "243":0.0,
    "244":0.0,
    "245":0.0,
    "246":0.0,
    "247":0.0,
    "248":0.0,
    "249":0.0,
    "250":0.0,
    "251":0.0,
    "252":0.0,
    "253":0.0,
    "254":0.0,
    "255":0.0,
    "256":0.0,
    "257":0.0,
    "258":0.0,
    "259":0.0,
    "260":0.0,
    "261":0.0,
    "262":0.0,
    "263":0.0,
    "264":0.0,
    "265":0.0,
    "266":0.0,
    "267":0.0,
    "268":0.0,
    "269":0.0,
    "270":0.0,
    "271":0.0,
    "272":0.0,
    "273":0.0,
    "274":0.0,
    "275":0.0,
    "276":0.0,
    "277":0.0,
    "278":0.0,
    "279":0.0,
    "280":0.0,
    "281":0.0,
    "282":0.0,
    "283":0.0,
    "284":0.0,
    "285":0.0,
    "286":0.0,
    "287":0.0,
    "288":0.0,
    "289":0.0,
    "290":0.0,
    "291":0.0,
    "292":0.0,
    "293":0.0,
    "294":0.0,
    "295":0.0,
    "296":0.0,
    "297":0.0,
    "298":0.0,
    "299":0.0,
    "300":0.0,
    "301":0.010402579839800271,
    "302":0.0,
    "303":0.0,
    "304":0.0,
    "305":0.0,
    "306":0.0,
    "307":0.0,
    "308":0.0,
    "309":0.0,
    "310":0.0
}