{
    "0":2.46215017586787,
    "1":2.339807309986236,
    "2":1.1775500841107203,
    "3":0.0764642911760208,
    "4":0.19880715705765406,
    "5":0.1529285823520416,
    "6":0.3364428811744915,
    "7":0.672885762348983,
    "8":0.8105214864658203,
    "9":1.7433858388132741,
    "10":2.018657287046949,
    "11":2.1410001529285827,
    "12":1.8963144211653158,
    "13":1.9269001376357242,
    "14":1.9269001376357242,
    "15":1.8963144211653158,
    "16":1.7739715552836826,
    "17":1.6669215476372532,
    "18":1.2998929499923535,
    "19":0.9022786358770454,
    "20":1.1469643676403118,
    "21":1.4375286741091908,
    "22":1.2998929499923535,
    "23":1.1469643676403118,
    "24":1.330478666462762,
    "25":1.4222358158739867,
    "26":1.254014375286741,
    "27":1.1928429423459244,
    "28":1.3610643829331703,
    "29":1.2693072335219453,
    "30":1.1622572258755162,
    "31":1.4069429576387829,
    "32":1.3763572411683744,
    "33":1.2081358005811287,
    "34":1.0246215017586788,
    "35":1.6975072641076616,
    "36":1.3763572411683744,
    "37":1.4681143905795992,
    "38":1.2998929499923535,
    "39":1.3151858082275578,
    "40":1.1622572258755162,
    "41":0.8411072029362288,
    "42":0.9175714941122496,
    "43":1.039914359993883,
    "44":1.0246215017586788,
    "45":1.1622572258755162,
    "46":0.9022786358770454,
    "47":0.8258143447010245,
    "48":0.7799357699954121,
    "49":1.1010857929346993,
    "50":0.7493500535250038,
    "51":1.055207218229087,
    "52":1.4069429576387829,
    "53":1.055207218229087,
    "54":0.6881786205841872,
    "55":0.7493500535250038,
    "56":0.7340571952897996,
    "57":0.5658357547025539,
    "58":0.4893714635265331,
    "59":0.5658357547025539,
    "60":0.32115002293928735,
    "61":0.47407860529132895,
    "62":0.6117143294081664,
    "63":0.6270071876433705,
    "64":0.47407860529132895,
    "65":0.5046643217617373,
    "66":0.4587857470561248,
    "67":0.47407860529132895,
    "68":0.4893714635265331,
    "69":0.5046643217617373,
    "70":0.5658357547025539,
    "71":0.5964214711729622,
    "72":0.5505428964673497,
    "73":0.3670285976448998,
    "74":0.3670285976448998,
    "75":0.5046643217617373,
    "76":0.42820003058571643,
    "77":0.5964214711729622,
    "78":0.5964214711729622,
    "79":0.4587857470561248,
    "80":0.27527144823367483,
    "81":0.38232145588010397,
    "82":0.3058571647040832,
    "83":0.4129071723505123,
    "84":0.32115002293928735,
    "85":0.1529285823520416,
    "86":0.32115002293928735,
    "87":0.1529285823520416,
    "88":0.4129071723505123,
    "89":0.32115002293928735,
    "90":0.24468573176326655,
    "91":0.29056430646887904,
    "92":0.4587857470561248,
    "93":0.3517357394096957,
    "94":0.47407860529132895,
    "95":0.32115002293928735,
    "96":0.25997858999847073,
    "97":0.38232145588010397,
    "98":0.24468573176326655,
    "99":0.24468573176326655,
    "100":0.12234286588163328,
    "101":0.25997858999847073,
    "102":0.1529285823520416,
    "103":0.1529285823520416,
    "104":0.21410001529285821,
    "105":0.1529285823520416,
    "106":0.12234286588163328,
    "107":0.1835142988224499,
    "108":0.0764642911760208,
    "109":0.09175714941122495,
    "110":0.25997858999847073,
    "111":0.1835142988224499,
    "112":0.16822144058724575,
    "113":0.10705000764642911,
    "114":0.045878574705612477,
    "115":0.1835142988224499,
    "116":0.1529285823520416,
    "117":0.21410001529285821,
    "118":0.13763572411683742,
    "119":0.09175714941122495,
    "120":0.19880715705765406,
    "121":0.10705000764642911,
    "122":0.13763572411683742,
    "123":0.09175714941122495,
    "124":0.16822144058724575,
    "125":0.0764642911760208,
    "126":0.10705000764642911,
    "127":0.12234286588163328,
    "128":0.19880715705765406,
    "129":0.0764642911760208,
    "130":0.16822144058724575,
    "131":0.10705000764642911,
    "132":0.09175714941122495,
    "133":0.16822144058724575,
    "134":0.12234286588163328,
    "135":0.13763572411683742,
    "136":0.06117143294081664,
    "137":0.13763572411683742,
    "138":0.2293928735280624,
    "139":0.06117143294081664,
    "140":0.0764642911760208,
    "141":0.09175714941122495,
    "142":0.06117143294081664,
    "143":0.09175714941122495,
    "144":0.03058571647040832,
    "145":0.10705000764642911,
    "146":0.1835142988224499,
    "147":0.06117143294081664,
    "148":0.10705000764642911,
    "149":0.09175714941122495,
    "150":0.13763572411683742,
    "151":0.06117143294081664,
    "152":0.01529285823520416,
    "153":0.2293928735280624,
    "154":0.10705000764642911,
    "155":0.01529285823520416,
    "156":0.03058571647040832,
    "157":0.09175714941122495,
    "158":0.0764642911760208,
    "159":0.06117143294081664,
    "160":0.06117143294081664,
    "161":0.09175714941122495,
    "162":0.10705000764642911,
    "163":0.09175714941122495,
    "164":0.10705000764642911,
    "165":0.10705000764642911,
    "166":0.0764642911760208,
    "167":0.045878574705612477,
    "168":0.03058571647040832,
    "169":0.09175714941122495,
    "170":0.045878574705612477,
    "171":0.03058571647040832,
    "172":0.03058571647040832,
    "173":0.045878574705612477,
    "174":0.045878574705612477,
    "175":0.09175714941122495,
    "176":0.045878574705612477,
    "177":0.0,
    "178":0.03058571647040832,
    "179":0.01529285823520416,
    "180":0.0,
    "181":0.01529285823520416,
    "182":0.01529285823520416,
    "183":0.01529285823520416,
    "184":0.03058571647040832,
    "185":0.01529285823520416,
    "186":0.01529285823520416,
    "187":0.0,
    "188":0.01529285823520416,
    "189":0.06117143294081664,
    "190":0.0764642911760208,
    "191":0.06117143294081664,
    "192":0.03058571647040832,
    "193":0.03058571647040832,
    "194":0.0,
    "195":0.045878574705612477,
    "196":0.0,
    "197":0.01529285823520416,
    "198":0.045878574705612477,
    "199":0.01529285823520416,
    "200":0.01529285823520416,
    "201":0.01529285823520416,
    "202":0.01529285823520416,
    "203":0.01529285823520416,
    "204":0.01529285823520416,
    "205":0.06117143294081664,
    "206":0.045878574705612477,
    "207":0.01529285823520416,
    "208":0.03058571647040832,
    "209":0.03058571647040832,
    "210":0.045878574705612477,
    "211":0.0764642911760208,
    "212":0.03058571647040832,
    "213":0.0,
    "214":0.045878574705612477,
    "215":0.045878574705612477,
    "216":0.03058571647040832,
    "217":0.03058571647040832,
    "218":0.045878574705612477,
    "219":0.09175714941122495,
    "220":0.03058571647040832,
    "221":0.045878574705612477,
    "222":0.045878574705612477,
    "223":0.01529285823520416,
    "224":0.06117143294081664,
    "225":0.03058571647040832,
    "226":0.0,
    "227":0.045878574705612477,
    "228":0.0764642911760208,
    "229":0.03058571647040832,
    "230":0.01529285823520416,
    "231":0.0764642911760208,
    "232":0.03058571647040832,
    "233":0.0,
    "234":0.01529285823520416,
    "235":0.03058571647040832,
    "236":0.06117143294081664,
    "237":0.01529285823520416,
    "238":0.01529285823520416,
    "239":0.045878574705612477,
    "240":0.06117143294081664,
    "241":0.03058571647040832,
    "242":0.01529285823520416,
    "243":0.03058571647040832,
    "244":0.01529285823520416,
    "245":0.045878574705612477,
    "246":0.06117143294081664,
    "247":0.10705000764642911,
    "248":0.01529285823520416,
    "249":0.0,
    "250":0.06117143294081664,
    "251":0.01529285823520416,
    "252":0.045878574705612477,
    "253":0.0,
    "254":0.0,
    "255":0.0,
    "256":0.0,
    "257":0.01529285823520416,
    "258":0.0,
    "259":0.01529285823520416,
    "260":0.0,
    "261":0.0,
    "262":0.045878574705612477,
    "263":0.01529285823520416,
    "264":0.01529285823520416,
    "265":0.01529285823520416,
    "266":0.0,
    "267":0.0,
    "268":0.0,
    "269":0.0,
    "270":0.01529285823520416,
    "271":0.03058571647040832,
    "272":0.0,
    "273":0.0,
    "274":0.0,
    "275":0.0,
    "276":0.0,