{
    "0":3.4180432020330365,
    "1":0.9529860228716646,
    "2":1.4612452350698857,
    "3":0.20330368487928843,
    "4":0.35578144853875476,
    "5":0.5590851334180432,
    "6":0.6353240152477764,
    "7":1.0419313850063534,
    "8":1.0419313850063534,
    "9":1.588310038119441,
    "10":1.6391359593392631,
    "11":1.5628970775095299,
    "12":1.3977128335451081,
    "13":1.6010165184243963,
    "14":1.2198221092757306,
    "15":1.4104193138500636,
    "16":1.8297331639135959,
    "17":0.9021601016518425,
    "18":0.940279542566709,
    "19":1.105463786531131,
    "20":1.4993646759847523,
    "21":1.3595933926302415,
    "22":1.4104193138500636,
    "23":1.2452350698856416,
    "24":1.423125794155019,
    "25":1.5120711562897078,
    "26":1.3595933926302415,
    "27":1.1689961880559085,
    "28":1.2198221092757306,
    "29":1.1562897077509529,
    "30":1.0165184243964422,
    "31":1.3214739517153749,
    "32":1.3977128335451081,
    "33":1.3850063532401524,
    "34":1.5501905972045744,
    "35":1.588310038119441,
    "36":1.5501905972045744,
    "37":1.372299872935197,
    "38":1.3214739517153749,
    "39":1.2198221092757306,
    "40":1.0292249047013977,
    "41":0.9148665819567979,
    "42":0.8513341804320204,
    "43":0.6607369758576874,
    "44":0.7115628970775095,
    "45":0.7878017789072427,
    "46":0.7878017789072427,
    "47":0.9148665819567979,
    "48":0.9275730622617535,
    "49":0.8386277001270648,
    "50":0.8259212198221092,
    "51":0.9148665819567979,
    "52":0.8894536213468869,
    "53":0.8132147395171537,
    "54":0.7623888182973316,
    "55":0.8005082592121981,
    "56":0.9911054637865312,
    "57":1.130876747141042,
    "58":0.7750952986022872,
    "59":0.7878017789072427,
    "60":0.9275730622617535,
    "61":0.8894536213468869,
    "62":0.9656925031766201,
    "63":0.7242693773824651,
    "64":0.7878017789072427,
    "65":0.6607369758576874,
    "66":0.6607369758576874,
    "67":0.5082592121982211,
    "68":0.6099110546378653,
    "69":0.5463786531130878,
    "70":0.44472681067344344,
    "71":0.35578144853875476,
    "72":0.45743329097839897,
    "73":0.35578144853875476,
    "74":0.4320203303684879,
    "75":0.34307496823379924,
    "76":0.5082592121982211,
    "77":0.3684879288437103,
    "78":0.40660736975857686,
    "79":0.3176620076238882,
    "80":0.34307496823379924,
    "81":0.3176620076238882,
    "82":0.39390088945362134,
    "83":0.4701397712833545,
    "84":0.3684879288437103,
    "85":0.2668360864040661,
    "86":0.35578144853875476,
    "87":0.4320203303684879,
    "88":0.2795425667090216,
    "89":0.21601016518424396,
    "90":0.39390088945362134,
    "91":0.22871664548919948,
    "92":0.4701397712833545,
    "93":0.3303684879288437,
    "94":0.2795425667090216,
    "95":0.21601016518424396,
    "96":0.25412960609911056,
    "97":0.3811944091486658,
    "98":0.34307496823379924,
    "99":0.25412960609911056,
    "100":0.16518424396442186,
    "101":0.20330368487928843,
    "102":0.17789072426937738,
    "103":0.25412960609911056,
    "104":0.16518424396442186,
    "105":0.20330368487928843,
    "106":0.12706480304955528,
    "107":0.22871664548919948,
    "108":0.17789072426937738,
    "109":0.1905972045743329,
    "110":0.16518424396442186,
    "111":0.1397712833545108,
    "112":0.21601016518424396,
    "113":0.25412960609911056,
    "114":0.08894536213468869,
    "115":0.22871664548919948,
    "116":0.10165184243964422,
    "117":0.17789072426937738,
    "118":0.15247776365946633,
    "119":0.16518424396442186,
    "120":0.17789072426937738,
    "121":0.08894536213468869,
    "122":0.1397712833545108,
    "123":0.15247776365946633,
    "124":0.1905972045743329,
    "125":0.15247776365946633,
    "126":0.11435832274459974,
    "127":0.16518424396442186,
    "128":0.29224904701397714,
    "129":0.24142312579415504,
    "130":0.17789072426937738,
    "131":0.12706480304955528,
    "132":0.15247776365946633,
    "133":0.10165184243964422,
    "134":0.05082592121982211,
    "135":0.12706480304955528,
    "136":0.1397712833545108,
    "137":0.10165184243964422,
    "138":0.12706480304955528,
    "139":0.08894536213468869,
    "140":0.12706480304955528,
    "141":0.16518424396442186,
    "142":0.1397712833545108,
    "143":0.07623888182973317,
    "144":0.20330368487928843,
    "145":0.17789072426937738,
    "146":0.11435832274459974,
    "147":0.15247776365946633,
    "148":0.07623888182973317,
    "149":0.16518424396442186,
    "150":0.11435832274459974,
    "151":0.06353240152477764,
    "152":0.1397712833545108,
    "153":0.06353240152477764,
    "154":0.08894536213468869,
    "155":0.10165184243964422,
    "156":0.12706480304955528,
    "157":0.10165184243964422,
    "158":0.10165184243964422,
    "159":0.10165184243964422,
    "160":0.06353240152477764,
    "161":0.12706480304955528,
    "162":0.12706480304955528,
    "163":0.1397712833545108,
    "164":0.08894536213468869,
    "165":0.12706480304955528,
    "166":0.03811944091486658,
    "167":0.012706480304955527,
    "168":0.03811944091486658,
    "169":0.06353240152477764,
    "170":0.08894536213468869,
    "171":0.07623888182973317,
    "172":0.08894536213468869,
    "173":0.07623888182973317,
    "174":0.08894536213468869,
    "175":0.05082592121982211,
    "176":0.03811944091486658,
    "177":0.06353240152477764,
    "178":0.03811944091486658,
    "179":0.06353240152477764,
    "180":0.12706480304955528,
    "181":0.03811944091486658,
    "182":0.012706480304955527,
    "183":0.06353240152477764,
    "184":0.10165184243964422,
    "185":0.05082592121982211,
    "186":0.03811944091486658,
    "187":0.06353240152477764,
    "188":0.025412960609911054,
    "189":0.025412960609911054,
    "190":0.025412960609911054,
    "191":0.025412960609911054,
    "192":0.06353240152477764,
    "193":0.012706480304955527,
    "194":0.025412960609911054,
    "195":0.03811944091486658,
    "196":0.03811944091486658,
    "197":0.06353240152477764,
    "198":0.03811944091486658,
    "199":0.025412960609911054,
    "200":0.0,
    "201":0.025412960609911054,
    "202":0.012706480304955527,
    "203":0.0,
    "204":0.05082592121982211,
    "205":0.025412960609911054,
    "206":0.06353240152477764,
    "207":0.012706480304955527,
    "208":0.012706480304955527,
    "209":0.03811944091486658,
    "210":0.0,
    "211":0.012706480304955527,
    "212":0.06353240152477764,
    "213":0.0,
    "214":0.012706480304955527,
    "215":0.0,
    "216":0.03811944091486658,
    "217":0.012706480304955527,
    "218":0.0,
    "219":0.025412960609911054,
    "220":0.025412960609911054,
    "221":0.012706480304955527,
    "222":0.025412960609911054,
    "223":0.0,
    "224":0.012706480304955527,
    "225":0.0,
    "226":0.0,
    "227":0.025412960609911054,
    "228":0.025412960609911054,
    "229":0.0,
    "230":0.0,
    "231":0.012706480304955527,
    "232":0.012706480304955527,
    "233":0.012706480304955527,
    "234":0.0,
    "235":0.025412960609911054,
    "236":0.0,
    "237":0.0,
    "238":0.06353240152477764,
    "239":0.012706480304955527,
    "240":0.025412960609911054,
    "241":0.025412960609911054,
    "242":0.012706480304955527,
    "243":0.012706480304955527,
    "244":0.012706480304955527,
    "245":0.06353240152477764,
    "246":0.012706480304955527,
    "247":0.05082592121982211,
    "248":0.03811944091486658,
    "249":0.03811944091486658,
    "250":0.025412960609911054,
    "251":0.03811944091486658,
    "252":0.012706480304955527,
    "253":0.0,
    "254":0.0,
    "255":0.0,
    "256":0.025412960609911054,
    "257":0.0,
    "258":0.0,
    "259":0.0,
    "260":0.012706480304955527,
    "261":0.0,
    "262":0.03811944091486658,
    "263":0.012706480304955527,
    "264":0.012706480304955527,
    "265":0.0,
    "266":0.025412960609911054,
    "267":0.012706480304955527,
    "268":0.012706480304955527,
    "269":0.03811944091486658,
    "270":0.0,
    "271":0.012706480304955527,
    "272":0.0,
    "273":0.0,
    "274":0.0,
    "275":0.0,
    "276":0.012706480304955527,