{
    "0":2.4701608718214842,
    "1":1.183186299948106,
    "2":0.7472755578619616,
    "3":0.2698495070057083,
    "4":0.9548521017125065,
    "5":1.0378827192527245,
    "6":1.4218993253762324,
    "7":1.2143227815256876,
    "8":1.1728074727555786,
    "9":1.2247016087182148,
    "10":1.3700051894135963,
    "11":1.1624286455630513,
    "12":1.3388687078360144,
    "13":1.6294758692267775,
    "14":1.650233523611832,
    "15":1.837052413077322,
    "16":2.2314478463933574,
    "17":1.9304618578100674,
    "18":1.909704203425013,
    "19":1.8889465490399584,
    "20":1.9927348209652311,
    "21":1.8889465490399584,
    "22":2.14841722885314,
    "23":1.8266735858847951,
    "24":1.702127659574468,
    "25":1.7747794499221587,
    "26":1.5983393876491958,
    "27":1.8474312402698496,
    "28":1.7332641411520497,
    "29":1.4218993253762324,
    "30":1.3907628437986508,
    "31":1.2869745718733783,
    "32":1.484172288531396,
    "33":1.442656979761287,
    "34":1.5983393876491958,
    "35":1.6190970420342503,
    "36":1.5464452516865594,
    "37":1.442656979761287,
    "38":1.4115204981837053,
    "39":1.401141670991178,
    "40":1.266216917488324,
    "41":1.3284898806434873,
    "42":1.1312921639854696,
    "43":1.027503892060197,
    "44":1.027503892060197,
    "45":1.1935651271406331,
    "46":0.9237156201349248,
    "47":0.8925791385573429,
    "48":0.9444732745199792,
    "49":0.8199273482096523,
    "50":0.9444732745199792,
    "51":0.8718214841722886,
    "52":0.8406850025947068,
    "53":0.768033212247016,
    "54":0.9963674104826156,
    "55":0.7368967306694343,
    "56":0.7991696938245979,
    "57":0.5708354955889984,
    "58":0.7057602490918526,
    "59":0.6019719771665801,
    "60":0.7265179034769071,
    "61":0.7784120394395433,
    "62":0.4981837052413078,
    "63":0.508562532433835,
    "64":0.5189413596263622,
    "65":0.2490918526206539,
    "66":0.4566683964711988,
    "67":0.3528801245459263,
    "68":0.4566683964711988,
    "69":0.34250129735339907,
    "70":0.32174364296834457,
    "71":0.2698495070057083,
    "72":0.4151530877010898,
    "73":0.3632589517384536,
    "74":0.3528801245459263,
    "75":0.21795537104307214,
    "76":0.30098598858329007,
    "77":0.2075765438505449,
    "78":0.2490918526206539,
    "79":0.1868188894654904,
    "80":0.2283341982355994,
    "81":0.2075765438505449,
    "82":0.2490918526206539,
    "83":0.2387130254281266,
    "84":0.1660612350804359,
    "85":0.1660612350804359,
    "86":0.13492475350285416,
    "87":0.1453035806953814,
    "88":0.2698495070057083,
    "89":0.2490918526206539,
    "90":0.1868188894654904,
    "91":0.30098598858329007,
    "92":0.2906071613907628,
    "93":0.2906071613907628,
    "94":0.1453035806953814,
    "95":0.19719771665801766,
    "96":0.15568240788790866,
    "97":0.17644006227296316,
    "98":0.12454592631032695,
    "99":0.1660612350804359,
    "100":0.1660612350804359,
    "101":0.1660612350804359,
    "102":0.15568240788790866,
    "103":0.1141670991177997,
    "104":0.1868188894654904,
    "105":0.21795537104307214,
    "106":0.1453035806953814,
    "107":0.17644006227296316,
    "108":0.15568240788790866,
    "109":0.17644006227296316,
    "110":0.13492475350285416,
    "111":0.12454592631032695,
    "112":0.1453035806953814,
    "113":0.15568240788790866,
    "114":0.2075765438505449,
    "115":0.2075765438505449,
    "116":0.10378827192527244,
    "117":0.1453035806953814,
    "118":0.1453035806953814,
    "119":0.1868188894654904,
    "120":0.19719771665801766,
    "121":0.2387130254281266,
    "122":0.1141670991177997,
    "123":0.0934094447327452,
    "124":0.0726517903476907,
    "125":0.1660612350804359,
    "126":0.10378827192527244,
    "127":0.10378827192527244,
    "128":0.0934094447327452,
    "129":0.1141670991177997,
    "130":0.12454592631032695,
    "131":0.0726517903476907,
    "132":0.12454592631032695,
    "133":0.12454592631032695,
    "134":0.1141670991177997,
    "135":0.0934094447327452,
    "136":0.06227296315516347,
    "137":0.1141670991177997,
    "138":0.10378827192527244,
    "139":0.13492475350285416,
    "140":0.0934094447327452,
    "141":0.05189413596263622,
    "142":0.06227296315516347,
    "143":0.05189413596263622,
    "144":0.12454592631032695,
    "145":0.0726517903476907,
    "146":0.13492475350285416,
    "147":0.12454592631032695,
    "148":0.10378827192527244,
    "149":0.17644006227296316,
    "150":0.04151530877010898,
    "151":0.06227296315516347,
    "152":0.04151530877010898,
    "153":0.10378827192527244,
    "154":0.06227296315516347,
    "155":0.0726517903476907,
    "156":0.08303061754021795,
    "157":0.05189413596263622,
    "158":0.1141670991177997,
    "159":0.02075765438505449,
    "160":0.08303061754021795,
    "161":0.05189413596263622,
    "162":0.13492475350285416,
    "163":0.0726517903476907,
    "164":0.0726517903476907,
    "165":0.0726517903476907,
    "166":0.05189413596263622,
    "167":0.06227296315516347,
    "168":0.0726517903476907,
    "169":0.031136481577581736,
    "170":0.010378827192527244,
    "171":0.04151530877010898,
    "172":0.02075765438505449,
    "173":0.04151530877010898,
    "174":0.02075765438505449,
    "175":0.02075765438505449,
    "176":0.0726517903476907,
    "177":0.010378827192527244,
    "178":0.010378827192527244,
    "179":0.0,
    "180":0.010378827192527244,
    "181":0.04151530877010898,
    "182":0.031136481577581736,
    "183":0.010378827192527244,
    "184":0.0,
    "185":0.010378827192527244,
    "186":0.0,
    "187":0.0,
    "188":0.010378827192527244,
    "189":0.031136481577581736,
    "190":0.0,
    "191":0.02075765438505449,
    "192":0.02075765438505449,
    "193":0.010378827192527244,
    "194":0.010378827192527244,
    "195":0.010378827192527244,
    "196":0.0,
    "197":0.010378827192527244,
    "198":0.010378827192527244,
    "199":0.0,
    "200":0.0,
    "201":0.0,
    "202":0.010378827192527244,
    "203":0.0,
    "204":0.0,
    "205":0.010378827192527244,
    "206":0.010378827192527244,
    "207":0.02075765438505449,
    "208":0.010378827192527244,
    "209":0.0,
    "210":0.0,
    "211":0.0,
    "212":0.0,
    "213":0.0,
    "214":0.0,
    "215":0.0,
    "216":0.0,
    "217":0.0,
    "218":0.0,
    "219":0.0,
    "220":0.0,
    "221":0.0,
    "222":0.0,
    "223":0.0,
    "224":0.0,
    "225":0.0,
    "226":0.0,
    "227":0.0,
    "228":0.0,
    "229":0.0,
    "230":0.0,
    "231":0.0,
    "232":0.0,
    "233":0.0,
    "234":0.0,
    "235":0.0,
    "236":0.0,
    "237":0.0,
    "238":0.0,
    "239":0.0,
    "240":0.0,
    "241":0.0,
    "242":0.0,
    "243":0.0,
    "244":0.0,
    "245":0.0,
    "246":0.0,
    "247":0.0,
    "248":0.0,
    "249":0.0,
    "250":0.0,
    "251":0.0,
    "252":0.0,
    "253":0.0,
    "254":0.0,
    "255":0.0,
    "256":0.0,
    "257":0.0,
    "258":0.0,
    "259":0.0,
    "260":0.0,
    "261":0.0,
    "262":0.010378827192527244,
    "263":0.0,
    "264":0.0,
    "265":0.0,
    "266":0.0,
    "267":0.0,
    "268":0.0,
    "269":0.0,
    "270":0.0,
    "271":0.0,
    "272":0.0,
    "273":0.0,
    "274":0.0,
    "275":0.0,
    "276":0.0,
    "277":0.0,
    "278":0.0,
    "279":0.0,
    "280":0.0,
    "281":0.0,
    "282":0.0,
    "283":0.0,
    "284":0.0,
    "285":0.0,
    "286":0.0,
    "287":0.0,
    "288":0.0,
    "289":0.0,
    "290":0.0,
    "291":0.0,
    "292":0.0,
    "293":0.0,
    "294":0.0,
    "295":0.0,
    "296":0.0,
    "297":0.0,
    "298":0.0,
    "299":0.0,
    "300":0.0,
    "301":0.0,
    "302":0.0,
    "303":0.0,
    "304":0.0,
    "305":0.0,
    "306":0.0,
    "307":0.0,
    "308":0.0,
    "309":0.0,
    "310":0.0,
    "311":0.0,
    "312":0.0,
    "313":0.0,
    "314":0.0,
    "315":0.0,
    "316":0.0,
    "317":0.0,
    "318":0.0,
    "319":0.0,
    "320":0.0,
    "321":0.0,
    "322":0.0,
    "323":0.0,
    "324":0.0,
    "325":0.0,
    "326":0.0,
    "327":0.0,
    "328":0.0,
    "329":0.0,
    "330":0.0,
    "331":0.0,
    "332":0.0,
    "333":0.0,
    "334":0.0,
    "335":0.0,