{
    "0":4.817204301075269,
    "1":1.4623655913978495,
    "2":3.010752688172043,
    "3":2.2150537634408605,
    "4":2.3548387096774195,
    "5":1.817204301075269,
    "6":1.3763440860215055,
    "7":1.6881720430107525,
    "8":1.817204301075269,
    "9":1.9784946236559142,
    "10":2.118279569892473,
    "11":1.6774193548387095,
    "12":1.5591397849462365,
    "13":1.1935483870967742,
    "14":1.4516129032258065,
    "15":1.1827956989247312,
    "16":1.2473118279569892,
    "17":1.6236559139784945,
    "18":1.4946236559139785,
    "19":1.4301075268817205,
    "20":1.4516129032258065,
    "21":1.129032258064516,
    "22":1.4086021505376345,
    "23":1.5053763440860215,
    "24":1.6021505376344085,
    "25":1.7096774193548387,
    "26":1.4193548387096775,
    "27":1.2795698924731183,
    "28":1.4301075268817205,
    "29":1.3118279569892473,
    "30":1.2365591397849462,
    "31":1.2795698924731183,
    "32":1.4086021505376345,
    "33":1.5268817204301075,
    "34":1.2580645161290323,
    "35":0.967741935483871,
    "36":0.8924731182795699,
    "37":0.935483870967742,
    "38":0.967741935483871,
    "39":1.043010752688172,
    "40":0.9569892473118279,
    "41":1.086021505376344,
    "42":0.8387096774193548,
    "43":0.935483870967742,
    "44":1.0,
    "45":0.8279569892473119,
    "46":0.7419354838709677,
    "47":0.8602150537634409,
    "48":0.903225806451613,
    "49":0.9892473118279571,
    "50":0.8172043010752689,
    "51":0.9569892473118279,
    "52":0.7741935483870968,
    "53":1.021505376344086,
    "54":0.935483870967742,
    "55":0.5376344086021506,
    "56":0.8279569892473119,
    "57":0.7204301075268817,
    "58":0.7096774193548387,
    "59":0.6881720430107527,
    "60":0.5913978494623656,
    "61":0.6021505376344086,
    "62":0.6989247311827957,
    "63":0.4838709677419355,
    "64":0.5376344086021506,
    "65":0.46236559139784944,
    "66":0.5483870967741935,
    "67":0.49462365591397855,
    "68":0.4838709677419355,
    "69":0.4193548387096774,
    "70":0.34408602150537637,
    "71":0.4731182795698925,
    "72":0.5268817204301075,
    "73":0.3655913978494624,
    "74":0.3763440860215054,
    "75":0.44086021505376344,
    "76":0.4516129032258065,
    "77":0.40860215053763443,
    "78":0.33333333333333337,
    "79":0.3655913978494624,
    "80":0.3870967741935484,
    "81":0.3763440860215054,
    "82":0.2903225806451613,
    "83":0.3548387096774194,
    "84":0.4193548387096774,
    "85":0.21505376344086022,
    "86":0.13978494623655913,
    "87":0.24731182795698928,
    "88":0.3225806451612903,
    "89":0.3225806451612903,
    "90":0.23655913978494625,
    "91":0.3225806451612903,
    "92":0.16129032258064516,
    "93":0.20430107526881722,
    "94":0.1935483870967742,
    "95":0.17204301075268819,
    "96":0.13978494623655913,
    "97":0.13978494623655913,
    "98":0.13978494623655913,
    "99":0.17204301075268819,
    "100":0.0967741935483871,
    "101":0.043010752688172046,
    "102":0.07526881720430108,
    "103":0.06451612903225806,
    "104":0.03225806451612903,
    "105":0.07526881720430108,
    "106":0.06451612903225806,
    "107":0.06451612903225806,
    "108":0.06451612903225806,
    "109":0.08602150537634409,
    "110":0.06451612903225806,
    "111":0.11827956989247312,
    "112":0.043010752688172046,
    "113":0.053763440860215055,
    "114":0.0967741935483871,
    "115":0.10752688172043011,
    "116":0.07526881720430108,
    "117":0.053763440860215055,
    "118":0.043010752688172046,
    "119":0.08602150537634409,
    "120":0.0967741935483871,
    "121":0.06451612903225806,
    "122":0.06451612903225806,
    "123":0.11827956989247312,
    "124":0.03225806451612903,
    "125":0.043010752688172046,
    "126":0.03225806451612903,
    "127":0.043010752688172046,
    "128":0.08602150537634409,
    "129":0.06451612903225806,
    "130":0.07526881720430108,
    "131":0.03225806451612903,
    "132":0.06451612903225806,
    "133":0.053763440860215055,
    "134":0.08602150537634409,
    "135":0.03225806451612903,
    "136":0.08602150537634409,
    "137":0.021505376344086023,
    "138":0.06451612903225806,
    "139":0.021505376344086023,
    "140":0.0967741935483871,
    "141":0.053763440860215055,
    "142":0.053763440860215055,
    "143":0.043010752688172046,
    "144":0.08602150537634409,
    "145":0.053763440860215055,
    "146":0.043010752688172046,
    "147":0.043010752688172046,
    "148":0.053763440860215055,
    "149":0.053763440860215055,
    "150":0.03225806451612903,
    "151":0.03225806451612903,
    "152":0.021505376344086023,
    "153":0.043010752688172046,
    "154":0.021505376344086023,
    "155":0.03225806451612903,
    "156":0.010752688172043012,
    "157":0.021505376344086023,
    "158":0.043010752688172046,
    "159":0.021505376344086023,
    "160":0.053763440860215055,
    "161":0.053763440860215055,
    "162":0.043010752688172046,
    "163":0.043010752688172046,
    "164":0.043010752688172046,
    "165":0.010752688172043012,
    "166":0.043010752688172046,
    "167":0.021505376344086023,
    "168":0.053763440860215055,
    "169":0.053763440860215055,
    "170":0.043010752688172046,
    "171":0.010752688172043012,
    "172":0.010752688172043012,
    "173":0.043010752688172046,
    "174":0.010752688172043012,
    "175":0.043010752688172046,
    "176":0.0,
    "177":0.03225806451612903,
    "178":0.0,
    "179":0.043010752688172046,
    "180":0.03225806451612903,
    "181":0.043010752688172046,
    "182":0.0,
    "183":0.010752688172043012,
    "184":0.021505376344086023,
    "185":0.043010752688172046,
    "186":0.010752688172043012,
    "187":0.03225806451612903,
    "188":0.021505376344086023,
    "189":0.0,
    "190":0.010752688172043012,
    "191":0.010752688172043012,
    "192":0.010752688172043012,
    "193":0.010752688172043012,
    "194":0.010752688172043012,
    "195":0.010752688172043012,
    "196":0.0,
    "197":0.021505376344086023,
    "198":0.010752688172043012,
    "199":0.021505376344086023,
    "200":0.0,
    "201":0.010752688172043012,
    "202":0.010752688172043012,
    "203":0.010752688172043012,
    "204":0.010752688172043012,
    "205":0.0,
    "206":0.0,
    "207":0.021505376344086023,
    "208":0.0,
    "209":0.021505376344086023,
    "210":0.010752688172043012,
    "211":0.043010752688172046,
    "212":0.010752688172043012,
    "213":0.03225806451612903,
    "214":0.010752688172043012,
    "215":0.021505376344086023,
    "216":0.06451612903225806,
    "217":0.053763440860215055,
    "218":0.010752688172043012,
    "219":0.0,
    "220":0.010752688172043012,
    "221":0.010752688172043012,
    "222":0.010752688172043012,
    "223":0.0,
    "224":0.010752688172043012,
    "225":0.021505376344086023,
    "226":0.0,
    "227":0.010752688172043012,
    "228":0.010752688172043012,
    "229":0.021505376344086023,
    "230":0.010752688172043012,
    "231":0.010752688172043012,
    "232":0.0,
    "233":0.021505376344086023,
    "234":0.03225806451612903,
    "235":0.010752688172043012,
    "236":0.010752688172043012,
    "237":0.043010752688172046,
    "238":0.0,
    "239":0.010752688172043012,
    "240":0.010752688172043012,
    "241":0.021505376344086023,
    "242":0.0,
    "243":0.0,
    "244":0.0,
    "245":0.010752688172043012,
    "246":0.0,
    "247":0.0,
    "248":0.0,
    "249":0.0,
    "250":0.021505376344086023,
    "251":0.010752688172043012,
    "252":0.0,
    "253":0.0,
    "254":0.0,
    "255":0.0,
    "256":0.0,
    "257":0.0,
    "258":0.010752688172043012,
    "259":0.0,
    "260":0.0,
    "261":0.0,
    "262":0.0,
    "263":0.0,
    "264":0.0,
    "265":0.010752688172043012,
    "266":0.0,
    "267":0.0,
    "268":0.0,
    "269":0.0,
    "270":0.0,
    "271":0.0,
    "272":0.0,
    "273":0.0,
    "274":0.0,
    "275":0.0,
    "276":0.0,
    "277":0.0,
    "278":0.0,
    "279":0.0,
    "280":0.043010752688172046,
    "281":0.0,
    "282":0.0,
    "283":0.010752688172043012,
    "284":0.0,
    "285":0.0,
    "286":0.0,
    "287":0.0,
    "288":0.0,
    "289":0.010752688172043012,