{
    "0":5.162241887905605,
    "1":1.696165191740413,
    "2":2.6548672566371683,
    "3":1.1946902654867257,
    "4":0.943952802359882,
    "5":1.5634218289085546,
    "6":1.6814159292035398,
    "7":1.7699115044247788,
    "8":1.519174041297935,
    "9":1.887905604719764,
    "10":0.8997050147492626,
    "11":0.8112094395280236,
    "12":1.1799410029498525,
    "13":1.0324483775811208,
    "14":0.8112094395280236,
    "15":1.3421828908554572,
    "16":1.607669616519174,
    "17":1.3421828908554572,
    "18":1.4011799410029497,
    "19":1.2094395280235988,
    "20":1.3274336283185841,
    "21":1.3126843657817109,
    "22":1.2831858407079646,
    "23":1.4011799410029497,
    "24":1.3421828908554572,
    "25":1.2684365781710913,
    "26":1.3864306784660767,
    "27":1.3569321533923304,
    "28":1.710914454277286,
    "29":1.7994100294985251,
    "30":1.415929203539823,
    "31":1.2684365781710913,
    "32":1.1504424778761062,
    "33":1.3569321533923304,
    "34":0.943952802359882,
    "35":1.0914454277286136,
    "36":1.1061946902654867,
    "37":1.1061946902654867,
    "38":1.1061946902654867,
    "39":0.8259587020648967,
    "40":1.1061946902654867,
    "41":0.9587020648967551,
    "42":0.9882005899705014,
    "43":1.0324483775811208,
    "44":0.7227138643067846,
    "45":0.9734513274336283,
    "46":0.8997050147492626,
    "47":0.7227138643067846,
    "48":0.5752212389380531,
    "49":0.7374631268436578,
    "50":0.6932153392330384,
    "51":0.6194690265486725,
    "52":0.6047197640117994,
    "53":0.7669616519174041,
    "54":0.6932153392330384,
    "55":0.5014749262536873,
    "56":0.4424778761061947,
    "57":0.3392330383480826,
    "58":0.41297935103244837,
    "59":0.39823008849557523,
    "60":0.3687315634218289,
    "61":0.41297935103244837,
    "62":0.3392330383480826,
    "63":0.4424778761061947,
    "64":0.6489675516224189,
    "65":0.20648967551622419,
    "66":0.25073746312684364,
    "67":0.25073746312684364,
    "68":0.3687315634218289,
    "69":0.25073746312684364,
    "70":0.14749262536873156,
    "71":0.35398230088495575,
    "72":0.2949852507374631,
    "73":0.41297935103244837,
    "74":0.471976401179941,
    "75":0.38348082595870203,
    "76":0.30973451327433627,
    "77":0.4424778761061947,
    "78":0.2949852507374631,
    "79":0.41297935103244837,
    "80":0.39823008849557523,
    "81":0.3687315634218289,
    "82":0.30973451327433627,
    "83":0.3392330383480826,
    "84":0.41297935103244837,
    "85":0.3392330383480826,
    "86":0.3687315634218289,
    "87":0.41297935103244837,
    "88":0.32448377581120946,
    "89":0.471976401179941,
    "90":0.2359882005899705,
    "91":0.2949852507374631,
    "92":0.3687315634218289,
    "93":0.22123893805309736,
    "94":0.16224188790560473,
    "95":0.41297935103244837,
    "96":0.25073746312684364,
    "97":0.2654867256637168,
    "98":0.2654867256637168,
    "99":0.22123893805309736,
    "100":0.3392330383480826,
    "101":0.35398230088495575,
    "102":0.3392330383480826,
    "103":0.19174041297935102,
    "104":0.22123893805309736,
    "105":0.3392330383480826,
    "106":0.28023598820059,
    "107":0.28023598820059,
    "108":0.28023598820059,
    "109":0.2654867256637168,
    "110":0.28023598820059,
    "111":0.17699115044247787,
    "112":0.3687315634218289,
    "113":0.20648967551622419,
    "114":0.32448377581120946,
    "115":0.2359882005899705,
    "116":0.19174041297935102,
    "117":0.20648967551622419,
    "118":0.22123893805309736,
    "119":0.2949852507374631,
    "120":0.2654867256637168,
    "121":0.19174041297935102,
    "122":0.2949852507374631,
    "123":0.30973451327433627,
    "124":0.17699115044247787,
    "125":0.19174041297935102,
    "126":0.14749262536873156,
    "127":0.2949852507374631,
    "128":0.1327433628318584,
    "129":0.19174041297935102,
    "130":0.16224188790560473,
    "131":0.25073746312684364,
    "132":0.16224188790560473,
    "133":0.14749262536873156,
    "134":0.14749262536873156,
    "135":0.14749262536873156,
    "136":0.28023598820059,
    "137":0.2949852507374631,
    "138":0.17699115044247787,
    "139":0.16224188790560473,
    "140":0.25073746312684364,
    "141":0.19174041297935102,
    "142":0.20648967551622419,
    "143":0.10324483775811209,
    "144":0.11799410029498525,
    "145":0.10324483775811209,
    "146":0.029498525073746312,
    "147":0.029498525073746312,
    "148":0.08849557522123894,
    "149":0.1327433628318584,
    "150":0.08849557522123894,
    "151":0.08849557522123894,
    "152":0.014749262536873156,
    "153":0.07374631268436578,
    "154":0.11799410029498525,
    "155":0.029498525073746312,
    "156":0.029498525073746312,
    "157":0.058997050147492625,
    "158":0.07374631268436578,
    "159":0.10324483775811209,
    "160":0.11799410029498525,
    "161":0.07374631268436578,
    "162":0.07374631268436578,
    "163":0.11799410029498525,
    "164":0.10324483775811209,
    "165":0.029498525073746312,
    "166":0.029498525073746312,
    "167":0.029498525073746312,
    "168":0.058997050147492625,
    "169":0.058997050147492625,
    "170":0.1327433628318584,
    "171":0.10324483775811209,
    "172":0.029498525073746312,
    "173":0.04424778761061947,
    "174":0.029498525073746312,
    "175":0.058997050147492625,
    "176":0.04424778761061947,
    "177":0.08849557522123894,
    "178":0.058997050147492625,
    "179":0.08849557522123894,
    "180":0.04424778761061947,
    "181":0.014749262536873156,
    "182":0.014749262536873156,
    "183":0.058997050147492625,
    "184":0.058997050147492625,
    "185":0.04424778761061947,
    "186":0.058997050147492625,
    "187":0.0,
    "188":0.04424778761061947,
    "189":0.014749262536873156,
    "190":0.029498525073746312,
    "191":0.014749262536873156,
    "192":0.029498525073746312,
    "193":0.07374631268436578,
    "194":0.08849557522123894,
    "195":0.058997050147492625,
    "196":0.029498525073746312,
    "197":0.058997050147492625,
    "198":0.07374631268436578,
    "199":0.04424778761061947,
    "200":0.04424778761061947,
    "201":0.08849557522123894,
    "202":0.058997050147492625,
    "203":0.07374631268436578,
    "204":0.029498525073746312,
    "205":0.029498525073746312,
    "206":0.029498525073746312,
    "207":0.08849557522123894,
    "208":0.014749262536873156,
    "209":0.029498525073746312,
    "210":0.029498525073746312,
    "211":0.0,
    "212":0.04424778761061947,
    "213":0.04424778761061947,
    "214":0.0,
    "215":0.04424778761061947,
    "216":0.029498525073746312,
    "217":0.058997050147492625,
    "218":0.10324483775811209,
    "219":0.04424778761061947,
    "220":0.029498525073746312,
    "221":0.029498525073746312,
    "222":0.029498525073746312,
    "223":0.014749262536873156,
    "224":0.014749262536873156,
    "225":0.014749262536873156,
    "226":0.014749262536873156,
    "227":0.058997050147492625,
    "228":0.029498525073746312,
    "229":0.029498525073746312,
    "230":0.04424778761061947,
    "231":0.0,
    "232":0.0,
    "233":0.014749262536873156,
    "234":0.0,
    "235":0.014749262536873156,
    "236":0.0,
    "237":0.0,
    "238":0.0,
    "239":0.058997050147492625,
    "240":0.0,
    "241":0.058997050147492625,
    "242":0.0,
    "243":0.0,
    "244":0.0,
    "245":0.0,
    "246":0.0,
    "247":0.0,
    "248":0.0,
    "249":0.0,
    "250":0.0
}