{
    "0":2.3735955056179776,
    "1":2.205056179775281,
    "2":1.8258426966292134,
    "3":0.7865168539325843,
    "4":1.0112359550561798,
    "5":0.9410112359550561,
    "6":0.5898876404494382,
    "7":0.8707865168539325,
    "8":0.9691011235955057,
    "9":1.1095505617977528,
    "10":1.348314606741573,
    "11":1.5730337078651686,
    "12":1.7977528089887642,
    "13":2.0365168539325844,
    "14":1.8679775280898876,
    "15":1.75561797752809,
    "16":1.7134831460674158,
    "17":1.4606741573033708,
    "18":1.7837078651685392,
    "19":1.4185393258426966,
    "20":1.8258426966292134,
    "21":1.7837078651685392,
    "22":1.292134831460674,
    "23":1.348314606741573,
    "24":1.1376404494382022,
    "25":0.9971910112359551,
    "26":0.8005617977528089,
    "27":1.193820224719101,
    "28":0.9269662921348315,
    "29":0.9831460674157303,
    "30":0.9550561797752809,
    "31":0.9129213483146067,
    "32":0.8005617977528089,
    "33":0.9129213483146067,
    "34":1.0112359550561798,
    "35":1.193820224719101,
    "36":1.095505617977528,
    "37":0.9129213483146067,
    "38":0.8567415730337079,
    "39":0.7162921348314606,
    "40":0.9129213483146067,
    "41":0.44943820224719105,
    "42":0.7162921348314606,
    "43":0.7443820224719101,
    "44":0.5196629213483146,
    "45":0.5758426966292135,
    "46":0.47752808988764045,
    "47":0.46348314606741575,
    "48":0.43539325842696625,
    "49":0.5758426966292135,
    "50":0.547752808988764,
    "51":0.7724719101123595,
    "52":0.7443820224719101,
    "53":0.7724719101123595,
    "54":0.5898876404494382,
    "55":0.5617977528089888,
    "56":0.547752808988764,
    "57":0.646067415730337,
    "58":0.5898876404494382,
    "59":0.8848314606741573,
    "60":0.7584269662921348,
    "61":0.7865168539325843,
    "62":0.7724719101123595,
    "63":0.6741573033707865,
    "64":0.9550561797752809,
    "65":0.7724719101123595,
    "66":0.646067415730337,
    "67":0.5196629213483146,
    "68":0.8146067415730337,
    "69":0.6882022471910112,
    "70":0.42134831460674155,
    "71":0.5337078651685393,
    "72":0.6179775280898876,
    "73":0.646067415730337,
    "74":0.5898876404494382,
    "75":0.7162921348314606,
    "76":0.49157303370786515,
    "77":0.47752808988764045,
    "78":0.6039325842696629,
    "79":0.44943820224719105,
    "80":0.6741573033707865,
    "81":0.646067415730337,
    "82":0.43539325842696625,
    "83":0.5898876404494382,
    "84":0.547752808988764,
    "85":0.49157303370786515,
    "86":0.49157303370786515,
    "87":0.5898876404494382,
    "88":0.6741573033707865,
    "89":0.5758426966292135,
    "90":0.5196629213483146,
    "91":0.6882022471910112,
    "92":0.7303370786516854,
    "93":0.7303370786516854,
    "94":0.6179775280898876,
    "95":0.42134831460674155,
    "96":0.46348314606741575,
    "97":0.5196629213483146,
    "98":0.47752808988764045,
    "99":0.5196629213483146,
    "100":0.3089887640449438,
    "101":0.39325842696629215,
    "102":0.3230337078651685,
    "103":0.49157303370786515,
    "104":0.40730337078651685,
    "105":0.23876404494382023,
    "106":0.3792134831460674,
    "107":0.2808988764044944,
    "108":0.2949438202247191,
    "109":0.33707865168539325,
    "110":0.43539325842696625,
    "111":0.33707865168539325,
    "112":0.26685393258426965,
    "113":0.35112359550561795,
    "114":0.18258426966292135,
    "115":0.12640449438202248,
    "116":0.1544943820224719,
    "117":0.26685393258426965,
    "118":0.1544943820224719,
    "119":0.1544943820224719,
    "120":0.1404494382022472,
    "121":0.1404494382022472,
    "122":0.19662921348314608,
    "123":0.12640449438202248,
    "124":0.11235955056179776,
    "125":0.11235955056179776,
    "126":0.1544943820224719,
    "127":0.11235955056179776,
    "128":0.1544943820224719,
    "129":0.12640449438202248,
    "130":0.08426966292134831,
    "131":0.11235955056179776,
    "132":0.11235955056179776,
    "133":0.1404494382022472,
    "134":0.11235955056179776,
    "135":0.08426966292134831,
    "136":0.16853932584269662,
    "137":0.1404494382022472,
    "138":0.08426966292134831,
    "139":0.1404494382022472,
    "140":0.1544943820224719,
    "141":0.05617977528089888,
    "142":0.08426966292134831,
    "143":0.08426966292134831,
    "144":0.0702247191011236,
    "145":0.09831460674157304,
    "146":0.02808988764044944,
    "147":0.1544943820224719,
    "148":0.12640449438202248,
    "149":0.1404494382022472,
    "150":0.0702247191011236,
    "151":0.05617977528089888,
    "152":0.08426966292134831,
    "153":0.042134831460674156,
    "154":0.1544943820224719,
    "155":0.042134831460674156,
    "156":0.05617977528089888,
    "157":0.08426966292134831,
    "158":0.12640449438202248,
    "159":0.08426966292134831,
    "160":0.12640449438202248,
    "161":0.05617977528089888,
    "162":0.11235955056179776,
    "163":0.0702247191011236,
    "164":0.1404494382022472,
    "165":0.0,
    "166":0.02808988764044944,
    "167":0.08426966292134831,
    "168":0.05617977528089888,
    "169":0.08426966292134831,
    "170":0.0702247191011236,
    "171":0.042134831460674156,
    "172":0.08426966292134831,
    "173":0.01404494382022472,
    "174":0.0702247191011236,
    "175":0.042134831460674156,
    "176":0.042134831460674156,
    "177":0.01404494382022472,
    "178":0.042134831460674156,
    "179":0.01404494382022472,
    "180":0.01404494382022472,
    "181":0.0,
    "182":0.0,
    "183":0.01404494382022472,
    "184":0.02808988764044944,
    "185":0.0,
    "186":0.042134831460674156,
    "187":0.01404494382022472,
    "188":0.01404494382022472,
    "189":0.0,
    "190":0.0,
    "191":0.01404494382022472,
    "192":0.0,
    "193":0.01404494382022472,
    "194":0.01404494382022472,
    "195":0.01404494382022472,
    "196":0.05617977528089888,
    "197":0.01404494382022472,
    "198":0.01404494382022472,
    "199":0.0,
    "200":0.01404494382022472,
    "201":0.042134831460674156,
    "202":0.01404494382022472,
    "203":0.0,
    "204":0.0,
    "205":0.01404494382022472,
    "206":0.0,
    "207":0.01404494382022472,
    "208":0.0,
    "209":0.0,
    "210":0.02808988764044944,
    "211":0.0,
    "212":0.0,
    "213":0.02808988764044944,
    "214":0.0,
    "215":0.02808988764044944,
    "216":0.01404494382022472,
    "217":0.01404494382022472,
    "218":0.01404494382022472,
    "219":0.0,
    "220":0.01404494382022472,
    "221":0.01404494382022472,
    "222":0.0,
    "223":0.0,
    "224":0.02808988764044944,
    "225":0.01404494382022472,
    "226":0.01404494382022472,
    "227":0.0,
    "228":0.02808988764044944,
    "229":0.0,
    "230":0.0,
    "231":0.0,
    "232":0.0,
    "233":0.0,
    "234":0.0,
    "235":0.0,
    "236":0.0,
    "237":0.0
}