{
    "0":2.689331472789547,
    "1":0.8118736521628821,
    "2":1.3827223138399087,
    "3":1.0655841684637828,
    "4":0.380565774451351,
    "5":0.21565393885576556,
    "6":0.5074210326018014,
    "7":0.8753012812381074,
    "8":0.5454776100469364,
    "9":0.6723328681973868,
    "10":0.7230749714575669,
    "11":0.45667892934162124,
    "12":0.5962197133071165,
    "13":0.6342762907522517,
    "14":0.35519472282126097,
    "15":0.35519472282126097,
    "16":0.6215907649372067,
    "17":0.5074210326018014,
    "18":0.5201065584168464,
    "19":0.6723328681973868,
    "20":0.735760497272612,
    "21":0.7738170747177471,
    "22":0.7103894456425219,
    "23":0.748446023087657,
    "24":0.8753012812381074,
    "25":0.7991881263478371,
    "26":1.0909552200938728,
    "27":0.8499302296080172,
    "28":1.103640745908918,
    "29":1.2431815298744133,
    "30":1.0909552200938728,
    "31":1.1163262717239628,
    "32":1.103640745908918,
    "33":1.2051249524292782,
    "34":1.2558670556894584,
    "35":1.3700367880248636,
    "36":1.3446657363947736,
    "37":1.534948623620449,
    "38":1.154382849169098,
    "39":1.2304960040593682,
    "40":1.2178104782443233,
    "41":1.2051249524292782,
    "42":1.154382849169098,
    "43":1.3700367880248636,
    "44":1.3700367880248636,
    "45":1.141697323354053,
    "46":1.0148420652036028,
    "47":1.2812381073195485,
    "48":1.0021565393885576,
    "49":1.078269694278828,
    "50":1.167068374984143,
    "51":0.9767854877584676,
    "52":1.2178104782443233,
    "53":0.9894710135735125,
    "54":1.078269694278828,
    "55":1.192439426614233,
    "56":0.9387289103133325,
    "57":1.0655841684637828,
    "58":0.8626157554230622,
    "59":0.9006723328681974,
    "60":0.8499302296080172,
    "61":0.8753012812381074,
    "62":0.735760497272612,
    "63":0.9514144361283776,
    "64":0.7738170747177471,
    "65":0.8499302296080172,
    "66":0.8499302296080172,
    "67":0.9006723328681974,
    "68":0.8753012812381074,
    "69":0.6089052391221617,
    "70":0.6977039198274768,
    "71":0.4313078777115311,
    "72":0.7865026005327921,
    "73":0.761131548902702,
    "74":0.8753012812381074,
    "75":0.6977039198274768,
    "76":0.761131548902702,
    "77":0.6850183940124318,
    "78":0.5327920842318914,
    "79":0.5962197133071165,
    "80":0.7230749714575669,
    "81":0.5581631358619814,
    "82":0.7991881263478371,
    "83":0.5962197133071165,
    "84":0.761131548902702,
    "85":0.45667892934162124,
    "86":0.4186223518964861,
    "87":0.49473550678675626,
    "88":0.5074210326018014,
    "89":0.39325130026639604,
    "90":0.380565774451351,
    "91":0.40593682608144105,
    "92":0.39325130026639604,
    "93":0.40593682608144105,
    "94":0.30445261956108083,
    "95":0.40593682608144105,
    "96":0.3298236711911709,
    "97":0.40593682608144105,
    "98":0.46936445515666625,
    "99":0.39325130026639604,
    "100":0.367880248636306,
    "101":0.3298236711911709,
    "102":0.48204998097171126,
    "103":0.30445261956108083,
    "104":0.4313078777115311,
    "105":0.44399340352657624,
    "106":0.48204998097171126,
    "107":0.49473550678675626,
    "108":0.20296841304072052,
    "109":0.4186223518964861,
    "110":0.3425091970062159,
    "111":0.2790815679309907,
    "112":0.3298236711911709,
    "113":0.3298236711911709,
    "114":0.380565774451351,
    "115":0.367880248636306,
    "116":0.2537105163009007,
    "117":0.2663960421159457,
    "118":0.16491183559558545,
    "119":0.20296841304072052,
    "120":0.30445261956108083,
    "121":0.30445261956108083,
    "122":0.2537105163009007,
    "123":0.2790815679309907,
    "124":0.12685525815045035,
    "125":0.2663960421159457,
    "126":0.2537105163009007,
    "127":0.21565393885576556,
    "128":0.367880248636306,
    "129":0.2663960421159457,
    "130":0.22833946467081062,
    "131":0.13954078396549535,
    "132":0.06342762907522517,
    "133":0.10148420652036026,
    "134":0.07611315489027021,
    "135":0.08879868070531524,
    "136":0.22833946467081062,
    "137":0.16491183559558545,
    "138":0.17759736141063048,
    "139":0.1902828872256755,
    "140":0.08879868070531524,
    "141":0.16491183559558545,
    "142":0.08879868070531524,
    "143":0.12685525815045035,
    "144":0.21565393885576556,
    "145":0.08879868070531524,
    "146":0.10148420652036026,
    "147":0.15222630978054041,
    "148":0.12685525815045035,
    "149":0.13954078396549535,
    "150":0.06342762907522517,
    "151":0.11416973233540531,
    "152":0.038056577445135104,
    "153":0.11416973233540531,
    "154":0.10148420652036026,
    "155":0.12685525815045035,
    "156":0.13954078396549535,
    "157":0.15222630978054041,
    "158":0.06342762907522517,
    "159":0.13954078396549535,
    "160":0.16491183559558545,
    "161":0.06342762907522517,
    "162":0.13954078396549535,
    "163":0.07611315489027021,
    "164":0.07611315489027021,
    "165":0.11416973233540531,
    "166":0.08879868070531524,
    "167":0.10148420652036026,
    "168":0.12685525815045035,
    "169":0.07611315489027021,
    "170":0.07611315489027021,
    "171":0.07611315489027021,
    "172":0.10148420652036026,
    "173":0.11416973233540531,
    "174":0.05074210326018013,
    "175":0.11416973233540531,
    "176":0.15222630978054041,
    "177":0.10148420652036026,
    "178":0.07611315489027021,
    "179":0.11416973233540531,
    "180":0.0,
    "181":0.038056577445135104,
    "182":0.06342762907522517,
    "183":0.05074210326018013,
    "184":0.025371051630090066,
    "185":0.06342762907522517,
    "186":0.012685525815045033,
    "187":0.038056577445135104,
    "188":0.038056577445135104,
    "189":0.038056577445135104,
    "190":0.012685525815045033,
    "191":0.06342762907522517,
    "192":0.012685525815045033,
    "193":0.05074210326018013,
    "194":0.07611315489027021,
    "195":0.025371051630090066,
    "196":0.07611315489027021,
    "197":0.012685525815045033,
    "198":0.05074210326018013,
    "199":0.038056577445135104,
    "200":0.025371051630090066,
    "201":0.012685525815045033,
    "202":0.05074210326018013,
    "203":0.05074210326018013,
    "204":0.012685525815045033,
    "205":0.025371051630090066,
    "206":0.012685525815045033,
    "207":0.012685525815045033,
    "208":0.06342762907522517,
    "209":0.0,
    "210":0.05074210326018013,
    "211":0.0,
    "212":0.012685525815045033,
    "213":0.0,
    "214":0.0,
    "215":0.0,
    "216":0.0,
    "217":0.012685525815045033,
    "218":0.0,
    "219":0.0,
    "220":0.0,
    "221":0.0,
    "222":0.0,
    "223":0.012685525815045033,
    "224":0.0,
    "225":0.0,
    "226":0.0,
    "227":0.0,
    "228":0.025371051630090066,
    "229":0.0,
    "230":0.0,
    "231":0.0,
    "232":0.0,
    "233":0.012685525815045033,
    "234":0.0,
    "235":0.0,
    "236":0.038056577445135104,
    "237":0.038056577445135104,
    "238":0.0,
    "239":0.0,
    "240":0.0,
    "241":0.0,
    "242":0.012685525815045033,
    "243":0.0,
    "244":0.012685525815045033,
    "245":0.0,
    "246":0.0,
    "247":0.0,
    "248":0.0,
    "249":0.0,
    "250":0.0,
    "251":0.012685525815045033,
    "252":0.025371051630090066,
    "253":0.0,
    "254":0.012685525815045033,
    "255":0.0,
    "256":0.0,
    "257":0.0,
    "258":0.0,
    "259":0.0,
    "260":0.0,
    "261":0.012685525815045033,
    "262":0.0,
    "263":0.0,
    "264":0.0,
    "265":0.0,
    "266":0.0,
    "267":0.0,
    "268":0.012685525815045033,
    "269":0.0,
    "270":0.0,
    "271":0.0,
    "272":0.0,
    "273":0.012685525815045033,
    "274":0.0,
    "275":0.0,
    "276":0.012685525815045033,
    "277":0.05074210326018013,
    "278":0.0,
    "279":0.0,
    "280":0.0,
    "281":0.012685525815045033,
    "282":0.012685525815045033,
    "283":0.0,
    "284":0.0,
    "285":0.0,
    "286":0.0,
    "287":0.0,
    "288":0.0,
    "289":0.012685525815045033,
    "290":0.012685525815045033,
    "291":0.0,
    "292":0.0,
    "293":0.0,
    "294":0.0,
    "295":0.0,
    "296":0.0,
    "297":0.0,
    "298":0.0,
    "299":0.012685525815045033,