{
    "0":3.5046975614905524,
    "1":0.6861606671592948,
    "2":1.414546606143777,
    "3":2.6074105352053203,
    "4":3.0085506175446004,
    "5":1.351208698405996,
    "6":1.6151166473134173,
    "7":1.5834476934445265,
    "8":1.7312361448326823,
    "9":1.8156866884830571,
    "10":1.963475139871213,
    "11":1.5728913754882297,
    "12":1.4251029241000739,
    "13":1.2456455188430275,
    "14":1.2034202470178401,
    "15":1.2562018367993244,
    "16":1.287870790668215,
    "17":1.1400823392800592,
    "18":1.3089834265808085,
    "19":1.351208698405996,
    "20":1.4778845138815582,
    "21":1.2350892008867307,
    "22":1.5623350575319328,
    "23":1.351208698405996,
    "24":1.013406523804497,
    "25":1.213976564974137,
    "26":1.0450754776733875,
    "27":1.2984271086245118,
    "28":1.2350892008867307,
    "29":1.087300749498575,
    "30":1.1189697033674653,
    "31":1.1717512931489495,
    "32":0.9922938878919032,
    "33":1.0028502058482003,
    "34":0.8339491185474507,
    "35":0.8550617544600443,
    "36":0.9183996621978253,
    "37":0.9395122981104191,
    "38":1.0028502058482003,
    "39":0.7494985748970758,
    "40":0.7178296210281854,
    "41":0.812836482634857,
    "42":0.8867307083289349,
    "43":0.8972870262852317,
    "44":0.8761743903726381,
    "45":0.675604349202998,
    "46":0.7494985748970758,
    "47":1.0028502058482003,
    "48":0.7389422569407791,
    "49":1.0239628417607938,
    "50":0.8972870262852317,
    "51":1.076744431542278,
    "52":1.013406523804497,
    "53":0.8339491185474507,
    "54":0.6333790773778106,
    "55":0.5489285337274359,
    "56":0.7178296210281854,
    "57":0.5172595798585453,
    "58":0.7494985748970758,
    "59":0.7600548928533728,
    "60":0.6650480312467012,
    "61":0.7178296210281854,
    "62":0.8233928005911538,
    "63":0.6544917132904042,
    "64":0.8339491185474507,
    "65":0.5911538055526232,
    "66":0.6544917132904042,
    "67":0.7389422569407791,
    "68":0.6228227594215138,
    "69":0.6967169851155917,
    "70":0.5172595798585453,
    "71":0.5489285337274359,
    "72":0.4539216721207643,
    "73":0.4644779900770611,
    "74":0.4855906259896548,
    "75":0.4855906259896548,
    "76":0.3905837643829832,
    "77":0.4644779900770611,
    "78":0.44336535416446743,
    "79":0.44336535416446743,
    "80":0.4222527182518737,
    "81":0.4961469439459516,
    "82":0.5172595798585453,
    "83":0.3905837643829832,
    "84":0.43280903620817057,
    "85":0.5067032619022485,
    "86":0.3800274464266864,
    "87":0.5489285337274359,
    "88":0.3166895386889053,
    "89":0.34835849255779583,
    "90":0.2639079489074211,
    "91":0.23223899503853054,
    "92":0.30613322073260846,
    "93":0.30613322073260846,
    "94":0.30613322073260846,
    "95":0.2639079489074211,
    "96":0.1689010873007495,
    "97":0.21112635912593686,
    "98":0.30613322073260846,
    "99":0.22168267708223371,
    "100":0.20057004116964,
    "101":0.20057004116964,
    "102":0.22168267708223371,
    "103":0.2639079489074211,
    "104":0.1900137232133432,
    "105":0.23223899503853054,
    "106":0.3589148105140927,
    "107":0.2955769027763116,
    "108":0.1900137232133432,
    "109":0.17945740525704634,
    "110":0.1477884513881558,
    "111":0.1900137232133432,
    "112":0.12667581547556211,
    "113":0.21112635912593686,
    "114":0.2639079489074211,
    "115":0.1477884513881558,
    "116":0.20057004116964,
    "117":0.1477884513881558,
    "118":0.21112635912593686,
    "119":0.17945740525704634,
    "120":0.1477884513881558,
    "121":0.15834476934445266,
    "122":0.15834476934445266,
    "123":0.0950068616066716,
    "124":0.11611949751926527,
    "125":0.1689010873007495,
    "126":0.11611949751926527,
    "127":0.1477884513881558,
    "128":0.12667581547556211,
    "129":0.052781589781484214,
    "130":0.0950068616066716,
    "131":0.10556317956296843,
    "132":0.0738942256940779,
    "133":0.08445054365037474,
    "134":0.04222527182518737,
    "135":0.08445054365037474,
    "136":0.0950068616066716,
    "137":0.052781589781484214,
    "138":0.06333790773778106,
    "139":0.0738942256940779,
    "140":0.052781589781484214,
    "141":0.08445054365037474,
    "142":0.0738942256940779,
    "143":0.10556317956296843,
    "144":0.021112635912593686,
    "145":0.08445054365037474,
    "146":0.052781589781484214,
    "147":0.06333790773778106,
    "148":0.04222527182518737,
    "149":0.0738942256940779,
    "150":0.11611949751926527,
    "151":0.10556317956296843,
    "152":0.08445054365037474,
    "153":0.04222527182518737,
    "154":0.11611949751926527,
    "155":0.0950068616066716,
    "156":0.12667581547556211,
    "157":0.052781589781484214,
    "158":0.04222527182518737,
    "159":0.04222527182518737,
    "160":0.052781589781484214,
    "161":0.04222527182518737,
    "162":0.04222527182518737,
    "163":0.04222527182518737,
    "164":0.0950068616066716,
    "165":0.010556317956296843,
    "166":0.021112635912593686,
    "167":0.04222527182518737,
    "168":0.021112635912593686,
    "169":0.021112635912593686,
    "170":0.08445054365037474,
    "171":0.03166895386889053,
    "172":0.03166895386889053,
    "173":0.03166895386889053,
    "174":0.0738942256940779,
    "175":0.04222527182518737,
    "176":0.06333790773778106,
    "177":0.04222527182518737,
    "178":0.021112635912593686,
    "179":0.04222527182518737,
    "180":0.0738942256940779,
    "181":0.04222527182518737,
    "182":0.04222527182518737,
    "183":0.03166895386889053,
    "184":0.03166895386889053,
    "185":0.010556317956296843,
    "186":0.03166895386889053,
    "187":0.03166895386889053,
    "188":0.010556317956296843,
    "189":0.010556317956296843,
    "190":0.0,
    "191":0.010556317956296843,
    "192":0.03166895386889053,
    "193":0.021112635912593686,
    "194":0.021112635912593686,
    "195":0.021112635912593686,
    "196":0.04222527182518737,
    "197":0.010556317956296843,
    "198":0.03166895386889053,
    "199":0.010556317956296843,
    "200":0.04222527182518737,
    "201":0.0,
    "202":0.0,
    "203":0.0,
    "204":0.010556317956296843,
    "205":0.03166895386889053,
    "206":0.0,
    "207":0.010556317956296843,
    "208":0.03166895386889053,
    "209":0.0,
    "210":0.0,
    "211":0.010556317956296843,
    "212":0.021112635912593686,
    "213":0.0,
    "214":0.0,
    "215":0.021112635912593686,
    "216":0.0,
    "217":0.03166895386889053,
    "218":0.0,
    "219":0.010556317956296843,
    "220":0.021112635912593686,
    "221":0.0,
    "222":0.010556317956296843,
    "223":0.010556317956296843,
    "224":0.010556317956296843,
    "225":0.0,
    "226":0.0,
    "227":0.010556317956296843,
    "228":0.010556317956296843,
    "229":0.0,
    "230":0.010556317956296843,
    "231":0.021112635912593686,
    "232":0.010556317956296843,
    "233":0.0,
    "234":0.021112635912593686,
    "235":0.010556317956296843,
    "236":0.021112635912593686,
    "237":0.0,
    "238":0.03166895386889053,
    "239":0.021112635912593686,
    "240":0.010556317956296843,
    "241":0.0,
    "242":0.0,
    "243":0.03166895386889053,
    "244":0.0,
    "245":0.0,
    "246":0.021112635912593686,
    "247":0.021112635912593686,
    "248":0.0,
    "249":0.010556317956296843,
    "250":0.010556317956296843,
    "251":0.021112635912593686,
    "252":0.0,
    "253":0.0,
    "254":0.0,
    "255":0.010556317956296843,
    "256":0.010556317956296843,
    "257":0.0,
    "258":0.010556317956296843,
    "259":0.03166895386889053,
    "260":0.010556317956296843,
    "261":0.0,
    "262":0.010556317956296843,
    "263":0.03166895386889053,
    "264":0.0,
    "265":0.010556317956296843,
    "266":0.0,
    "267":0.0,
    "268":0.0,
    "269":0.010556317956296843,
    "270":0.021112635912593686,
    "271":0.010556317956296843,
    "272":0.0,
    "273":0.010556317956296843,
    "274":0.021112635912593686,
    "275":0.0,
    "276":0.021112635912593686,
    "277":0.0738942256940779,
    "278":0.010556317956296843,
    "279":0.021112635912593686,
    "280":0.010556317956296843,