{
    "0":9.594207271081611,
    "1":1.508523155830442,
    "2":1.040880977523005,
    "3":0.3017046311660884,
    "4":0.46764217830743704,
    "5":0.754261577915221,
    "6":1.3124151455724846,
    "7":1.1615628299894403,
    "8":1.0559662090813093,
    "9":1.0107105144063961,
    "10":1.146477598431136,
    "11":0.6637501885653945,
    "12":0.42238648363252373,
    "13":0.4073012520742193,
    "14":0.573238799215568,
    "15":0.6034092623321768,
    "16":0.64866495700709,
    "17":0.9654548197314828,
    "18":0.8447729672650475,
    "19":0.829687735706743,
    "20":1.040880977523005,
    "21":1.116307135314527,
    "22":1.1313923668728316,
    "23":1.0710514406396139,
    "24":0.9352843566148741,
    "25":1.040880977523005,
    "26":1.2520742193392669,
    "27":1.116307135314527,
    "28":1.0861366721979182,
    "29":0.9503695881731784,
    "30":0.8749434303816565,
    "31":1.0861366721979182,
    "32":0.8447729672650475,
    "33":1.0559662090813093,
    "34":1.0861366721979182,
    "35":0.7240911147986122,
    "36":0.829687735706743,
    "37":0.6788354201236989,
    "38":0.9352843566148741,
    "39":0.754261577915221,
    "40":0.7391763463569165,
    "41":0.8598581988233519,
    "42":0.7240911147986122,
    "43":0.8146025041484386,
    "44":0.5581535676572635,
    "45":0.7240911147986122,
    "46":0.7090058832403078,
    "47":0.754261577915221,
    "48":0.3620455573993061,
    "49":0.4978126414240458,
    "50":0.46764217830743704,
    "51":0.573238799215568,
    "52":0.4978126414240458,
    "53":0.5430683360989591,
    "54":0.3771307889576105,
    "55":0.6335797254487857,
    "56":0.6034092623321768,
    "57":0.4827274098657414,
    "58":0.6034092623321768,
    "59":0.6034092623321768,
    "60":0.46764217830743704,
    "61":0.5279831045406547,
    "62":0.5430683360989591,
    "63":0.4978126414240458,
    "64":0.5279831045406547,
    "65":0.6034092623321768,
    "66":0.6184944938904812,
    "67":0.6034092623321768,
    "68":0.4978126414240458,
    "69":0.6335797254487857,
    "70":0.5883240307738724,
    "71":0.5279831045406547,
    "72":0.4374717151908282,
    "73":0.6034092623321768,
    "74":0.5883240307738724,
    "75":0.6184944938904812,
    "76":0.573238799215568,
    "77":0.5883240307738724,
    "78":0.6184944938904812,
    "79":0.6335797254487857,
    "80":0.6034092623321768,
    "81":0.7240911147986122,
    "82":0.5279831045406547,
    "83":0.3922160205159149,
    "84":0.6788354201236989,
    "85":0.6034092623321768,
    "86":0.5430683360989591,
    "87":0.4827274098657414,
    "88":0.4827274098657414,
    "89":0.573238799215568,
    "90":0.64866495700709,
    "91":0.4073012520742193,
    "92":0.3922160205159149,
    "93":0.4073012520742193,
    "94":0.4525569467491326,
    "95":0.3771307889576105,
    "96":0.4374717151908282,
    "97":0.3771307889576105,
    "98":0.5430683360989591,
    "99":0.46764217830743704,
    "100":0.4374717151908282,
    "101":0.5430683360989591,
    "102":0.3469603258410016,
    "103":0.3620455573993061,
    "104":0.3771307889576105,
    "105":0.2262784733745663,
    "106":0.27153416804947955,
    "107":0.21119324181626187,
    "108":0.2413637049328707,
    "109":0.2564489364911752,
    "110":0.2262784733745663,
    "111":0.18102277869965305,
    "112":0.33187509428269724,
    "113":0.3620455573993061,
    "114":0.27153416804947955,
    "115":0.3469603258410016,
    "116":0.286619399607784,
    "117":0.2262784733745663,
    "118":0.27153416804947955,
    "119":0.09051138934982653,
    "120":0.2262784733745663,
    "121":0.31678986272439286,
    "122":0.27153416804947955,
    "123":0.1508523155830442,
    "124":0.286619399607784,
    "125":0.2564489364911752,
    "126":0.4073012520742193,
    "127":0.1508523155830442,
    "128":0.2413637049328707,
    "129":0.21119324181626187,
    "130":0.1508523155830442,
    "131":0.2564489364911752,
    "132":0.18102277869965305,
    "133":0.2262784733745663,
    "134":0.1508523155830442,
    "135":0.16593754714134862,
    "136":0.1508523155830442,
    "137":0.16593754714134862,
    "138":0.2564489364911752,
    "139":0.2564489364911752,
    "140":0.1508523155830442,
    "141":0.21119324181626187,
    "142":0.18102277869965305,
    "143":0.09051138934982653,
    "144":0.18102277869965305,
    "145":0.12068185246643535,
    "146":0.21119324181626187,
    "147":0.13576708402473978,
    "148":0.2564489364911752,
    "149":0.2564489364911752,
    "150":0.13576708402473978,
    "151":0.19610801025795746,
    "152":0.18102277869965305,
    "153":0.06034092623321768,
    "154":0.09051138934982653,
    "155":0.16593754714134862,
    "156":0.09051138934982653,
    "157":0.10559662090813093,
    "158":0.06034092623321768,
    "159":0.09051138934982653,
    "160":0.03017046311660884,
    "161":0.13576708402473978,
    "162":0.0754261577915221,
    "163":0.03017046311660884,
    "164":0.09051138934982653,
    "165":0.13576708402473978,
    "166":0.0754261577915221,
    "167":0.13576708402473978,
    "168":0.0754261577915221,
    "169":0.04525569467491326,
    "170":0.0754261577915221,
    "171":0.06034092623321768,
    "172":0.09051138934982653,
    "173":0.16593754714134862,
    "174":0.0754261577915221,
    "175":0.01508523155830442,
    "176":0.0754261577915221,
    "177":0.04525569467491326,
    "178":0.10559662090813093,
    "179":0.04525569467491326,
    "180":0.0754261577915221,
    "181":0.09051138934982653,
    "182":0.09051138934982653,
    "183":0.09051138934982653,
    "184":0.06034092623321768,
    "185":0.0754261577915221,
    "186":0.10559662090813093,
    "187":0.06034092623321768,
    "188":0.06034092623321768,
    "189":0.0754261577915221,
    "190":0.10559662090813093,
    "191":0.09051138934982653,
    "192":0.03017046311660884,
    "193":0.03017046311660884,
    "194":0.01508523155830442,
    "195":0.09051138934982653,
    "196":0.09051138934982653,
    "197":0.06034092623321768,
    "198":0.03017046311660884,
    "199":0.04525569467491326,
    "200":0.06034092623321768,
    "201":0.13576708402473978,
    "202":0.01508523155830442,
    "203":0.04525569467491326,
    "204":0.03017046311660884,
    "205":0.06034092623321768,
    "206":0.10559662090813093,
    "207":0.04525569467491326,
    "208":0.04525569467491326,
    "209":0.0754261577915221,
    "210":0.0754261577915221,
    "211":0.0,
    "212":0.0,
    "213":0.0754261577915221,
    "214":0.01508523155830442,
    "215":0.01508523155830442,
    "216":0.04525569467491326,
    "217":0.03017046311660884,
    "218":0.0754261577915221,
    "219":0.01508523155830442,
    "220":0.06034092623321768,
    "221":0.03017046311660884,
    "222":0.04525569467491326,
    "223":0.09051138934982653,
    "224":0.03017046311660884,
    "225":0.01508523155830442,
    "226":0.04525569467491326,
    "227":0.09051138934982653,
    "228":0.06034092623321768,
    "229":0.03017046311660884,
    "230":0.04525569467491326,
    "231":0.09051138934982653,
    "232":0.04525569467491326,
    "233":0.06034092623321768,
    "234":0.03017046311660884,
    "235":0.06034092623321768,
    "236":0.09051138934982653,
    "237":0.01508523155830442,
    "238":0.04525569467491326,
    "239":0.04525569467491326,
    "240":0.03017046311660884,
    "241":0.03017046311660884,
    "242":0.06034092623321768,
    "243":0.06034092623321768,
    "244":0.04525569467491326,
    "245":0.09051138934982653,
    "246":0.04525569467491326,
    "247":0.06034092623321768,
    "248":0.03017046311660884,
    "249":0.01508523155830442,
    "250":0.13576708402473978,
    "251":0.03017046311660884,
    "252":0.06034092623321768,
    "253":0.0,
    "254":0.04525569467491326,
    "255":0.06034092623321768,
    "256":0.03017046311660884,
    "257":0.10559662090813093,
    "258":0.06034092623321768,
    "259":0.06034092623321768,
    "260":0.09051138934982653,
    "261":0.03017046311660884,
    "262":0.10559662090813093,
    "263":0.03017046311660884,
    "264":0.0,
    "265":0.01508523155830442,
    "266":0.01508523155830442,
    "267":0.01508523155830442,