{
    "0":2.8672680412371134,
    "1":2.8243127147766325,
    "2":0.09664948453608248,
    "3":2.4806701030927836,
    "4":3.7800687285223367,
    "5":3.2001718213058417,
    "6":1.1275773195876289,
    "7":0.7195017182130584,
    "8":1.0416666666666665,
    "9":1.5893470790378006,
    "10":1.7074742268041236,
    "11":1.5893470790378006,
    "12":1.3101374570446735,
    "13":1.5786082474226804,
    "14":1.804123711340206,
    "15":1.6967353951890034,
    "16":1.610824742268041,
    "17":1.4819587628865978,
    "18":1.4067869415807561,
    "19":1.449742268041237,
    "20":1.1168384879725086,
    "21":1.3101374570446735,
    "22":1.1168384879725086,
    "23":1.17053264604811,
    "24":1.2779209621993126,
    "25":1.2349656357388317,
    "26":1.4819587628865978,
    "27":1.2993986254295533,
    "28":1.0631443298969072,
    "29":1.1812714776632303,
    "30":1.1060996563573884,
    "31":1.1275773195876289,
    "32":1.2349656357388317,
    "33":0.9557560137457045,
    "34":0.977233676975945,
    "35":1.0631443298969072,
    "36":1.17053264604811,
    "37":0.7624570446735395,
    "38":1.1060996563573884,
    "39":0.902061855670103,
    "40":0.8805841924398625,
    "41":0.8805841924398625,
    "42":0.859106529209622,
    "43":0.8376288659793815,
    "44":1.0846219931271477,
    "45":0.8805841924398625,
    "46":0.9557560137457045,
    "47":0.7731958762886598,
    "48":0.9128006872852235,
    "49":0.977233676975945,
    "50":0.816151202749141,
    "51":0.6335910652920962,
    "52":0.6121134020618557,
    "53":0.5906357388316151,
    "54":0.6443298969072164,
    "55":0.7195017182130584,
    "56":0.8054123711340205,
    "57":0.6013745704467355,
    "58":0.8054123711340205,
    "59":0.6121134020618557,
    "60":0.4510309278350515,
    "61":0.5369415807560137,
    "62":0.4939862542955326,
    "63":0.3436426116838488,
    "64":0.39733676975945015,
    "65":0.5047250859106529,
    "66":0.4725085910652921,
    "67":0.429553264604811,
    "68":0.3543814432989691,
    "69":0.39733676975945015,
    "70":0.4725085910652921,
    "71":0.3865979381443299,
    "72":0.28994845360824745,
    "73":0.4725085910652921,
    "74":0.3436426116838488,
    "75":0.3543814432989691,
    "76":0.4832474226804124,
    "77":0.4832474226804124,
    "78":0.44029209621993126,
    "79":0.3651202749140893,
    "80":0.22551546391752575,
    "81":0.41881443298969073,
    "82":0.3221649484536082,
    "83":0.4510309278350515,
    "84":0.3329037800687285,
    "85":0.3651202749140893,
    "86":0.3543814432989691,
    "87":0.27920962199312716,
    "88":0.2469931271477663,
    "89":0.30068728522336774,
    "90":0.3329037800687285,
    "91":0.3221649484536082,
    "92":0.2147766323024055,
    "93":0.311426116838488,
    "94":0.25773195876288657,
    "95":0.25773195876288657,
    "96":0.19329896907216496,
    "97":0.2469931271477663,
    "98":0.23625429553264604,
    "99":0.25773195876288657,
    "100":0.19329896907216496,
    "101":0.15034364261168387,
    "102":0.09664948453608248,
    "103":0.18256013745704466,
    "104":0.19329896907216496,
    "105":0.26847079037800686,
    "106":0.23625429553264604,
    "107":0.2469931271477663,
    "108":0.20403780068728525,
    "109":0.19329896907216496,
    "110":0.23625429553264604,
    "111":0.15034364261168387,
    "112":0.2469931271477663,
    "113":0.15034364261168387,
    "114":0.15034364261168387,
    "115":0.07517182130584193,
    "116":0.12886597938144329,
    "117":0.1718213058419244,
    "118":0.2469931271477663,
    "119":0.13960481099656358,
    "120":0.13960481099656358,
    "121":0.1718213058419244,
    "122":0.19329896907216496,
    "123":0.10738831615120276,
    "124":0.1610824742268041,
    "125":0.11812714776632302,
    "126":0.13960481099656358,
    "127":0.0859106529209622,
    "128":0.13960481099656358,
    "129":0.12886597938144329,
    "130":0.12886597938144329,
    "131":0.11812714776632302,
    "132":0.09664948453608248,
    "133":0.11812714776632302,
    "134":0.07517182130584193,
    "135":0.1610824742268041,
    "136":0.1718213058419244,
    "137":0.11812714776632302,
    "138":0.1718213058419244,
    "139":0.10738831615120276,
    "140":0.10738831615120276,
    "141":0.12886597938144329,
    "142":0.0859106529209622,
    "143":0.1610824742268041,
    "144":0.11812714776632302,
    "145":0.05369415807560138,
    "146":0.11812714776632302,
    "147":0.15034364261168387,
    "148":0.11812714776632302,
    "149":0.15034364261168387,
    "150":0.15034364261168387,
    "151":0.0859106529209622,
    "152":0.0429553264604811,
    "153":0.06443298969072164,
    "154":0.0859106529209622,
    "155":0.07517182130584193,
    "156":0.06443298969072164,
    "157":0.07517182130584193,
    "158":0.0429553264604811,
    "159":0.0429553264604811,
    "160":0.09664948453608248,
    "161":0.02147766323024055,
    "162":0.07517182130584193,
    "163":0.07517182130584193,
    "164":0.03221649484536082,
    "165":0.05369415807560138,
    "166":0.05369415807560138,
    "167":0.05369415807560138,
    "168":0.06443298969072164,
    "169":0.06443298969072164,
    "170":0.07517182130584193,
    "171":0.03221649484536082,
    "172":0.06443298969072164,
    "173":0.02147766323024055,
    "174":0.03221649484536082,
    "175":0.06443298969072164,
    "176":0.05369415807560138,
    "177":0.03221649484536082,
    "178":0.05369415807560138,
    "179":0.0429553264604811,
    "180":0.0429553264604811,
    "181":0.010738831615120275,
    "182":0.0,
    "183":0.03221649484536082,
    "184":0.09664948453608248,
    "185":0.07517182130584193,
    "186":0.03221649484536082,
    "187":0.05369415807560138,
    "188":0.0859106529209622,
    "189":0.07517182130584193,
    "190":0.010738831615120275,
    "191":0.03221649484536082,
    "192":0.0429553264604811,
    "193":0.0,
    "194":0.09664948453608248,
    "195":0.0429553264604811,
    "196":0.010738831615120275,
    "197":0.02147766323024055,
    "198":0.03221649484536082,
    "199":0.06443298969072164,
    "200":0.02147766323024055,
    "201":0.02147766323024055,
    "202":0.0429553264604811,
    "203":0.03221649484536082,
    "204":0.02147766323024055,
    "205":0.010738831615120275,
    "206":0.03221649484536082,
    "207":0.0429553264604811,
    "208":0.010738831615120275,
    "209":0.06443298969072164,
    "210":0.010738831615120275,
    "211":0.010738831615120275,
    "212":0.010738831615120275,
    "213":0.03221649484536082,
    "214":0.02147766323024055,
    "215":0.0429553264604811,
    "216":0.06443298969072164,
    "217":0.03221649484536082,
    "218":0.02147766323024055,
    "219":0.02147766323024055,
    "220":0.02147766323024055,
    "221":0.02147766323024055,
    "222":0.02147766323024055,
    "223":0.010738831615120275,
    "224":0.0,
    "225":0.02147766323024055,
    "226":0.02147766323024055,
    "227":0.03221649484536082,
    "228":0.02147766323024055,
    "229":0.0,
    "230":0.0,
    "231":0.0,
    "232":0.010738831615120275,
    "233":0.010738831615120275,
    "234":0.0859106529209622,
    "235":0.02147766323024055,
    "236":0.010738831615120275,
    "237":0.0,
    "238":0.0,
    "239":0.010738831615120275,
    "240":0.010738831615120275,
    "241":0.010738831615120275,
    "242":0.0,
    "243":0.0,
    "244":0.0,
    "245":0.0,
    "246":0.0,
    "247":0.0,
    "248":0.010738831615120275,
    "249":0.0,
    "250":0.0,
    "251":0.0,
    "252":0.010738831615120275,
    "253":0.010738831615120275,
    "254":0.010738831615120275,
    "255":0.02147766323024055,
    "256":0.02147766323024055,
    "257":0.0,
    "258":0.010738831615120275,
    "259":0.0,
    "260":0.0,
    "261":0.02147766323024055,
    "262":0.02147766323024055,
    "263":0.0,
    "264":0.0,
    "265":0.0,
    "266":0.02147766323024055,
    "267":0.010738831615120275,
    "268":0.010738831615120275,
    "269":0.0,
    "270":0.0,
    "271":0.0,
    "272":0.0,
    "273":0.010738831615120275,
    "274":0.0,
    "275":0.0,
    "276":0.010738831615120275,
    "277":0.0,
    "278":0.0,
    "279":0.02147766323024055,
    "280":0.0,