{
    "0":1.7206063088897994,
    "1":1.4338385907414994,
    "2":0.21848969001775229,
    "3":0.3004233237744094,
    "4":0.5189130137921617,
    "5":0.4506349856616141,
    "6":1.1470708725931995,
    "7":1.2290045063498567,
    "8":1.556739041376485,
    "9":1.7479175201420183,
    "10":1.9664072101597707,
    "11":1.952751604533661,
    "12":1.2972825344804042,
    "13":0.9695479994537758,
    "14":1.0378260275843234,
    "15":0.9422367882015568,
    "16":1.2836269288542947,
    "17":0.7374027038099139,
    "18":0.6281578588010378,
    "19":0.7510583094360235,
    "20":0.6418134644271474,
    "21":0.8193363375665711,
    "22":0.5189130137921617,
    "23":0.5325686194182712,
    "24":0.6964358869315854,
    "25":0.6554690700532568,
    "26":0.6554690700532568,
    "27":0.9695479994537758,
    "28":0.9558923938276663,
    "29":0.9832036050798854,
    "30":0.6145022531749283,
    "31":0.9285811825754472,
    "32":1.160726478219309,
    "33":1.0514816332104329,
    "34":1.0651372388365423,
    "35":1.215348900723747,
    "36":1.0787928444626518,
    "37":1.2016932950976376,
    "38":1.1743820838454184,
    "39":1.0241704219582137,
    "40":1.188037689471528,
    "41":1.0924484500887615,
    "42":1.1197596613409804,
    "43":1.4611498019937184,
    "44":1.2836269288542947,
    "45":1.1197596613409804,
    "46":1.3382493513587328,
    "47":1.2426601119759662,
    "48":1.215348900723747,
    "49":1.0651372388365423,
    "50":1.0787928444626518,
    "51":1.160726478219309,
    "52":0.9558923938276663,
    "53":0.9695479994537758,
    "54":0.9558923938276663,
    "55":0.8056807319404615,
    "56":0.7783695206882425,
    "57":0.9012699713232282,
    "58":0.9285811825754472,
    "59":0.9968592107059948,
    "60":1.0105148163321043,
    "61":1.2563157176020756,
    "62":1.0924484500887615,
    "63":0.8739587600710091,
    "64":0.7237470981838044,
    "65":0.8739587600710091,
    "66":0.6691246756793664,
    "67":0.7100914925576949,
    "68":0.6281578588010378,
    "69":0.6145022531749283,
    "70":0.7374027038099139,
    "71":0.5052574081660521,
    "72":0.6008466475488188,
    "73":0.5871910419227092,
    "74":0.5735354362965998,
    "75":0.4916018025399427,
    "76":0.6145022531749283,
    "77":0.6281578588010378,
    "78":0.6418134644271474,
    "79":0.5325686194182712,
    "80":0.35504574627884744,
    "81":0.6008466475488188,
    "82":0.5325686194182712,
    "83":0.4506349856616141,
    "84":0.43697938003550457,
    "85":0.4506349856616141,
    "86":0.4916018025399427,
    "87":0.5735354362965998,
    "88":0.43697938003550457,
    "89":0.6008466475488188,
    "90":0.4506349856616141,
    "91":0.43697938003550457,
    "92":0.27311211252219036,
    "93":0.3004233237744094,
    "94":0.3823569575310665,
    "95":0.39601256315717603,
    "96":0.5052574081660521,
    "97":0.36870135190495695,
    "98":0.36870135190495695,
    "99":0.42332377440939506,
    "100":0.43697938003550457,
    "101":0.35504574627884744,
    "102":0.27311211252219036,
    "103":0.43697938003550457,
    "104":0.2867677181482999,
    "105":0.39601256315717603,
    "106":0.42332377440939506,
    "107":0.3823569575310665,
    "108":0.35504574627884744,
    "109":0.25945650689608085,
    "110":0.2867677181482999,
    "111":0.3004233237744094,
    "112":0.3004233237744094,
    "113":0.24580090126997134,
    "114":0.20483408439164277,
    "115":0.17752287313942372,
    "116":0.21848969001775229,
    "117":0.13655605626109518,
    "118":0.20483408439164277,
    "119":0.09558923938276663,
    "120":0.12290045063498567,
    "121":0.0819336337566571,
    "122":0.0819336337566571,
    "123":0.04096681687832855,
    "124":0.04096681687832855,
    "125":0.04096681687832855,
    "126":0.10924484500887614,
    "127":0.027311211252219036,
    "128":0.17752287313942372,
    "129":0.12290045063498567,
    "130":0.0819336337566571,
    "131":0.09558923938276663,
    "132":0.0819336337566571,
    "133":0.12290045063498567,
    "134":0.13655605626109518,
    "135":0.09558923938276663,
    "136":0.027311211252219036,
    "137":0.09558923938276663,
    "138":0.06827802813054759,
    "139":0.06827802813054759,
    "140":0.06827802813054759,
    "141":0.06827802813054759,
    "142":0.027311211252219036,
    "143":0.013655605626109518,
    "144":0.0819336337566571,
    "145":0.04096681687832855,
    "146":0.0819336337566571,
    "147":0.10924484500887614,
    "148":0.0819336337566571,
    "149":0.013655605626109518,
    "150":0.09558923938276663,
    "151":0.05462242250443807,
    "152":0.06827802813054759,
    "153":0.0819336337566571,
    "154":0.027311211252219036,
    "155":0.05462242250443807,
    "156":0.0,
    "157":0.06827802813054759,
    "158":0.05462242250443807,
    "159":0.0,
    "160":0.0819336337566571,
    "161":0.027311211252219036,
    "162":0.09558923938276663,
    "163":0.027311211252219036,
    "164":0.06827802813054759,
    "165":0.13655605626109518,
    "166":0.027311211252219036,
    "167":0.04096681687832855,
    "168":0.04096681687832855,
    "169":0.06827802813054759,
    "170":0.027311211252219036,
    "171":0.05462242250443807,
    "172":0.05462242250443807,
    "173":0.013655605626109518,
    "174":0.05462242250443807,
    "175":0.05462242250443807,
    "176":0.05462242250443807,
    "177":0.05462242250443807,
    "178":0.05462242250443807,
    "179":0.05462242250443807,
    "180":0.12290045063498567,
    "181":0.04096681687832855,
    "182":0.013655605626109518,
    "183":0.06827802813054759,
    "184":0.027311211252219036,
    "185":0.04096681687832855,
    "186":0.10924484500887614,
    "187":0.10924484500887614,
    "188":0.04096681687832855,
    "189":0.04096681687832855,
    "190":0.013655605626109518,
    "191":0.13655605626109518,
    "192":0.09558923938276663,
    "193":0.05462242250443807,
    "194":0.0819336337566571,
    "195":0.06827802813054759,
    "196":0.013655605626109518,
    "197":0.0819336337566571,
    "198":0.05462242250443807,
    "199":0.04096681687832855,
    "200":0.09558923938276663,
    "201":0.0,
    "202":0.0819336337566571,
    "203":0.04096681687832855,
    "204":0.0,
    "205":0.027311211252219036,
    "206":0.04096681687832855,
    "207":0.04096681687832855,
    "208":0.04096681687832855,
    "209":0.04096681687832855,
    "210":0.027311211252219036,
    "211":0.09558923938276663,
    "212":0.027311211252219036,
    "213":0.05462242250443807,
    "214":0.05462242250443807,
    "215":0.027311211252219036,
    "216":0.013655605626109518,
    "217":0.0819336337566571,
    "218":0.06827802813054759,
    "219":0.013655605626109518,
    "220":0.013655605626109518,
    "221":0.06827802813054759,
    "222":0.04096681687832855,
    "223":0.10924484500887614,
    "224":0.04096681687832855,
    "225":0.04096681687832855,
    "226":0.06827802813054759,
    "227":0.027311211252219036,
    "228":0.013655605626109518,
    "229":0.04096681687832855,
    "230":0.05462242250443807,
    "231":0.0819336337566571,
    "232":0.027311211252219036,
    "233":0.027311211252219036,
    "234":0.05462242250443807,
    "235":0.0819336337566571,
    "236":0.027311211252219036,
    "237":0.013655605626109518,
    "238":0.013655605626109518,
    "239":0.027311211252219036,
    "240":0.04096681687832855,
    "241":0.05462242250443807,
    "242":0.04096681687832855,
    "243":0.04096681687832855,
    "244":0.027311211252219036,
    "245":0.013655605626109518,
    "246":0.04096681687832855,
    "247":0.027311211252219036,
    "248":0.027311211252219036,
    "249":0.04096681687832855,
    "250":0.027311211252219036,
    "251":0.027311211252219036,
    "252":0.04096681687832855,
    "253":0.04096681687832855,
    "254":0.027311211252219036,
    "255":0.05462242250443807,
    "256":0.0,
    "257":0.013655605626109518,
    "258":0.027311211252219036,
    "259":0.05462242250443807,
    "260":0.04096681687832855,
    "261":0.05462242250443807,
    "262":0.027311211252219036,
    "263":0.04096681687832855,
    "264":0.05462242250443807,
    "265":0.0819336337566571,