{
    "0":3.237071860308932,
    "1":1.2760241773002015,
    "2":1.3969106783075889,
    "3":1.3297515110812625,
    "4":1.101410342511753,
    "5":1.638683680322364,
    "6":1.773002014775017,
    "7":1.920752182672935,
    "8":1.5043653458697113,
    "9":1.0208193418401612,
    "10":1.2760241773002015,
    "11":1.0342511752854266,
    "12":1.3163196776359973,
    "13":1.3431833445265278,
    "14":1.638683680322364,
    "15":1.3028878441907321,
    "16":1.1282740094022834,
    "17":0.8327736736064472,
    "18":1.0476830087306919,
    "19":1.1820013431833445,
    "20":1.1685695097380793,
    "21":1.0342511752854266,
    "22":1.1417058428475486,
    "23":1.1282740094022834,
    "24":0.8327736736064472,
    "25":0.6581598388179987,
    "26":1.0476830087306919,
    "27":1.0073875083948958,
    "28":0.7118871725990598,
    "29":0.9402283411685695,
    "30":0.8999328408327737,
    "31":1.0879785090664875,
    "32":1.0208193418401612,
    "33":1.0208193418401612,
    "34":0.9402283411685695,
    "35":0.9536601746138348,
    "36":0.7656145063801209,
    "37":0.8596373404969779,
    "38":0.8596373404969779,
    "39":0.577568838146407,
    "40":0.7790463398253862,
    "41":0.8327736736064472,
    "42":0.6581598388179987,
    "43":0.7118871725990598,
    "44":0.5104096709200806,
    "45":0.9267965077233042,
    "46":0.6715916722632639,
    "47":0.7656145063801209,
    "48":0.6447280053727333,
    "49":0.7790463398253862,
    "50":0.8059100067159166,
    "51":0.5641370047011417,
    "52":0.8059100067159166,
    "53":0.8462055070517126,
    "54":0.6984553391537944,
    "55":0.7790463398253862,
    "56":0.5507051712558765,
    "57":0.7118871725990598,
    "58":0.7118871725990598,
    "59":0.7521826729348556,
    "60":0.6044325050369375,
    "61":0.7118871725990598,
    "62":0.6178643384822029,
    "63":0.7253190060443251,
    "64":0.9267965077233042,
    "65":0.6044325050369375,
    "66":0.7387508394895903,
    "67":0.6581598388179987,
    "68":0.6447280053727333,
    "69":0.6178643384822029,
    "70":0.7253190060443251,
    "71":0.47011417058428473,
    "72":0.6715916722632639,
    "73":0.5104096709200806,
    "74":0.42981867024848897,
    "75":0.577568838146407,
    "76":0.5104096709200806,
    "77":0.5104096709200806,
    "78":0.7118871725990598,
    "79":0.6447280053727333,
    "80":0.6715916722632639,
    "81":0.4969778374748153,
    "82":0.577568838146407,
    "83":0.42981867024848897,
    "84":0.5507051712558765,
    "85":0.5238415043653459,
    "86":0.6178643384822029,
    "87":0.5104096709200806,
    "88":0.6044325050369375,
    "89":0.5641370047011417,
    "90":0.6312961719274681,
    "91":0.5104096709200806,
    "92":0.5104096709200806,
    "93":0.4969778374748153,
    "94":0.5104096709200806,
    "95":0.5238415043653459,
    "96":0.4163868368032236,
    "97":0.4163868368032236,
    "98":0.44325050369375424,
    "99":0.48354600402955,
    "100":0.42981867024848897,
    "101":0.2552048354600403,
    "102":0.32236400268636667,
    "103":0.30893216924110145,
    "104":0.33579583613163194,
    "105":0.36265950302216254,
    "106":0.2552048354600403,
    "107":0.33579583613163194,
    "108":0.3895231699126931,
    "109":0.28206850235057085,
    "110":0.2955003357958361,
    "111":0.1880456682337139,
    "112":0.1746138347884486,
    "113":0.30893216924110145,
    "114":0.21490933512424448,
    "115":0.1343183344526528,
    "116":0.14775016789791806,
    "117":0.1880456682337139,
    "118":0.1880456682337139,
    "119":0.21490933512424448,
    "120":0.22834116856950976,
    "121":0.20147750167897915,
    "122":0.1746138347884486,
    "123":0.21490933512424448,
    "124":0.1746138347884486,
    "125":0.14775016789791806,
    "126":0.241773002014775,
    "127":0.2955003357958361,
    "128":0.22834116856950976,
    "129":0.16118200134318333,
    "130":0.09402283411685695,
    "131":0.1343183344526528,
    "132":0.10745466756212224,
    "133":0.1208865010073875,
    "134":0.09402283411685695,
    "135":0.1343183344526528,
    "136":0.1343183344526528,
    "137":0.0671591672263264,
    "138":0.1343183344526528,
    "139":0.1343183344526528,
    "140":0.14775016789791806,
    "141":0.14775016789791806,
    "142":0.1746138347884486,
    "143":0.08059100067159167,
    "144":0.1343183344526528,
    "145":0.16118200134318333,
    "146":0.1343183344526528,
    "147":0.05372733378106112,
    "148":0.16118200134318333,
    "149":0.14775016789791806,
    "150":0.10745466756212224,
    "151":0.20147750167897915,
    "152":0.1208865010073875,
    "153":0.0671591672263264,
    "154":0.1746138347884486,
    "155":0.1208865010073875,
    "156":0.02686366689053056,
    "157":0.14775016789791806,
    "158":0.14775016789791806,
    "159":0.01343183344526528,
    "160":0.14775016789791806,
    "161":0.09402283411685695,
    "162":0.05372733378106112,
    "163":0.05372733378106112,
    "164":0.10745466756212224,
    "165":0.0671591672263264,
    "166":0.0671591672263264,
    "167":0.08059100067159167,
    "168":0.05372733378106112,
    "169":0.040295500335795834,
    "170":0.02686366689053056,
    "171":0.02686366689053056,
    "172":0.02686366689053056,
    "173":0.05372733378106112,
    "174":0.08059100067159167,
    "175":0.02686366689053056,
    "176":0.0671591672263264,
    "177":0.08059100067159167,
    "178":0.040295500335795834,
    "179":0.09402283411685695,
    "180":0.040295500335795834,
    "181":0.0,
    "182":0.02686366689053056,
    "183":0.040295500335795834,
    "184":0.0671591672263264,
    "185":0.09402283411685695,
    "186":0.040295500335795834,
    "187":0.05372733378106112,
    "188":0.09402283411685695,
    "189":0.040295500335795834,
    "190":0.02686366689053056,
    "191":0.01343183344526528,
    "192":0.05372733378106112,
    "193":0.0671591672263264,
    "194":0.02686366689053056,
    "195":0.040295500335795834,
    "196":0.040295500335795834,
    "197":0.040295500335795834,
    "198":0.02686366689053056,
    "199":0.02686366689053056,
    "200":0.05372733378106112,
    "201":0.05372733378106112,
    "202":0.02686366689053056,
    "203":0.0,
    "204":0.02686366689053056,
    "205":0.01343183344526528,
    "206":0.0671591672263264,
    "207":0.01343183344526528,
    "208":0.040295500335795834,
    "209":0.02686366689053056,
    "210":0.02686366689053056,
    "211":0.0,
    "212":0.02686366689053056,
    "213":0.02686366689053056,
    "214":0.040295500335795834,
    "215":0.01343183344526528,
    "216":0.0,
    "217":0.040295500335795834,
    "218":0.02686366689053056,
    "219":0.02686366689053056,
    "220":0.01343183344526528,
    "221":0.05372733378106112,
    "222":0.01343183344526528,
    "223":0.0,
    "224":0.01343183344526528,
    "225":0.0671591672263264,
    "226":0.02686366689053056,
    "227":0.01343183344526528,
    "228":0.0,
    "229":0.040295500335795834,
    "230":0.05372733378106112,
    "231":0.0,
    "232":0.040295500335795834,
    "233":0.05372733378106112,
    "234":0.0,
    "235":0.0,
    "236":0.02686366689053056,
    "237":0.0,
    "238":0.01343183344526528,
    "239":0.01343183344526528,
    "240":0.05372733378106112,
    "241":0.0,
    "242":0.02686366689053056,
    "243":0.0,
    "244":0.05372733378106112,
    "245":0.01343183344526528,
    "246":0.01343183344526528,
    "247":0.01343183344526528,
    "248":0.02686366689053056,
    "249":0.0,
    "250":0.040295500335795834,
    "251":0.0,
    "252":0.0,
    "253":0.01343183344526528,
    "254":0.0,
    "255":0.01343183344526528,
    "256":0.0,
    "257":0.01343183344526528,
    "258":0.0,
    "259":0.01343183344526528,
    "260":0.01343183344526528,
    "261":0.01343183344526528,
    "262":0.0,
    "263":0.0,
    "264":0.01343183344526528,
    "265":0.01343183344526528,
    "266":0.0,
    "267":0.0,
    "268":0.0,
    "269":0.01343183344526528,
    "270":0.0,
    "271":0.01343183344526528,
    "272":0.0,
    "273":0.0,
    "274":0.0,
    "275":0.0,
    "276":0.0,
    "277":0.01343183344526528,
    "278":0.0,
    "279":0.0,
    "280":0.01343183344526528,
    "281":0.0,