{
    "0":3.1803490627020037,
    "1":2.482223658694247,
    "2":4.60245636716225,
    "3":2.197802197802198,
    "4":2.9088558500323205,
    "5":2.275371687136393,
    "6":1.7453135100193924,
    "7":0.788623141564318,
    "8":0.7110536522301228,
    "9":0.59469941822883,
    "10":0.6464124111182934,
    "11":0.5042016806722689,
    "12":0.59469941822883,
    "13":0.8274078862314157,
    "14":0.8661926308985133,
    "15":0.9437621202327084,
    "16":0.7756948933419522,
    "17":0.8920491273432449,
    "18":0.904977375565611,
    "19":1.2152553329023918,
    "20":1.2281835811247577,
    "21":1.3316095669036845,
    "22":1.5643180349062702,
    "23":1.5513897866839044,
    "24":1.9263089851325146,
    "25":1.7453135100193924,
    "26":1.473820297349709,
    "27":1.6677440206851972,
    "28":1.771170006464124,
    "29":1.6548157724628314,
    "30":1.887524240465417,
    "31":1.6031027795733677,
    "32":1.396250808015514,
    "33":0.9566903684550744,
    "34":1.1506140917905625,
    "35":0.9566903684550744,
    "36":1.2411118293471235,
    "37":1.18939883645766,
    "38":1.0342598577892694,
    "39":1.1764705882352942,
    "40":1.1635423400129283,
    "41":1.0601163542340013,
    "42":1.202327084680026,
    "43":0.8532643826761473,
    "44":0.904977375565611,
    "45":0.8015513897866838,
    "46":0.7110536522301228,
    "47":0.8403361344537815,
    "48":0.7498383968972204,
    "49":0.59469941822883,
    "50":0.7627666451195863,
    "51":0.7239819004524887,
    "52":0.6464124111182934,
    "53":0.5559146735617324,
    "54":0.4783451842275372,
    "55":0.4654169360051713,
    "56":0.5042016806722689,
    "57":0.5429864253393665,
    "58":0.4266321913380737,
    "59":0.3490627020038785,
    "60":0.36199095022624433,
    "61":0.41370394311570785,
    "62":0.297349709114415,
    "63":0.3878474466709761,
    "64":0.297349709114415,
    "65":0.3102779573367809,
    "66":0.43956043956043955,
    "67":0.2844214608920491,
    "68":0.4524886877828055,
    "69":0.5171299288946347,
    "70":0.6593406593406593,
    "71":0.2844214608920491,
    "72":0.4783451842275372,
    "73":0.4654169360051713,
    "74":0.5429864253393665,
    "75":0.3878474466709761,
    "76":0.4266321913380737,
    "77":0.4524886877828055,
    "78":0.491273432449903,
    "79":0.4783451842275372,
    "80":0.5042016806722689,
    "81":0.41370394311570785,
    "82":0.36199095022624433,
    "83":0.3102779573367809,
    "84":0.3749191984486102,
    "85":0.2844214608920491,
    "86":0.3102779573367809,
    "87":0.21978021978021978,
    "88":0.4007756948933419,
    "89":0.36199095022624433,
    "90":0.2456367162249515,
    "91":0.3232062055591467,
    "92":0.3102779573367809,
    "93":0.20685197155785393,
    "94":0.3232062055591467,
    "95":0.3102779573367809,
    "96":0.3878474466709761,
    "97":0.297349709114415,
    "98":0.27149321266968324,
    "99":0.19392372333548805,
    "100":0.33613445378151263,
    "101":0.2844214608920491,
    "102":0.27149321266968324,
    "103":0.297349709114415,
    "104":0.2456367162249515,
    "105":0.15513897866839044,
    "106":0.3232062055591467,
    "107":0.33613445378151263,
    "108":0.25856496444731736,
    "109":0.2844214608920491,
    "110":0.20685197155785393,
    "111":0.19392372333548805,
    "112":0.21978021978021978,
    "113":0.25856496444731736,
    "114":0.23270846800258566,
    "115":0.297349709114415,
    "116":0.36199095022624433,
    "117":0.19392372333548805,
    "118":0.2456367162249515,
    "119":0.20685197155785393,
    "120":0.21978021978021978,
    "121":0.15513897866839044,
    "122":0.20685197155785393,
    "123":0.14221073044602456,
    "124":0.23270846800258566,
    "125":0.16806722689075632,
    "126":0.18099547511312217,
    "127":0.18099547511312217,
    "128":0.18099547511312217,
    "129":0.25856496444731736,
    "130":0.27149321266968324,
    "131":0.14221073044602456,
    "132":0.20685197155785393,
    "133":0.20685197155785393,
    "134":0.12928248222365868,
    "135":0.2456367162249515,
    "136":0.15513897866839044,
    "137":0.15513897866839044,
    "138":0.09049773755656108,
    "139":0.09049773755656108,
    "140":0.18099547511312217,
    "141":0.20685197155785393,
    "142":0.18099547511312217,
    "143":0.07756948933419522,
    "144":0.03878474466709761,
    "145":0.09049773755656108,
    "146":0.03878474466709761,
    "147":0.07756948933419522,
    "148":0.07756948933419522,
    "149":0.07756948933419522,
    "150":0.06464124111182934,
    "151":0.10342598577892696,
    "152":0.05171299288946348,
    "153":0.05171299288946348,
    "154":0.07756948933419522,
    "155":0.03878474466709761,
    "156":0.07756948933419522,
    "157":0.09049773755656108,
    "158":0.06464124111182934,
    "159":0.01292824822236587,
    "160":0.07756948933419522,
    "161":0.06464124111182934,
    "162":0.05171299288946348,
    "163":0.06464124111182934,
    "164":0.07756948933419522,
    "165":0.07756948933419522,
    "166":0.01292824822236587,
    "167":0.05171299288946348,
    "168":0.05171299288946348,
    "169":0.03878474466709761,
    "170":0.06464124111182934,
    "171":0.09049773755656108,
    "172":0.09049773755656108,
    "173":0.07756948933419522,
    "174":0.05171299288946348,
    "175":0.02585649644473174,
    "176":0.02585649644473174,
    "177":0.0,
    "178":0.03878474466709761,
    "179":0.02585649644473174,
    "180":0.01292824822236587,
    "181":0.01292824822236587,
    "182":0.02585649644473174,
    "183":0.0,
    "184":0.02585649644473174,
    "185":0.0,
    "186":0.0,
    "187":0.02585649644473174,
    "188":0.09049773755656108,
    "189":0.02585649644473174,
    "190":0.02585649644473174,
    "191":0.02585649644473174,
    "192":0.01292824822236587,
    "193":0.03878474466709761,
    "194":0.06464124111182934,
    "195":0.03878474466709761,
    "196":0.02585649644473174,
    "197":0.0,
    "198":0.07756948933419522,
    "199":0.02585649644473174,
    "200":0.0,
    "201":0.05171299288946348,
    "202":0.01292824822236587,
    "203":0.03878474466709761,
    "204":0.01292824822236587,
    "205":0.07756948933419522,
    "206":0.01292824822236587,
    "207":0.01292824822236587,
    "208":0.03878474466709761,
    "209":0.03878474466709761,
    "210":0.02585649644473174,
    "211":0.01292824822236587,
    "212":0.0,
    "213":0.03878474466709761,
    "214":0.0,
    "215":0.01292824822236587,
    "216":0.0,
    "217":0.0,
    "218":0.0,
    "219":0.02585649644473174,
    "220":0.01292824822236587,
    "221":0.0,
    "222":0.0,
    "223":0.0,
    "224":0.0,
    "225":0.01292824822236587,
    "226":0.0,
    "227":0.0,
    "228":0.01292824822236587,
    "229":0.0,
    "230":0.0,
    "231":0.01292824822236587,
    "232":0.0,
    "233":0.01292824822236587,
    "234":0.0,
    "235":0.0,
    "236":0.01292824822236587,
    "237":0.01292824822236587,
    "238":0.01292824822236587,
    "239":0.01292824822236587,
    "240":0.0,
    "241":0.0,
    "242":0.0,
    "243":0.0,
    "244":0.0,
    "245":0.0,
    "246":0.0,
    "247":0.0,
    "248":0.0
}