{
    "0":5.7172422713749835,
    "1":1.5263225973354029,
    "2":2.121329711550899,
    "3":1.6556719699909455,
    "4":1.5004527228042943,
    "5":1.9402405898331394,
    "6":1.629802095459837,
    "7":1.48751778553874,
    "8":1.1641443538998837,
    "9":1.3193636010865346,
    "10":1.7203466563187169,
    "11":1.8496960289742594,
    "12":1.5263225973354029,
    "13":1.4228430992109689,
    "14":1.9143707153020308,
    "15":1.3064286638209803,
    "16":1.7203466563187169,
    "17":1.5392575346009572,
    "18":1.3452334756176432,
    "19":1.0606648557754494,
    "20":0.8537058595265813,
    "21":0.8666407967921355,
    "22":1.0994696675721123,
    "23":1.1253395421032208,
    "24":0.9830552321821239,
    "25":0.9830552321821239,
    "26":1.0347949812443409,
    "27":1.1124046048376666,
    "28":0.840770922261027,
    "29":0.8666407967921355,
    "30":0.8149010477299184,
    "31":1.0994696675721123,
    "32":1.1641443538998837,
    "33":1.0477299185098952,
    "34":1.0477299185098952,
    "35":1.0735997930410037,
    "36":0.7502263614021472,
    "37":1.0347949812443409,
    "38":1.1124046048376666,
    "39":0.9701202949165697,
    "40":1.0735997930410037,
    "41":0.9183805458543526,
    "42":1.1382744793687751,
    "43":0.8795757340576897,
    "44":0.7890311731988099,
    "45":0.7243564868710387,
    "46":0.7502263614021472,
    "47":1.0735997930410037,
    "48":0.892510671323244,
    "49":0.5562023024188333,
    "50":0.6855516750743759,
    "51":0.5820721769499418,
    "52":0.8537058595265813,
    "53":0.6855516750743759,
    "54":0.543267365153279,
    "55":0.6984866123399301,
    "56":0.5950071142154961,
    "57":0.6338119260121589,
    "58":0.4785926788255077,
    "59":0.5950071142154961,
    "60":0.5820721769499418,
    "61":0.6726167378088216,
    "62":0.42685292976329064,
    "63":0.543267365153279,
    "64":0.49152761609106194,
    "65":0.5044625533566163,
    "66":0.3363083689044108,
    "67":0.4785926788255077,
    "68":0.5173974906221704,
    "69":0.5044625533566163,
    "70":0.6338119260121589,
    "71":0.5303324278877247,
    "72":0.5044625533566163,
    "73":0.543267365153279,
    "74":0.5173974906221704,
    "75":0.5303324278877247,
    "76":0.43978786702884487,
    "77":0.46565774155995343,
    "78":0.4009830552321821,
    "79":0.5173974906221704,
    "80":0.5950071142154961,
    "81":0.43978786702884487,
    "82":0.5173974906221704,
    "83":0.23282887077997672,
    "84":0.5173974906221704,
    "85":0.41391799249773636,
    "86":0.21989393351442243,
    "87":0.42685292976329064,
    "88":0.4009830552321821,
    "89":0.2716336825766395,
    "90":0.1681541844522054,
    "91":0.18108912171775968,
    "92":0.3363083689044108,
    "93":0.3492433061699651,
    "94":0.3104384943733023,
    "95":0.3492433061699651,
    "96":0.3104384943733023,
    "97":0.41391799249773636,
    "98":0.41391799249773636,
    "99":0.29750355710774806,
    "100":0.3363083689044108,
    "101":0.3751131807010736,
    "102":0.2586987453110852,
    "103":0.2716336825766395,
    "104":0.3363083689044108,
    "105":0.2586987453110852,
    "106":0.3104384943733023,
    "107":0.3363083689044108,
    "108":0.2586987453110852,
    "109":0.3751131807010736,
    "110":0.2586987453110852,
    "111":0.2586987453110852,
    "112":0.18108912171775968,
    "113":0.2845686198421938,
    "114":0.29750355710774806,
    "115":0.1422843099210969,
    "116":0.2716336825766395,
    "117":0.19402405898331393,
    "118":0.19402405898331393,
    "119":0.2586987453110852,
    "120":0.18108912171775968,
    "121":0.23282887077997672,
    "122":0.20695899624886818,
    "123":0.20695899624886818,
    "124":0.2716336825766395,
    "125":0.19402405898331393,
    "126":0.1422843099210969,
    "127":0.1422843099210969,
    "128":0.18108912171775968,
    "129":0.1293493726555426,
    "130":0.20695899624886818,
    "131":0.11641443538998836,
    "132":0.18108912171775968,
    "133":0.09054456085887984,
    "134":0.1681541844522054,
    "135":0.2586987453110852,
    "136":0.0646746863277713,
    "137":0.11641443538998836,
    "138":0.1293493726555426,
    "139":0.025869874531108523,
    "140":0.15521924718665114,
    "141":0.1293493726555426,
    "142":0.07760962359332557,
    "143":0.07760962359332557,
    "144":0.1293493726555426,
    "145":0.15521924718665114,
    "146":0.10347949812443409,
    "147":0.07760962359332557,
    "148":0.11641443538998836,
    "149":0.10347949812443409,
    "150":0.1422843099210969,
    "151":0.025869874531108523,
    "152":0.18108912171775968,
    "153":0.11641443538998836,
    "154":0.012934937265554261,
    "155":0.025869874531108523,
    "156":0.038804811796662786,
    "157":0.038804811796662786,
    "158":0.012934937265554261,
    "159":0.0,
    "160":0.09054456085887984,
    "161":0.025869874531108523,
    "162":0.051739749062217046,
    "163":0.051739749062217046,
    "164":0.025869874531108523,
    "165":0.012934937265554261,
    "166":0.038804811796662786,
    "167":0.038804811796662786,
    "168":0.012934937265554261,
    "169":0.012934937265554261,
    "170":0.012934937265554261,
    "171":0.051739749062217046,
    "172":0.0,
    "173":0.051739749062217046,
    "174":0.012934937265554261,
    "175":0.0,
    "176":0.012934937265554261,
    "177":0.0,
    "178":0.012934937265554261,
    "179":0.012934937265554261,
    "180":0.0,
    "181":0.012934937265554261,
    "182":0.025869874531108523,
    "183":0.025869874531108523,
    "184":0.0,
    "185":0.0,
    "186":0.012934937265554261,
    "187":0.025869874531108523,
    "188":0.012934937265554261,
    "189":0.012934937265554261,
    "190":0.0,
    "191":0.0,
    "192":0.012934937265554261,
    "193":0.025869874531108523,
    "194":0.012934937265554261,
    "195":0.0,
    "196":0.0,
    "197":0.038804811796662786,
    "198":0.012934937265554261,
    "199":0.012934937265554261,
    "200":0.0,
    "201":0.012934937265554261,
    "202":0.0,
    "203":0.025869874531108523,
    "204":0.0,
    "205":0.025869874531108523,
    "206":0.012934937265554261,
    "207":0.0,
    "208":0.025869874531108523,
    "209":0.0,
    "210":0.0,
    "211":0.0,
    "212":0.025869874531108523,
    "213":0.012934937265554261,
    "214":0.0646746863277713,
    "215":0.0,
    "216":0.012934937265554261,
    "217":0.025869874531108523,
    "218":0.0,
    "219":0.012934937265554261,
    "220":0.0646746863277713,
    "221":0.0,
    "222":0.038804811796662786,
    "223":0.012934937265554261,
    "224":0.038804811796662786,
    "225":0.012934937265554261,
    "226":0.012934937265554261,
    "227":0.025869874531108523,
    "228":0.051739749062217046,
    "229":0.0,
    "230":0.0,
    "231":0.0,
    "232":0.0,
    "233":0.0,
    "234":0.012934937265554261,
    "235":0.012934937265554261,
    "236":0.0,
    "237":0.0,
    "238":0.0,
    "239":0.025869874531108523,
    "240":0.012934937265554261,
    "241":0.012934937265554261,
    "242":0.0,
    "243":0.012934937265554261,
    "244":0.0,
    "245":0.0,
    "246":0.0,
    "247":0.012934937265554261,
    "248":0.012934937265554261,
    "249":0.0,
    "250":0.012934937265554261,
    "251":0.012934937265554261,
    "252":0.012934937265554261,
    "253":0.0,
    "254":0.025869874531108523,
    "255":0.0,
    "256":0.0,
    "257":0.0646746863277713,
    "258":0.0,
    "259":0.0,
    "260":0.0,
    "261":0.0,
    "262":0.0,
    "263":0.0,
    "264":0.012934937265554261,
    "265":0.0,
    "266":0.0,
    "267":0.0,
    "268":0.0,
    "269":0.0,
    "270":0.0,
    "271":0.0,
    "272":0.0,
    "273":0.0,
    "274":0.0,
    "275":0.0,
    "276":0.0,
    "277":0.0,
    "278":0.012934937265554261,
    "279":0.0,
    "280":0.0,
    "281":0.0,
    "282":0.0,
    "283":0.051739749062217046,
    "284":0.0,
    "285":0.0,
    "286":0.0,
    "287":0.0,
    "288":0.0,
    "289":0.012934937265554261,
    "290":0.0,
    "291":0.0,
    "292":0.0,
    "293":0.0,
    "294":0.0,
    "295":0.0,
    "296":0.0,
    "297":0.012934937265554261,
    "298":0.0,
    "299":0.0,
    "300":0.0,
    "301":0.0,
    "302":0.0,