{
    "0":2.900958466453674,
    "1":1.8913738019169328,
    "2":1.9936102236421727,
    "3":1.8019169329073481,
    "4":0.7028753993610224,
    "5":1.1501597444089458,
    "6":1.904153354632588,
    "7":2.031948881789137,
    "8":1.6613418530351438,
    "9":1.5079872204472844,
    "10":1.8402555910543132,
    "11":1.0479233226837061,
    "12":1.0479233226837061,
    "13":0.9968051118210863,
    "14":1.2012779552715656,
    "15":1.1629392971246006,
    "16":0.8306709265175719,
    "17":1.035143769968051,
    "18":0.9329073482428115,
    "19":1.0095846645367412,
    "20":0.8434504792332268,
    "21":1.060702875399361,
    "22":0.7028753993610224,
    "23":0.8306709265175719,
    "24":0.7028753993610224,
    "25":0.8562300319488817,
    "26":0.9329073482428115,
    "27":0.7539936102236422,
    "28":0.8178913738019169,
    "29":0.5750798722044729,
    "30":0.7156549520766773,
    "31":0.8306709265175719,
    "32":0.7539936102236422,
    "33":0.9073482428115016,
    "34":0.6900958466453674,
    "35":1.0095846645367412,
    "36":0.7412140575079872,
    "37":0.8562300319488817,
    "38":0.9201277955271566,
    "39":0.8945686900958467,
    "40":1.073482428115016,
    "41":0.9584664536741214,
    "42":0.9712460063897763,
    "43":0.7539936102236422,
    "44":0.9968051118210863,
    "45":0.8434504792332268,
    "46":1.0223642172523961,
    "47":0.8178913738019169,
    "48":0.9329073482428115,
    "49":0.7539936102236422,
    "50":0.7795527156549521,
    "51":0.8434504792332268,
    "52":0.6773162939297125,
    "53":1.0479233226837061,
    "54":0.9073482428115016,
    "55":0.9456869009584664,
    "56":0.8434504792332268,
    "57":0.9968051118210863,
    "58":0.8690095846645367,
    "59":0.7923322683706071,
    "60":0.8945686900958467,
    "61":0.7795527156549521,
    "62":0.8306709265175719,
    "63":0.7028753993610224,
    "64":0.7412140575079872,
    "65":0.9201277955271566,
    "66":0.8817891373801916,
    "67":0.8817891373801916,
    "68":0.549520766773163,
    "69":0.7412140575079872,
    "70":0.6389776357827476,
    "71":0.5878594249201278,
    "72":0.7795527156549521,
    "73":0.6389776357827476,
    "74":0.7412140575079872,
    "75":0.8178913738019169,
    "76":0.6006389776357828,
    "77":0.6517571884984026,
    "78":0.6261980830670927,
    "79":0.6517571884984026,
    "80":0.6389776357827476,
    "81":0.6134185303514377,
    "82":0.49840255591054317,
    "83":0.48562300319488816,
    "84":0.4728434504792332,
    "85":0.6389776357827476,
    "86":0.549520766773163,
    "87":0.3450479233226837,
    "88":0.44728434504792336,
    "89":0.4217252396166134,
    "90":0.3706070287539936,
    "91":0.5750798722044729,
    "92":0.40894568690095845,
    "93":0.39616613418530355,
    "94":0.30670926517571884,
    "95":0.38338658146964855,
    "96":0.4728434504792332,
    "97":0.2939297124600639,
    "98":0.35782747603833864,
    "99":0.24281150159744408,
    "100":0.28115015974440893,
    "101":0.2939297124600639,
    "102":0.2939297124600639,
    "103":0.28115015974440893,
    "104":0.268370607028754,
    "105":0.21725239616613418,
    "106":0.12779552715654952,
    "107":0.23003194888178916,
    "108":0.268370607028754,
    "109":0.15335463258785942,
    "110":0.15335463258785942,
    "111":0.10223642172523961,
    "112":0.16613418530351437,
    "113":0.14057507987220447,
    "114":0.12779552715654952,
    "115":0.15335463258785942,
    "116":0.10223642172523961,
    "117":0.17891373801916932,
    "118":0.06389776357827476,
    "119":0.16613418530351437,
    "120":0.08945686900958466,
    "121":0.12779552715654952,
    "122":0.14057507987220447,
    "123":0.14057507987220447,
    "124":0.08945686900958466,
    "125":0.16613418530351437,
    "126":0.12779552715654952,
    "127":0.051118210862619806,
    "128":0.07667731629392971,
    "129":0.11501597444089458,
    "130":0.16613418530351437,
    "131":0.12779552715654952,
    "132":0.051118210862619806,
    "133":0.11501597444089458,
    "134":0.07667731629392971,
    "135":0.10223642172523961,
    "136":0.10223642172523961,
    "137":0.06389776357827476,
    "138":0.08945686900958466,
    "139":0.06389776357827476,
    "140":0.16613418530351437,
    "141":0.11501597444089458,
    "142":0.06389776357827476,
    "143":0.11501597444089458,
    "144":0.11501597444089458,
    "145":0.07667731629392971,
    "146":0.051118210862619806,
    "147":0.07667731629392971,
    "148":0.15335463258785942,
    "149":0.038338658146964855,
    "150":0.07667731629392971,
    "151":0.12779552715654952,
    "152":0.012779552715654952,
    "153":0.07667731629392971,
    "154":0.025559105431309903,
    "155":0.025559105431309903,
    "156":0.07667731629392971,
    "157":0.06389776357827476,
    "158":0.025559105431309903,
    "159":0.051118210862619806,
    "160":0.07667731629392971,
    "161":0.07667731629392971,
    "162":0.10223642172523961,
    "163":0.10223642172523961,
    "164":0.08945686900958466,
    "165":0.06389776357827476,
    "166":0.07667731629392971,
    "167":0.10223642172523961,
    "168":0.025559105431309903,
    "169":0.038338658146964855,
    "170":0.08945686900958466,
    "171":0.038338658146964855,
    "172":0.051118210862619806,
    "173":0.038338658146964855,
    "174":0.06389776357827476,
    "175":0.038338658146964855,
    "176":0.012779552715654952,
    "177":0.07667731629392971,
    "178":0.038338658146964855,
    "179":0.012779552715654952,
    "180":0.012779552715654952,
    "181":0.051118210862619806,
    "182":0.06389776357827476,
    "183":0.038338658146964855,
    "184":0.06389776357827476,
    "185":0.051118210862619806,
    "186":0.06389776357827476,
    "187":0.012779552715654952,
    "188":0.012779552715654952,
    "189":0.038338658146964855,
    "190":0.025559105431309903,
    "191":0.06389776357827476,
    "192":0.051118210862619806,
    "193":0.025559105431309903,
    "194":0.012779552715654952,
    "195":0.06389776357827476,
    "196":0.051118210862619806,
    "197":0.038338658146964855,
    "198":0.051118210862619806,
    "199":0.051118210862619806,
    "200":0.025559105431309903,
    "201":0.0,
    "202":0.051118210862619806,
    "203":0.038338658146964855,
    "204":0.07667731629392971,
    "205":0.08945686900958466,
    "206":0.051118210862619806,
    "207":0.025559105431309903,
    "208":0.012779552715654952,
    "209":0.07667731629392971,
    "210":0.038338658146964855,
    "211":0.11501597444089458,
    "212":0.051118210862619806,
    "213":0.08945686900958466,
    "214":0.025559105431309903,
    "215":0.025559105431309903,
    "216":0.051118210862619806,
    "217":0.07667731629392971,
    "218":0.025559105431309903,
    "219":0.038338658146964855,
    "220":0.051118210862619806,
    "221":0.07667731629392971,
    "222":0.012779552715654952,
    "223":0.012779552715654952,
    "224":0.051118210862619806,
    "225":0.025559105431309903,
    "226":0.025559105431309903,
    "227":0.012779552715654952,
    "228":0.051118210862619806,
    "229":0.06389776357827476,
    "230":0.06389776357827476,
    "231":0.06389776357827476,
    "232":0.06389776357827476,
    "233":0.012779552715654952,
    "234":0.038338658146964855,
    "235":0.038338658146964855,
    "236":0.051118210862619806,
    "237":0.06389776357827476,
    "238":0.012779552715654952,
    "239":0.012779552715654952,
    "240":0.025559105431309903,
    "241":0.06389776357827476,
    "242":0.025559105431309903,
    "243":0.025559105431309903,
    "244":0.025559105431309903,
    "245":0.07667731629392971,
    "246":0.06389776357827476,
    "247":0.06389776357827476,
    "248":0.012779552715654952,
    "249":0.051118210862619806,
    "250":0.051118210862619806,
    "251":0.0,
    "252":0.07667731629392971,
    "253":0.025559105431309903,
    "254":0.012779552715654952,
    "255":0.012779552715654952,
    "256":0.012779552715654952,
    "257":0.0,
    "258":0.025559105431309903,
    "259":0.038338658146964855,
    "260":0.025559105431309903,
    "261":0.012779552715654952,
    "262":0.012779552715654952,
    "263":0.038338658146964855,