{
    "0":[
        [
            -23.564641080024323,
            -46.65207584572687,
            "300000000001",
            "0"
        ]
    ],
    "1":[
        [
            -23.563787025447105,
            -46.6470428427525,
            "300000000002",
            "3"
        ]
    ],
    "10":[
        [
            -23.561536606578063,
            -46.647382428378464,
            "300000000011",
            "3"
        ]
    ],
    "11":[
        [
            -23.561918365139174,
            -46.649470699619364,
            "300000000012",
            "4"
        ]
    ],
    "12":[
        [
            -23.56698600042776,
            -46.64742617347024,
            "300000000013",
            "4"
        ]
    ],
    "13":[
        [
            -23.56214610092009,
            -46.64779837696098,
            "300000000014",
            "1"
        ]
    ],
    "14":[
        [
            -23.56112100554154,
            -46.64648633515103,
            "300000000015",
            "5"
        ]
    ],
    "15":[
        [
            -23.566340026164518,
            -46.64891093463393,
            "300000000016",
            "2"
        ]
    ],
    "16":[
        [
            -23.559821153257484,
            -46.65040904291653,
            "300000000017",
            "1"
        ]
    ],
    "17":[
        [
            -23.56483806756743,
            -46.64872471654266,
            "300000000018",
            "3"
        ]
    ],
    "18":[
        [
            -23.564314157783365,
            -46.64760597102267,
            "300000000019",
            "4"
        ]
    ],
    "19":[
        [
            -23.562683554535738,
            -46.64592978459487,
            "300000000020",
            "4"
        ]
    ],
    "2":[
        [
            -23.56072076442133,
            -46.64855936085523,
            "861891188",
            "1"
        ]
    ],
    "20":[
        [
            -23.562867592569607,
            -46.64643998250922,
            "300000000021",
            "5"
        ]
    ],
    "21":[
        [
            -23.564980737718475,
            -46.64774005301352,
            "300000000022",
            "0"
        ]
    ],
    "22":[
        [
            -23.563310115896993,
            -46.64607753189959,
            "300000000023",
            "3"
        ]
    ],
    "23":[
        [
            -23.561790910861355,
            -46.65004576429933,
            "300000000024",
            "0"
        ]
    ],
    "3":[
        [
            -23.56547612367187,
            -46.65032818763175,
            "300000000004",
            "4"
        ]
    ],
    "4":[
        [
            -23.562400792464402,
            -46.64979217098673,
            "457566752",
            "3"
        ]
    ],
    "5":[
        [
            -23.56582988907119,
            -46.64834811413479,
            "300000000006",
            "0"
        ]
    ],
    "6":[
        [
            -23.56367903842343,
            -46.648967270760586,
            "300000000007",
            "3"
        ]
    ],
    "7":[
        [
            -23.564668096446876,
            -46.65040999931787,
            "300000000008",
            "4"
        ]
    ],
    "8":[
        [
            -23.5640939596601,
            -46.64707203887714,
            "300000000009",
            "1"
        ]
    ],
    "9":[
        [
            -23.560688221917935,
            -46.64856840778903,
            "100000000003",
            "0"
        ]
    ],
    "total_length":5477.267952669424,
    "total_time":71.20156836509705
}