{
    "0":6.9277440706012134,
    "1":1.6105901820187536,
    "2":0.5626034197462768,
    "3":0.15444015444015444,
    "4":0.5956977385548814,
    "5":0.6508549365692223,
    "6":0.9817981246552676,
    "7":0.7942636514065085,
    "8":0.9928295642581356,
    "9":0.9045780474351903,
    "10":1.0590182018753447,
    "11":1.0810810810810811,
    "12":1.1031439602868174,
    "13":1.1803640375068947,
    "14":1.4230557087699944,
    "15":1.2575841147269717,
    "16":1.14726971869829,
    "17":1.4009928295642582,
    "18":1.5113072255929398,
    "19":1.588527302813017,
    "20":1.4671814671814671,
    "21":1.7429674572531715,
    "22":1.6878102592388307,
    "23":1.5002757859900717,
    "24":1.588527302813017,
    "25":1.334804191947049,
    "26":1.3017098731384447,
    "27":1.3127413127413128,
    "28":1.136238279095422,
    "29":1.26861555432984,
    "30":1.1031439602868174,
    "31":0.882515168229454,
    "32":1.1252068394925536,
    "33":0.9266409266409266,
    "34":0.948703805846663,
    "35":1.136238279095422,
    "36":1.202426916712631,
    "37":1.1583011583011582,
    "38":1.2244897959183674,
    "39":0.9266409266409266,
    "40":1.1583011583011582,
    "41":1.0700496414782128,
    "42":1.2355212355212355,
    "43":1.3568670711527853,
    "44":1.0810810810810811,
    "45":1.1693325979040265,
    "46":1.202426916712631,
    "47":1.3017098731384447,
    "48":1.0590182018753447,
    "49":0.9707666850523994,
    "50":1.0810810810810811,
    "51":1.0038610038610039,
    "52":0.9376723662437948,
    "53":1.2796469939327082,
    "54":0.9928295642581356,
    "55":0.9817981246552676,
    "56":0.8163265306122449,
    "57":1.0479867622724766,
    "58":0.9597352454495311,
    "59":0.9928295642581356,
    "60":1.0148924434638722,
    "61":0.761169332597904,
    "62":0.9707666850523994,
    "63":0.8494208494208495,
    "64":0.8714837286265857,
    "65":0.7832322118036404,
    "66":1.0038610038610039,
    "67":0.7722007722007722,
    "68":0.8714837286265857,
    "69":0.7280750137892995,
    "70":0.6949806949806949,
    "71":0.6618863761720905,
    "72":0.573634859349145,
    "73":0.5626034197462768,
    "74":0.6508549365692223,
    "75":0.6067291781577496,
    "76":0.4964147821290678,
    "77":0.6287920573634859,
    "78":0.5846662989520133,
    "79":0.5515719801434087,
    "80":0.4633204633204633,
    "81":0.5846662989520133,
    "82":0.3971318257032542,
    "83":0.4633204633204633,
    "84":0.3088803088803089,
    "85":0.25372311086596805,
    "86":0.26475455046883617,
    "87":0.31991174848317705,
    "88":0.3309431880860452,
    "89":0.2206287920573635,
    "90":0.2206287920573635,
    "91":0.20959735245449532,
    "92":0.2978488692774407,
    "93":0.3088803088803089,
    "94":0.31991174848317705,
    "95":0.23166023166023164,
    "96":0.11031439602868175,
    "97":0.26475455046883617,
    "98":0.23166023166023164,
    "99":0.2206287920573635,
    "100":0.09928295642581356,
    "101":0.23166023166023164,
    "102":0.2206287920573635,
    "103":0.23166023166023164,
    "104":0.24269167126309985,
    "105":0.20959735245449532,
    "106":0.15444015444015444,
    "107":0.27578599007170435,
    "108":0.0882515168229454,
    "109":0.1985659128516271,
    "110":0.18753447324875896,
    "111":0.11031439602868175,
    "112":0.12134583563154992,
    "113":0.11031439602868175,
    "114":0.07722007722007722,
    "115":0.12134583563154992,
    "116":0.11031439602868175,
    "117":0.1654715940430226,
    "118":0.12134583563154992,
    "119":0.06618863761720904,
    "120":0.06618863761720904,
    "121":0.12134583563154992,
    "122":0.09928295642581356,
    "123":0.05515719801434087,
    "124":0.07722007722007722,
    "125":0.11031439602868175,
    "126":0.07722007722007722,
    "127":0.14340871483728626,
    "128":0.07722007722007722,
    "129":0.12134583563154992,
    "130":0.06618863761720904,
    "131":0.05515719801434087,
    "132":0.06618863761720904,
    "133":0.11031439602868175,
    "134":0.0441257584114727,
    "135":0.07722007722007722,
    "136":0.05515719801434087,
    "137":0.07722007722007722,
    "138":0.05515719801434087,
    "139":0.0882515168229454,
    "140":0.0441257584114727,
    "141":0.09928295642581356,
    "142":0.07722007722007722,
    "143":0.07722007722007722,
    "144":0.03309431880860452,
    "145":0.0441257584114727,
    "146":0.02206287920573635,
    "147":0.02206287920573635,
    "148":0.0441257584114727,
    "149":0.03309431880860452,
    "150":0.011031439602868174,
    "151":0.0441257584114727,
    "152":0.05515719801434087,
    "153":0.0441257584114727,
    "154":0.09928295642581356,
    "155":0.03309431880860452,
    "156":0.0,
    "157":0.011031439602868174,
    "158":0.0,
    "159":0.0,
    "160":0.0,
    "161":0.0,
    "162":0.0,
    "163":0.011031439602868174,
    "164":0.011031439602868174,
    "165":0.0,
    "166":0.011031439602868174,
    "167":0.011031439602868174,
    "168":0.0,
    "169":0.0,
    "170":0.011031439602868174,
    "171":0.0,
    "172":0.011031439602868174,
    "173":0.0,
    "174":0.0,
    "175":0.011031439602868174,
    "176":0.0,
    "177":0.011031439602868174,
    "178":0.0,
    "179":0.011031439602868174,
    "180":0.0,
    "181":0.0,
    "182":0.0,
    "183":0.0,
    "184":0.011031439602868174,
    "185":0.0,
    "186":0.0,
    "187":0.0,
    "188":0.0,
    "189":0.0,
    "190":0.0,
    "191":0.0,
    "192":0.0,
    "193":0.0,
    "194":0.0,
    "195":0.0,
    "196":0.0,
    "197":0.0,
    "198":0.0,
    "199":0.0,
    "200":0.0,
    "201":0.011031439602868174,
    "202":0.03309431880860452,
    "203":0.0,
    "204":0.0,
    "205":0.0,
    "206":0.0,
    "207":0.0,
    "208":0.0,
    "209":0.0,
    "210":0.0,
    "211":0.0
}