{
    "0":3.528953012283096,
    "1":1.0528368102944043,
    "2":0.15597582374731916,
    "3":0.10723337882628194,
    "4":0.6823942288945214,
    "5":1.2088126340417236,
    "6":1.6864885942678887,
    "7":2.485864690972899,
    "8":2.505361668941314,
    "9":2.1934100214466756,
    "10":2.5151101579255215,
    "11":1.9984402417625269,
    "12":2.0569311756677715,
    "13":1.7742249951257554,
    "14":1.6474946383310585,
    "15":1.783973484109963,
    "16":1.5792552154416064,
    "17":1.6572431273152661,
    "18":1.8814583739520374,
    "19":1.852212906999415,
    "20":1.7937219730941705,
    "21":1.8424644180152079,
    "22":1.959446285825697,
    "23":1.7352310391889256,
    "24":1.4622733476311172,
    "25":1.5597582374731915,
    "26":1.5792552154416064,
    "27":1.3842854357574577,
    "28":1.394033924741665,
    "29":1.3160460128680056,
    "30":1.37453694677325,
    "31":1.3842854357574577,
    "32":1.5012673035679471,
    "33":1.4525248586469097,
    "34":1.2770520569311756,
    "35":1.2575550789627608,
    "36":1.1600701891206864,
    "37":0.9066094755312927,
    "38":0.6434002729576915,
    "39":0.7993760967050108,
    "40":0.9748488984207447,
    "41":1.0528368102944043,
    "42":0.9943458763891596,
    "43":0.9066094755312927,
    "44":1.0138428543575746,
    "45":0.9456034314681224,
    "46":0.9358549424839151,
    "47":0.95535192045233,
    "48":0.9358549424839151,
    "49":0.8773640085786704,
    "50":1.043088321310197,
    "51":0.8188730746734256,
    "52":0.9943458763891596,
    "53":1.0723337882628192,
    "54":0.9943458763891596,
    "55":0.95535192045233,
    "56":0.9456034314681224,
    "57":0.6239032949892767,
    "58":0.7798791187365958,
    "59":0.8676155195944628,
    "60":0.740885162799766,
    "61":0.740885162799766,
    "62":0.7213881848313511,
    "63":0.5849093390524468,
    "64":0.5166699161629947,
    "65":0.4971729381945798,
    "66":0.5166699161629947,
    "67":0.5556638720998246,
    "68":0.45817898225775,
    "69":0.46792747124195755,
    "70":0.3899395593682979,
    "71":0.3801910703840905,
    "72":0.4094365373367128,
    "73":0.4484304932735426,
    "74":0.3411971144472607,
    "75":0.282706180542016,
    "76":0.32170013647884577,
    "77":0.3411971144472607,
    "78":0.2924546695262234,
    "79":0.4386820042893352,
    "80":0.1657243127315266,
    "81":0.25346071358939365,
    "82":0.21446675765256387,
    "83":0.2047182686683564,
    "84":0.1657243127315266,
    "85":0.24371222460518618,
    "86":0.1852212906999415,
    "87":0.1657243127315266,
    "88":0.17547280171573407,
    "89":0.11698186781048939,
    "90":0.1657243127315266,
    "91":0.17547280171573407,
    "92":0.23396373562097877,
    "93":0.13647884577890426,
    "94":0.2242152466367713,
    "95":0.2047182686683564,
    "96":0.2047182686683564,
    "97":0.09748488984207447,
    "98":0.15597582374731916,
    "99":0.15597582374731916,
    "100":0.10723337882628194,
    "101":0.15597582374731916,
    "102":0.10723337882628194,
    "103":0.15597582374731916,
    "104":0.1462273347631117,
    "105":0.08773640085786703,
    "106":0.10723337882628194,
    "107":0.08773640085786703,
    "108":0.11698186781048939,
    "109":0.07798791187365958,
    "110":0.08773640085786703,
    "111":0.07798791187365958,
    "112":0.029245466952622347,
    "113":0.03899395593682979,
    "114":0.03899395593682979,
    "115":0.058490933905244694,
    "116":0.058490933905244694,
    "117":0.03899395593682979,
    "118":0.03899395593682979,
    "119":0.048742444921037235,
    "120":0.07798791187365958,
    "121":0.07798791187365958,
    "122":0.06823942288945213,
    "123":0.048742444921037235,
    "124":0.058490933905244694,
    "125":0.03899395593682979,
    "126":0.06823942288945213,
    "127":0.048742444921037235,
    "128":0.09748488984207447,
    "129":0.08773640085786703,
    "130":0.029245466952622347,
    "131":0.07798791187365958,
    "132":0.009748488984207448,
    "133":0.03899395593682979,
    "134":0.048742444921037235,
    "135":0.019496977968414896,
    "136":0.03899395593682979,
    "137":0.09748488984207447,
    "138":0.09748488984207447,
    "139":0.08773640085786703,
    "140":0.06823942288945213,
    "141":0.019496977968414896,
    "142":0.019496977968414896,
    "143":0.058490933905244694,
    "144":0.009748488984207448,
    "145":0.048742444921037235,
    "146":0.009748488984207448,
    "147":0.09748488984207447,
    "148":0.03899395593682979,
    "149":0.019496977968414896,
    "150":0.029245466952622347,
    "151":0.029245466952622347,
    "152":0.03899395593682979,
    "153":0.06823942288945213,
    "154":0.029245466952622347,
    "155":0.06823942288945213,
    "156":0.07798791187365958,
    "157":0.03899395593682979,
    "158":0.08773640085786703,
    "159":0.009748488984207448,
    "160":0.029245466952622347,
    "161":0.048742444921037235,
    "162":0.019496977968414896,
    "163":0.009748488984207448,
    "164":0.029245466952622347,
    "165":0.03899395593682979,
    "166":0.009748488984207448,
    "167":0.058490933905244694,
    "168":0.06823942288945213,
    "169":0.019496977968414896,
    "170":0.03899395593682979,
    "171":0.03899395593682979,
    "172":0.029245466952622347,
    "173":0.009748488984207448,
    "174":0.029245466952622347,
    "175":0.058490933905244694,
    "176":0.06823942288945213,
    "177":0.06823942288945213,
    "178":0.029245466952622347,
    "179":0.019496977968414896,
    "180":0.03899395593682979,
    "181":0.009748488984207448,
    "182":0.03899395593682979,
    "183":0.0,
    "184":0.019496977968414896,
    "185":0.009748488984207448,
    "186":0.019496977968414896,
    "187":0.0,
    "188":0.019496977968414896,
    "189":0.03899395593682979,
    "190":0.009748488984207448,
    "191":0.0,
    "192":0.019496977968414896,
    "193":0.03899395593682979,
    "194":0.0,
    "195":0.019496977968414896,
    "196":0.029245466952622347,
    "197":0.019496977968414896,
    "198":0.0,
    "199":0.029245466952622347,
    "200":0.0,
    "201":0.019496977968414896,
    "202":0.029245466952622347,
    "203":0.0,
    "204":0.019496977968414896,
    "205":0.009748488984207448,
    "206":0.029245466952622347,
    "207":0.03899395593682979,
    "208":0.029245466952622347,
    "209":0.019496977968414896,
    "210":0.03899395593682979,
    "211":0.009748488984207448,
    "212":0.029245466952622347,
    "213":0.03899395593682979,
    "214":0.009748488984207448,
    "215":0.0,
    "216":0.019496977968414896,
    "217":0.048742444921037235,
    "218":0.009748488984207448,
    "219":0.0,
    "220":0.029245466952622347,
    "221":0.009748488984207448,
    "222":0.0,
    "223":0.03899395593682979,
    "224":0.009748488984207448,
    "225":0.019496977968414896,
    "226":0.019496977968414896,
    "227":0.009748488984207448,
    "228":0.009748488984207448,
    "229":0.009748488984207448,
    "230":0.019496977968414896,
    "231":0.0,
    "232":0.0,
    "233":0.0,
    "234":0.0,
    "235":0.019496977968414896,
    "236":0.0,
    "237":0.0,
    "238":0.0,
    "239":0.009748488984207448,
    "240":0.0,
    "241":0.0,
    "242":0.0,
    "243":0.0,
    "244":0.0,
    "245":0.009748488984207448,
    "246":0.009748488984207448,
    "247":0.0,
    "248":0.0,
    "249":0.009748488984207448,
    "250":0.009748488984207448,
    "251":0.0,
    "252":0.0,
    "253":0.0,
    "254":0.0,
    "255":0.019496977968414896,
    "256":0.0,
    "257":0.0,
    "258":0.0,
    "259":0.009748488984207448,
    "260":0.019496977968414896,
    "261":0.0,
    "262":0.009748488984207448,
    "263":0.019496977968414896,
    "264":0.0,
    "265":0.0,
    "266":0.029245466952622347,
    "267":0.019496977968414896,
    "268":0.0,
    "269":0.0,
    "270":0.0,
    "271":0.0,
    "272":0.0,
    "273":0.0,
    "274":0.0,
    "275":0.0,
    "276":0.0,
    "277":0.0,
    "278":0.0,
    "279":0.0,
    "280":0.029245466952622347,
    "281":0.009748488984207448,
    "282":0.009748488984207448,
    "283":0.0,
    "284":0.009748488984207448,
    "285":0.009748488984207448,