{
    "0":6.618914975460936,
    "1":6.141398063403634,
    "2":3.647698633771057,
    "3":0.05305743467303355,
    "4":0.7428040854224698,
    "5":1.061148693460671,
    "6":1.2335853561480303,
    "7":1.15399920413848,
    "8":1.3529645841623557,
    "9":1.3397002254940975,
    "10":1.4060220188353894,
    "11":1.4723438121766812,
    "12":1.4192863775036477,
    "13":1.4458150948401645,
    "14":1.4060220188353894,
    "15":1.3397002254940975,
    "16":1.4192863775036477,
    "17":1.15399920413848,
    "18":1.061148693460671,
    "19":1.2733784321528054,
    "20":1.5519299641862316,
    "21":1.2866427908210638,
    "22":1.3529645841623557,
    "23":1.0346199761241544,
    "24":1.061148693460671,
    "25":1.1009417694654462,
    "26":1.1805279214749966,
    "27":1.0080912587876376,
    "28":1.2601140734845468,
    "29":1.1672635628067383,
    "30":1.4590794535084228,
    "31":1.3529645841623557,
    "32":1.2601140734845468,
    "33":1.193792280143255,
    "34":1.2070566388115136,
    "35":1.432550736171906,
    "36":1.3397002254940975,
    "37":1.047884334792413,
    "38":1.1407348454702215,
    "39":1.2866427908210638,
    "40":1.1407348454702215,
    "41":1.3529645841623557,
    "42":0.9948269001193792,
    "43":0.9019763894415704,
    "44":0.6366892160764027,
    "45":0.8091258787637617,
    "46":0.6632179334129195,
    "47":0.716275368085953,
    "48":0.5571030640668524,
    "49":0.6897466507494363,
    "50":0.4244594773842684,
    "51":0.5703674227351108,
    "52":0.4509881947207852,
    "53":0.5173099880620772,
    "54":0.4509881947207852,
    "55":0.47751691205730207,
    "56":0.3581376840429765,
    "57":0.33160896670645973,
    "58":0.2785515320334262,
    "59":0.2520228146969094,
    "60":0.29181589070168457,
    "61":0.23875845602865103,
    "62":0.18570102135561745,
    "63":0.31834460803820136,
    "64":0.30508024936994294,
    "65":0.26528717336516777,
    "66":0.31834460803820136,
    "67":0.4244594773842684,
    "68":0.33160896670645973,
    "69":0.26528717336516777,
    "70":0.26528717336516777,
    "71":0.29181589070168457,
    "72":0.2520228146969094,
    "73":0.2122297386921342,
    "74":0.29181589070168457,
    "75":0.41119511871601006,
    "76":0.41119511871601006,
    "77":0.39793076004775174,
    "78":0.29181589070168457,
    "79":0.13264358668258389,
    "80":0.3846664013794933,
    "81":0.3846664013794933,
    "82":0.3846664013794933,
    "83":0.47751691205730207,
    "84":0.34487332537471815,
    "85":0.47751691205730207,
    "86":0.23875845602865103,
    "87":0.31834460803820136,
    "88":0.30508024936994294,
    "89":0.31834460803820136,
    "90":0.23875845602865103,
    "91":0.47751691205730207,
    "92":0.29181589070168457,
    "93":0.19896538002387587,
    "94":0.30508024936994294,
    "95":0.2254940973603926,
    "96":0.5305743467303355,
    "97":0.2520228146969094,
    "98":0.31834460803820136,
    "99":0.18570102135561745,
    "100":0.30508024936994294,
    "101":0.2122297386921342,
    "102":0.2785515320334262,
    "103":0.15917230401910068,
    "104":0.2785515320334262,
    "105":0.30508024936994294,
    "106":0.2520228146969094,
    "107":0.23875845602865103,
    "108":0.31834460803820136,
    "109":0.19896538002387587,
    "110":0.2520228146969094,
    "111":0.2122297386921342,
    "112":0.23875845602865103,
    "113":0.2785515320334262,
    "114":0.2785515320334262,
    "115":0.2122297386921342,
    "116":0.23875845602865103,
    "117":0.26528717336516777,
    "118":0.26528717336516777,
    "119":0.33160896670645973,
    "120":0.2520228146969094,
    "121":0.26528717336516777,
    "122":0.30508024936994294,
    "123":0.2254940973603926,
    "124":0.30508024936994294,
    "125":0.13264358668258389,
    "126":0.2785515320334262,
    "127":0.17243666268735908,
    "128":0.26528717336516777,
    "129":0.2254940973603926,
    "130":0.18570102135561745,
    "131":0.13264358668258389,
    "132":0.2122297386921342,
    "133":0.2254940973603926,
    "134":0.17243666268735908,
    "135":0.15917230401910068,
    "136":0.19896538002387587,
    "137":0.13264358668258389,
    "138":0.14590794535084228,
    "139":0.15917230401910068,
    "140":0.14590794535084228,
    "141":0.14590794535084228,
    "142":0.07958615200955034,
    "143":0.15917230401910068,
    "144":0.2254940973603926,
    "145":0.1061148693460671,
    "146":0.03979307600477517,
    "147":0.07958615200955034,
    "148":0.03979307600477517,
    "149":0.06632179334129194,
    "150":0.07958615200955034,
    "151":0.03979307600477517,
    "152":0.03979307600477517,
    "153":0.13264358668258389,
    "154":0.013264358668258388,
    "155":0.013264358668258388,
    "156":0.03979307600477517,
    "157":0.03979307600477517,
    "158":0.05305743467303355,
    "159":0.05305743467303355,
    "160":0.03979307600477517,
    "161":0.0,
    "162":0.05305743467303355,
    "163":0.07958615200955034,
    "164":0.0,
    "165":0.013264358668258388,
    "166":0.05305743467303355,
    "167":0.026528717336516777,
    "168":0.013264358668258388,
    "169":0.0,
    "170":0.05305743467303355,
    "171":0.03979307600477517,
    "172":0.026528717336516777,
    "173":0.0,
    "174":0.013264358668258388,
    "175":0.0,
    "176":0.05305743467303355,
    "177":0.013264358668258388,
    "178":0.03979307600477517,
    "179":0.026528717336516777,
    "180":0.026528717336516777,
    "181":0.03979307600477517,
    "182":0.026528717336516777,
    "183":0.03979307600477517,
    "184":0.013264358668258388,
    "185":0.026528717336516777,
    "186":0.07958615200955034,
    "187":0.09285051067780872,
    "188":0.013264358668258388,
    "189":0.0,
    "190":0.0,
    "191":0.026528717336516777,
    "192":0.05305743467303355,
    "193":0.03979307600477517,
    "194":0.026528717336516777,
    "195":0.0,
    "196":0.013264358668258388,
    "197":0.026528717336516777,
    "198":0.013264358668258388,
    "199":0.013264358668258388,
    "200":0.03979307600477517,
    "201":0.013264358668258388,
    "202":0.0,
    "203":0.026528717336516777,
    "204":0.013264358668258388,
    "205":0.013264358668258388,
    "206":0.013264358668258388,
    "207":0.013264358668258388,
    "208":0.013264358668258388,
    "209":0.026528717336516777,
    "210":0.03979307600477517,
    "211":0.0,
    "212":0.013264358668258388,
    "213":0.0,
    "214":0.013264358668258388,
    "215":0.0,
    "216":0.013264358668258388,
    "217":0.013264358668258388,
    "218":0.03979307600477517,
    "219":0.013264358668258388,
    "220":0.026528717336516777,
    "221":0.0,
    "222":0.0,
    "223":0.0,
    "224":0.0,
    "225":0.013264358668258388,
    "226":0.013264358668258388,
    "227":0.026528717336516777,
    "228":0.013264358668258388,
    "229":0.0,
    "230":0.026528717336516777,
    "231":0.026528717336516777,
    "232":0.0,
    "233":0.013264358668258388,
    "234":0.013264358668258388,
    "235":0.013264358668258388,
    "236":0.0,
    "237":0.013264358668258388,
    "238":0.013264358668258388,
    "239":0.013264358668258388,
    "240":0.013264358668258388,
    "241":0.0,
    "242":0.013264358668258388,
    "243":0.0,
    "244":0.0,
    "245":0.026528717336516777,
    "246":0.026528717336516777,
    "247":0.0,
    "248":0.013264358668258388,
    "249":0.0,
    "250":0.0,
    "251":0.0,
    "252":0.026528717336516777,
    "253":0.03979307600477517,
    "254":0.0,
    "255":0.013264358668258388,
    "256":0.0,
    "257":0.013264358668258388,
    "258":0.013264358668258388,
    "259":0.0,
    "260":0.0,
    "261":0.026528717336516777,
    "262":0.013264358668258388,
    "263":0.0,
    "264":0.013264358668258388,
    "265":0.0,
    "266":0.0,
    "267":0.013264358668258388,
    "268":0.0,
    "269":0.013264358668258388,
    "270":0.0,
    "271":0.0,
    "272":0.0,
    "273":0.0,
    "274":0.0,
    "275":0.0,
    "276":0.013264358668258388,
    "277":0.0,
    "278":0.026528717336516777,
    "279":0.013264358668258388,
    "280":0.026528717336516777,
    "281":0.0,
    "282":0.013264358668258388,
    "283":0.013264358668258388,