{
    "0":2.8325817361894026,
    "1":0.18320180383314544,
    "2":2.0715896279594137,
    "3":2.62119503945885,
    "4":1.4374295377677564,
    "5":0.8032694475760991,
    "6":0.9301014656144307,
    "7":1.2401352874859075,
    "8":1.282412626832018,
    "9":1.5642615558060882,
    "10":1.3246899661781286,
    "11":1.6065388951521982,
    "12":1.2683201803833146,
    "13":1.536076662908681,
    "14":1.3810597519729426,
    "15":1.0851183765501693,
    "16":1.2119503945885006,
    "17":1.479706877113867,
    "18":1.310597519729425,
    "19":1.1555806087936866,
    "20":1.0287485907553553,
    "21":0.9582863585118376,
    "22":0.9723788049605412,
    "23":0.7750845546786922,
    "24":0.8173618940248027,
    "25":0.8455467869222096,
    "26":1.0710259301014655,
    "27":1.0005636978579482,
    "28":0.7609921082299886,
    "29":0.6905298759864713,
    "30":0.9582863585118376,
    "31":0.7750845546786922,
    "32":0.6482525366403608,
    "33":0.8737316798196167,
    "34":0.7750845546786922,
    "35":0.8737316798196167,
    "36":0.5777903043968433,
    "37":0.7187147688838782,
    "38":0.8173618940248027,
    "39":0.5496054114994363,
    "40":0.6623449830890643,
    "41":0.7468996617812852,
    "42":0.9582863585118376,
    "43":0.8173618940248027,
    "44":0.9019165727170236,
    "45":0.7891770011273956,
    "46":0.9160090191657271,
    "47":0.8173618940248027,
    "48":0.9019165727170236,
    "49":0.7328072153325818,
    "50":0.9301014656144307,
    "51":0.8173618940248027,
    "52":0.5918827508455468,
    "53":0.5073280721533258,
    "54":0.6341600901916573,
    "55":0.7187147688838782,
    "56":0.6200676437429538,
    "57":0.6341600901916573,
    "58":0.7328072153325818,
    "59":0.5777903043968433,
    "60":0.5355129650507328,
    "61":0.6341600901916573,
    "62":1.0005636978579482,
    "63":0.5214205186020293,
    "64":0.8314543404735062,
    "65":0.5073280721533258,
    "66":0.6905298759864713,
    "67":0.6623449830890643,
    "68":0.6764374295377678,
    "69":0.5918827508455468,
    "70":0.6200676437429538,
    "71":0.5918827508455468,
    "72":0.5073280721533258,
    "73":0.7187147688838782,
    "74":0.5918827508455468,
    "75":0.5214205186020293,
    "76":0.7328072153325818,
    "77":0.6623449830890643,
    "78":0.7187147688838782,
    "79":0.5496054114994363,
    "80":0.5355129650507328,
    "81":0.5073280721533258,
    "82":0.4086809470124014,
    "83":0.6623449830890643,
    "84":0.4650507328072154,
    "85":0.5214205186020293,
    "86":0.5777903043968433,
    "87":0.6341600901916573,
    "88":0.2959413754227734,
    "89":0.4227733934611048,
    "90":0.4368658399098084,
    "91":0.2959413754227734,
    "92":0.4227733934611048,
    "93":0.3945885005636978,
    "94":0.3100338218714769,
    "95":0.3523111612175874,
    "96":0.3664036076662909,
    "97":0.4086809470124014,
    "98":0.3382187147688839,
    "99":0.3100338218714769,
    "100":0.2536640360766629,
    "101":0.2536640360766629,
    "102":0.5777903043968433,
    "103":0.3241262683201804,
    "104":0.2818489289740699,
    "105":0.2959413754227734,
    "106":0.3241262683201804,
    "107":0.18320180383314544,
    "108":0.2254791431792559,
    "109":0.3664036076662909,
    "110":0.2113866967305524,
    "111":0.3664036076662909,
    "112":0.1972942502818489,
    "113":0.3382187147688839,
    "114":0.3382187147688839,
    "115":0.2536640360766629,
    "116":0.3523111612175874,
    "117":0.3664036076662909,
    "118":0.2818489289740699,
    "119":0.4509582863585118,
    "120":0.2536640360766629,
    "121":0.2254791431792559,
    "122":0.18320180383314544,
    "123":0.2113866967305524,
    "124":0.2113866967305524,
    "125":0.18320180383314544,
    "126":0.12683201803833144,
    "127":0.1972942502818489,
    "128":0.2395715896279594,
    "129":0.15501691093573844,
    "130":0.3664036076662909,
    "131":0.3241262683201804,
    "132":0.2113866967305524,
    "133":0.2254791431792559,
    "134":0.2677564825253664,
    "135":0.2959413754227734,
    "136":0.2818489289740699,
    "137":0.3100338218714769,
    "138":0.2395715896279594,
    "139":0.2113866967305524,
    "140":0.07046223224351747,
    "141":0.15501691093573844,
    "142":0.15501691093573844,
    "143":0.15501691093573844,
    "144":0.12683201803833144,
    "145":0.2113866967305524,
    "146":0.14092446448703494,
    "147":0.16910935738444194,
    "148":0.15501691093573844,
    "149":0.2113866967305524,
    "150":0.12683201803833144,
    "151":0.1972942502818489,
    "152":0.2254791431792559,
    "153":0.14092446448703494,
    "154":0.042277339346110485,
    "155":0.014092446448703494,
    "156":0.07046223224351747,
    "157":0.14092446448703494,
    "158":0.09864712514092445,
    "159":0.11273957158962795,
    "160":0.042277339346110485,
    "161":0.12683201803833144,
    "162":0.02818489289740699,
    "163":0.07046223224351747,
    "164":0.02818489289740699,
    "165":0.014092446448703494,
    "166":0.11273957158962795,
    "167":0.042277339346110485,
    "168":0.042277339346110485,
    "169":0.08455467869222097,
    "170":0.07046223224351747,
    "171":0.14092446448703494,
    "172":0.12683201803833144,
    "173":0.014092446448703494,
    "174":0.042277339346110485,
    "175":0.05636978579481398,
    "176":0.08455467869222097,
    "177":0.0,
    "178":0.05636978579481398,
    "179":0.08455467869222097,
    "180":0.02818489289740699,
    "181":0.08455467869222097,
    "182":0.02818489289740699,
    "183":0.07046223224351747,
    "184":0.07046223224351747,
    "185":0.09864712514092445,
    "186":0.07046223224351747,
    "187":0.05636978579481398,
    "188":0.05636978579481398,
    "189":0.08455467869222097,
    "190":0.09864712514092445,
    "191":0.05636978579481398,
    "192":0.07046223224351747,
    "193":0.05636978579481398,
    "194":0.05636978579481398,
    "195":0.11273957158962795,
    "196":0.09864712514092445,
    "197":0.09864712514092445,
    "198":0.08455467869222097,
    "199":0.014092446448703494,
    "200":0.09864712514092445,
    "201":0.042277339346110485,
    "202":0.05636978579481398,
    "203":0.11273957158962795,
    "204":0.11273957158962795,
    "205":0.042277339346110485,
    "206":0.014092446448703494,
    "207":0.0,
    "208":0.014092446448703494,
    "209":0.05636978579481398,
    "210":0.014092446448703494,
    "211":0.042277339346110485,
    "212":0.014092446448703494,
    "213":0.042277339346110485,
    "214":0.0,
    "215":0.042277339346110485,
    "216":0.02818489289740699,
    "217":0.014092446448703494,
    "218":0.014092446448703494,
    "219":0.02818489289740699,
    "220":0.02818489289740699,
    "221":0.014092446448703494,
    "222":0.02818489289740699,
    "223":0.05636978579481398,
    "224":0.014092446448703494,
    "225":0.014092446448703494,
    "226":0.0,
    "227":0.02818489289740699,
    "228":0.014092446448703494,
    "229":0.014092446448703494,
    "230":0.042277339346110485,
    "231":0.014092446448703494,
    "232":0.02818489289740699,
    "233":0.05636978579481398,
    "234":0.042277339346110485,
    "235":0.014092446448703494,
    "236":0.014092446448703494,
    "237":0.0,
    "238":0.0,
    "239":0.014092446448703494,
    "240":0.014092446448703494,
    "241":0.0,
    "242":0.0,
    "243":0.0,
    "244":0.0,
    "245":0.0,
    "246":0.014092446448703494,
    "247":0.0,
    "248":0.014092446448703494,
    "249":0.0,
    "250":0.014092446448703494,
    "251":0.02818489289740699,
    "252":0.0,
    "253":0.0,
    "254":0.0,
    "255":0.0,
    "256":0.014092446448703494,
    "257":0.0,
    "258":0.0,
    "259":0.014092446448703494,
    "260":0.014092446448703494,
    "261":0.014092446448703494,
    "262":0.0,
    "263":0.0,
    "264":0.014092446448703494,
    "265":0.014092446448703494,
    "266":0.02818489289740699,
    "267":0.0,
    "268":0.014092446448703494,
    "269":0.0,
    "270":0.0,
    "271":0.014092446448703494,
    "272":0.0,
    "273":0.014092446448703494,
    "274":0.014092446448703494,
    "275":0.0,
    "276":0.0,
    "277":0.02818489289740699,