{
    "0":1.6797978296417424,
    "1":0.5500222982012785,
    "2":0.6838115058718597,
    "3":1.2041028690352311,
    "4":1.546008621971161,
    "5":1.3973539467816263,
    "6":1.2784302066299986,
    "7":0.8324661810613945,
    "8":0.6986769733908131,
    "9":0.4608294930875576,
    "10":0.7581388434666271,
    "11":0.8176007135424409,
    "12":0.8919280511372083,
    "13":0.787869778504534,
    "14":1.1743719339973242,
    "15":0.787869778504534,
    "16":0.8324661810613945,
    "17":0.5500222982012785,
    "18":1.040582726326743,
    "19":0.6243496357960457,
    "20":0.8027352460234874,
    "21":0.6392151033149993,
    "22":0.8027352460234874,
    "23":0.7432733759476735,
    "24":0.6540805708339527,
    "25":0.8919280511372083,
    "26":0.5797532332391854,
    "27":0.8324661810613945,
    "28":0.7432733759476735,
    "29":0.72840790842872,
    "30":0.8770625836182547,
    "31":0.8621971160993013,
    "32":0.8473316485803479,
    "33":0.8621971160993013,
    "34":1.0554481938456963,
    "35":0.8473316485803479,
    "36":0.8324661810613945,
    "37":0.8919280511372083,
    "38":0.72840790842872,
    "39":0.7730043109855805,
    "40":0.8770625836182547,
    "41":0.6094841682770923,
    "42":0.8176007135424409,
    "43":0.6540805708339527,
    "44":0.72840790842872,
    "45":0.8176007135424409,
    "46":1.0554481938456963,
    "47":0.787869778504534,
    "48":0.8027352460234874,
    "49":0.5351568306823249,
    "50":0.7730043109855805,
    "51":0.787869778504534,
    "52":0.8027352460234874,
    "53":0.9365244536940687,
    "54":0.6986769733908131,
    "55":0.44596402556860415,
    "56":0.6986769733908131,
    "57":0.6243496357960457,
    "58":0.6540805708339527,
    "59":0.8770625836182547,
    "60":0.787869778504534,
    "61":0.6540805708339527,
    "62":0.8027352460234874,
    "63":0.8324661810613945,
    "64":0.6392151033149993,
    "65":0.8621971160993013,
    "66":0.9216589861751152,
    "67":0.8621971160993013,
    "68":0.8176007135424409,
    "69":0.6392151033149993,
    "70":0.6540805708339527,
    "71":0.7730043109855805,
    "72":0.8473316485803479,
    "73":0.6986769733908131,
    "74":0.7432733759476735,
    "75":0.9662553887319757,
    "76":0.6986769733908131,
    "77":0.6540805708339527,
    "78":0.6838115058718597,
    "79":0.7135424409097666,
    "80":0.8324661810613945,
    "81":0.6838115058718597,
    "82":0.8176007135424409,
    "83":0.5946187007581388,
    "84":0.72840790842872,
    "85":0.8770625836182547,
    "86":0.7730043109855805,
    "87":0.7581388434666271,
    "88":0.6094841682770923,
    "89":0.6094841682770923,
    "90":0.6094841682770923,
    "91":0.5946187007581388,
    "92":0.5946187007581388,
    "93":0.6094841682770923,
    "94":0.6094841682770923,
    "95":0.5202913631633715,
    "96":0.3567712204548833,
    "97":0.38650215549279027,
    "98":0.3567712204548833,
    "99":0.5202913631633715,
    "100":0.5202913631633715,
    "101":0.3567712204548833,
    "102":0.505425895644418,
    "103":0.44596402556860415,
    "104":0.37163668797383675,
    "105":0.3567712204548833,
    "106":0.37163668797383675,
    "107":0.44596402556860415,
    "108":0.26757841534116245,
    "109":0.31217481789802287,
    "110":0.34190575293592984,
    "111":0.28244388286011596,
    "112":0.43109855804965064,
    "113":0.44596402556860415,
    "114":0.44596402556860415,
    "115":0.34190575293592984,
    "116":0.37163668797383675,
    "117":0.34190575293592984,
    "118":0.43109855804965064,
    "119":0.31217481789802287,
    "120":0.31217481789802287,
    "121":0.37163668797383675,
    "122":0.2378474803032555,
    "123":0.37163668797383675,
    "124":0.26757841534116245,
    "125":0.2378474803032555,
    "126":0.2973093503790694,
    "127":0.252712947822209,
    "128":0.28244388286011596,
    "129":0.41623309053069724,
    "130":0.2378474803032555,
    "131":0.22298201278430207,
    "132":0.22298201278430207,
    "133":0.20811654526534862,
    "134":0.28244388286011596,
    "135":0.16352014270848816,
    "136":0.252712947822209,
    "137":0.19325107774639513,
    "138":0.19325107774639513,
    "139":0.26757841534116245,
    "140":0.17838561022744165,
    "141":0.10405827263267431,
    "142":0.20811654526534862,
    "143":0.10405827263267431,
    "144":0.19325107774639513,
    "145":0.2378474803032555,
    "146":0.13378920767058122,
    "147":0.17838561022744165,
    "148":0.11892374015162775,
    "149":0.10405827263267431,
    "150":0.1486546751895347,
    "151":0.13378920767058122,
    "152":0.059461870075813876,
    "153":0.252712947822209,
    "154":0.16352014270848816,
    "155":0.16352014270848816,
    "156":0.029730935037906938,
    "157":0.1486546751895347,
    "158":0.07432733759476735,
    "159":0.13378920767058122,
    "160":0.13378920767058122,
    "161":0.07432733759476735,
    "162":0.059461870075813876,
    "163":0.19325107774639513,
    "164":0.059461870075813876,
    "165":0.07432733759476735,
    "166":0.029730935037906938,
    "167":0.11892374015162775,
    "168":0.07432733759476735,
    "169":0.07432733759476735,
    "170":0.11892374015162775,
    "171":0.07432733759476735,
    "172":0.059461870075813876,
    "173":0.08919280511372082,
    "174":0.13378920767058122,
    "175":0.17838561022744165,
    "176":0.11892374015162775,
    "177":0.04459640255686041,
    "178":0.059461870075813876,
    "179":0.07432733759476735,
    "180":0.10405827263267431,
    "181":0.08919280511372082,
    "182":0.029730935037906938,
    "183":0.059461870075813876,
    "184":0.08919280511372082,
    "185":0.08919280511372082,
    "186":0.13378920767058122,
    "187":0.13378920767058122,
    "188":0.16352014270848816,
    "189":0.08919280511372082,
    "190":0.059461870075813876,
    "191":0.13378920767058122,
    "192":0.08919280511372082,
    "193":0.10405827263267431,
    "194":0.059461870075813876,
    "195":0.10405827263267431,
    "196":0.04459640255686041,
    "197":0.014865467518953469,
    "198":0.07432733759476735,
    "199":0.029730935037906938,
    "200":0.014865467518953469,
    "201":0.04459640255686041,
    "202":0.0,
    "203":0.029730935037906938,
    "204":0.04459640255686041,
    "205":0.029730935037906938,
    "206":0.04459640255686041,
    "207":0.0,
    "208":0.04459640255686041,
    "209":0.014865467518953469,
    "210":0.0,
    "211":0.029730935037906938,
    "212":0.014865467518953469,
    "213":0.059461870075813876,
    "214":0.029730935037906938,
    "215":0.029730935037906938,
    "216":0.029730935037906938,
    "217":0.029730935037906938,
    "218":0.07432733759476735,
    "219":0.0,
    "220":0.059461870075813876,
    "221":0.07432733759476735,
    "222":0.059461870075813876,
    "223":0.029730935037906938,
    "224":0.04459640255686041,
    "225":0.07432733759476735,
    "226":0.059461870075813876,
    "227":0.059461870075813876,
    "228":0.04459640255686041,
    "229":0.07432733759476735,
    "230":0.014865467518953469,
    "231":0.029730935037906938,
    "232":0.04459640255686041,
    "233":0.029730935037906938,
    "234":0.07432733759476735,
    "235":0.014865467518953469,
    "236":0.014865467518953469,
    "237":0.029730935037906938,
    "238":0.04459640255686041,
    "239":0.014865467518953469,
    "240":0.029730935037906938,
    "241":0.04459640255686041,
    "242":0.059461870075813876,
    "243":0.04459640255686041,
    "244":0.04459640255686041,
    "245":0.014865467518953469,
    "246":0.04459640255686041,
    "247":0.029730935037906938,
    "248":0.059461870075813876,
    "249":0.029730935037906938,
    "250":0.07432733759476735,
    "251":0.014865467518953469,
    "252":0.029730935037906938,
    "253":0.04459640255686041,
    "254":0.0,
    "255":0.014865467518953469,
    "256":0.014865467518953469,
    "257":0.014865467518953469,
    "258":0.029730935037906938,
    "259":0.014865467518953469,
    "260":0.029730935037906938,
    "261":0.0,
    "262":0.0,
    "263":0.029730935037906938,
    "264":0.029730935037906938,
    "265":0.0,
    "266":0.014865467518953469,
    "267":0.014865467518953469,