{
    "0":3.597616865261228,
    "1":0.653070577451879,
    "2":2.4289642529789184,
    "3":2.0623281393217234,
    "4":0.9967919340054995,
    "5":1.237396883593034,
    "6":1.3519706691109075,
    "7":1.8446379468377634,
    "8":1.5467461044912925,
    "9":2.2456461961503207,
    "10":1.73006416131989,
    "11":1.5238313473877176,
    "12":2.0967002749770853,
    "13":1.4092575618698442,
    "14":1.466544454628781,
    "15":1.0884509624197984,
    "16":1.4894592117323557,
    "17":1.6498625114573784,
    "18":1.6842346471127405,
    "19":1.3519706691109075,
    "20":1.180109990834097,
    "21":1.076993583868011,
    "22":1.1915673693858846,
    "23":1.271769019248396,
    "24":1.237396883593034,
    "25":1.3175985334555453,
    "26":1.3175985334555453,
    "27":1.4092575618698442,
    "28":1.4436296975252063,
    "29":1.466544454628781,
    "30":1.1915673693858846,
    "31":1.3978001833180569,
    "32":1.008249312557287,
    "33":1.2259395050412465,
    "34":1.0655362053162236,
    "35":0.9280476626947756,
    "36":0.9624197983501375,
    "37":1.2603116406966086,
    "38":1.0540788267644363,
    "39":1.2832263978001834,
    "40":1.3519706691109075,
    "41":1.0884509624197984,
    "42":1.1571952337305225,
    "43":1.2603116406966086,
    "44":1.2603116406966086,
    "45":1.2488542621448213,
    "46":1.076993583868011,
    "47":1.042621448212649,
    "48":0.7791017415215399,
    "49":0.618698441796517,
    "50":0.8478460128322639,
    "51":0.7447296058661779,
    "52":0.7447296058661779,
    "53":0.8478460128322639,
    "54":0.8936755270394133,
    "55":0.618698441796517,
    "56":0.5499541704857929,
    "57":0.6301558203483043,
    "58":0.6989000916590284,
    "59":0.6301558203483043,
    "60":0.5843263061411549,
    "61":0.7447296058661779,
    "62":0.6989000916590284,
    "63":0.5728689275893676,
    "64":0.5728689275893676,
    "65":0.5843263061411549,
    "66":0.653070577451879,
    "67":0.5728689275893676,
    "68":0.7905591200733272,
    "69":0.6072410632447296,
    "70":0.5843263061411549,
    "71":0.5614115490375802,
    "72":0.4124656278643446,
    "73":0.458295142071494,
    "74":0.5957836846929423,
    "75":0.4697525206232814,
    "76":0.5843263061411549,
    "77":0.48120989917506873,
    "78":0.3780934922089826,
    "79":0.42392300641613195,
    "80":0.5384967919340055,
    "81":0.458295142071494,
    "82":0.44683776351970667,
    "83":0.618698441796517,
    "84":0.2635197066911091,
    "85":0.29789184234647115,
    "86":0.29789184234647115,
    "87":0.3437213565536205,
    "88":0.229147571035747,
    "89":0.19477543538038497,
    "90":0.229147571035747,
    "91":0.2062328139321723,
    "92":0.27497708524289644,
    "93":0.3437213565536205,
    "94":0.3093492208982585,
    "95":0.3551787351054079,
    "96":0.24060494958753437,
    "97":0.29789184234647115,
    "98":0.2635197066911091,
    "99":0.229147571035747,
    "100":0.19477543538038497,
    "101":0.19477543538038497,
    "102":0.32080659945004586,
    "103":0.13748854262144822,
    "104":0.19477543538038497,
    "105":0.19477543538038497,
    "106":0.17186067827681026,
    "107":0.17186067827681026,
    "108":0.229147571035747,
    "109":0.17186067827681026,
    "110":0.17186067827681026,
    "111":0.2635197066911091,
    "112":0.3093492208982585,
    "113":0.14894592117323557,
    "114":0.10311640696608615,
    "115":0.09165902841429881,
    "116":0.05728689275893675,
    "117":0.10311640696608615,
    "118":0.045829514207149404,
    "119":0.022914757103574702,
    "120":0.08020164986251146,
    "121":0.08020164986251146,
    "122":0.045829514207149404,
    "123":0.08020164986251146,
    "124":0.05728689275893675,
    "125":0.05728689275893675,
    "126":0.08020164986251146,
    "127":0.1145737855178735,
    "128":0.034372135655362054,
    "129":0.045829514207149404,
    "130":0.12603116406966086,
    "131":0.022914757103574702,
    "132":0.045829514207149404,
    "133":0.034372135655362054,
    "134":0.011457378551787351,
    "135":0.045829514207149404,
    "136":0.09165902841429881,
    "137":0.09165902841429881,
    "138":0.08020164986251146,
    "139":0.05728689275893675,
    "140":0.06874427131072411,
    "141":0.034372135655362054,
    "142":0.06874427131072411,
    "143":0.08020164986251146,
    "144":0.022914757103574702,
    "145":0.10311640696608615,
    "146":0.10311640696608615,
    "147":0.045829514207149404,
    "148":0.1145737855178735,
    "149":0.045829514207149404,
    "150":0.034372135655362054,
    "151":0.06874427131072411,
    "152":0.022914757103574702,
    "153":0.034372135655362054,
    "154":0.08020164986251146,
    "155":0.022914757103574702,
    "156":0.06874427131072411,
    "157":0.034372135655362054,
    "158":0.08020164986251146,
    "159":0.022914757103574702,
    "160":0.011457378551787351,
    "161":0.045829514207149404,
    "162":0.0,
    "163":0.011457378551787351,
    "164":0.0,
    "165":0.0,
    "166":0.011457378551787351,
    "167":0.011457378551787351,
    "168":0.011457378551787351,
    "169":0.0,
    "170":0.011457378551787351,
    "171":0.0,
    "172":0.0,
    "173":0.022914757103574702,
    "174":0.011457378551787351,
    "175":0.0,
    "176":0.011457378551787351,
    "177":0.0,
    "178":0.0,
    "179":0.0,
    "180":0.0,
    "181":0.0,
    "182":0.0,
    "183":0.0,
    "184":0.0,
    "185":0.0,
    "186":0.0,
    "187":0.0,
    "188":0.0,
    "189":0.0,
    "190":0.011457378551787351,
    "191":0.0,
    "192":0.045829514207149404,
    "193":0.0,
    "194":0.0,
    "195":0.0,
    "196":0.0,
    "197":0.0,
    "198":0.0,
    "199":0.0,
    "200":0.0,
    "201":0.011457378551787351,
    "202":0.0,
    "203":0.0,
    "204":0.011457378551787351,
    "205":0.011457378551787351,
    "206":0.0,
    "207":0.0,
    "208":0.0,
    "209":0.0,
    "210":0.0,
    "211":0.0,
    "212":0.0,
    "213":0.0,
    "214":0.0,
    "215":0.011457378551787351,
    "216":0.0,
    "217":0.0,
    "218":0.011457378551787351,
    "219":0.0,
    "220":0.0,
    "221":0.0,
    "222":0.0,
    "223":0.0,
    "224":0.011457378551787351,
    "225":0.0,
    "226":0.0,
    "227":0.0,
    "228":0.011457378551787351,
    "229":0.0,
    "230":0.0,
    "231":0.011457378551787351,
    "232":0.0,
    "233":0.011457378551787351,
    "234":0.011457378551787351,
    "235":0.0,
    "236":0.0,
    "237":0.0,
    "238":0.0,
    "239":0.0,
    "240":0.0,
    "241":0.0,
    "242":0.022914757103574702,
    "243":0.0,
    "244":0.0,
    "245":0.0,
    "246":0.0,
    "247":0.0,
    "248":0.0,
    "249":0.0,
    "250":0.0,
    "251":0.011457378551787351,
    "252":0.0,
    "253":0.011457378551787351,
    "254":0.0,
    "255":0.0,
    "256":0.0,
    "257":0.011457378551787351,
    "258":0.0,
    "259":0.011457378551787351,
    "260":0.0,
    "261":0.0,
    "262":0.0,
    "263":0.0,
    "264":0.011457378551787351,
    "265":0.0,
    "266":0.0,
    "267":0.0,
    "268":0.0,
    "269":0.0,
    "270":0.0,
    "271":0.0,
    "272":0.022914757103574702,
    "273":0.011457378551787351,
    "274":0.0,
    "275":0.0,
    "276":0.0,
    "277":0.011457378551787351,
    "278":0.0,
    "279":0.0,
    "280":0.0,
    "281":0.0,
    "282":0.0,
    "283":0.0,
    "284":0.0,
    "285":0.0,
    "286":0.0,
    "287":0.0,
    "288":0.0,
    "289":0.022914757103574702,
    "290":0.0,
    "291":0.0,
    "292":0.0,
    "293":0.0,
    "294":0.0,
    "295":0.0,
    "296":0.0,
    "297":0.0,
    "298":0.0,
    "299":0.0,
    "300":0.0,
    "301":0.0,
    "302":0.0,
    "303":0.011457378551787351,
    "304":0.011457378551787351,
    "305":0.0,
    "306":0.0,
    "307":0.0,
    "308":0.011457378551787351,
    "309":0.0,
    "310":0.0,
    "311":0.0,
    "312":0.0,
    "313":0.0,
    "314":0.0,
    "315":0.0,
    "316":0.0,
    "317":0.0,
    "318":0.0,
    "319":0.0,
    "320":0.0,
    "321":0.0,
    "322":0.0,
    "323":0.0,
    "324":0.0,
    "325":0.011457378551787351,
    "326":0.011457378551787351,
    "327":0.0,
    "328":0.0,
    "329":0.0,
    "330":0.0,
    "331":0.0,
    "332":0.0,
    "333":0.0,