{
    "0":4.980047885075818,
    "1":2.3703112529928174,
    "2":3.4956105347166795,
    "3":1.1093375897845172,
    "4":0.7980845969672785,
    "5":1.7238627294493218,
    "6":1.9553072625698324,
    "7":1.9632881085395053,
    "8":1.7238627294493218,
    "9":1.9233838786911415,
    "10":2.0909816440542697,
    "11":2.0989624900239425,
    "12":2.170790103750998,
    "13":1.6360734237829209,
    "14":1.8116520351157221,
    "15":1.5881883479648844,
    "16":1.452513966480447,
    "17":1.5323224261771748,
    "18":1.3966480446927374,
    "19":1.0614525139664803,
    "20":1.0135674381484436,
    "21":1.2210694333599361,
    "22":1.1013567438148444,
    "23":0.9177972865123704,
    "24":0.9257781324820431,
    "25":1.1173184357541899,
    "26":0.9656823623304069,
    "27":1.2290502793296088,
    "28":1.3487629688747007,
    "29":1.4046288906624103,
    "30":1.149241819632881,
    "31":1.2290502793296088,
    "32":1.3328012769353552,
    "33":1.4205905826017557,
    "34":1.2370311252992818,
    "35":1.157222665602554,
    "36":1.1093375897845172,
    "37":1.0614525139664803,
    "38":1.0614525139664803,
    "39":1.0534716679968077,
    "40":1.0135674381484436,
    "41":0.8060654429369513,
    "42":0.9018355945730248,
    "43":0.9098164405426976,
    "44":0.9896249002394254,
    "45":0.782122905027933,
    "46":0.8699122106943337,
    "47":0.9337589784517158,
    "48":0.9497206703910615,
    "49":1.181165203511572,
    "50":0.9577015163607342,
    "51":0.7901037509976058,
    "52":0.822027134876297,
    "53":0.8300079808459697,
    "54":0.9257781324820431,
    "55":0.8858739026336792,
    "56":0.6624102154828412,
    "57":0.9497206703910615,
    "58":0.7262569832402235,
    "59":0.5985634477254589,
    "60":0.7023144453312051,
    "61":0.5586592178770949,
    "62":0.5506783719074222,
    "63":0.4389465283320032,
    "64":0.5746209098164405,
    "65":0.35115722266560256,
    "66":0.3671189146049481,
    "67":0.3671189146049481,
    "68":0.46288906624102155,
    "69":0.5107741420590582,
    "70":0.5187549880287311,
    "71":0.4229848363926576,
    "72":0.4788507581803671,
    "73":0.4070231444533121,
    "74":0.5107741420590582,
    "75":0.34317637669592976,
    "76":0.3591380686352753,
    "77":0.32721468475658416,
    "78":0.4549082202713488,
    "79":0.3591380686352753,
    "80":0.4070231444533121,
    "81":0.3910614525139665,
    "82":0.3591380686352753,
    "83":0.2713487629688747,
    "84":0.3671189146049481,
    "85":0.39904229848363926,
    "86":0.4070231444533121,
    "87":0.4549082202713488,
    "88":0.21548284118116523,
    "89":0.28731045490822027,
    "90":0.46288906624102155,
    "91":0.3112529928172386,
    "92":0.28731045490822027,
    "93":0.32721468475658416,
    "94":0.295291300877893,
    "95":0.19952114924181963,
    "96":0.3192338387869114,
    "97":0.2633679169992019,
    "98":0.2553870710295291,
    "99":0.24740622505985635,
    "100":0.17557861133280128,
    "101":0.19952114924181963,
    "102":0.19154030327214686,
    "103":0.10375099760574621,
    "104":0.11971268954509177,
    "105":0.11971268954509177,
    "106":0.16759776536312848,
    "107":0.13567438148443736,
    "108":0.10375099760574621,
    "109":0.09577015163607343,
    "110":0.11173184357541899,
    "111":0.055865921787709494,
    "112":0.11173184357541899,
    "113":0.09577015163607343,
    "114":0.13567438148443736,
    "115":0.055865921787709494,
    "116":0.07980845969672785,
    "117":0.09577015163607343,
    "118":0.09577015163607343,
    "119":0.10375099760574621,
    "120":0.12769353551476456,
    "121":0.07980845969672785,
    "122":0.06384676775738228,
    "123":0.12769353551476456,
    "124":0.055865921787709494,
    "125":0.03990422984836393,
    "126":0.11971268954509177,
    "127":0.09577015163607343,
    "128":0.10375099760574621,
    "129":0.07980845969672785,
    "130":0.07182761372705507,
    "131":0.03192338387869114,
    "132":0.10375099760574621,
    "133":0.03192338387869114,
    "134":0.09577015163607343,
    "135":0.03192338387869114,
    "136":0.07182761372705507,
    "137":0.055865921787709494,
    "138":0.09577015163607343,
    "139":0.07980845969672785,
    "140":0.023942537909018357,
    "141":0.007980845969672785,
    "142":0.07182761372705507,
    "143":0.07182761372705507,
    "144":0.01596169193934557,
    "145":0.007980845969672785,
    "146":0.03990422984836393,
    "147":0.03192338387869114,
    "148":0.03192338387869114,
    "149":0.023942537909018357,
    "150":0.01596169193934557,
    "151":0.03192338387869114,
    "152":0.03192338387869114,
    "153":0.055865921787709494,
    "154":0.03192338387869114,
    "155":0.06384676775738228,
    "156":0.023942537909018357,
    "157":0.023942537909018357,
    "158":0.01596169193934557,
    "159":0.03192338387869114,
    "160":0.007980845969672785,
    "161":0.007980845969672785,
    "162":0.0,
    "163":0.007980845969672785,
    "164":0.01596169193934557,
    "165":0.0,
    "166":0.01596169193934557,
    "167":0.03990422984836393,
    "168":0.007980845969672785,
    "169":0.007980845969672785,
    "170":0.03192338387869114,
    "171":0.007980845969672785,
    "172":0.0,
    "173":0.0,
    "174":0.007980845969672785,
    "175":0.0,
    "176":0.007980845969672785,
    "177":0.0,
    "178":0.01596169193934557,
    "179":0.0,
    "180":0.0,
    "181":0.0,
    "182":0.007980845969672785,
    "183":0.0,
    "184":0.007980845969672785,
    "185":0.007980845969672785,
    "186":0.0,
    "187":0.007980845969672785,
    "188":0.0,
    "189":0.007980845969672785,
    "190":0.007980845969672785,
    "191":0.0,
    "192":0.023942537909018357,
    "193":0.0,
    "194":0.0,
    "195":0.047885075818036714,
    "196":0.0,
    "197":0.0,
    "198":0.0,
    "199":0.0,
    "200":0.0,
    "201":0.007980845969672785,
    "202":0.0,
    "203":0.007980845969672785,
    "204":0.0,
    "205":0.0,
    "206":0.0,
    "207":0.0,
    "208":0.007980845969672785,
    "209":0.007980845969672785,
    "210":0.0,
    "211":0.007980845969672785,
    "212":0.0,
    "213":0.0,
    "214":0.0,
    "215":0.007980845969672785,
    "216":0.007980845969672785,
    "217":0.0,
    "218":0.03192338387869114,
    "219":0.0,
    "220":0.0,
    "221":0.0,
    "222":0.0,
    "223":0.0,
    "224":0.0,
    "225":0.0,
    "226":0.0,
    "227":0.0,
    "228":0.0,
    "229":0.0,
    "230":0.0,
    "231":0.0,
    "232":0.0,
    "233":0.0,
    "234":0.0,
    "235":0.0,
    "236":0.0,
    "237":0.0,
    "238":0.0,
    "239":0.0,
    "240":0.0,
    "241":0.0,
    "242":0.0,
    "243":0.0,
    "244":0.0,
    "245":0.0,
    "246":0.0,
    "247":0.0,
    "248":0.0,
    "249":0.0,
    "250":0.0,
    "251":0.0,
    "252":0.0,
    "253":0.0,
    "254":0.0,
    "255":0.0,
    "256":0.0,
    "257":0.0,
    "258":0.0,
    "259":0.0,
    "260":0.0,
    "261":0.0,
    "262":0.0,
    "263":0.0,
    "264":0.0,
    "265":0.0,
    "266":0.0,
    "267":0.0,
    "268":0.0,
    "269":0.0,
    "270":0.0,
    "271":0.0,
    "272":0.0,
    "273":0.0,
    "274":0.0,
    "275":0.0,
    "276":0.0,
    "277":0.0,
    "278":0.0,
    "279":0.0,
    "280":0.0,
    "281":0.0,
    "282":0.0,
    "283":0.0,
    "284":0.0,
    "285":0.0,
    "286":0.0,
    "287":0.0,
    "288":0.0,
    "289":0.0,
    "290":0.0,
    "291":0.0,
    "292":0.0,
    "293":0.0,
    "294":0.0,
    "295":0.0,
    "296":0.0,
    "297":0.0,
    "298":0.0,
    "299":0.0,
    "300":0.0,
    "301":0.0,
    "302":0.0,
    "303":0.0,
    "304":0.0,
    "305":0.0,
    "306":0.0,
    "307":0.0,
    "308":0.0,
    "309":0.0,
    "310":0.0,
    "311":0.0,
    "312":0.0,
    "313":0.0,
    "314":0.0,
    "315":0.0,
    "316":0.0,
    "317":0.0,
    "318":0.0,
    "319":0.0,
    "320":0.0,
    "321":0.0,
    "322":0.0,
    "323":0.0,
    "324":0.0,
    "325":0.0,
    "326":0.0,
    "327":0.0,
    "328":0.007980845969672785,
    "329":0.0,
    "330":0.0,
    "331":0.0,
    "332":0.0,
    "333":0.0,
    "334":0.0,
    "335":0.0,
    "336":0.0,
    "337":0.0,
    "338":0.0,
    "339":0.0,
    "340":0.0,
    "341":0.0,