{
    "0":5.920644761314321,
    "1":0.27898326100433973,
    "2":0.4184748915065096,
    "3":0.27898326100433973,
    "4":0.15499070055796654,
    "5":0.2014879107253565,
    "6":0.18598884066955984,
    "7":0.2634841909485431,
    "8":0.38747675139491633,
    "9":0.3099814011159331,
    "10":0.38747675139491633,
    "11":0.5579665220086795,
    "12":0.4339739615623063,
    "13":0.5269683818970862,
    "14":0.4184748915065096,
    "15":0.402975821450713,
    "16":0.27898326100433973,
    "17":0.29448233106013644,
    "18":0.4339739615623063,
    "19":0.5269683818970862,
    "20":0.5424674519528828,
    "21":0.6044637321760695,
    "22":0.4184748915065096,
    "23":0.6354618722876628,
    "24":0.6199628022318662,
    "25":0.7904525728456293,
    "26":0.8524488530688159,
    "27":0.805951642901426,
    "28":0.8989460632362059,
    "29":0.8989460632362059,
    "30":0.9144451332920025,
    "31":0.9454432734035958,
    "32":0.759454432734036,
    "33":1.2864228146311223,
    "34":1.1314321140731556,
    "35":1.208927464352139,
    "36":0.9299442033477991,
    "37":0.9764414135151891,
    "38":0.8369497830130193,
    "39":0.805951642901426,
    "40":0.9299442033477991,
    "41":0.9299442033477991,
    "42":1.0849349039057656,
    "43":1.208927464352139,
    "44":1.4259144451332921,
    "45":1.0074395536267824,
    "46":1.2864228146311223,
    "47":1.1779293242405457,
    "48":1.208927464352139,
    "49":1.1469311841289522,
    "50":0.8679479231246126,
    "51":0.9144451332920025,
    "52":0.8989460632362059,
    "53":0.7439553626782394,
    "54":1.0074395536267824,
    "55":1.3639181649101055,
    "56":0.9609423434593924,
    "57":0.8834469931804092,
    "58":0.8834469931804092,
    "59":0.8214507129572226,
    "60":0.9919404835709857,
    "61":0.7284562926224427,
    "62":0.7439553626782394,
    "63":1.1004339739615623,
    "64":0.9144451332920025,
    "65":0.8524488530688159,
    "66":0.805951642901426,
    "67":0.8214507129572226,
    "68":0.7284562926224427,
    "69":0.8524488530688159,
    "70":0.6354618722876628,
    "71":0.6664600123992561,
    "72":0.8989460632362059,
    "73":0.7129572225666461,
    "74":0.5579665220086795,
    "75":0.6664600123992561,
    "76":0.5424674519528828,
    "77":0.4339739615623063,
    "78":0.5424674519528828,
    "79":0.6819590824550528,
    "80":0.5889646621202729,
    "81":0.6509609423434595,
    "82":0.6199628022318662,
    "83":0.5889646621202729,
    "84":0.5424674519528828,
    "85":0.4804711717296962,
    "86":0.5579665220086795,
    "87":0.402975821450713,
    "88":0.21698698078115314,
    "89":0.1704897706137632,
    "90":0.10849349039057657,
    "91":0.21698698078115314,
    "92":0.13949163050216987,
    "93":0.2634841909485431,
    "94":0.2014879107253565,
    "95":0.402975821450713,
    "96":0.32548047117172973,
    "97":0.24798512089274644,
    "98":0.29448233106013644,
    "99":0.2634841909485431,
    "100":0.402975821450713,
    "101":0.2634841909485431,
    "102":0.21698698078115314,
    "103":0.29448233106013644,
    "104":0.1704897706137632,
    "105":0.35647861128332303,
    "106":0.32548047117172973,
    "107":0.4184748915065096,
    "108":0.27898326100433973,
    "109":0.27898326100433973,
    "110":0.18598884066955984,
    "111":0.21698698078115314,
    "112":0.32548047117172973,
    "113":0.29448233106013644,
    "114":0.2014879107253565,
    "115":0.15499070055796654,
    "116":0.2014879107253565,
    "117":0.2634841909485431,
    "118":0.29448233106013644,
    "119":0.15499070055796654,
    "120":0.29448233106013644,
    "121":0.27898326100433973,
    "122":0.15499070055796654,
    "123":0.32548047117172973,
    "124":0.27898326100433973,
    "125":0.35647861128332303,
    "126":0.1704897706137632,
    "127":0.2014879107253565,
    "128":0.21698698078115314,
    "129":0.18598884066955984,
    "130":0.2014879107253565,
    "131":0.12399256044637322,
    "132":0.2014879107253565,
    "133":0.2634841909485431,
    "134":0.27898326100433973,
    "135":0.3409795412275264,
    "136":0.1704897706137632,
    "137":0.29448233106013644,
    "138":0.24798512089274644,
    "139":0.18598884066955984,
    "140":0.2634841909485431,
    "141":0.21698698078115314,
    "142":0.3099814011159331,
    "143":0.24798512089274644,
    "144":0.18598884066955984,
    "145":0.10849349039057657,
    "146":0.13949163050216987,
    "147":0.2014879107253565,
    "148":0.2324860508369498,
    "149":0.2324860508369498,
    "150":0.2014879107253565,
    "151":0.10849349039057657,
    "152":0.1704897706137632,
    "153":0.15499070055796654,
    "154":0.2014879107253565,
    "155":0.21698698078115314,
    "156":0.24798512089274644,
    "157":0.2014879107253565,
    "158":0.2634841909485431,
    "159":0.10849349039057657,
    "160":0.10849349039057657,
    "161":0.1704897706137632,
    "162":0.24798512089274644,
    "163":0.15499070055796654,
    "164":0.15499070055796654,
    "165":0.2324860508369498,
    "166":0.13949163050216987,
    "167":0.2324860508369498,
    "168":0.09299442033477992,
    "169":0.13949163050216987,
    "170":0.24798512089274644,
    "171":0.13949163050216987,
    "172":0.21698698078115314,
    "173":0.1704897706137632,
    "174":0.10849349039057657,
    "175":0.07749535027898327,
    "176":0.2014879107253565,
    "177":0.12399256044637322,
    "178":0.15499070055796654,
    "179":0.1704897706137632,
    "180":0.18598884066955984,
    "181":0.1704897706137632,
    "182":0.12399256044637322,
    "183":0.1704897706137632,
    "184":0.10849349039057657,
    "185":0.06199628022318661,
    "186":0.13949163050216987,
    "187":0.09299442033477992,
    "188":0.10849349039057657,
    "189":0.06199628022318661,
    "190":0.18598884066955984,
    "191":0.2014879107253565,
    "192":0.21698698078115314,
    "193":0.13949163050216987,
    "194":0.15499070055796654,
    "195":0.13949163050216987,
    "196":0.1704897706137632,
    "197":0.09299442033477992,
    "198":0.09299442033477992,
    "199":0.07749535027898327,
    "200":0.06199628022318661,
    "201":0.12399256044637322,
    "202":0.10849349039057657,
    "203":0.18598884066955984,
    "204":0.10849349039057657,
    "205":0.13949163050216987,
    "206":0.07749535027898327,
    "207":0.15499070055796654,
    "208":0.015499070055796652,
    "209":0.12399256044637322,
    "210":0.07749535027898327,
    "211":0.13949163050216987,
    "212":0.09299442033477992,
    "213":0.10849349039057657,
    "214":0.09299442033477992,
    "215":0.06199628022318661,
    "216":0.07749535027898327,
    "217":0.15499070055796654,
    "218":0.06199628022318661,
    "219":0.12399256044637322,
    "220":0.015499070055796652,
    "221":0.030998140111593304,
    "222":0.07749535027898327,
    "223":0.030998140111593304,
    "224":0.12399256044637322,
    "225":0.13949163050216987,
    "226":0.07749535027898327,
    "227":0.12399256044637322,
    "228":0.030998140111593304,
    "229":0.04649721016738996,
    "230":0.06199628022318661,
    "231":0.13949163050216987,
    "232":0.030998140111593304,
    "233":0.06199628022318661,
    "234":0.030998140111593304,
    "235":0.04649721016738996,
    "236":0.07749535027898327,
    "237":0.015499070055796652,
    "238":0.0,
    "239":0.030998140111593304,
    "240":0.0,
    "241":0.030998140111593304,
    "242":0.04649721016738996,
    "243":0.04649721016738996,
    "244":0.015499070055796652,
    "245":0.0,
    "246":0.030998140111593304,
    "247":0.015499070055796652,
    "248":0.015499070055796652,
    "249":0.04649721016738996,
    "250":0.030998140111593304,
    "251":0.015499070055796652,
    "252":0.06199628022318661,
    "253":0.015499070055796652,
    "254":0.04649721016738996,
    "255":0.015499070055796652,
    "256":0.06199628022318661,
    "257":0.0,
    "258":0.06199628022318661,
    "259":0.0,
    "260":0.07749535027898327,
    "261":0.04649721016738996,
    "262":0.015499070055796652,
    "263":0.04649721016738996,
    "264":0.015499070055796652,
    "265":0.04649721016738996,
    "266":0.015499070055796652,