{
    "0":4.976619906479626,
    "1":0.16700066800267202,
    "2":2.7889111556446227,
    "3":2.571810287241149,
    "4":1.0521042084168337,
    "5":1.25250501002004,
    "6":0.918503674014696,
    "7":0.6847027388109552,
    "8":0.6847027388109552,
    "9":0.5511022044088176,
    "10":0.9018036072144289,
    "11":1.1523046092184368,
    "12":1.6867067468269874,
    "13":1.1857047428189713,
    "14":1.3694054776219104,
    "15":1.2859051436205744,
    "16":1.2859051436205744,
    "17":1.4362057448229792,
    "18":1.319305277221109,
    "19":0.9853039412157649,
    "20":1.2358049432197729,
    "21":0.7181028724114896,
    "22":0.7181028724114896,
    "23":0.6346025384101536,
    "24":0.7014028056112225,
    "25":0.8684034736138945,
    "26":1.1523046092184368,
    "27":0.7348029392117569,
    "28":1.1523046092184368,
    "29":1.0354041416165665,
    "30":1.2358049432197729,
    "31":1.1022044088176353,
    "32":1.25250501002004,
    "33":1.1356045424181698,
    "34":1.002004008016032,
    "35":1.068804275217101,
    "36":1.002004008016032,
    "37":0.9519038076152305,
    "38":0.8016032064128256,
    "39":0.9519038076152305,
    "40":1.319305277221109,
    "41":1.1356045424181698,
    "42":0.9352037408149633,
    "43":1.2024048096192386,
    "44":1.0354041416165665,
    "45":0.9018036072144289,
    "46":0.751503006012024,
    "47":0.9519038076152305,
    "48":0.6179024716098864,
    "49":0.43420173680694724,
    "50":0.5511022044088176,
    "51":0.5678022712090849,
    "52":0.6513026052104208,
    "53":0.8517034068136272,
    "54":0.918503674014696,
    "55":0.7682030728122912,
    "56":0.4175016700066801,
    "57":0.5511022044088176,
    "58":0.3841015364061456,
    "59":0.4175016700066801,
    "60":0.4008016032064128,
    "61":0.46760187040748163,
    "62":0.46760187040748163,
    "63":0.4175016700066801,
    "64":0.5177020708082832,
    "65":0.501002004008016,
    "66":0.5344021376085505,
    "67":0.3841015364061456,
    "68":0.43420173680694724,
    "69":0.46760187040748163,
    "70":0.26720106880427524,
    "71":0.6847027388109552,
    "72":0.8016032064128256,
    "73":0.5344021376085505,
    "74":0.46760187040748163,
    "75":0.7849031396125585,
    "76":0.501002004008016,
    "77":0.45090180360721444,
    "78":0.3841015364061456,
    "79":0.5344021376085505,
    "80":0.6680026720106881,
    "81":0.5177020708082832,
    "82":0.45090180360721444,
    "83":0.23380093520374082,
    "84":0.45090180360721444,
    "85":0.5344021376085505,
    "86":0.3173012692050768,
    "87":0.5177020708082832,
    "88":0.43420173680694724,
    "89":0.43420173680694724,
    "90":0.43420173680694724,
    "91":0.5344021376085505,
    "92":0.43420173680694724,
    "93":0.46760187040748163,
    "94":0.5177020708082832,
    "95":0.7014028056112225,
    "96":0.7348029392117569,
    "97":0.6513026052104208,
    "98":0.3173012692050768,
    "99":0.3841015364061456,
    "100":0.36740146960587844,
    "101":0.28390113560454244,
    "102":0.5678022712090849,
    "103":0.36740146960587844,
    "104":0.43420173680694724,
    "105":0.28390113560454244,
    "106":0.35070140280561124,
    "107":0.4008016032064128,
    "108":0.21710086840347362,
    "109":0.3173012692050768,
    "110":0.30060120240480964,
    "111":0.33400133600534404,
    "112":0.23380093520374082,
    "113":0.15030060120240482,
    "114":0.23380093520374082,
    "115":0.30060120240480964,
    "116":0.36740146960587844,
    "117":0.2004008016032064,
    "118":0.250501002004008,
    "119":0.26720106880427524,
    "120":0.23380093520374082,
    "121":0.23380093520374082,
    "122":0.21710086840347362,
    "123":0.15030060120240482,
    "124":0.28390113560454244,
    "125":0.06680026720106881,
    "126":0.30060120240480964,
    "127":0.15030060120240482,
    "128":0.1002004008016032,
    "129":0.2004008016032064,
    "130":0.250501002004008,
    "131":0.2004008016032064,
    "132":0.08350033400133601,
    "133":0.18370073480293922,
    "134":0.250501002004008,
    "135":0.30060120240480964,
    "136":0.250501002004008,
    "137":0.18370073480293922,
    "138":0.11690046760187041,
    "139":0.06680026720106881,
    "140":0.11690046760187041,
    "141":0.15030060120240482,
    "142":0.13360053440213762,
    "143":0.15030060120240482,
    "144":0.16700066800267202,
    "145":0.11690046760187041,
    "146":0.13360053440213762,
    "147":0.23380093520374082,
    "148":0.06680026720106881,
    "149":0.13360053440213762,
    "150":0.1002004008016032,
    "151":0.033400133600534405,
    "152":0.1002004008016032,
    "153":0.13360053440213762,
    "154":0.06680026720106881,
    "155":0.11690046760187041,
    "156":0.06680026720106881,
    "157":0.08350033400133601,
    "158":0.08350033400133601,
    "159":0.06680026720106881,
    "160":0.0501002004008016,
    "161":0.033400133600534405,
    "162":0.033400133600534405,
    "163":0.06680026720106881,
    "164":0.0501002004008016,
    "165":0.016700066800267203,
    "166":0.13360053440213762,
    "167":0.11690046760187041,
    "168":0.033400133600534405,
    "169":0.033400133600534405,
    "170":0.0501002004008016,
    "171":0.0501002004008016,
    "172":0.016700066800267203,
    "173":0.06680026720106881,
    "174":0.15030060120240482,
    "175":0.016700066800267203,
    "176":0.1002004008016032,
    "177":0.033400133600534405,
    "178":0.1002004008016032,
    "179":0.0501002004008016,
    "180":0.0501002004008016,
    "181":0.016700066800267203,
    "182":0.13360053440213762,
    "183":0.016700066800267203,
    "184":0.0501002004008016,
    "185":0.016700066800267203,
    "186":0.016700066800267203,
    "187":0.06680026720106881,
    "188":0.1002004008016032,
    "189":0.033400133600534405,
    "190":0.016700066800267203,
    "191":0.016700066800267203,
    "192":0.016700066800267203,
    "193":0.033400133600534405,
    "194":0.016700066800267203,
    "195":0.016700066800267203,
    "196":0.08350033400133601,
    "197":0.0,
    "198":0.0501002004008016,
    "199":0.0,
    "200":0.06680026720106881,
    "201":0.016700066800267203,
    "202":0.033400133600534405,
    "203":0.016700066800267203,
    "204":0.016700066800267203,
    "205":0.0,
    "206":0.016700066800267203,
    "207":0.033400133600534405,
    "208":0.0501002004008016,
    "209":0.016700066800267203,
    "210":0.06680026720106881,
    "211":0.0,
    "212":0.0501002004008016,
    "213":0.016700066800267203,
    "214":0.033400133600534405,
    "215":0.033400133600534405,
    "216":0.0,
    "217":0.0501002004008016,
    "218":0.033400133600534405,
    "219":0.033400133600534405,
    "220":0.016700066800267203,
    "221":0.0501002004008016,
    "222":0.0,
    "223":0.033400133600534405,
    "224":0.033400133600534405,
    "225":0.06680026720106881,
    "226":0.0,
    "227":0.08350033400133601,
    "228":0.033400133600534405,
    "229":0.0,
    "230":0.0,
    "231":0.0,
    "232":0.033400133600534405,
    "233":0.016700066800267203,
    "234":0.0501002004008016,
    "235":0.016700066800267203,
    "236":0.0,
    "237":0.033400133600534405,
    "238":0.016700066800267203,
    "239":0.016700066800267203,
    "240":0.016700066800267203,
    "241":0.033400133600534405,
    "242":0.0501002004008016,
    "243":0.0501002004008016,
    "244":0.033400133600534405,
    "245":0.016700066800267203,
    "246":0.016700066800267203,
    "247":0.08350033400133601,
    "248":0.0,
    "249":0.033400133600534405,
    "250":0.0501002004008016,
    "251":0.033400133600534405,
    "252":0.0,
    "253":0.0,
    "254":0.033400133600534405,
    "255":0.033400133600534405,
    "256":0.016700066800267203,
    "257":0.0501002004008016,
    "258":0.06680026720106881,
    "259":0.033400133600534405,
    "260":0.016700066800267203,
    "261":0.033400133600534405,
    "262":0.016700066800267203,
    "263":0.016700066800267203,
    "264":0.016700066800267203,
    "265":0.0,
    "266":0.016700066800267203,
    "267":0.0,
    "268":0.0,
    "269":0.0,
    "270":0.0,
    "271":0.06680026720106881,
    "272":0.033400133600534405,