{
    "0":2.8006351956113757,
    "1":1.8478417785477117,
    "2":2.699581348347048,
    "3":3.0749242096145517,
    "4":1.024974736538184,
    "5":0.635195611375776,
    "6":0.8806120975891439,
    "7":0.7939945142197199,
    "8":0.981665944853472,
    "9":1.0394110004330879,
    "10":0.7651219864299119,
    "11":1.0971560560127038,
    "12":0.7073769308502958,
    "13":0.851739569799336,
    "14":1.140464847697416,
    "15":0.9383571531687599,
    "16":0.86617583369424,
    "17":0.6929406669553919,
    "18":0.7218131947452,
    "19":0.678504403060488,
    "20":0.7651219864299119,
    "21":0.7218131947452,
    "22":0.86617583369424,
    "23":1.0827197921177998,
    "24":1.3137000144362638,
    "25":1.284827486646456,
    "26":1.140464847697416,
    "27":1.1837736393821279,
    "28":0.9383571531687599,
    "29":1.068283528222896,
    "30":1.198209903277032,
    "31":1.0394110004330879,
    "32":1.140464847697416,
    "33":0.996102208748376,
    "34":1.1837736393821279,
    "35":1.198209903277032,
    "36":1.1115923199076079,
    "37":0.996102208748376,
    "38":1.01053847264328,
    "39":1.140464847697416,
    "40":0.9239208892738558,
    "41":0.9239208892738558,
    "42":0.9383571531687599,
    "43":0.9672296809585679,
    "44":0.996102208748376,
    "45":0.9239208892738558,
    "46":0.9094846253789519,
    "47":0.86617583369424,
    "48":0.8950483614840479,
    "49":1.140464847697416,
    "50":0.7651219864299119,
    "51":0.9383571531687599,
    "52":0.7218131947452,
    "53":0.837303305904432,
    "54":0.9094846253789519,
    "55":0.981665944853472,
    "56":0.5485780280063519,
    "57":0.9383571531687599,
    "58":0.7651219864299119,
    "59":0.57745055579616,
    "60":0.5485780280063519,
    "61":0.64963187527068,
    "62":0.7651219864299119,
    "63":0.64963187527068,
    "64":0.678504403060488,
    "65":0.6640681391655839,
    "66":0.563014291901256,
    "67":0.4619604446369279,
    "68":0.7218131947452,
    "69":0.5485780280063519,
    "70":0.534141764111448,
    "71":0.4042153890573119,
    "72":0.57745055579616,
    "73":0.4619604446369279,
    "74":0.5485780280063519,
    "75":0.7795582503248158,
    "76":0.57745055579616,
    "77":0.57745055579616,
    "78":0.678504403060488,
    "79":0.4042153890573119,
    "80":0.5918868196910639,
    "81":0.5918868196910639,
    "82":0.5918868196910639,
    "83":0.563014291901256,
    "84":0.5197055002165439,
    "85":0.418651652952216,
    "86":0.6207593474808719,
    "87":0.534141764111448,
    "88":0.5918868196910639,
    "89":0.57745055579616,
    "90":0.50526923632164,
    "91":0.418651652952216,
    "92":0.5485780280063519,
    "93":0.43308791684712,
    "94":0.4763967085318319,
    "95":0.33203406958279197,
    "96":0.28872527789808,
    "97":0.34647033347769596,
    "98":0.3609065973726,
    "99":0.4042153890573119,
    "100":0.375342861267504,
    "101":0.418651652952216,
    "102":0.33203406958279197,
    "103":0.490832972426736,
    "104":0.3897791251624079,
    "105":0.21654395842356,
    "106":0.25985275010827197,
    "107":0.43308791684712,
    "108":0.21654395842356,
    "109":0.28872527789808,
    "110":0.28872527789808,
    "111":0.25985275010827197,
    "112":0.158798902843944,
    "113":0.317597805687888,
    "114":0.20210769452865596,
    "115":0.33203406958279197,
    "116":0.33203406958279197,
    "117":0.25985275010827197,
    "118":0.158798902843944,
    "119":0.21654395842356,
    "120":0.43308791684712,
    "121":0.17323516673884798,
    "122":0.245416486213368,
    "123":0.20210769452865596,
    "124":0.21654395842356,
    "125":0.12992637505413598,
    "126":0.33203406958279197,
    "127":0.23098022231846396,
    "128":0.158798902843944,
    "129":0.12992637505413598,
    "130":0.20210769452865596,
    "131":0.27428901400317596,
    "132":0.158798902843944,
    "133":0.245416486213368,
    "134":0.20210769452865596,
    "135":0.10105384726432798,
    "136":0.08661758336942399,
    "137":0.10105384726432798,
    "138":0.08661758336942399,
    "139":0.12992637505413598,
    "140":0.07218131947452,
    "141":0.07218131947452,
    "142":0.05774505557961599,
    "143":0.08661758336942399,
    "144":0.10105384726432798,
    "145":0.07218131947452,
    "146":0.12992637505413598,
    "147":0.10105384726432798,
    "148":0.10105384726432798,
    "149":0.07218131947452,
    "150":0.14436263894904,
    "151":0.10105384726432798,
    "152":0.043308791684711995,
    "153":0.10105384726432798,
    "154":0.11549011115923198,
    "155":0.028872527789807995,
    "156":0.14436263894904,
    "157":0.07218131947452,
    "158":0.05774505557961599,
    "159":0.05774505557961599,
    "160":0.10105384726432798,
    "161":0.08661758336942399,
    "162":0.07218131947452,
    "163":0.028872527789807995,
    "164":0.12992637505413598,
    "165":0.014436263894903998,
    "166":0.028872527789807995,
    "167":0.11549011115923198,
    "168":0.028872527789807995,
    "169":0.028872527789807995,
    "170":0.07218131947452,
    "171":0.043308791684711995,
    "172":0.08661758336942399,
    "173":0.05774505557961599,
    "174":0.028872527789807995,
    "175":0.043308791684711995,
    "176":0.08661758336942399,
    "177":0.05774505557961599,
    "178":0.05774505557961599,
    "179":0.08661758336942399,
    "180":0.014436263894903998,
    "181":0.043308791684711995,
    "182":0.10105384726432798,
    "183":0.043308791684711995,
    "184":0.028872527789807995,
    "185":0.08661758336942399,
    "186":0.0,
    "187":0.07218131947452,
    "188":0.043308791684711995,
    "189":0.028872527789807995,
    "190":0.028872527789807995,
    "191":0.028872527789807995,
    "192":0.07218131947452,
    "193":0.07218131947452,
    "194":0.028872527789807995,
    "195":0.043308791684711995,
    "196":0.028872527789807995,
    "197":0.014436263894903998,
    "198":0.05774505557961599,
    "199":0.028872527789807995,
    "200":0.028872527789807995,
    "201":0.043308791684711995,
    "202":0.043308791684711995,
    "203":0.043308791684711995,
    "204":0.043308791684711995,
    "205":0.014436263894903998,
    "206":0.014436263894903998,
    "207":0.028872527789807995,
    "208":0.028872527789807995,
    "209":0.014436263894903998,
    "210":0.028872527789807995,
    "211":0.028872527789807995,
    "212":0.07218131947452,
    "213":0.0,
    "214":0.014436263894903998,
    "215":0.014436263894903998,
    "216":0.014436263894903998,
    "217":0.0,
    "218":0.0,
    "219":0.014436263894903998,
    "220":0.014436263894903998,
    "221":0.0,
    "222":0.07218131947452,
    "223":0.0,
    "224":0.0,
    "225":0.014436263894903998,
    "226":0.0,
    "227":0.028872527789807995,
    "228":0.0,
    "229":0.014436263894903998,
    "230":0.0,
    "231":0.014436263894903998,
    "232":0.0,
    "233":0.014436263894903998,
    "234":0.0,
    "235":0.0,
    "236":0.0,
    "237":0.043308791684711995,
    "238":0.014436263894903998,
    "239":0.028872527789807995,
    "240":0.0,
    "241":0.0,
    "242":0.0,
    "243":0.0,
    "244":0.014436263894903998,
    "245":0.0,
    "246":0.014436263894903998,
    "247":0.0,
    "248":0.0,
    "249":0.0,
    "250":0.0,
    "251":0.0,
    "252":0.0,
    "253":0.0,
    "254":0.014436263894903998,
    "255":0.0,
    "256":0.0,
    "257":0.0,
    "258":0.028872527789807995,
    "259":0.014436263894903998,
    "260":0.0,
    "261":0.014436263894903998,
    "262":0.014436263894903998,
    "263":0.0,
    "264":0.014436263894903998,
    "265":0.0,
    "266":0.0,
    "267":0.0,
    "268":0.014436263894903998,
    "269":0.0,
    "270":0.0,
    "271":0.0,
    "272":0.0,
    "273":0.028872527789807995,
    "274":0.014436263894903998,
    "275":0.0,
    "276":0.0,
    "277":0.014436263894903998,
    "278":0.0,
    "279":0.0,
    "280":0.014436263894903998,
    "281":0.0,
    "282":0.0,
    "283":0.014436263894903998,
    "284":0.0,
    "285":0.0,
    "286":0.014436263894903998,
    "287":0.0,
    "288":0.028872527789807995,
    "289":0.0,
    "290":0.014436263894903998,
    "291":0.014436263894903998,
    "292":0.0,