{
    "0":2.78375884343279,
    "1":1.6456474930790526,
    "2":0.3537373115964319,
    "3":0.15379883112888343,
    "4":0.6613349738541987,
    "5":1.6610273761919407,
    "6":2.6760996616425716,
    "7":2.752999077207013,
    "8":2.5376807136265764,
    "9":2.645339895416795,
    "10":2.3223623500461397,
    "11":1.8148262073208243,
    "12":1.5072285450630576,
    "13":1.2611504152568442,
    "14":1.3226699477083974,
    "15":1.2303906490310674,
    "16":1.1842509996924024,
    "17":0.8920332205475239,
    "18":0.9074131036604122,
    "19":0.9074131036604122,
    "20":0.6305752076284221,
    "21":0.8305136880959704,
    "22":1.1073515841279606,
    "23":1.2303906490310674,
    "24":1.1534912334666256,
    "25":1.1842509996924024,
    "26":1.4457090126115042,
    "27":1.168871116579514,
    "28":1.3688095970470624,
    "29":1.2765302983697324,
    "30":1.4457090126115042,
    "31":1.4149492463857276,
    "32":1.3688095970470624,
    "33":1.5379883112888342,
    "34":1.6148877268532758,
    "35":1.5995078437403876,
    "36":1.4610888957243926,
    "37":1.3688095970470624,
    "38":1.399569363272839,
    "39":1.307290064595509,
    "40":1.5841279606274992,
    "41":1.076591817902184,
    "42":1.307290064595509,
    "43":1.0150722854506304,
    "44":0.9996924023377423,
    "45":1.1534912334666256,
    "46":0.8151338049830821,
    "47":0.7843740387573054,
    "48":0.676714856967087,
    "49":0.6151953245155337,
    "50":0.7382343894186404,
    "51":0.7689941556444171,
    "52":0.8458935712088589,
    "53":0.7843740387573054,
    "54":0.8151338049830821,
    "55":0.7843740387573054,
    "56":0.8151338049830821,
    "57":0.8458935712088589,
    "58":0.6459550907413103,
    "59":0.538295908951092,
    "60":0.5998154414026453,
    "61":0.7689941556444171,
    "62":0.538295908951092,
    "63":0.5075361427253152,
    "64":0.538295908951092,
    "65":0.492156259612427,
    "66":0.3383574284835435,
    "67":0.4152568440479852,
    "68":0.3691171947093202,
    "69":0.3537373115964319,
    "70":0.5229160258382036,
    "71":0.23069824669332512,
    "72":0.2922177791448785,
    "73":0.2614580129191018,
    "74":0.3691171947093202,
    "75":0.2460781298062135,
    "76":0.2614580129191018,
    "77":0.27683789603199016,
    "78":0.3998769609350969,
    "79":0.13841894801599508,
    "80":0.27683789603199016,
    "81":0.2614580129191018,
    "82":0.27683789603199016,
    "83":0.2153183635804368,
    "84":0.27683789603199016,
    "85":0.23069824669332512,
    "86":0.3383574284835435,
    "87":0.4767763764995386,
    "88":0.2614580129191018,
    "89":0.2460781298062135,
    "90":0.2614580129191018,
    "91":0.16917871424177175,
    "92":0.27683789603199016,
    "93":0.2614580129191018,
    "94":0.2153183635804368,
    "95":0.27683789603199016,
    "96":0.3383574284835435,
    "97":0.23069824669332512,
    "98":0.23069824669332512,
    "99":0.19993848046754845,
    "100":0.23069824669332512,
    "101":0.27683789603199016,
    "102":0.12303906490310675,
    "103":0.2460781298062135,
    "104":0.2460781298062135,
    "105":0.13841894801599508,
    "106":0.15379883112888343,
    "107":0.1845585973546601,
    "108":0.27683789603199016,
    "109":0.12303906490310675,
    "110":0.12303906490310675,
    "111":0.30759766225776686,
    "112":0.07689941556444171,
    "113":0.13841894801599508,
    "114":0.07689941556444171,
    "115":0.1076591817902184,
    "116":0.16917871424177175,
    "117":0.13841894801599508,
    "118":0.15379883112888343,
    "119":0.15379883112888343,
    "120":0.1076591817902184,
    "121":0.1845585973546601,
    "122":0.2460781298062135,
    "123":0.1076591817902184,
    "124":0.12303906490310675,
    "125":0.07689941556444171,
    "126":0.16917871424177175,
    "127":0.1076591817902184,
    "128":0.12303906490310675,
    "129":0.046139649338665024,
    "130":0.07689941556444171,
    "131":0.09227929867733005,
    "132":0.09227929867733005,
    "133":0.12303906490310675,
    "134":0.030759766225776686,
    "135":0.06151953245155337,
    "136":0.09227929867733005,
    "137":0.0,
    "138":0.09227929867733005,
    "139":0.046139649338665024,
    "140":0.1076591817902184,
    "141":0.12303906490310675,
    "142":0.06151953245155337,
    "143":0.046139649338665024,
    "144":0.09227929867733005,
    "145":0.06151953245155337,
    "146":0.1076591817902184,
    "147":0.1076591817902184,
    "148":0.046139649338665024,
    "149":0.12303906490310675,
    "150":0.07689941556444171,
    "151":0.1076591817902184,
    "152":0.09227929867733005,
    "153":0.1076591817902184,
    "154":0.06151953245155337,
    "155":0.030759766225776686,
    "156":0.1076591817902184,
    "157":0.046139649338665024,
    "158":0.015379883112888343,
    "159":0.015379883112888343,
    "160":0.030759766225776686,
    "161":0.030759766225776686,
    "162":0.046139649338665024,
    "163":0.030759766225776686,
    "164":0.030759766225776686,
    "165":0.09227929867733005,
    "166":0.06151953245155337,
    "167":0.0,
    "168":0.09227929867733005,
    "169":0.015379883112888343,
    "170":0.030759766225776686,
    "171":0.030759766225776686,
    "172":0.015379883112888343,
    "173":0.07689941556444171,
    "174":0.015379883112888343,
    "175":0.030759766225776686,
    "176":0.09227929867733005,
    "177":0.1076591817902184,
    "178":0.046139649338665024,
    "179":0.06151953245155337,
    "180":0.046139649338665024,
    "181":0.046139649338665024,
    "182":0.12303906490310675,
    "183":0.046139649338665024,
    "184":0.046139649338665024,
    "185":0.0,
    "186":0.030759766225776686,
    "187":0.06151953245155337,
    "188":0.06151953245155337,
    "189":0.0,
    "190":0.030759766225776686,
    "191":0.07689941556444171,
    "192":0.015379883112888343,
    "193":0.06151953245155337,
    "194":0.030759766225776686,
    "195":0.030759766225776686,
    "196":0.030759766225776686,
    "197":0.06151953245155337,
    "198":0.06151953245155337,
    "199":0.046139649338665024,
    "200":0.046139649338665024,
    "201":0.06151953245155337,
    "202":0.0,
    "203":0.015379883112888343,
    "204":0.0,
    "205":0.030759766225776686,
    "206":0.0,
    "207":0.015379883112888343,
    "208":0.0,
    "209":0.030759766225776686,
    "210":0.030759766225776686,
    "211":0.046139649338665024,
    "212":0.046139649338665024,
    "213":0.030759766225776686,
    "214":0.06151953245155337,
    "215":0.015379883112888343,
    "216":0.09227929867733005,
    "217":0.030759766225776686,
    "218":0.046139649338665024,
    "219":0.046139649338665024,
    "220":0.09227929867733005,
    "221":0.046139649338665024,
    "222":0.046139649338665024,
    "223":0.1076591817902184,
    "224":0.030759766225776686,
    "225":0.015379883112888343,
    "226":0.046139649338665024,
    "227":0.030759766225776686,
    "228":0.06151953245155337,
    "229":0.015379883112888343,
    "230":0.16917871424177175,
    "231":0.0,
    "232":0.046139649338665024,
    "233":0.06151953245155337,
    "234":0.030759766225776686,
    "235":0.046139649338665024,
    "236":0.06151953245155337,
    "237":0.07689941556444171,
    "238":0.046139649338665024,
    "239":0.015379883112888343,
    "240":0.030759766225776686,
    "241":0.046139649338665024,
    "242":0.046139649338665024,
    "243":0.015379883112888343,
    "244":0.030759766225776686,
    "245":0.015379883112888343,
    "246":0.030759766225776686,
    "247":0.015379883112888343,
    "248":0.06151953245155337,
    "249":0.015379883112888343,
    "250":0.046139649338665024,
    "251":0.030759766225776686,
    "252":0.015379883112888343,
    "253":0.0,
    "254":0.0,
    "255":0.015379883112888343,
    "256":0.015379883112888343,
    "257":0.0,
    "258":0.0,
    "259":0.0,
    "260":0.0,
    "261":0.0,
    "262":0.030759766225776686,
    "263":0.0,
    "264":0.07689941556444171,
    "265":0.0,
    "266":0.015379883112888343,
    "267":0.0,
    "268":0.030759766225776686,
    "269":0.015379883112888343,
    "270":0.015379883112888343,
    "271":0.046139649338665024,