{
    "0":[
        [
            -23.562370067874735,
            -46.647513765982744,
            "300000000001",
            "0"
        ]
    ],
    "1":[
        [
            -23.564351510909948,
            -46.65016230272549,
            "300000000002",
            "3"
        ]
    ],
    "10":[
        [
            -23.56593513202434,
            -46.64748365450417,
            "300000000011",
            "3"
        ]
    ],
    "11":[
        [
            -23.563139663753105,
            -46.64672637809782,
            "300000000012",
            "4"
        ]
    ],
    "12":[
        [
            -23.559577411263245,
            -46.64747991502361,
            "300000000013",
            "4"
        ]
    ],
    "13":[
        [
            -23.56394707934519,
            -46.64610344484749,
            "300000000014",
            "1"
        ]
    ],
    "14":[
        [
            -23.562992100025483,
            -46.64925571998321,
            "300000000015",
            "5"
        ]
    ],
    "15":[
        [
            -23.561495910399156,
            -46.648948495256505,
            "300000000016",
            "2"
        ]
    ],
    "16":[
        [
            -23.560981339104465,
            -46.6489350776216,
            "300000000017",
            "1"
        ]
    ],
    "17":[
        [
            -23.568133080558503,
            -46.649312957586965,
            "300000000018",
            "3"
        ]
    ],
    "18":[
        [
            -23.56285666527463,
            -46.64682763105558,
            "300000000019",
            "4"
        ]
    ],
    "19":[
        [
            -23.55866825552724,
            -46.650646871203385,
            "300000000020",
            "4"
        ]
    ],
    "2":[
        [
            -23.565036653864304,
            -46.64543471180333,
            "300000000003",
            "1"
        ]
    ],
    "20":[
        [
            -23.563276216911838,
            -46.647667244746444,
            "300000000021",
            "5"
        ]
    ],
    "21":[
        [
            -23.562653595780436,
            -46.651106036813275,
            "300000000022",
            "0"
        ]
    ],
    "22":[
        [
            -23.562163491290423,
            -46.645794804750516,
            "300000000023",
            "3"
        ]
    ],
    "23":[
        [
            -23.563304000445193,
            -46.647203267233785,
            "300000000024",
            "0"
        ]
    ],
    "3":[
        [
            -23.56562176457682,
            -46.64509437502447,
            "300000000004",
            "4"
        ]
    ],
    "4":[
        [
            -23.565465167602262,
            -46.64902648717589,
            "300000000005",
            "3"
        ]
    ],
    "5":[
        [
            -23.56328097364872,
            -46.64888964024391,
            "300000000006",
            "0"
        ]
    ],
    "6":[
        [
            -23.562793917925017,
            -46.64593292551249,
            "300000000007",
            "3"
        ]
    ],
    "7":[
        [
            -23.566642723562204,
            -46.64874421095419,
            "300000000008",
            "4"
        ]
    ],
    "8":[
        [
            -23.56373898020617,
            -46.64595514463136,
            "300000000009",
            "1"
        ]
    ],
    "9":[
        [
            -23.56421401540657,
            -46.64714494848966,
            "300000000010",
            "0"
        ]
    ],
    "total_length":9265.326610450287,
    "total_time":9.799277782440186
}