{
    "0":3.485874772839914,
    "1":2.6598380968114985,
    "2":1.106889145878077,
    "3":0.1156451346439782,
    "4":0.313893936890798,
    "5":0.6112671402610276,
    "6":0.5617049396993227,
    "7":0.5947464067404593,
    "8":1.0738476788369402,
    "9":1.3381794151660333,
    "10":1.1564513464397819,
    "11":1.2060135470014868,
    "12":1.1234098793986453,
    "13":1.486866016851148,
    "14":1.2390550140426235,
    "15":1.47034528333058,
    "16":1.2886172146043284,
    "17":0.8755988765901206,
    "18":0.9086403436312572,
    "19":1.1234098793986453,
    "20":1.486866016851148,
    "21":1.0242854782752353,
    "22":1.255575747563192,
    "23":1.2886172146043284,
    "24":1.4538245498100115,
    "25":1.1729720799603502,
    "26":1.1399306129192135,
    "27":1.5033867503717164,
    "28":1.3381794151660333,
    "29":1.1399306129192135,
    "30":1.1564513464397819,
    "31":0.9912440112340989,
    "32":1.1234098793986453,
    "33":1.0408062117958037,
    "34":1.2060135470014868,
    "35":1.0903684123575086,
    "36":0.842557409548984,
    "37":0.8095159425078473,
    "38":1.0242854782752353,
    "39":0.8590781430695523,
    "40":0.9912440112340989,
    "41":1.0242854782752353,
    "42":1.0077647447546672,
    "43":0.8755988765901206,
    "44":0.8755988765901206,
    "45":0.9086403436312572,
    "46":0.8590781430695523,
    "47":1.27209648108376,
    "48":1.0077647447546672,
    "49":0.8755988765901206,
    "50":0.6608293408227326,
    "51":0.7103915413844374,
    "52":0.9086403436312572,
    "53":0.842557409548984,
    "54":0.6773500743433009,
    "55":0.6443086073021642,
    "56":0.8755988765901206,
    "57":0.7103915413844374,
    "58":0.7269122749050058,
    "59":0.6443086073021642,
    "60":0.627787873781596,
    "61":0.7269122749050058,
    "62":0.6112671402610276,
    "63":0.5121427391376177,
    "64":0.627787873781596,
    "65":0.6608293408227326,
    "66":0.528663472658186,
    "67":0.6773500743433009,
    "68":0.5782256732198909,
    "69":0.5947464067404593,
    "70":0.8095159425078473,
    "71":0.627787873781596,
    "72":0.6608293408227326,
    "73":0.7103915413844374,
    "74":0.6938708078638692,
    "75":0.6608293408227326,
    "76":0.842557409548984,
    "77":0.842557409548984,
    "78":0.5121427391376177,
    "79":0.6608293408227326,
    "80":0.5121427391376177,
    "81":0.5121427391376177,
    "82":0.5782256732198909,
    "83":0.3634561374525029,
    "84":0.3469354039319346,
    "85":0.5451842061787543,
    "86":0.42953907153477616,
    "87":0.3304146704113663,
    "88":0.42953907153477616,
    "89":0.5617049396993227,
    "90":0.3469354039319346,
    "91":0.28085246984966133,
    "92":0.29737320337022966,
    "93":0.24781100280852472,
    "94":0.18172806872625144,
    "95":0.3304146704113663,
    "96":0.29737320337022966,
    "97":0.3964976044936395,
    "98":0.2312902692879564,
    "99":0.21476953576738808,
    "100":0.28085246984966133,
    "101":0.4460598050553445,
    "102":0.24781100280852472,
    "103":0.313893936890798,
    "104":0.41301833801420784,
    "105":0.3469354039319346,
    "106":0.3304146704113663,
    "107":0.3634561374525029,
    "108":0.264331736329093,
    "109":0.24781100280852472,
    "110":0.2312902692879564,
    "111":0.3634561374525029,
    "112":0.2312902692879564,
    "113":0.264331736329093,
    "114":0.264331736329093,
    "115":0.18172806872625144,
    "116":0.21476953576738808,
    "117":0.1321658681645465,
    "118":0.19824880224681976,
    "119":0.18172806872625144,
    "120":0.2312902692879564,
    "121":0.16520733520568315,
    "122":0.264331736329093,
    "123":0.14868660168511483,
    "124":0.16520733520568315,
    "125":0.264331736329093,
    "126":0.2312902692879564,
    "127":0.19824880224681976,
    "128":0.24781100280852472,
    "129":0.16520733520568315,
    "130":0.1321658681645465,
    "131":0.2312902692879564,
    "132":0.21476953576738808,
    "133":0.1321658681645465,
    "134":0.08260366760284157,
    "135":0.16520733520568315,
    "136":0.21476953576738808,
    "137":0.14868660168511483,
    "138":0.14868660168511483,
    "139":0.21476953576738808,
    "140":0.1156451346439782,
    "141":0.21476953576738808,
    "142":0.03304146704113663,
    "143":0.16520733520568315,
    "144":0.04956220056170494,
    "145":0.16520733520568315,
    "146":0.08260366760284157,
    "147":0.1321658681645465,
    "148":0.19824880224681976,
    "149":0.18172806872625144,
    "150":0.08260366760284157,
    "151":0.08260366760284157,
    "152":0.16520733520568315,
    "153":0.16520733520568315,
    "154":0.04956220056170494,
    "155":0.08260366760284157,
    "156":0.1156451346439782,
    "157":0.1156451346439782,
    "158":0.04956220056170494,
    "159":0.06608293408227325,
    "160":0.1156451346439782,
    "161":0.04956220056170494,
    "162":0.016520733520568313,
    "163":0.03304146704113663,
    "164":0.04956220056170494,
    "165":0.03304146704113663,
    "166":0.016520733520568313,
    "167":0.06608293408227325,
    "168":0.03304146704113663,
    "169":0.016520733520568313,
    "170":0.016520733520568313,
    "171":0.06608293408227325,
    "172":0.03304146704113663,
    "173":0.03304146704113663,
    "174":0.03304146704113663,
    "175":0.03304146704113663,
    "176":0.03304146704113663,
    "177":0.04956220056170494,
    "178":0.04956220056170494,
    "179":0.016520733520568313,
    "180":0.04956220056170494,
    "181":0.08260366760284157,
    "182":0.06608293408227325,
    "183":0.0,
    "184":0.016520733520568313,
    "185":0.03304146704113663,
    "186":0.03304146704113663,
    "187":0.06608293408227325,
    "188":0.04956220056170494,
    "189":0.03304146704113663,
    "190":0.08260366760284157,
    "191":0.016520733520568313,
    "192":0.06608293408227325,
    "193":0.03304146704113663,
    "194":0.04956220056170494,
    "195":0.06608293408227325,
    "196":0.016520733520568313,
    "197":0.016520733520568313,
    "198":0.03304146704113663,
    "199":0.016520733520568313,
    "200":0.0,
    "201":0.03304146704113663,
    "202":0.03304146704113663,
    "203":0.0,
    "204":0.016520733520568313,
    "205":0.0,
    "206":0.09912440112340988,
    "207":0.08260366760284157,
    "208":0.03304146704113663,
    "209":0.08260366760284157,
    "210":0.03304146704113663,
    "211":0.016520733520568313,
    "212":0.03304146704113663,
    "213":0.0,
    "214":0.03304146704113663,
    "215":0.0,
    "216":0.016520733520568313,
    "217":0.0,
    "218":0.0,
    "219":0.016520733520568313,
    "220":0.04956220056170494,
    "221":0.0,
    "222":0.016520733520568313,
    "223":0.0,
    "224":0.016520733520568313,
    "225":0.016520733520568313,
    "226":0.016520733520568313,
    "227":0.016520733520568313,
    "228":0.016520733520568313,
    "229":0.016520733520568313,
    "230":0.0,
    "231":0.04956220056170494,
    "232":0.0,
    "233":0.0,
    "234":0.03304146704113663,
    "235":0.03304146704113663,
    "236":0.016520733520568313,
    "237":0.016520733520568313,
    "238":0.0,
    "239":0.016520733520568313,
    "240":0.0,
    "241":0.06608293408227325,
    "242":0.016520733520568313,
    "243":0.0,
    "244":0.0,
    "245":0.0,
    "246":0.0,
    "247":0.016520733520568313,
    "248":0.016520733520568313,
    "249":0.0,
    "250":0.0,
    "251":0.0,
    "252":0.016520733520568313,
    "253":0.03304146704113663,
    "254":0.016520733520568313,
    "255":0.0,
    "256":0.016520733520568313,
    "257":0.016520733520568313,
    "258":0.016520733520568313,
    "259":0.0,
    "260":0.0,
    "261":0.0,
    "262":0.0,
    "263":0.0,
    "264":0.016520733520568313,
    "265":0.016520733520568313,
    "266":0.016520733520568313,
    "267":0.0,
    "268":0.016520733520568313,
    "269":0.04956220056170494,
    "270":0.0,
    "271":0.0,
    "272":0.0,
    "273":0.03304146704113663,
    "274":0.0,
    "275":0.016520733520568313,
    "276":0.0,
    "277":0.0,
    "278":0.03304146704113663,
    "279":0.016520733520568313,
    "280":0.016520733520568313,
    "281":0.016520733520568313,
    "282":0.0,