{
    "0":4.461715601611975,
    "1":1.9861830742659756,
    "2":2.79217040875072,
    "3":3.3390903857225105,
    "4":2.6770293609671847,
    "5":0.05757052389176742,
    "6":0.14392630972941853,
    "7":0.20149683362118592,
    "8":0.11514104778353484,
    "9":0.9211283822682788,
    "10":0.8923431203223949,
    "11":0.5181347150259068,
    "12":1.0938399539435808,
    "13":1.0938399539435808,
    "14":0.8635578583765112,
    "15":0.9786989061600461,
    "16":0.8635578583765112,
    "17":0.6620610247553252,
    "18":0.31663788140472077,
    "19":0.4605641911341394,
    "20":0.6044905008635579,
    "21":0.5181347150259068,
    "22":0.6044905008635579,
    "23":0.6332757628094415,
    "24":0.6332757628094415,
    "25":0.5469199769717904,
    "26":0.690846286701209,
    "27":0.5469199769717904,
    "28":0.7484168105929765,
    "29":1.4392630972941853,
    "30":1.5256188831318365,
    "31":1.468048359240069,
    "32":0.9786989061600461,
    "33":1.381692573402418,
    "34":1.6983304548071387,
    "35":1.180195739781232,
    "36":1.8998272884283247,
    "37":1.5544041450777202,
    "38":1.381692573402418,
    "39":1.6695451928612552,
    "40":1.583189407023604,
    "41":1.6119746689694874,
    "42":1.266551525618883,
    "43":1.2377662636729994,
    "44":1.3529073114565342,
    "45":1.468048359240069,
    "46":1.6407599309153715,
    "47":1.7559009786989062,
    "48":1.3241220495106505,
    "49":1.4104778353483016,
    "50":1.4104778353483016,
    "51":1.3241220495106505,
    "52":1.180195739781232,
    "53":1.1514104778353482,
    "54":1.6119746689694874,
    "55":1.468048359240069,
    "56":0.9211283822682788,
    "57":0.8923431203223949,
    "58":0.690846286701209,
    "59":0.6044905008635579,
    "60":0.690846286701209,
    "61":0.4605641911341394,
    "62":0.8347725964306276,
    "63":0.8059873344847437,
    "64":0.9211283822682788,
    "65":0.6044905008635579,
    "66":0.8347725964306276,
    "67":0.40299366724237184,
    "68":0.5469199769717904,
    "69":0.690846286701209,
    "70":0.48934945308002303,
    "71":0.4605641911341394,
    "72":0.48934945308002303,
    "73":0.37420840529648824,
    "74":0.40299366724237184,
    "75":0.37420840529648824,
    "76":0.40299366724237184,
    "77":0.5469199769717904,
    "78":0.37420840529648824,
    "79":0.31663788140472077,
    "80":0.3454231433506045,
    "81":0.3454231433506045,
    "82":0.2590673575129534,
    "83":0.31663788140472077,
    "84":0.31663788140472077,
    "85":0.2302820955670697,
    "86":0.31663788140472077,
    "87":0.4317789291882556,
    "88":0.48934945308002303,
    "89":0.5469199769717904,
    "90":0.31663788140472077,
    "91":0.37420840529648824,
    "92":0.5181347150259068,
    "93":0.4605641911341394,
    "94":0.2590673575129534,
    "95":0.3454231433506045,
    "96":0.2302820955670697,
    "97":0.4317789291882556,
    "98":0.20149683362118592,
    "99":0.2302820955670697,
    "100":0.14392630972941853,
    "101":0.20149683362118592,
    "102":0.14392630972941853,
    "103":0.20149683362118592,
    "104":0.05757052389176742,
    "105":0.2302820955670697,
    "106":0.31663788140472077,
    "107":0.17271157167530224,
    "108":0.28785261945883706,
    "109":0.28785261945883706,
    "110":0.17271157167530224,
    "111":0.31663788140472077,
    "112":0.08635578583765112,
    "113":0.2590673575129534,
    "114":0.14392630972941853,
    "115":0.2590673575129534,
    "116":0.37420840529648824,
    "117":0.08635578583765112,
    "118":0.11514104778353484,
    "119":0.11514104778353484,
    "120":0.17271157167530224,
    "121":0.17271157167530224,
    "122":0.11514104778353484,
    "123":0.17271157167530224,
    "124":0.11514104778353484,
    "125":0.08635578583765112,
    "126":0.11514104778353484,
    "127":0.08635578583765112,
    "128":0.14392630972941853,
    "129":0.17271157167530224,
    "130":0.11514104778353484,
    "131":0.11514104778353484,
    "132":0.17271157167530224,
    "133":0.11514104778353484,
    "134":0.17271157167530224,
    "135":0.11514104778353484,
    "136":0.2302820955670697,
    "137":0.08635578583765112,
    "138":0.05757052389176742,
    "139":0.14392630972941853,
    "140":0.17271157167530224,
    "141":0.11514104778353484,
    "142":0.17271157167530224,
    "143":0.20149683362118592,
    "144":0.08635578583765112,
    "145":0.14392630972941853,
    "146":0.31663788140472077,
    "147":0.14392630972941853,
    "148":0.08635578583765112,
    "149":0.17271157167530224,
    "150":0.17271157167530224,
    "151":0.02878526194588371,
    "152":0.05757052389176742,
    "153":0.17271157167530224,
    "154":0.08635578583765112,
    "155":0.08635578583765112,
    "156":0.11514104778353484,
    "157":0.11514104778353484,
    "158":0.0,
    "159":0.02878526194588371,
    "160":0.05757052389176742,
    "161":0.08635578583765112,
    "162":0.20149683362118592,
    "163":0.05757052389176742,
    "164":0.0,
    "165":0.05757052389176742,
    "166":0.0,
    "167":0.02878526194588371,
    "168":0.05757052389176742,
    "169":0.02878526194588371,
    "170":0.14392630972941853,
    "171":0.0,
    "172":0.0,
    "173":0.02878526194588371,
    "174":0.02878526194588371,
    "175":0.0,
    "176":0.0,
    "177":0.0,
    "178":0.02878526194588371,
    "179":0.0,
    "180":0.0,
    "181":0.0,
    "182":0.0,
    "183":0.0,
    "184":0.0,
    "185":0.0,
    "186":0.0,
    "187":0.0,
    "188":0.0,
    "189":0.02878526194588371,
    "190":0.0,
    "191":0.0,
    "192":0.0,
    "193":0.0,
    "194":0.0,
    "195":0.0,
    "196":0.0,
    "197":0.0
}