{
    "0":3.7087444709084725,
    "1":0.13610071452875128,
    "2":0.8166042871725075,
    "3":1.4460700918679823,
    "4":0.6634909833276624,
    "5":0.1531133038448452,
    "6":1.4800952705001702,
    "7":1.4290575025518883,
    "8":2.2116366110922083,
    "9":2.2116366110922083,
    "10":2.0244981286151753,
    "11":2.1435862538278325,
    "12":1.4630826811840763,
    "13":1.2589316093909493,
    "14":1.8543722354542362,
    "15":1.633208574345015,
    "16":1.5481456277645458,
    "17":1.4120449132357944,
    "18":1.5311330384484518,
    "19":2.0244981286151753,
    "20":1.837359646138142,
    "21":2.2456617897243962,
    "22":2.6029261653623683,
    "23":2.1435862538278325,
    "24":2.1435862538278325,
    "25":2.2456617897243962,
    "26":2.228649200408302,
    "27":2.2116366110922083,
    "28":1.8543722354542362,
    "29":1.6502211636611093,
    "30":2.2116366110922083,
    "31":1.9224225927186116,
    "32":1.7182715209254846,
    "33":1.9054100034025179,
    "34":1.7352841102415788,
    "35":1.667233752977203,
    "36":1.7182715209254846,
    "37":1.0717931269139163,
    "38":1.0207553589656346,
    "39":1.4460700918679823,
    "40":1.3780197346036067,
    "41":0.9867301803334467,
    "42":0.8846546444368834,
    "43":0.8166042871725075,
    "44":0.8166042871725075,
    "45":0.9527050017012589,
    "46":0.5273902687989113,
    "47":0.9016672337529772,
    "48":0.8846546444368834,
    "49":0.5954406260632868,
    "50":0.6975161619598503,
    "51":0.5784280367471929,
    "52":0.748553929908132,
    "53":0.6634909833276624,
    "54":0.4423273222184417,
    "55":0.6805035726437564,
    "56":0.47635250085062947,
    "57":0.7145287512759442,
    "58":0.5614154474310991,
    "59":0.5103776794828173,
    "60":0.5784280367471929,
    "61":0.4253147329023477,
    "62":0.3062266076896904,
    "63":0.28921401837359645,
    "64":0.3062266076896904,
    "65":0.4253147329023477,
    "66":0.374276964954066,
    "67":0.4083021435862538,
    "68":0.4593399115345355,
    "69":0.3062266076896904,
    "70":0.374276964954066,
    "71":0.3232391970057843,
    "72":0.3402517863218782,
    "73":0.3062266076896904,
    "74":0.3572643756379721,
    "75":0.3062266076896904,
    "76":0.27220142905750255,
    "77":0.4083021435862538,
    "78":0.27220142905750255,
    "79":0.28921401837359645,
    "80":0.187138482477033,
    "81":0.22116366110922084,
    "82":0.2041510717931269,
    "83":0.2041510717931269,
    "84":0.22116366110922084,
    "85":0.1531133038448452,
    "86":0.28921401837359645,
    "87":0.1701258931609391,
    "88":0.1701258931609391,
    "89":0.25518883974140866,
    "90":0.10207553589656344,
    "91":0.2041510717931269,
    "92":0.22116366110922084,
    "93":0.1531133038448452,
    "94":0.11908812521265737,
    "95":0.1531133038448452,
    "96":0.3232391970057843,
    "97":0.1701258931609391,
    "98":0.1701258931609391,
    "99":0.28921401837359645,
    "100":0.13610071452875128,
    "101":0.3572643756379721,
    "102":0.187138482477033,
    "103":0.2041510717931269,
    "104":0.10207553589656344,
    "105":0.08506294658046955,
    "106":0.1701258931609391,
    "107":0.08506294658046955,
    "108":0.05103776794828172,
    "109":0.05103776794828172,
    "110":0.1701258931609391,
    "111":0.08506294658046955,
    "112":0.10207553589656344,
    "113":0.01701258931609391,
    "114":0.11908812521265737,
    "115":0.05103776794828172,
    "116":0.10207553589656344,
    "117":0.05103776794828172,
    "118":0.1531133038448452,
    "119":0.03402517863218782,
    "120":0.06805035726437564,
    "121":0.10207553589656344,
    "122":0.10207553589656344,
    "123":0.08506294658046955,
    "124":0.01701258931609391,
    "125":0.06805035726437564,
    "126":0.03402517863218782,
    "127":0.03402517863218782,
    "128":0.06805035726437564,
    "129":0.0,
    "130":0.08506294658046955,
    "131":0.06805035726437564,
    "132":0.08506294658046955,
    "133":0.05103776794828172,
    "134":0.01701258931609391,
    "135":0.03402517863218782,
    "136":0.03402517863218782,
    "137":0.03402517863218782,
    "138":0.06805035726437564,
    "139":0.06805035726437564,
    "140":0.01701258931609391,
    "141":0.05103776794828172,
    "142":0.06805035726437564,
    "143":0.0,
    "144":0.06805035726437564,
    "145":0.05103776794828172,
    "146":0.01701258931609391,
    "147":0.01701258931609391,
    "148":0.03402517863218782,
    "149":0.03402517863218782,
    "150":0.01701258931609391,
    "151":0.0,
    "152":0.06805035726437564,
    "153":0.01701258931609391,
    "154":0.05103776794828172,
    "155":0.05103776794828172,
    "156":0.08506294658046955,
    "157":0.0,
    "158":0.0,
    "159":0.01701258931609391,
    "160":0.08506294658046955,
    "161":0.0,
    "162":0.01701258931609391,
    "163":0.05103776794828172,
    "164":0.05103776794828172,
    "165":0.01701258931609391,
    "166":0.03402517863218782,
    "167":0.01701258931609391,
    "168":0.0,
    "169":0.01701258931609391,
    "170":0.01701258931609391,
    "171":0.05103776794828172,
    "172":0.05103776794828172,
    "173":0.03402517863218782,
    "174":0.0,
    "175":0.0,
    "176":0.05103776794828172,
    "177":0.0,
    "178":0.05103776794828172,
    "179":0.06805035726437564,
    "180":0.01701258931609391,
    "181":0.06805035726437564,
    "182":0.06805035726437564,
    "183":0.03402517863218782,
    "184":0.01701258931609391,
    "185":0.01701258931609391,
    "186":0.0,
    "187":0.03402517863218782,
    "188":0.0,
    "189":0.01701258931609391,
    "190":0.03402517863218782,
    "191":0.03402517863218782,
    "192":0.01701258931609391,
    "193":0.0,
    "194":0.03402517863218782,
    "195":0.05103776794828172,
    "196":0.03402517863218782,
    "197":0.03402517863218782,
    "198":0.03402517863218782,
    "199":0.0,
    "200":0.0,
    "201":0.0,
    "202":0.01701258931609391,
    "203":0.0,
    "204":0.0,
    "205":0.0,
    "206":0.01701258931609391,
    "207":0.01701258931609391,
    "208":0.01701258931609391,
    "209":0.0,
    "210":0.0,
    "211":0.0,
    "212":0.0,
    "213":0.0,
    "214":0.0,
    "215":0.0,
    "216":0.0,
    "217":0.0,
    "218":0.01701258931609391,
    "219":0.0,
    "220":0.0,
    "221":0.0,
    "222":0.0,
    "223":0.0,
    "224":0.0,
    "225":0.0,
    "226":0.0
}