{
    "0":5.0336406678295535,
    "1":0.174433092449539,
    "2":0.598056316969848,
    "3":1.644654871667082,
    "4":1.893845003737852,
    "5":1.270869673560927,
    "6":1.071517567904311,
    "7":1.0964365811113879,
    "8":1.0964365811113879,
    "9":0.74757039621231,
    "10":0.697732369798156,
    "11":0.697732369798156,
    "12":1.0964365811113879,
    "13":1.196112633939696,
    "14":1.520059805631697,
    "15":1.544978818838774,
    "16":1.694492898081236,
    "17":1.569897832045851,
    "18":1.719411911288313,
    "19":1.918764016944929,
    "20":2.1928731622227757,
    "21":1.8440069773236982,
    "22":1.270869673560927,
    "23":1.221031647146773,
    "24":1.320707699975081,
    "25":1.644654871667082,
    "26":1.9686020433590827,
    "27":1.071517567904311,
    "28":1.1462746075255419,
    "29":1.196112633939696,
    "30":1.196112633939696,
    "31":0.822327435833541,
    "32":0.9967605282830799,
    "33":0.971841515076003,
    "34":1.071517567904311,
    "35":1.071517567904311,
    "36":1.121355594318465,
    "37":0.847246449040618,
    "38":0.897084475454772,
    "39":0.797408422626464,
    "40":0.946922501868926,
    "41":0.8721654622476951,
    "42":0.8721654622476951,
    "43":1.1462746075255419,
    "44":0.797408422626464,
    "45":0.971841515076003,
    "46":0.722651383005233,
    "47":1.021679541490157,
    "48":0.971841515076003,
    "49":0.74757039621231,
    "50":0.473461250934463,
    "51":0.697732369798156,
    "52":0.622975330176925,
    "53":0.847246449040618,
    "54":1.0964365811113879,
    "55":0.9967605282830799,
    "56":0.74757039621231,
    "57":0.971841515076003,
    "58":0.473461250934463,
    "59":0.722651383005233,
    "60":0.5482182905556939,
    "61":0.6478943433840021,
    "62":0.772489409419387,
    "63":0.797408422626464,
    "64":0.5731373037627709,
    "65":0.797408422626464,
    "66":0.74757039621231,
    "67":0.423623224520309,
    "68":0.6478943433840021,
    "69":0.6478943433840021,
    "70":0.5731373037627709,
    "71":0.348866184899078,
    "72":0.348866184899078,
    "73":0.373785198106155,
    "74":0.398704211313232,
    "75":0.398704211313232,
    "76":0.32394717169200105,
    "77":0.448542237727386,
    "78":0.423623224520309,
    "79":0.398704211313232,
    "80":0.32394717169200105,
    "81":0.299028158484924,
    "82":0.32394717169200105,
    "83":0.27410914527784697,
    "84":0.373785198106155,
    "85":0.348866184899078,
    "86":0.398704211313232,
    "87":0.373785198106155,
    "88":0.24919013207076998,
    "89":0.373785198106155,
    "90":0.5731373037627709,
    "91":0.5482182905556939,
    "92":0.6478943433840021,
    "93":0.373785198106155,
    "94":0.49838026414153996,
    "95":0.348866184899078,
    "96":0.27410914527784697,
    "97":0.373785198106155,
    "98":0.423623224520309,
    "99":0.348866184899078,
    "100":0.27410914527784697,
    "101":0.348866184899078,
    "102":0.32394717169200105,
    "103":0.373785198106155,
    "104":0.27410914527784697,
    "105":0.199352105656616,
    "106":0.174433092449539,
    "107":0.174433092449539,
    "108":0.174433092449539,
    "109":0.12459506603538499,
    "110":0.299028158484924,
    "111":0.12459506603538499,
    "112":0.224271118863693,
    "113":0.149514079242462,
    "114":0.224271118863693,
    "115":0.199352105656616,
    "116":0.12459506603538499,
    "117":0.224271118863693,
    "118":0.12459506603538499,
    "119":0.12459506603538499,
    "120":0.199352105656616,
    "121":0.224271118863693,
    "122":0.224271118863693,
    "123":0.12459506603538499,
    "124":0.049838026414154,
    "125":0.099676052828308,
    "126":0.0,
    "127":0.024919013207077,
    "128":0.0,
    "129":0.0,
    "130":0.024919013207077,
    "131":0.049838026414154,
    "132":0.024919013207077,
    "133":0.024919013207077,
    "134":0.049838026414154,
    "135":0.024919013207077,
    "136":0.024919013207077,
    "137":0.0,
    "138":0.049838026414154,
    "139":0.099676052828308,
    "140":0.074757039621231,
    "141":0.12459506603538499,
    "142":0.049838026414154,
    "143":0.074757039621231,
    "144":0.024919013207077,
    "145":0.0,
    "146":0.0,
    "147":0.074757039621231,
    "148":0.0,
    "149":0.049838026414154,
    "150":0.12459506603538499,
    "151":0.0,
    "152":0.074757039621231,
    "153":0.099676052828308,
    "154":0.049838026414154,
    "155":0.0,
    "156":0.049838026414154,
    "157":0.024919013207077,
    "158":0.049838026414154,
    "159":0.049838026414154,
    "160":0.024919013207077,
    "161":0.024919013207077,
    "162":0.024919013207077,
    "163":0.0,
    "164":0.049838026414154,
    "165":0.12459506603538499,
    "166":0.024919013207077,
    "167":0.099676052828308,
    "168":0.049838026414154,
    "169":0.049838026414154,
    "170":0.049838026414154,
    "171":0.049838026414154,
    "172":0.049838026414154,
    "173":0.024919013207077,
    "174":0.049838026414154,
    "175":0.024919013207077,
    "176":0.049838026414154,
    "177":0.024919013207077,
    "178":0.074757039621231,
    "179":0.074757039621231,
    "180":0.049838026414154,
    "181":0.12459506603538499,
    "182":0.024919013207077,
    "183":0.024919013207077,
    "184":0.12459506603538499,
    "185":0.049838026414154,
    "186":0.024919013207077,
    "187":0.12459506603538499,
    "188":0.049838026414154,
    "189":0.049838026414154,
    "190":0.049838026414154,
    "191":0.024919013207077,
    "192":0.0,
    "193":0.074757039621231,
    "194":0.024919013207077,
    "195":0.049838026414154,
    "196":0.0,
    "197":0.0,
    "198":0.024919013207077,
    "199":0.074757039621231,
    "200":0.049838026414154,
    "201":0.12459506603538499,
    "202":0.0,
    "203":0.049838026414154,
    "204":0.049838026414154,
    "205":0.024919013207077,
    "206":0.024919013207077,
    "207":0.049838026414154,
    "208":0.049838026414154,
    "209":0.0,
    "210":0.049838026414154,
    "211":0.024919013207077,
    "212":0.049838026414154,
    "213":0.049838026414154,
    "214":0.0,
    "215":0.12459506603538499,
    "216":0.024919013207077,
    "217":0.049838026414154,
    "218":0.0,
    "219":0.0,
    "220":0.049838026414154,
    "221":0.0,
    "222":0.049838026414154,
    "223":0.024919013207077,
    "224":0.0,
    "225":0.049838026414154,
    "226":0.074757039621231,
    "227":0.024919013207077,
    "228":0.0,
    "229":0.0,
    "230":0.0,
    "231":0.024919013207077,
    "232":0.074757039621231,
    "233":0.0,
    "234":0.0,
    "235":0.049838026414154,
    "236":0.049838026414154,
    "237":0.0,
    "238":0.024919013207077,
    "239":0.074757039621231,
    "240":0.0,
    "241":0.049838026414154,
    "242":0.0,
    "243":0.049838026414154,
    "244":0.024919013207077,
    "245":0.0,
    "246":0.0,
    "247":0.024919013207077,
    "248":0.024919013207077,
    "249":0.0,
    "250":0.024919013207077,
    "251":0.024919013207077,
    "252":0.0,
    "253":0.049838026414154,
    "254":0.024919013207077,
    "255":0.024919013207077,
    "256":0.0,
    "257":0.024919013207077,
    "258":0.024919013207077,
    "259":0.024919013207077,
    "260":0.0,
    "261":0.0,
    "262":0.0,
    "263":0.024919013207077,
    "264":0.0,
    "265":0.024919013207077,
    "266":0.049838026414154,
    "267":0.0,
    "268":0.049838026414154,
    "269":0.024919013207077,
    "270":0.0,
    "271":0.0,
    "272":0.0,
    "273":0.024919013207077,
    "274":0.074757039621231,
    "275":0.099676052828308,
    "276":0.024919013207077,
    "277":0.0,
    "278":0.024919013207077,
    "279":0.024919013207077,
    "280":0.024919013207077,
    "281":0.0,
    "282":0.049838026414154,
    "283":0.024919013207077,
    "284":0.024919013207077,
    "285":0.049838026414154,
    "286":0.0,
    "287":0.0,
    "288":0.024919013207077,
    "289":0.0,
    "290":0.0,
    "291":0.0,
    "292":0.024919013207077,
    "293":0.0,
    "294":0.024919013207077,
    "295":0.0,
    "296":0.024919013207077,
    "297":0.0,
    "298":0.024919013207077,
    "299":0.0,
    "300":0.024919013207077,
    "301":0.024919013207077,