{
    "0":2.9655172413793105,
    "1":0.7816091954022988,
    "2":0.27586206896551724,
    "3":0.3218390804597701,
    "4":0.9195402298850575,
    "5":0.8505747126436782,
    "6":1.5862068965517242,
    "7":2.4597701149425286,
    "8":1.9080459770114941,
    "9":2.2758620689655173,
    "10":2.2298850574712645,
    "11":2.0,
    "12":1.5172413793103448,
    "13":1.885057471264368,
    "14":1.1954022988505748,
    "15":0.8735632183908045,
    "16":0.8965517241379309,
    "17":0.942528735632184,
    "18":0.8505747126436782,
    "19":0.8505747126436782,
    "20":0.942528735632184,
    "21":0.7816091954022988,
    "22":0.5977011494252874,
    "23":0.6206896551724138,
    "24":0.6666666666666667,
    "25":0.7586206896551724,
    "26":0.735632183908046,
    "27":0.7126436781609196,
    "28":0.8965517241379309,
    "29":0.6666666666666667,
    "30":0.7126436781609196,
    "31":0.9655172413793104,
    "32":1.2873563218390804,
    "33":1.0344827586206897,
    "34":0.942528735632184,
    "35":0.9885057471264367,
    "36":1.5402298850574714,
    "37":1.471264367816092,
    "38":1.5632183908045976,
    "39":1.4482758620689655,
    "40":1.2413793103448276,
    "41":1.2873563218390804,
    "42":1.1954022988505748,
    "43":1.5862068965517242,
    "44":1.3333333333333335,
    "45":1.2873563218390804,
    "46":1.2873563218390804,
    "47":1.1724137931034484,
    "48":1.5402298850574714,
    "49":1.264367816091954,
    "50":0.9885057471264367,
    "51":1.264367816091954,
    "52":1.2413793103448276,
    "53":1.0344827586206897,
    "54":1.218390804597701,
    "55":1.1494252873563218,
    "56":1.1724137931034484,
    "57":1.2873563218390804,
    "58":1.218390804597701,
    "59":1.0804597701149425,
    "60":1.011494252873563,
    "61":1.0344827586206897,
    "62":0.6206896551724138,
    "63":0.8045977011494253,
    "64":0.6436781609195402,
    "65":0.8505747126436782,
    "66":0.5287356321839081,
    "67":0.735632183908046,
    "68":0.8965517241379309,
    "69":0.5057471264367815,
    "70":0.6666666666666667,
    "71":0.7126436781609196,
    "72":0.5747126436781609,
    "73":0.27586206896551724,
    "74":0.3218390804597701,
    "75":0.2988505747126437,
    "76":0.45977011494252873,
    "77":0.3908045977011494,
    "78":0.3448275862068966,
    "79":0.43678160919540227,
    "80":0.5287356321839081,
    "81":0.27586206896551724,
    "82":0.3908045977011494,
    "83":0.5287356321839081,
    "84":0.3218390804597701,
    "85":0.367816091954023,
    "86":0.367816091954023,
    "87":0.20689655172413793,
    "88":0.3448275862068966,
    "89":0.22988505747126436,
    "90":0.3218390804597701,
    "91":0.3448275862068966,
    "92":0.3448275862068966,
    "93":0.43678160919540227,
    "94":0.43678160919540227,
    "95":0.1839080459770115,
    "96":0.5057471264367815,
    "97":0.2988505747126437,
    "98":0.3218390804597701,
    "99":0.16091954022988506,
    "100":0.27586206896551724,
    "101":0.3908045977011494,
    "102":0.11494252873563218,
    "103":0.2528735632183908,
    "104":0.06896551724137931,
    "105":0.20689655172413793,
    "106":0.1839080459770115,
    "107":0.13793103448275862,
    "108":0.1839080459770115,
    "109":0.11494252873563218,
    "110":0.11494252873563218,
    "111":0.1839080459770115,
    "112":0.11494252873563218,
    "113":0.06896551724137931,
    "114":0.20689655172413793,
    "115":0.09195402298850575,
    "116":0.11494252873563218,
    "117":0.09195402298850575,
    "118":0.11494252873563218,
    "119":0.06896551724137931,
    "120":0.04597701149425287,
    "121":0.16091954022988506,
    "122":0.022988505747126436,
    "123":0.09195402298850575,
    "124":0.11494252873563218,
    "125":0.0,
    "126":0.1839080459770115,
    "127":0.04597701149425287,
    "128":0.16091954022988506,
    "129":0.11494252873563218,
    "130":0.11494252873563218,
    "131":0.04597701149425287,
    "132":0.09195402298850575,
    "133":0.09195402298850575,
    "134":0.09195402298850575,
    "135":0.09195402298850575,
    "136":0.09195402298850575,
    "137":0.13793103448275862,
    "138":0.06896551724137931,
    "139":0.11494252873563218,
    "140":0.2528735632183908,
    "141":0.04597701149425287,
    "142":0.04597701149425287,
    "143":0.09195402298850575,
    "144":0.022988505747126436,
    "145":0.06896551724137931,
    "146":0.20689655172413793,
    "147":0.11494252873563218,
    "148":0.13793103448275862,
    "149":0.06896551724137931,
    "150":0.11494252873563218,
    "151":0.06896551724137931,
    "152":0.04597701149425287,
    "153":0.0,
    "154":0.09195402298850575,
    "155":0.11494252873563218,
    "156":0.11494252873563218,
    "157":0.09195402298850575,
    "158":0.022988505747126436,
    "159":0.09195402298850575,
    "160":0.0,
    "161":0.022988505747126436,
    "162":0.022988505747126436,
    "163":0.022988505747126436,
    "164":0.022988505747126436,
    "165":0.06896551724137931,
    "166":0.022988505747126436,
    "167":0.06896551724137931,
    "168":0.04597701149425287,
    "169":0.09195402298850575,
    "170":0.0,
    "171":0.04597701149425287,
    "172":0.09195402298850575,
    "173":0.06896551724137931,
    "174":0.04597701149425287,
    "175":0.022988505747126436,
    "176":0.04597701149425287,
    "177":0.0,
    "178":0.04597701149425287,
    "179":0.022988505747126436,
    "180":0.022988505747126436,
    "181":0.022988505747126436,
    "182":0.04597701149425287,
    "183":0.13793103448275862,
    "184":0.11494252873563218,
    "185":0.0,
    "186":0.022988505747126436,
    "187":0.0,
    "188":0.0,
    "189":0.04597701149425287,
    "190":0.022988505747126436,
    "191":0.0,
    "192":0.0,
    "193":0.0,
    "194":0.06896551724137931,
    "195":0.0,
    "196":0.022988505747126436,
    "197":0.022988505747126436,
    "198":0.0,
    "199":0.06896551724137931,
    "200":0.0,
    "201":0.022988505747126436,
    "202":0.04597701149425287,
    "203":0.022988505747126436,
    "204":0.04597701149425287,
    "205":0.0,
    "206":0.0,
    "207":0.022988505747126436,
    "208":0.0,
    "209":0.0,
    "210":0.0,
    "211":0.0,
    "212":0.022988505747126436,
    "213":0.022988505747126436,
    "214":0.0,
    "215":0.0,
    "216":0.022988505747126436,
    "217":0.0,
    "218":0.04597701149425287,
    "219":0.0,
    "220":0.0,
    "221":0.022988505747126436,
    "222":0.0,
    "223":0.0,
    "224":0.0,
    "225":0.0,
    "226":0.06896551724137931,
    "227":0.0,
    "228":0.0,
    "229":0.0,
    "230":0.0,
    "231":0.0,
    "232":0.022988505747126436,
    "233":0.0,
    "234":0.0,
    "235":0.022988505747126436,
    "236":0.022988505747126436,
    "237":0.0,
    "238":0.0,
    "239":0.022988505747126436,
    "240":0.022988505747126436,
    "241":0.0,
    "242":0.0,
    "243":0.0,
    "244":0.0,
    "245":0.022988505747126436,
    "246":0.022988505747126436,
    "247":0.0,
    "248":0.04597701149425287,
    "249":0.022988505747126436,
    "250":0.022988505747126436,
    "251":0.0,
    "252":0.022988505747126436,
    "253":0.022988505747126436,
    "254":0.022988505747126436,
    "255":0.0,
    "256":0.022988505747126436,
    "257":0.06896551724137931,
    "258":0.022988505747126436,
    "259":0.0,
    "260":0.022988505747126436,
    "261":0.022988505747126436,
    "262":0.022988505747126436,
    "263":0.022988505747126436,
    "264":0.0,
    "265":0.0,
    "266":0.04597701149425287,
    "267":0.022988505747126436,
    "268":0.0,
    "269":0.0,
    "270":0.0,
    "271":0.0,
    "272":0.0,
    "273":0.0,
    "274":0.0,
    "275":0.0,
    "276":0.0,
    "277":0.0,
    "278":0.0,
    "279":0.0,
    "280":0.0,
    "281":0.0,
    "282":0.0,
    "283":0.0,
    "284":0.0,
    "285":0.0,
    "286":0.0,
    "287":0.0,
    "288":0.0,
    "289":0.0,
    "290":0.0,
    "291":0.0,
    "292":0.0,
    "293":0.0,
    "294":0.0,
    "295":0.0,
    "296":0.0,
    "297":0.0,
    "298":0.0,
    "299":0.0,
    "300":0.0,
    "301":0.0,
    "302":0.0,
    "303":0.0,
    "304":0.0,
    "305":0.0,
    "306":0.0,
    "307":0.0,
    "308":0.0,
    "309":0.022988505747126436,