{
    "0":0.5607476635514018,
    "1":6.995994659546062,
    "2":4.939919893190922,
    "3":2.6168224299065423,
    "4":0.1869158878504673,
    "5":0.8277703604806409,
    "6":2.082777036048064,
    "7":2.2963951935914553,
    "8":2.7503337783711617,
    "9":3.1508678237650205,
    "10":3.0707610146862483,
    "11":1.3885180240320427,
    "12":1.3084112149532712,
    "13":1.361815754339119,
    "14":1.0947930574098799,
    "15":1.4152202937249665,
    "16":0.8811748998664887,
    "17":0.8277703604806409,
    "18":0.507343124165554,
    "19":0.6141522029372497,
    "20":0.6408544726301735,
    "21":1.0680907877169559,
    "22":0.774365821094793,
    "23":0.801068090787717,
    "24":0.7209612817089452,
    "25":1.4953271028037385,
    "26":1.3084112149532712,
    "27":1.2550066755674232,
    "28":1.281708945260347,
    "29":1.4953271028037385,
    "30":1.548731642189586,
    "31":1.7356475300400533,
    "32":1.4152202937249665,
    "33":1.4419225634178905,
    "34":1.335113484646195,
    "35":1.4152202937249665,
    "36":1.3084112149532712,
    "37":1.4152202937249665,
    "38":1.3084112149532712,
    "39":0.9345794392523363,
    "40":1.5220293724966623,
    "41":1.041388518024032,
    "42":0.8277703604806409,
    "43":1.2550066755674232,
    "44":0.9345794392523363,
    "45":0.8277703604806409,
    "46":0.7476635514018692,
    "47":0.774365821094793,
    "48":0.774365821094793,
    "49":0.5607476635514018,
    "50":0.507343124165554,
    "51":0.6141522029372497,
    "52":0.6408544726301735,
    "53":0.4806408544726302,
    "54":0.5340453938584779,
    "55":0.2937249666221629,
    "56":0.32042723631508674,
    "57":0.5340453938584779,
    "58":0.4806408544726302,
    "59":0.2403204272363151,
    "60":0.3738317757009346,
    "61":0.2937249666221629,
    "62":0.3738317757009346,
    "63":0.3738317757009346,
    "64":0.4806408544726302,
    "65":0.5607476635514018,
    "66":0.3471295060080107,
    "67":0.3471295060080107,
    "68":0.32042723631508674,
    "69":0.3471295060080107,
    "70":0.5340453938584779,
    "71":0.4272363150867824,
    "72":0.4539385847797063,
    "73":0.507343124165554,
    "74":0.5340453938584779,
    "75":0.26702269692923897,
    "76":0.4539385847797063,
    "77":0.3471295060080107,
    "78":0.5340453938584779,
    "79":0.26702269692923897,
    "80":0.32042723631508674,
    "81":0.4806408544726302,
    "82":0.4272363150867824,
    "83":0.4005340453938585,
    "84":0.5607476635514018,
    "85":0.2403204272363151,
    "86":0.2403204272363151,
    "87":0.3738317757009346,
    "88":0.2136181575433912,
    "89":0.2937249666221629,
    "90":0.3738317757009346,
    "91":0.2136181575433912,
    "92":0.3738317757009346,
    "93":0.3471295060080107,
    "94":0.2937249666221629,
    "95":0.3738317757009346,
    "96":0.2136181575433912,
    "97":0.16021361815754337,
    "98":0.3471295060080107,
    "99":0.26702269692923897,
    "100":0.2136181575433912,
    "101":0.26702269692923897,
    "102":0.13351134846461948,
    "103":0.13351134846461948,
    "104":0.16021361815754337,
    "105":0.2136181575433912,
    "106":0.08010680907877168,
    "107":0.2136181575433912,
    "108":0.1869158878504673,
    "109":0.08010680907877168,
    "110":0.0534045393858478,
    "111":0.16021361815754337,
    "112":0.08010680907877168,
    "113":0.26702269692923897,
    "114":0.13351134846461948,
    "115":0.26702269692923897,
    "116":0.08010680907877168,
    "117":0.13351134846461948,
    "118":0.2136181575433912,
    "119":0.16021361815754337,
    "120":0.2136181575433912,
    "121":0.0534045393858478,
    "122":0.0534045393858478,
    "123":0.16021361815754337,
    "124":0.2136181575433912,
    "125":0.1869158878504673,
    "126":0.2136181575433912,
    "127":0.1068090787716956,
    "128":0.16021361815754337,
    "129":0.0534045393858478,
    "130":0.0267022696929239,
    "131":0.1869158878504673,
    "132":0.1869158878504673,
    "133":0.08010680907877168,
    "134":0.0267022696929239,
    "135":0.13351134846461948,
    "136":0.1068090787716956,
    "137":0.0534045393858478,
    "138":0.1869158878504673,
    "139":0.0534045393858478,
    "140":0.13351134846461948,
    "141":0.1068090787716956,
    "142":0.2403204272363151,
    "143":0.0267022696929239,
    "144":0.13351134846461948,
    "145":0.08010680907877168,
    "146":0.08010680907877168,
    "147":0.08010680907877168,
    "148":0.0534045393858478,
    "149":0.0,
    "150":0.08010680907877168,
    "151":0.0534045393858478,
    "152":0.1869158878504673,
    "153":0.0267022696929239,
    "154":0.1068090787716956,
    "155":0.0267022696929239,
    "156":0.0,
    "157":0.0267022696929239,
    "158":0.0267022696929239,
    "159":0.0,
    "160":0.08010680907877168,
    "161":0.0,
    "162":0.0267022696929239,
    "163":0.08010680907877168,
    "164":0.0,
    "165":0.0,
    "166":0.0267022696929239,
    "167":0.0534045393858478,
    "168":0.0,
    "169":0.0267022696929239,
    "170":0.0,
    "171":0.0,
    "172":0.08010680907877168,
    "173":0.0267022696929239,
    "174":0.0267022696929239,
    "175":0.0267022696929239,
    "176":0.0267022696929239,
    "177":0.0,
    "178":0.0267022696929239,
    "179":0.0534045393858478,
    "180":0.0267022696929239,
    "181":0.1068090787716956,
    "182":0.0,
    "183":0.0,
    "184":0.0,
    "185":0.0,
    "186":0.0,
    "187":0.0,
    "188":0.0,
    "189":0.0,
    "190":0.0
}