{
    "0":2.453667449752023,
    "1":4.124249543200209,
    "2":1.2268337248760115,
    "3":2.74079874706343,
    "4":2.8713129731140694,
    "5":1.8271991647089532,
    "6":1.1746280344557558,
    "7":0.4437483685721744,
    "8":0.4437483685721744,
    "9":0.5742625946228139,
    "10":1.1485251892456279,
    "11":1.4617593317671627,
    "12":1.4617593317671627,
    "13":1.3834507961367788,
    "14":1.8794048551292093,
    "15":2.0099190811798486,
    "16":1.7749934742886977,
    "17":2.401461759331767,
    "18":2.11433046202036,
    "19":1.931610545549465,
    "20":1.61837640302793,
    "21":1.4617593317671627,
    "22":1.5400678673975463,
    "23":1.357347950926651,
    "24":1.3051422605063951,
    "25":1.6705820934481859,
    "26":1.5661707126076743,
    "27":1.644479248238058,
    "28":1.070216653615244,
    "29":1.2790394152962672,
    "30":1.1746280344557558,
    "31":1.2790394152962672,
    "32":1.096319498825372,
    "33":1.357347950926651,
    "34":1.1224223440355,
    "35":0.8613938919342208,
    "36":1.0180109631949883,
    "37":1.1485251892456279,
    "38":0.7569825110937093,
    "39":1.1485251892456279,
    "40":1.0180109631949883,
    "41":1.1485251892456279,
    "42":0.8874967371443488,
    "43":1.1224223440355,
    "44":0.8874967371443488,
    "45":1.044113808405116,
    "46":1.2268337248760115,
    "47":1.096319498825372,
    "48":1.5661707126076743,
    "49":1.1746280344557558,
    "50":0.9919081179848602,
    "51":0.7569825110937093,
    "52":0.7830853563038371,
    "53":0.6525711302531976,
    "54":0.7308796658835813,
    "55":0.7830853563038371,
    "56":0.522056904202558,
    "57":1.096319498825372,
    "58":0.9135995823544766,
    "59":0.7047768206734534,
    "60":0.9135995823544766,
    "61":0.5742625946228139,
    "62":0.6264682850430697,
    "63":0.4959540589924301,
    "64":0.6003654398329418,
    "65":0.548159749412686,
    "66":0.4437483685721744,
    "67":0.4698512137823023,
    "68":0.6003654398329418,
    "69":0.6264682850430697,
    "70":0.4959540589924301,
    "71":0.548159749412686,
    "72":0.4437483685721744,
    "73":0.39154267815191857,
    "74":0.33933698773166276,
    "75":0.4959540589924301,
    "76":0.31323414252153486,
    "77":0.36543983294179067,
    "78":0.4437483685721744,
    "79":0.33933698773166276,
    "80":0.41764552336204647,
    "81":0.33933698773166276,
    "82":0.6003654398329418,
    "83":0.41764552336204647,
    "84":0.39154267815191857,
    "85":0.28713129731140696,
    "86":0.36543983294179067,
    "87":0.20882276168102323,
    "88":0.15661707126076743,
    "89":0.20882276168102323,
    "90":0.18271991647089533,
    "91":0.261028452101279,
    "92":0.15661707126076743,
    "93":0.33933698773166276,
    "94":0.15661707126076743,
    "95":0.15661707126076743,
    "96":0.18271991647089533,
    "97":0.31323414252153486,
    "98":0.10441138084051162,
    "99":0.10441138084051162,
    "100":0.10441138084051162,
    "101":0.20882276168102323,
    "102":0.20882276168102323,
    "103":0.10441138084051162,
    "104":0.261028452101279,
    "105":0.18271991647089533,
    "106":0.20882276168102323,
    "107":0.18271991647089533,
    "108":0.18271991647089533,
    "109":0.23492560689115116,
    "110":0.18271991647089533,
    "111":0.1305142260506395,
    "112":0.15661707126076743,
    "113":0.28713129731140696,
    "114":0.23492560689115116,
    "115":0.18271991647089533,
    "116":0.07830853563038372,
    "117":0.1305142260506395,
    "118":0.1305142260506395,
    "119":0.05220569042025581,
    "120":0.0,
    "121":0.07830853563038372,
    "122":0.026102845210127904,
    "123":0.05220569042025581,
    "124":0.07830853563038372,
    "125":0.05220569042025581,
    "126":0.026102845210127904,
    "127":0.0,
    "128":0.0,
    "129":0.1305142260506395,
    "130":0.0,
    "131":0.026102845210127904,
    "132":0.026102845210127904,
    "133":0.05220569042025581,
    "134":0.026102845210127904,
    "135":0.05220569042025581,
    "136":0.026102845210127904,
    "137":0.026102845210127904,
    "138":0.026102845210127904,
    "139":0.026102845210127904,
    "140":0.10441138084051162,
    "141":0.026102845210127904,
    "142":0.026102845210127904,
    "143":0.0,
    "144":0.05220569042025581,
    "145":0.10441138084051162,
    "146":0.0,
    "147":0.0,
    "148":0.0,
    "149":0.0,
    "150":0.0,
    "151":0.026102845210127904,
    "152":0.0,
    "153":0.0,
    "154":0.0,
    "155":0.0,
    "156":0.0,
    "157":0.0,
    "158":0.0,
    "159":0.0,
    "160":0.0,
    "161":0.0,
    "162":0.0,
    "163":0.0,
    "164":0.0,
    "165":0.0,
    "166":0.0,
    "167":0.0,
    "168":0.0,
    "169":0.0,
    "170":0.0,
    "171":0.0,
    "172":0.0,
    "173":0.0,
    "174":0.0,
    "175":0.0,
    "176":0.0,
    "177":0.0,
    "178":0.0,
    "179":0.0,
    "180":0.0,
    "181":0.0,
    "182":0.0,
    "183":0.0,
    "184":0.0,
    "185":0.0,
    "186":0.0,
    "187":0.0,
    "188":0.0,
    "189":0.0,
    "190":0.0,
    "191":0.0,
    "192":0.0,
    "193":0.0,
    "194":0.0,
    "195":0.0,
    "196":0.0,
    "197":0.0,
    "198":0.0,
    "199":0.0,
    "200":0.0,
    "201":0.0,
    "202":0.0,
    "203":0.0,
    "204":0.0,
    "205":0.0,
    "206":0.0,
    "207":0.0,
    "208":0.0,
    "209":0.0,
    "210":0.0,
    "211":0.0,
    "212":0.0,
    "213":0.0,
    "214":0.0,
    "215":0.0,
    "216":0.0,
    "217":0.0,
    "218":0.0,
    "219":0.0,
    "220":0.0,
    "221":0.0,
    "222":0.0,
    "223":0.0,
    "224":0.0,
    "225":0.0,
    "226":0.0,
    "227":0.0,
    "228":0.0,
    "229":0.0,
    "230":0.0,
    "231":0.0,
    "232":0.0,
    "233":0.0,
    "234":0.0,
    "235":0.0,
    "236":0.0,
    "237":0.0,
    "238":0.0,
    "239":0.0,
    "240":0.0,
    "241":0.0,
    "242":0.0,
    "243":0.0,
    "244":0.0,
    "245":0.0,
    "246":0.0,
    "247":0.0,
    "248":0.0,
    "249":0.0,
    "250":0.0,
    "251":0.0,
    "252":0.0,
    "253":0.0,
    "254":0.0,
    "255":0.0,
    "256":0.0,
    "257":0.0,
    "258":0.0,
    "259":0.0,
    "260":0.0,
    "261":0.0,
    "262":0.0,
    "263":0.0,
    "264":0.0,
    "265":0.0,
    "266":0.0,
    "267":0.0,
    "268":0.0,
    "269":0.0,
    "270":0.0,
    "271":0.0,
    "272":0.026102845210127904,
    "273":0.0,
    "274":0.0,
    "275":0.0,
    "276":0.0,
    "277":0.0,
    "278":0.0,
    "279":0.0,
    "280":0.0
}