{
    "0":1.2437810945273633,
    "1":0.5863539445628998,
    "2":2.523098791755508,
    "3":0.6218905472636816,
    "4":0.46197583511016344,
    "5":0.46197583511016344,
    "6":0.6574271499644634,
    "7":0.906183368869936,
    "8":1.279317697228145,
    "9":0.906183368869936,
    "10":1.1727078891257996,
    "11":0.6751954513148543,
    "12":0.8706467661691543,
    "13":0.7640369580668088,
    "14":0.7107320540156361,
    "15":0.7107320540156361,
    "16":0.6929637526652452,
    "17":0.46197583511016344,
    "18":0.8351101634683724,
    "19":0.5685856432125089,
    "20":0.39090262970859985,
    "21":0.35536602700781805,
    "22":0.31982942430703626,
    "23":0.33759772565742713,
    "24":0.6751954513148543,
    "25":0.5685856432125089,
    "26":0.9772565742714996,
    "27":0.9772565742714996,
    "28":0.8351101634683724,
    "29":1.4214641080312722,
    "30":1.634683724235963,
    "31":1.439232409381663,
    "32":1.5813788201847903,
    "33":1.439232409381663,
    "34":1.9722814498933903,
    "35":1.652452025586354,
    "36":2.025586353944563,
    "37":1.5280739161336176,
    "38":1.9367448471926083,
    "39":1.687988628287136,
    "40":1.830135039090263,
    "41":1.7945984363894811,
    "42":1.9012082444918266,
    "43":1.7590618336886994,
    "44":2.061122956645345,
    "45":1.8834399431414357,
    "46":1.8479033404406537,
    "47":1.7057569296375266,
    "48":1.7590618336886994,
    "49":1.634683724235963,
    "50":1.5458422174840085,
    "51":1.439232409381663,
    "52":1.3859275053304905,
    "53":1.5280739161336176,
    "54":1.439232409381663,
    "55":1.4214641080312722,
    "56":1.0483297796730633,
    "57":1.297085998578536,
    "58":0.9239516702203269,
    "59":1.0305614783226724,
    "60":0.9772565742714996,
    "61":0.5152807391613362,
    "62":0.7995735607675907,
    "63":0.7285003553660271,
    "64":0.8706467661691543,
    "65":0.6574271499644634,
    "66":0.5508173418621181,
    "67":0.5152807391613362,
    "68":0.39090262970859985,
    "69":0.3731343283582089,
    "70":0.4797441364605544,
    "71":0.39090262970859985,
    "72":0.31982942430703626,
    "73":0.3731343283582089,
    "74":0.4975124378109453,
    "75":0.5152807391613362,
    "76":0.26652452025586354,
    "77":0.17768301350390903,
    "78":0.30206112295664533,
    "79":0.4797441364605544,
    "80":0.4797441364605544,
    "81":0.30206112295664533,
    "82":0.3731343283582089,
    "83":0.35536602700781805,
    "84":0.12437810945273632,
    "85":0.31982942430703626,
    "86":0.31982942430703626,
    "87":0.39090262970859985,
    "88":0.14214641080312723,
    "89":0.3731343283582089,
    "90":0.30206112295664533,
    "91":0.30206112295664533,
    "92":0.28429282160625446,
    "93":0.30206112295664533,
    "94":0.31982942430703626,
    "95":0.42643923240938164,
    "96":0.4442075337597726,
    "97":0.24875621890547264,
    "98":0.19545131485429992,
    "99":0.15991471215351813,
    "100":0.28429282160625446,
    "101":0.28429282160625446,
    "102":0.12437810945273632,
    "103":0.24875621890547264,
    "104":0.23098791755508172,
    "105":0.14214641080312723,
    "106":0.23098791755508172,
    "107":0.24875621890547264,
    "108":0.35536602700781805,
    "109":0.28429282160625446,
    "110":0.15991471215351813,
    "111":0.24875621890547264,
    "112":0.12437810945273632,
    "113":0.23098791755508172,
    "114":0.08884150675195451,
    "115":0.24875621890547264,
    "116":0.23098791755508172,
    "117":0.17768301350390903,
    "118":0.17768301350390903,
    "119":0.15991471215351813,
    "120":0.14214641080312723,
    "121":0.14214641080312723,
    "122":0.21321961620469082,
    "123":0.03553660270078181,
    "124":0.10660980810234541,
    "125":0.12437810945273632,
    "126":0.19545131485429992,
    "127":0.10660980810234541,
    "128":0.03553660270078181,
    "129":0.15991471215351813,
    "130":0.12437810945273632,
    "131":0.07107320540156362,
    "132":0.03553660270078181,
    "133":0.053304904051172705,
    "134":0.17768301350390903,
    "135":0.08884150675195451,
    "136":0.053304904051172705,
    "137":0.07107320540156362,
    "138":0.08884150675195451,
    "139":0.053304904051172705,
    "140":0.053304904051172705,
    "141":0.19545131485429992,
    "142":0.053304904051172705,
    "143":0.03553660270078181,
    "144":0.08884150675195451,
    "145":0.12437810945273632,
    "146":0.08884150675195451,
    "147":0.03553660270078181,
    "148":0.0,
    "149":0.03553660270078181,
    "150":0.14214641080312723,
    "151":0.10660980810234541,
    "152":0.03553660270078181,
    "153":0.10660980810234541,
    "154":0.07107320540156362,
    "155":0.03553660270078181,
    "156":0.10660980810234541,
    "157":0.03553660270078181,
    "158":0.07107320540156362,
    "159":0.08884150675195451,
    "160":0.08884150675195451,
    "161":0.017768301350390904,
    "162":0.017768301350390904,
    "163":0.07107320540156362,
    "164":0.14214641080312723,
    "165":0.07107320540156362,
    "166":0.0,
    "167":0.0,
    "168":0.03553660270078181,
    "169":0.03553660270078181,
    "170":0.053304904051172705,
    "171":0.03553660270078181,
    "172":0.03553660270078181,
    "173":0.03553660270078181,
    "174":0.053304904051172705,
    "175":0.0,
    "176":0.07107320540156362,
    "177":0.0,
    "178":0.03553660270078181,
    "179":0.03553660270078181,
    "180":0.017768301350390904,
    "181":0.08884150675195451,
    "182":0.10660980810234541,
    "183":0.10660980810234541,
    "184":0.08884150675195451,
    "185":0.03553660270078181,
    "186":0.053304904051172705,
    "187":0.07107320540156362,
    "188":0.07107320540156362,
    "189":0.08884150675195451,
    "190":0.053304904051172705,
    "191":0.10660980810234541,
    "192":0.14214641080312723,
    "193":0.03553660270078181,
    "194":0.07107320540156362,
    "195":0.017768301350390904,
    "196":0.017768301350390904,
    "197":0.017768301350390904,
    "198":0.08884150675195451,
    "199":0.03553660270078181,
    "200":0.08884150675195451,
    "201":0.053304904051172705,
    "202":0.053304904051172705,
    "203":0.017768301350390904,
    "204":0.0,
    "205":0.0,
    "206":0.0,
    "207":0.053304904051172705,
    "208":0.053304904051172705,
    "209":0.08884150675195451,
    "210":0.0,
    "211":0.017768301350390904,
    "212":0.017768301350390904,
    "213":0.03553660270078181,
    "214":0.0,
    "215":0.017768301350390904,
    "216":0.03553660270078181,
    "217":0.017768301350390904,
    "218":0.017768301350390904,
    "219":0.017768301350390904,
    "220":0.017768301350390904,
    "221":0.03553660270078181,
    "222":0.017768301350390904,
    "223":0.03553660270078181,
    "224":0.0,
    "225":0.0,
    "226":0.0,
    "227":0.0,
    "228":0.017768301350390904,
    "229":0.03553660270078181,
    "230":0.0,
    "231":0.0,
    "232":0.0,
    "233":0.053304904051172705,
    "234":0.0,
    "235":0.0,
    "236":0.017768301350390904,
    "237":0.03553660270078181,
    "238":0.017768301350390904,
    "239":0.03553660270078181,
    "240":0.017768301350390904,
    "241":0.0,
    "242":0.0,
    "243":0.0,
    "244":0.017768301350390904,
    "245":0.0,
    "246":0.03553660270078181,
    "247":0.0,
    "248":0.0,
    "249":0.0,
    "250":0.017768301350390904,
    "251":0.0,
    "252":0.08884150675195451,
    "253":0.053304904051172705,
    "254":0.017768301350390904,
    "255":0.017768301350390904,
    "256":0.03553660270078181,
    "257":0.03553660270078181,
    "258":0.053304904051172705,
    "259":0.03553660270078181,
    "260":0.0,
    "261":0.07107320540156362,
    "262":0.053304904051172705,
    "263":0.053304904051172705,
    "264":0.0,
    "265":0.0,
    "266":0.0,
    "267":0.017768301350390904,
    "268":0.0,
    "269":0.0,
    "270":0.0,
    "271":0.0,
    "272":0.0,
    "273":0.0,
    "274":0.0,
    "275":0.0
}