{
    "0":3.901773533424284,
    "1":0.24556616643929058,
    "2":0.9822646657571623,
    "3":1.6916780354706684,
    "4":1.7462482946793998,
    "5":1.3369713506139156,
    "6":1.009549795361528,
    "7":0.7366984993178717,
    "8":0.30013642564802184,
    "9":0.027285129604365622,
    "10":0.054570259208731244,
    "11":0.19099590723055934,
    "12":0.6275579809004093,
    "13":0.5184174624829468,
    "14":0.5457025920873124,
    "15":0.8458390177353342,
    "16":1.1186903137789905,
    "17":1.3369713506139156,
    "18":1.364256480218281,
    "19":1.3915416098226467,
    "20":1.1732605729877217,
    "21":1.4188267394270122,
    "22":1.800818553888131,
    "23":1.2824010914051842,
    "24":1.5825375170532059,
    "25":1.7462482946793998,
    "26":1.5279672578444747,
    "27":1.3915416098226467,
    "28":1.145975443383356,
    "29":1.0368349249658937,
    "30":1.0914051841746248,
    "31":1.2824010914051842,
    "32":1.364256480218281,
    "33":1.5552523874488404,
    "34":1.5825375170532059,
    "35":1.6371077762619373,
    "36":1.4733969986357434,
    "37":1.3369713506139156,
    "38":1.6916780354706684,
    "39":1.5006821282401093,
    "40":1.5279672578444747,
    "41":1.5006821282401093,
    "42":1.8553888130968623,
    "43":1.3369713506139156,
    "44":1.446111869031378,
    "45":1.4733969986357434,
    "46":1.364256480218281,
    "47":1.7735334242837655,
    "48":1.0914051841746248,
    "49":1.2824010914051842,
    "50":1.3096862210095497,
    "51":1.2824010914051842,
    "52":1.5279672578444747,
    "53":1.7462482946793998,
    "54":1.009549795361528,
    "55":1.4188267394270122,
    "56":1.3915416098226467,
    "57":1.446111869031378,
    "58":0.9822646657571623,
    "59":1.227830832196453,
    "60":0.9549795361527967,
    "61":1.2551159618008185,
    "62":0.8731241473396999,
    "63":0.9549795361527967,
    "64":1.0641200545702592,
    "65":0.6002728512960437,
    "66":0.5184174624829468,
    "67":0.43656207366984995,
    "68":0.4092769440654843,
    "69":0.6275579809004093,
    "70":0.6275579809004093,
    "71":0.24556616643929058,
    "72":0.49113233287858116,
    "73":0.572987721691678,
    "74":0.5184174624829468,
    "75":0.43656207366984995,
    "76":0.24556616643929058,
    "77":0.21828103683492497,
    "78":0.3274215552523874,
    "79":0.3819918144611187,
    "80":0.35470668485675305,
    "81":0.30013642564802184,
    "82":0.3274215552523874,
    "83":0.3274215552523874,
    "84":0.3274215552523874,
    "85":0.3819918144611187,
    "86":0.3274215552523874,
    "87":0.49113233287858116,
    "88":0.24556616643929058,
    "89":0.1364256480218281,
    "90":0.1364256480218281,
    "91":0.30013642564802184,
    "92":0.19099590723055934,
    "93":0.1364256480218281,
    "94":0.24556616643929058,
    "95":0.054570259208731244,
    "96":0.1637107776261937,
    "97":0.027285129604365622,
    "98":0.054570259208731244,
    "99":0.027285129604365622,
    "100":0.1637107776261937,
    "101":0.19099590723055934,
    "102":0.10914051841746249,
    "103":0.10914051841746249,
    "104":0.027285129604365622,
    "105":0.08185538881309685,
    "106":0.1637107776261937,
    "107":0.10914051841746249,
    "108":0.1364256480218281,
    "109":0.027285129604365622,
    "110":0.08185538881309685,
    "111":0.10914051841746249,
    "112":0.1637107776261937,
    "113":0.0,
    "114":0.10914051841746249,
    "115":0.10914051841746249,
    "116":0.054570259208731244,
    "117":0.027285129604365622,
    "118":0.1364256480218281,
    "119":0.19099590723055934,
    "120":0.054570259208731244,
    "121":0.1364256480218281,
    "122":0.1364256480218281,
    "123":0.027285129604365622,
    "124":0.054570259208731244,
    "125":0.054570259208731244,
    "126":0.027285129604365622,
    "127":0.027285129604365622,
    "128":0.10914051841746249,
    "129":0.027285129604365622,
    "130":0.054570259208731244,
    "131":0.08185538881309685,
    "132":0.10914051841746249,
    "133":0.027285129604365622,
    "134":0.027285129604365622,
    "135":0.027285129604365622,
    "136":0.0,
    "137":0.0,
    "138":0.027285129604365622,
    "139":0.054570259208731244,
    "140":0.054570259208731244,
    "141":0.0,
    "142":0.0,
    "143":0.08185538881309685,
    "144":0.1637107776261937,
    "145":0.1637107776261937,
    "146":0.10914051841746249,
    "147":0.054570259208731244,
    "148":0.1364256480218281,
    "149":0.08185538881309685,
    "150":0.027285129604365622,
    "151":0.054570259208731244,
    "152":0.0,
    "153":0.0,
    "154":0.027285129604365622,
    "155":0.027285129604365622,
    "156":0.1637107776261937,
    "157":0.0,
    "158":0.0,
    "159":0.054570259208731244,
    "160":0.027285129604365622,
    "161":0.054570259208731244,
    "162":0.08185538881309685,
    "163":0.027285129604365622,
    "164":0.054570259208731244,
    "165":0.08185538881309685,
    "166":0.054570259208731244,
    "167":0.027285129604365622,
    "168":0.054570259208731244,
    "169":0.0,
    "170":0.0,
    "171":0.027285129604365622,
    "172":0.027285129604365622,
    "173":0.10914051841746249,
    "174":0.054570259208731244,
    "175":0.0,
    "176":0.027285129604365622,
    "177":0.0,
    "178":0.08185538881309685,
    "179":0.08185538881309685,
    "180":0.054570259208731244,
    "181":0.08185538881309685,
    "182":0.1637107776261937,
    "183":0.027285129604365622,
    "184":0.027285129604365622,
    "185":0.0,
    "186":0.0,
    "187":0.0,
    "188":0.027285129604365622,
    "189":0.027285129604365622,
    "190":0.027285129604365622,
    "191":0.027285129604365622,
    "192":0.027285129604365622,
    "193":0.027285129604365622,
    "194":0.027285129604365622,
    "195":0.0,
    "196":0.027285129604365622,
    "197":0.0,
    "198":0.027285129604365622,
    "199":0.0,
    "200":0.027285129604365622,
    "201":0.027285129604365622,
    "202":0.027285129604365622,
    "203":0.0,
    "204":0.054570259208731244,
    "205":0.0,
    "206":0.027285129604365622,
    "207":0.027285129604365622,
    "208":0.027285129604365622,
    "209":0.0,
    "210":0.0,
    "211":0.1364256480218281,
    "212":0.0,
    "213":0.0,
    "214":0.0,
    "215":0.027285129604365622,
    "216":0.0,
    "217":0.0,
    "218":0.027285129604365622,
    "219":0.0,
    "220":0.0,
    "221":0.0,
    "222":0.0,
    "223":0.0,
    "224":0.0,
    "225":0.0,
    "226":0.0,
    "227":0.0,
    "228":0.0,
    "229":0.0,
    "230":0.0,
    "231":0.0,
    "232":0.027285129604365622,
    "233":0.0,
    "234":0.0,
    "235":0.08185538881309685,
    "236":0.027285129604365622,
    "237":0.0,
    "238":0.027285129604365622,
    "239":0.0,
    "240":0.0,
    "241":0.0,
    "242":0.027285129604365622,
    "243":0.027285129604365622,
    "244":0.0,
    "245":0.054570259208731244,
    "246":0.0,
    "247":0.027285129604365622,
    "248":0.0,
    "249":0.027285129604365622,
    "250":0.0,
    "251":0.0,
    "252":0.054570259208731244,
    "253":0.0,
    "254":0.0,
    "255":0.0,
    "256":0.0,
    "257":0.0,
    "258":0.027285129604365622,
    "259":0.027285129604365622,
    "260":0.027285129604365622,
    "261":0.0,
    "262":0.027285129604365622,
    "263":0.0,
    "264":0.027285129604365622,
    "265":0.027285129604365622,
    "266":0.027285129604365622,
    "267":0.0,
    "268":0.0,
    "269":0.027285129604365622,
    "270":0.0,
    "271":0.054570259208731244,
    "272":0.0,
    "273":0.0,
    "274":0.027285129604365622,
    "275":0.027285129604365622,
    "276":0.0,
    "277":0.054570259208731244,
    "278":0.0,
    "279":0.0,
    "280":0.027285129604365622,
    "281":0.0,
    "282":0.027285129604365622,
    "283":0.027285129604365622,
    "284":0.0,
    "285":0.0,
    "286":0.0,
    "287":0.0,
    "288":0.0,
    "289":0.0,
    "290":0.0,
    "291":0.0
}