{
    "0":3.3199771036061825,
    "1":3.663423010875787,
    "2":0.11448196908986834,
    "3":0.11448196908986834,
    "4":0.28620492272467085,
    "5":0.48654836863194045,
    "6":1.287922152261019,
    "7":1.4024041213508873,
    "8":1.7744705208929592,
    "9":2.003434459072696,
    "10":1.4596451058958215,
    "11":1.0875787063537492,
    "12":1.602747567258157,
    "13":1.030337721808815,
    "14":1.4596451058958215,
    "15":1.4310246136233544,
    "16":1.058958214081282,
    "17":1.4596451058958215,
    "18":1.5455065827132226,
    "19":1.8603319977103607,
    "20":2.2610188895249,
    "21":1.7744705208929592,
    "22":1.8030910131654265,
    "23":1.8030910131654265,
    "24":1.2020606754436176,
    "25":1.7744705208929592,
    "26":1.316542644533486,
    "27":1.4310246136233544,
    "28":1.316542644533486,
    "29":1.4882655981682884,
    "30":1.4882655981682884,
    "31":1.6599885518030912,
    "32":1.5168860904407555,
    "33":1.4024041213508873,
    "34":1.058958214081282,
    "35":0.9730967372638809,
    "36":1.001717229536348,
    "37":1.316542644533486,
    "38":0.7155123068116772,
    "39":0.658271322266743,
    "40":0.658271322266743,
    "41":0.40068689181453926,
    "42":0.40068689181453926,
    "43":0.6868918145392101,
    "44":0.45792787635947335,
    "45":0.6010303377218088,
    "46":0.6010303377218088,
    "47":0.7155123068116772,
    "48":0.8586147681740127,
    "49":0.45792787635947335,
    "50":0.6296508299942759,
    "51":0.7155123068116772,
    "52":0.6868918145392101,
    "53":0.5437893531768746,
    "54":0.5151688609044075,
    "55":0.5151688609044075,
    "56":0.658271322266743,
    "57":0.7155123068116772,
    "58":0.7727532913566113,
    "59":0.7155123068116772,
    "60":0.8586147681740127,
    "61":0.6868918145392101,
    "62":0.7441327990841442,
    "63":0.7155123068116772,
    "64":0.8299942759015456,
    "65":0.8872352604464796,
    "66":0.34344590726960506,
    "67":0.22896393817973668,
    "68":0.25758443045220375,
    "69":0.42930738408700636,
    "70":0.48654836863194045,
    "71":0.3720663995420721,
    "72":0.3720663995420721,
    "73":0.17172295363480253,
    "74":0.34344590726960506,
    "75":0.3720663995420721,
    "76":0.22896393817973668,
    "77":0.28620492272467085,
    "78":0.22896393817973668,
    "79":0.28620492272467085,
    "80":0.34344590726960506,
    "81":0.3720663995420721,
    "82":0.48654836863194045,
    "83":0.28620492272467085,
    "84":0.45792787635947335,
    "85":0.3720663995420721,
    "86":0.22896393817973668,
    "87":0.11448196908986834,
    "88":0.25758443045220375,
    "89":0.25758443045220375,
    "90":0.25758443045220375,
    "91":0.42930738408700636,
    "92":0.17172295363480253,
    "93":0.11448196908986834,
    "94":0.14310246136233543,
    "95":0.25758443045220375,
    "96":0.20034344590726963,
    "97":0.20034344590726963,
    "98":0.08586147681740126,
    "99":0.31482541499713795,
    "100":0.3720663995420721,
    "101":0.48654836863194045,
    "102":0.22896393817973668,
    "103":0.34344590726960506,
    "104":0.42930738408700636,
    "105":0.20034344590726963,
    "106":0.31482541499713795,
    "107":0.08586147681740126,
    "108":0.31482541499713795,
    "109":0.22896393817973668,
    "110":0.31482541499713795,
    "111":0.22896393817973668,
    "112":0.22896393817973668,
    "113":0.28620492272467085,
    "114":0.31482541499713795,
    "115":0.22896393817973668,
    "116":0.17172295363480253,
    "117":0.11448196908986834,
    "118":0.22896393817973668,
    "119":0.08586147681740126,
    "120":0.17172295363480253,
    "121":0.11448196908986834,
    "122":0.17172295363480253,
    "123":0.28620492272467085,
    "124":0.14310246136233543,
    "125":0.028620492272467084,
    "126":0.20034344590726963,
    "127":0.08586147681740126,
    "128":0.11448196908986834,
    "129":0.11448196908986834,
    "130":0.08586147681740126,
    "131":0.08586147681740126,
    "132":0.14310246136233543,
    "133":0.14310246136233543,
    "134":0.028620492272467084,
    "135":0.05724098454493417,
    "136":0.11448196908986834,
    "137":0.11448196908986834,
    "138":0.05724098454493417,
    "139":0.08586147681740126,
    "140":0.11448196908986834,
    "141":0.14310246136233543,
    "142":0.14310246136233543,
    "143":0.11448196908986834,
    "144":0.11448196908986834,
    "145":0.20034344590726963,
    "146":0.20034344590726963,
    "147":0.05724098454493417,
    "148":0.14310246136233543,
    "149":0.14310246136233543,
    "150":0.20034344590726963,
    "151":0.05724098454493417,
    "152":0.08586147681740126,
    "153":0.08586147681740126,
    "154":0.20034344590726963,
    "155":0.28620492272467085,
    "156":0.11448196908986834,
    "157":0.05724098454493417,
    "158":0.17172295363480253,
    "159":0.08586147681740126,
    "160":0.05724098454493417,
    "161":0.17172295363480253,
    "162":0.05724098454493417,
    "163":0.11448196908986834,
    "164":0.22896393817973668,
    "165":0.11448196908986834,
    "166":0.20034344590726963,
    "167":0.05724098454493417,
    "168":0.0,
    "169":0.14310246136233543,
    "170":0.25758443045220375,
    "171":0.028620492272467084,
    "172":0.14310246136233543,
    "173":0.08586147681740126,
    "174":0.05724098454493417,
    "175":0.05724098454493417,
    "176":0.028620492272467084,
    "177":0.14310246136233543,
    "178":0.08586147681740126,
    "179":0.028620492272467084,
    "180":0.08586147681740126,
    "181":0.05724098454493417,
    "182":0.11448196908986834,
    "183":0.05724098454493417,
    "184":0.11448196908986834,
    "185":0.11448196908986834,
    "186":0.05724098454493417,
    "187":0.14310246136233543,
    "188":0.05724098454493417,
    "189":0.08586147681740126,
    "190":0.028620492272467084,
    "191":0.028620492272467084,
    "192":0.08586147681740126,
    "193":0.05724098454493417,
    "194":0.0,
    "195":0.08586147681740126,
    "196":0.028620492272467084,
    "197":0.028620492272467084,
    "198":0.0,
    "199":0.028620492272467084,
    "200":0.028620492272467084,
    "201":0.11448196908986834,
    "202":0.05724098454493417,
    "203":0.028620492272467084,
    "204":0.028620492272467084,
    "205":0.05724098454493417,
    "206":0.05724098454493417,
    "207":0.0,
    "208":0.0,
    "209":0.05724098454493417,
    "210":0.05724098454493417,
    "211":0.0,
    "212":0.028620492272467084,
    "213":0.0,
    "214":0.028620492272467084,
    "215":0.05724098454493417,
    "216":0.0,
    "217":0.028620492272467084,
    "218":0.028620492272467084,
    "219":0.028620492272467084,
    "220":0.0,
    "221":0.05724098454493417,
    "222":0.028620492272467084,
    "223":0.14310246136233543,
    "224":0.05724098454493417,
    "225":0.05724098454493417,
    "226":0.14310246136233543,
    "227":0.0,
    "228":0.0,
    "229":0.0,
    "230":0.0,
    "231":0.08586147681740126,
    "232":0.11448196908986834,
    "233":0.08586147681740126,
    "234":0.0,
    "235":0.028620492272467084,
    "236":0.14310246136233543,
    "237":0.028620492272467084,
    "238":0.08586147681740126,
    "239":0.028620492272467084,
    "240":0.0,
    "241":0.05724098454493417,
    "242":0.08586147681740126,
    "243":0.0,
    "244":0.028620492272467084,
    "245":0.028620492272467084,
    "246":0.028620492272467084,
    "247":0.05724098454493417,
    "248":0.0,
    "249":0.05724098454493417,
    "250":0.028620492272467084,
    "251":0.11448196908986834,
    "252":0.028620492272467084,
    "253":0.0,
    "254":0.11448196908986834,
    "255":0.028620492272467084,
    "256":0.08586147681740126,
    "257":0.0,
    "258":0.0,
    "259":0.0,
    "260":0.028620492272467084,
    "261":0.08586147681740126,
    "262":0.05724098454493417,
    "263":0.0,
    "264":0.028620492272467084,
    "265":0.028620492272467084,
    "266":0.028620492272467084,
    "267":0.0,
    "268":0.028620492272467084,
    "269":0.05724098454493417,
    "270":0.08586147681740126,
    "271":0.028620492272467084,
    "272":0.028620492272467084,
    "273":0.0,
    "274":0.028620492272467084,