{
    "0":0.7139567019806541,
    "1":3.6849378166743434,
    "2":0.6448641179180101,
    "3":0.09212344541685859,
    "4":0.23030861354214646,
    "5":0.5988023952095809,
    "6":0.6678949792722249,
    "7":1.0594196222938737,
    "8":1.0824504836480886,
    "9":0.6909258406264395,
    "10":0.6448641179180101,
    "11":0.6909258406264395,
    "12":0.9442653155228007,
    "13":0.20727775218793185,
    "14":0.7830492860432979,
    "15":1.174573929064947,
    "16":1.450944265315523,
    "17":1.3588208198986642,
    "18":1.612160294795025,
    "19":2.1418701059419623,
    "20":2.026715799170889,
    "21":2.533394748963611,
    "22":2.28005527406725,
    "23":2.763703362505758,
    "24":2.533394748963611,
    "25":2.533394748963611,
    "26":2.7176416397973284,
    "27":2.5103638876093965,
    "28":2.62551819438047,
    "29":1.8424689083371717,
    "30":1.7503454629203132,
    "31":1.612160294795025,
    "32":2.3721787194841086,
    "33":1.8885306310456014,
    "34":1.9115614923998159,
    "35":2.5794564716720405,
    "36":2.026715799170889,
    "37":1.8654997696913862,
    "38":1.5430677107323814,
    "39":1.1976047904191618,
    "40":1.450944265315523,
    "41":1.4739751266697374,
    "42":0.9903270382312299,
    "43":1.1285122063565178,
    "44":1.4279134039613082,
    "45":1.312759097190235,
    "46":0.9672961768770152,
    "47":0.7369875633348687,
    "48":1.174573929064947,
    "49":0.8291110087517274,
    "50":0.7139567019806541,
    "51":0.9903270382312299,
    "52":0.7369875633348687,
    "53":0.8751727314601566,
    "54":0.852141870105942,
    "55":0.7830492860432979,
    "56":0.5527406725011516,
    "57":0.39152464302164897,
    "58":0.6678949792722249,
    "59":0.9672961768770152,
    "60":0.32243205895900506,
    "61":0.32243205895900506,
    "62":0.2763703362505758,
    "63":0.39152464302164897,
    "64":0.32243205895900506,
    "65":0.29940119760479045,
    "66":0.36849378166743435,
    "67":0.36849378166743435,
    "68":0.36849378166743435,
    "69":0.2763703362505758,
    "70":0.36849378166743435,
    "71":0.29940119760479045,
    "72":0.2763703362505758,
    "73":0.2763703362505758,
    "74":0.29940119760479045,
    "75":0.32243205895900506,
    "76":0.4145555043758637,
    "77":0.23030861354214646,
    "78":0.23030861354214646,
    "79":0.34546292031321973,
    "80":0.39152464302164897,
    "81":0.4145555043758637,
    "82":0.29940119760479045,
    "83":0.2763703362505758,
    "84":0.23030861354214646,
    "85":0.32243205895900506,
    "86":0.2533394748963611,
    "87":0.23030861354214646,
    "88":0.32243205895900506,
    "89":0.23030861354214646,
    "90":0.2533394748963611,
    "91":0.2533394748963611,
    "92":0.18424689083371718,
    "93":0.23030861354214646,
    "94":0.2533394748963611,
    "95":0.06909258406264394,
    "96":0.11515430677107323,
    "97":0.06909258406264394,
    "98":0.1381851681252879,
    "99":0.11515430677107323,
    "100":0.18424689083371718,
    "101":0.2533394748963611,
    "102":0.11515430677107323,
    "103":0.11515430677107323,
    "104":0.23030861354214646,
    "105":0.11515430677107323,
    "106":0.16121602947950253,
    "107":0.09212344541685859,
    "108":0.06909258406264394,
    "109":0.06909258406264394,
    "110":0.16121602947950253,
    "111":0.046061722708429294,
    "112":0.1381851681252879,
    "113":0.16121602947950253,
    "114":0.11515430677107323,
    "115":0.11515430677107323,
    "116":0.023030861354214647,
    "117":0.06909258406264394,
    "118":0.023030861354214647,
    "119":0.1381851681252879,
    "120":0.16121602947950253,
    "121":0.023030861354214647,
    "122":0.06909258406264394,
    "123":0.06909258406264394,
    "124":0.046061722708429294,
    "125":0.16121602947950253,
    "126":0.023030861354214647,
    "127":0.0,
    "128":0.06909258406264394,
    "129":0.06909258406264394,
    "130":0.06909258406264394,
    "131":0.09212344541685859,
    "132":0.023030861354214647,
    "133":0.023030861354214647,
    "134":0.11515430677107323,
    "135":0.023030861354214647,
    "136":0.023030861354214647,
    "137":0.06909258406264394,
    "138":0.18424689083371718,
    "139":0.11515430677107323,
    "140":0.046061722708429294,
    "141":0.046061722708429294,
    "142":0.046061722708429294,
    "143":0.046061722708429294,
    "144":0.09212344541685859,
    "145":0.023030861354214647,
    "146":0.06909258406264394,
    "147":0.06909258406264394,
    "148":0.06909258406264394,
    "149":0.023030861354214647,
    "150":0.023030861354214647,
    "151":0.046061722708429294,
    "152":0.046061722708429294,
    "153":0.09212344541685859,
    "154":0.11515430677107323,
    "155":0.09212344541685859,
    "156":0.0,
    "157":0.0,
    "158":0.023030861354214647,
    "159":0.046061722708429294,
    "160":0.09212344541685859,
    "161":0.09212344541685859,
    "162":0.023030861354214647,
    "163":0.09212344541685859,
    "164":0.023030861354214647,
    "165":0.06909258406264394,
    "166":0.0,
    "167":0.046061722708429294,
    "168":0.11515430677107323,
    "169":0.023030861354214647,
    "170":0.0,
    "171":0.023030861354214647,
    "172":0.0,
    "173":0.023030861354214647,
    "174":0.0,
    "175":0.0,
    "176":0.0,
    "177":0.0,
    "178":0.023030861354214647,
    "179":0.023030861354214647,
    "180":0.023030861354214647,
    "181":0.023030861354214647,
    "182":0.0,
    "183":0.023030861354214647,
    "184":0.023030861354214647,
    "185":0.06909258406264394,
    "186":0.046061722708429294,
    "187":0.0,
    "188":0.023030861354214647,
    "189":0.023030861354214647,
    "190":0.0,
    "191":0.06909258406264394,
    "192":0.023030861354214647,
    "193":0.0,
    "194":0.023030861354214647,
    "195":0.023030861354214647,
    "196":0.046061722708429294,
    "197":0.0,
    "198":0.023030861354214647,
    "199":0.023030861354214647,
    "200":0.0,
    "201":0.06909258406264394,
    "202":0.0,
    "203":0.023030861354214647,
    "204":0.046061722708429294,
    "205":0.0,
    "206":0.0,
    "207":0.046061722708429294,
    "208":0.0,
    "209":0.023030861354214647,
    "210":0.023030861354214647,
    "211":0.0,
    "212":0.0,
    "213":0.0,
    "214":0.0,
    "215":0.0,
    "216":0.0,
    "217":0.0,
    "218":0.0,
    "219":0.0,
    "220":0.0,
    "221":0.0,
    "222":0.0,
    "223":0.0,
    "224":0.0,
    "225":0.0,
    "226":0.0,
    "227":0.0,
    "228":0.023030861354214647,
    "229":0.0,
    "230":0.0,
    "231":0.0,
    "232":0.0,
    "233":0.0,
    "234":0.0,
    "235":0.0,
    "236":0.0,
    "237":0.0,
    "238":0.0,
    "239":0.0,
    "240":0.0,
    "241":0.0,
    "242":0.0,
    "243":0.0,
    "244":0.0,
    "245":0.0,
    "246":0.0,
    "247":0.0,
    "248":0.0,
    "249":0.0,
    "250":0.0,
    "251":0.0,
    "252":0.0,
    "253":0.0,
    "254":0.0,
    "255":0.0,
    "256":0.0,
    "257":0.0,
    "258":0.0,
    "259":0.0,
    "260":0.0,
    "261":0.0,
    "262":0.0,
    "263":0.0,
    "264":0.023030861354214647,
    "265":0.0,
    "266":0.0,
    "267":0.0,
    "268":0.0,
    "269":0.0,
    "270":0.0,
    "271":0.0,
    "272":0.0,
    "273":0.0,
    "274":0.0,
    "275":0.0,
    "276":0.0,
    "277":0.0,
    "278":0.0,
    "279":0.0,
    "280":0.0,
    "281":0.0,
    "282":0.0,
    "283":0.0,
    "284":0.0,
    "285":0.0,
    "286":0.0,
    "287":0.0,
    "288":0.0,
    "289":0.0,
    "290":0.0,
    "291":0.0,
    "292":0.0,
    "293":0.0,
    "294":0.0,
    "295":0.0,
    "296":0.0,
    "297":0.0,
    "298":0.0,
    "299":0.0,
    "300":0.0,
    "301":0.0,
    "302":0.09212344541685859,
    "303":0.0,
    "304":0.0,
    "305":0.0,
    "306":0.0,
    "307":0.0,
    "308":0.0,
    "309":0.0,
    "310":0.0
}