{
    "0":5.291359678499665,
    "1":5.715561509265461,
    "2":3.3936146461263674,
    "3":0.9153828979682964,
    "4":0.647465952221478,
    "5":0.9153828979682964,
    "6":1.1609734315695468,
    "7":1.8977450323732978,
    "8":1.9200714445188658,
    "9":2.299620450993525,
    "10":2.813127930341594,
    "11":2.4335789238669343,
    "12":2.9694128153605717,
    "13":1.9200714445188658,
    "14":1.6075016744809107,
    "15":1.6298280866264792,
    "16":1.8977450323732978,
    "17":1.8977450323732978,
    "18":1.4735432016075016,
    "19":1.7861129716454567,
    "20":1.4735432016075016,
    "21":1.4735432016075016,
    "22":1.2279526680062514,
    "23":1.0493413708417059,
    "24":1.0939941951328422,
    "25":1.406563965170797,
    "26":1.2726054922973877,
    "27":1.2726054922973877,
    "28":0.9153828979682964,
    "29":1.1163206072784104,
    "30":1.0716677829872738,
    "31":1.2726054922973877,
    "32":1.0493413708417059,
    "33":0.8707300736771602,
    "34":1.0046885465505693,
    "35":1.0270149586961375,
    "36":1.0493413708417059,
    "37":0.9823621344050012,
    "38":0.8930564858227283,
    "39":1.1386470194239784,
    "40":0.8707300736771602,
    "41":1.1163206072784104,
    "42":0.6697923643670463,
    "43":0.647465952221478,
    "44":0.8707300736771602,
    "45":1.2056262558606832,
    "46":0.6697923643670463,
    "47":0.9600357222594329,
    "48":0.7144451886581826,
    "49":0.5581603036392052,
    "50":0.46885465505693236,
    "51":0.8260772493860237,
    "52":0.8037508372404554,
    "53":0.7144451886581826,
    "54":0.5358338914936369,
    "55":0.6028131279303416,
    "56":0.5358338914936369,
    "57":0.5804867157847734,
    "58":0.6028131279303416,
    "59":0.5135074793480687,
    "60":0.6028131279303416,
    "61":0.5135074793480687,
    "62":0.3795490064746595,
    "63":0.42420183076579593,
    "64":0.4018754186202277,
    "65":0.6251395400759098,
    "66":0.42420183076579593,
    "67":0.5135074793480687,
    "68":0.647465952221478,
    "69":0.33489618218352313,
    "70":0.3572225943290913,
    "71":0.3125697700379549,
    "72":0.3572225943290913,
    "73":0.42420183076579593,
    "74":0.44652824291136417,
    "75":0.3795490064746595,
    "76":0.33489618218352313,
    "77":0.2902433578923867,
    "78":0.20093770931011384,
    "79":0.3795490064746595,
    "80":0.20093770931011384,
    "81":0.22326412145568209,
    "82":0.26791694574681846,
    "83":0.20093770931011384,
    "84":0.33489618218352313,
    "85":0.2455905336012503,
    "86":0.17861129716454566,
    "87":0.4018754186202277,
    "88":0.13395847287340923,
    "89":0.22326412145568209,
    "90":0.17861129716454566,
    "91":0.17861129716454566,
    "92":0.06697923643670461,
    "93":0.15628488501897744,
    "94":0.11163206072784104,
    "95":0.06697923643670461,
    "96":0.11163206072784104,
    "97":0.17861129716454566,
    "98":0.13395847287340923,
    "99":0.22326412145568209,
    "100":0.08930564858227283,
    "101":0.15628488501897744,
    "102":0.08930564858227283,
    "103":0.17861129716454566,
    "104":0.2455905336012503,
    "105":0.11163206072784104,
    "106":0.2455905336012503,
    "107":0.15628488501897744,
    "108":0.06697923643670461,
    "109":0.17861129716454566,
    "110":0.15628488501897744,
    "111":0.26791694574681846,
    "112":0.17861129716454566,
    "113":0.15628488501897744,
    "114":0.22326412145568209,
    "115":0.20093770931011384,
    "116":0.06697923643670461,
    "117":0.022326412145568207,
    "118":0.0,
    "119":0.044652824291136414,
    "120":0.08930564858227283,
    "121":0.06697923643670461,
    "122":0.044652824291136414,
    "123":0.06697923643670461,
    "124":0.06697923643670461,
    "125":0.08930564858227283,
    "126":0.022326412145568207,
    "127":0.022326412145568207,
    "128":0.044652824291136414,
    "129":0.06697923643670461,
    "130":0.08930564858227283,
    "131":0.06697923643670461,
    "132":0.13395847287340923,
    "133":0.0,
    "134":0.044652824291136414,
    "135":0.08930564858227283,
    "136":0.022326412145568207,
    "137":0.044652824291136414,
    "138":0.022326412145568207,
    "139":0.022326412145568207,
    "140":0.022326412145568207,
    "141":0.022326412145568207,
    "142":0.06697923643670461,
    "143":0.044652824291136414,
    "144":0.022326412145568207,
    "145":0.022326412145568207,
    "146":0.022326412145568207,
    "147":0.06697923643670461,
    "148":0.0,
    "149":0.044652824291136414,
    "150":0.022326412145568207,
    "151":0.0,
    "152":0.06697923643670461,
    "153":0.0,
    "154":0.06697923643670461,
    "155":0.022326412145568207,
    "156":0.044652824291136414,
    "157":0.0,
    "158":0.06697923643670461,
    "159":0.0,
    "160":0.022326412145568207,
    "161":0.044652824291136414,
    "162":0.022326412145568207,
    "163":0.022326412145568207,
    "164":0.044652824291136414,
    "165":0.044652824291136414,
    "166":0.0,
    "167":0.022326412145568207,
    "168":0.044652824291136414,
    "169":0.022326412145568207,
    "170":0.08930564858227283,
    "171":0.044652824291136414,
    "172":0.08930564858227283,
    "173":0.0,
    "174":0.044652824291136414,
    "175":0.044652824291136414,
    "176":0.022326412145568207,
    "177":0.022326412145568207,
    "178":0.06697923643670461,
    "179":0.022326412145568207,
    "180":0.0,
    "181":0.06697923643670461,
    "182":0.06697923643670461,
    "183":0.0,
    "184":0.022326412145568207,
    "185":0.0,
    "186":0.022326412145568207,
    "187":0.0,
    "188":0.0,
    "189":0.022326412145568207,
    "190":0.044652824291136414,
    "191":0.044652824291136414,
    "192":0.0,
    "193":0.0,
    "194":0.044652824291136414,
    "195":0.11163206072784104,
    "196":0.0,
    "197":0.0,
    "198":0.0,
    "199":0.0,
    "200":0.022326412145568207,
    "201":0.0,
    "202":0.0,
    "203":0.0,
    "204":0.0,
    "205":0.022326412145568207,
    "206":0.0,
    "207":0.0,
    "208":0.022326412145568207,
    "209":0.0,
    "210":0.0,
    "211":0.0,
    "212":0.0,
    "213":0.0,
    "214":0.0,
    "215":0.0,
    "216":0.022326412145568207,
    "217":0.06697923643670461,
    "218":0.0,
    "219":0.022326412145568207,
    "220":0.0,
    "221":0.022326412145568207,
    "222":0.0,
    "223":0.0,
    "224":0.022326412145568207,
    "225":0.0,
    "226":0.0,
    "227":0.022326412145568207,
    "228":0.0,
    "229":0.0,
    "230":0.022326412145568207,
    "231":0.0,
    "232":0.0,
    "233":0.08930564858227283,
    "234":0.0,
    "235":0.0,
    "236":0.0,
    "237":0.0,
    "238":0.0,
    "239":0.0,
    "240":0.0,
    "241":0.0
}