{
    "0":7.3406966864910785,
    "1":2.4299065420560746,
    "2":0.08496176720475786,
    "3":2.1750212404418012,
    "4":3.7553101104502975,
    "5":4.061172472387425,
    "6":2.4468988954970263,
    "7":0.9175870858113848,
    "8":0.7476635514018692,
    "9":0.6966864910790145,
    "10":0.44180118946474084,
    "11":0.6796941376380629,
    "12":0.3738317757009346,
    "13":0.23789294817332202,
    "14":0.44180118946474084,
    "15":0.7816482582837724,
    "16":0.713678844519966,
    "17":0.5947323704333051,
    "18":0.9175870858113848,
    "19":0.8496176720475787,
    "20":1.1724723874256584,
    "21":1.5632965165675448,
    "22":1.2404418011894647,
    "23":1.4443500424808835,
    "24":1.4103653355989805,
    "25":1.2914188615123194,
    "26":1.3593882752761257,
    "27":1.6142735768903995,
    "28":1.155480033984707,
    "29":1.4953271028037385,
    "30":1.393372982158029,
    "31":1.4443500424808835,
    "32":1.6482582837723025,
    "33":1.427357689039932,
    "34":1.7672047578589634,
    "35":1.954120645709431,
    "36":1.6992353440951573,
    "37":1.3084112149532712,
    "38":1.393372982158029,
    "39":1.1724723874256584,
    "40":1.3254035683942227,
    "41":1.274426508071368,
    "42":1.0195412064570943,
    "43":1.0195412064570943,
    "44":1.0365335598980459,
    "45":1.0535259133389974,
    "46":1.070518266779949,
    "47":1.1894647408666101,
    "48":0.9515717926932881,
    "49":1.1045029736618521,
    "50":1.2404418011894647,
    "51":1.1724723874256584,
    "52":1.0535259133389974,
    "53":0.9515717926932881,
    "54":0.7986406117247239,
    "55":0.9855564995751912,
    "56":0.9515717926932881,
    "57":1.0875106202209006,
    "58":0.8836023789294817,
    "59":0.7816482582837724,
    "60":0.6117247238742566,
    "61":0.4927782497875956,
    "62":0.7986406117247239,
    "63":0.4587935429056924,
    "64":0.6117247238742566,
    "65":0.6796941376380629,
    "66":0.7306711979609175,
    "67":0.4587935429056924,
    "68":0.5607476635514018,
    "69":0.40781648258283776,
    "70":0.356839422259983,
    "71":0.5097706032285472,
    "72":0.5777400169923534,
    "73":0.4927782497875956,
    "74":0.40781648258283776,
    "75":0.5437553101104503,
    "76":0.4587935429056924,
    "77":0.44180118946474084,
    "78":0.356839422259983,
    "79":0.33984706881903143,
    "80":0.23789294817332202,
    "81":0.4248088360237893,
    "82":0.33984706881903143,
    "83":0.3738317757009346,
    "84":0.2888700084961767,
    "85":0.15293118096856415,
    "86":0.20390824129141888,
    "87":0.11894647408666101,
    "88":0.2888700084961767,
    "89":0.23789294817332202,
    "90":0.2548853016142736,
    "91":0.13593882752761258,
    "92":0.2888700084961767,
    "93":0.13593882752761258,
    "94":0.15293118096856415,
    "95":0.2548853016142736,
    "96":0.1869158878504673,
    "97":0.32285471537807986,
    "98":0.13593882752761258,
    "99":0.1869158878504673,
    "100":0.08496176720475786,
    "101":0.20390824129141888,
    "102":0.20390824129141888,
    "103":0.15293118096856415,
    "104":0.20390824129141888,
    "105":0.20390824129141888,
    "106":0.13593882752761258,
    "107":0.22090059473237042,
    "108":0.23789294817332202,
    "109":0.08496176720475786,
    "110":0.08496176720475786,
    "111":0.08496176720475786,
    "112":0.15293118096856415,
    "113":0.10195412064570944,
    "114":0.16992353440951571,
    "115":0.11894647408666101,
    "116":0.10195412064570944,
    "117":0.16992353440951571,
    "118":0.06796941376380629,
    "119":0.033984706881903144,
    "120":0.08496176720475786,
    "121":0.08496176720475786,
    "122":0.05097706032285472,
    "123":0.08496176720475786,
    "124":0.0,
    "125":0.06796941376380629,
    "126":0.016992353440951572,
    "127":0.11894647408666101,
    "128":0.05097706032285472,
    "129":0.033984706881903144,
    "130":0.10195412064570944,
    "131":0.08496176720475786,
    "132":0.06796941376380629,
    "133":0.033984706881903144,
    "134":0.016992353440951572,
    "135":0.05097706032285472,
    "136":0.16992353440951571,
    "137":0.08496176720475786,
    "138":0.016992353440951572,
    "139":0.06796941376380629,
    "140":0.0,
    "141":0.016992353440951572,
    "142":0.0,
    "143":0.0,
    "144":0.0,
    "145":0.0,
    "146":0.0,
    "147":0.016992353440951572,
    "148":0.0,
    "149":0.0,
    "150":0.0,
    "151":0.0,
    "152":0.0,
    "153":0.0,
    "154":0.0,
    "155":0.0,
    "156":0.0,
    "157":0.0,
    "158":0.0,
    "159":0.0,
    "160":0.0,
    "161":0.0,
    "162":0.0,
    "163":0.0,
    "164":0.016992353440951572,
    "165":0.0,
    "166":0.0,
    "167":0.0,
    "168":0.0,
    "169":0.016992353440951572,
    "170":0.0,
    "171":0.0,
    "172":0.0,
    "173":0.016992353440951572,
    "174":0.0,
    "175":0.0,
    "176":0.0,
    "177":0.0,
    "178":0.0,
    "179":0.0,
    "180":0.0,
    "181":0.0,
    "182":0.0,
    "183":0.0,
    "184":0.0,
    "185":0.0,
    "186":0.0,
    "187":0.0,
    "188":0.0,
    "189":0.0,
    "190":0.0,
    "191":0.0,
    "192":0.016992353440951572,
    "193":0.0,
    "194":0.0,
    "195":0.0,
    "196":0.0,
    "197":0.0,
    "198":0.0,
    "199":0.0,
    "200":0.0,
    "201":0.0,
    "202":0.0,
    "203":0.0,
    "204":0.0,
    "205":0.0,
    "206":0.0,
    "207":0.0,
    "208":0.0,
    "209":0.0,
    "210":0.0,
    "211":0.0,
    "212":0.0,
    "213":0.0,
    "214":0.0,
    "215":0.0,
    "216":0.0,
    "217":0.0,
    "218":0.0,
    "219":0.016992353440951572,
    "220":0.0,
    "221":0.0,
    "222":0.0,
    "223":0.0,
    "224":0.0,
    "225":0.0,
    "226":0.0,
    "227":0.0,
    "228":0.0,
    "229":0.0,
    "230":0.0,
    "231":0.0,
    "232":0.0,
    "233":0.0,
    "234":0.0,
    "235":0.016992353440951572,
    "236":0.0,
    "237":0.0,
    "238":0.0,
    "239":0.0,
    "240":0.0,
    "241":0.0,
    "242":0.0,
    "243":0.0,
    "244":0.0,
    "245":0.0,
    "246":0.016992353440951572,
    "247":0.0,
    "248":0.0,
    "249":0.0,
    "250":0.0,
    "251":0.0,
    "252":0.016992353440951572,
    "253":0.0,
    "254":0.0,
    "255":0.0,
    "256":0.0,
    "257":0.0,
    "258":0.0,
    "259":0.0,
    "260":0.0,
    "261":0.0,
    "262":0.0,
    "263":0.0,
    "264":0.0,
    "265":0.0,
    "266":0.0,
    "267":0.0,
    "268":0.0,
    "269":0.0,
    "270":0.0,
    "271":0.0,
    "272":0.0,
    "273":0.0,
    "274":0.016992353440951572,
    "275":0.0,
    "276":0.0,
    "277":0.0,
    "278":0.0,
    "279":0.0,
    "280":0.0,
    "281":0.0,
    "282":0.0,
    "283":0.0,
    "284":0.0,
    "285":0.0,
    "286":0.0,
    "287":0.0,
    "288":0.0,
    "289":0.0,
    "290":0.0,
    "291":0.0,
    "292":0.0,
    "293":0.0,
    "294":0.0,
    "295":0.0,
    "296":0.0,
    "297":0.0,
    "298":0.0,
    "299":0.0,
    "300":0.0,
    "301":0.016992353440951572,
    "302":0.06796941376380629,
    "303":0.0,
    "304":0.0,
    "305":0.0,
    "306":0.0,
    "307":0.0,
    "308":0.0,
    "309":0.0,
    "310":0.0,
    "311":0.0
}