{
    "0":3.2054794520547945,
    "1":2.5753424657534247,
    "2":1.8356164383561646,
    "3":2.8904109589041096,
    "4":2.698630136986301,
    "5":2.493150684931507,
    "6":2.7260273972602738,
    "7":3.712328767123288,
    "8":3.8767123287671232,
    "9":4.191780821917808,
    "10":2.5753424657534247,
    "11":3.1506849315068495,
    "12":2.643835616438356,
    "13":1.8630136986301369,
    "14":1.547945205479452,
    "15":1.6986301369863015,
    "16":1.3424657534246576,
    "17":1.7808219178082192,
    "18":1.7397260273972603,
    "19":1.356164383561644,
    "20":1.452054794520548,
    "21":1.6849315068493151,
    "22":1.5616438356164384,
    "23":1.4931506849315068,
    "24":1.3972602739726028,
    "25":1.5616438356164384,
    "26":1.1506849315068493,
    "27":1.3424657534246576,
    "28":1.1917808219178083,
    "29":1.0684931506849316,
    "30":0.7534246575342466,
    "31":0.8082191780821918,
    "32":0.8767123287671232,
    "33":0.9178082191780823,
    "34":0.8630136986301371,
    "35":0.9589041095890412,
    "36":0.904109589041096,
    "37":0.8082191780821918,
    "38":0.8767123287671232,
    "39":0.8082191780821918,
    "40":0.8493150684931507,
    "41":0.8082191780821918,
    "42":0.6712328767123288,
    "43":0.5068493150684932,
    "44":0.5616438356164383,
    "45":0.4657534246575342,
    "46":0.410958904109589,
    "47":0.726027397260274,
    "48":0.547945205479452,
    "49":0.6986301369863014,
    "50":0.7123287671232876,
    "51":0.4794520547945206,
    "52":0.6986301369863014,
    "53":0.684931506849315,
    "54":0.6712328767123288,
    "55":0.4657534246575342,
    "56":0.4794520547945206,
    "57":0.5068493150684932,
    "58":0.6301369863013699,
    "59":0.6301369863013699,
    "60":0.4794520547945206,
    "61":0.6301369863013699,
    "62":0.5205479452054794,
    "63":0.5753424657534246,
    "64":0.410958904109589,
    "65":0.547945205479452,
    "66":0.3698630136986301,
    "67":0.4383561643835616,
    "68":0.3972602739726027,
    "69":0.4246575342465754,
    "70":0.2602739726027397,
    "71":0.31506849315068497,
    "72":0.410958904109589,
    "73":0.410958904109589,
    "74":0.32876712328767127,
    "75":0.31506849315068497,
    "76":0.2876712328767123,
    "77":0.1780821917808219,
    "78":0.3561643835616438,
    "79":0.2876712328767123,
    "80":0.3013698630136986,
    "81":0.2465753424657534,
    "82":0.1780821917808219,
    "83":0.32876712328767127,
    "84":0.273972602739726,
    "85":0.2876712328767123,
    "86":0.2191780821917808,
    "87":0.2328767123287671,
    "88":0.273972602739726,
    "89":0.273972602739726,
    "90":0.136986301369863,
    "91":0.1780821917808219,
    "92":0.3013698630136986,
    "93":0.2465753424657534,
    "94":0.2054794520547945,
    "95":0.1095890410958904,
    "96":0.08219178082191782,
    "97":0.1232876712328767,
    "98":0.1506849315068493,
    "99":0.136986301369863,
    "100":0.1232876712328767,
    "101":0.136986301369863,
    "102":0.16438356164383564,
    "103":0.1506849315068493,
    "104":0.1232876712328767,
    "105":0.08219178082191782,
    "106":0.1917808219178082,
    "107":0.136986301369863,
    "108":0.0547945205479452,
    "109":0.1095890410958904,
    "110":0.08219178082191782,
    "111":0.1232876712328767,
    "112":0.0958904109589041,
    "113":0.08219178082191782,
    "114":0.04109589041095891,
    "115":0.136986301369863,
    "116":0.0958904109589041,
    "117":0.0684931506849315,
    "118":0.0958904109589041,
    "119":0.0958904109589041,
    "120":0.04109589041095891,
    "121":0.0136986301369863,
    "122":0.04109589041095891,
    "123":0.0273972602739726,
    "124":0.04109589041095891,
    "125":0.0273972602739726,
    "126":0.0273972602739726,
    "127":0.04109589041095891,
    "128":0.0273972602739726,
    "129":0.0547945205479452,
    "130":0.0,
    "131":0.0,
    "132":0.0136986301369863,
    "133":0.0136986301369863,
    "134":0.0136986301369863,
    "135":0.0136986301369863,
    "136":0.04109589041095891,
    "137":0.0,
    "138":0.0,
    "139":0.0136986301369863,
    "140":0.0136986301369863,
    "141":0.0,
    "142":0.0,
    "143":0.0,
    "144":0.0136986301369863,
    "145":0.0136986301369863,
    "146":0.0136986301369863,
    "147":0.0136986301369863,
    "148":0.0,
    "149":0.0,
    "150":0.0,
    "151":0.0,
    "152":0.0,
    "153":0.0,
    "154":0.0,
    "155":0.0,
    "156":0.0,
    "157":0.0,
    "158":0.0,
    "159":0.0,
    "160":0.0,
    "161":0.0,
    "162":0.0,
    "163":0.0,
    "164":0.0,
    "165":0.0,
    "166":0.0,
    "167":0.0,
    "168":0.0,
    "169":0.0,
    "170":0.0,
    "171":0.0,
    "172":0.0,
    "173":0.0,
    "174":0.0,
    "175":0.0,
    "176":0.0,
    "177":0.0,
    "178":0.0,
    "179":0.0,
    "180":0.0,
    "181":0.0,
    "182":0.0,
    "183":0.0,
    "184":0.0,
    "185":0.0,
    "186":0.0,
    "187":0.0,
    "188":0.0,
    "189":0.0,
    "190":0.0,
    "191":0.0,
    "192":0.0,
    "193":0.0,
    "194":0.0,
    "195":0.0136986301369863,
    "196":0.0,
    "197":0.0,
    "198":0.0136986301369863,
    "199":0.0,
    "200":0.0,
    "201":0.0,
    "202":0.0,
    "203":0.0,
    "204":0.0,
    "205":0.0,
    "206":0.0,
    "207":0.0,
    "208":0.0136986301369863,
    "209":0.0,
    "210":0.0,
    "211":0.0,
    "212":0.0,
    "213":0.0,
    "214":0.0,
    "215":0.0,
    "216":0.0136986301369863,
    "217":0.0,
    "218":0.0,
    "219":0.0,
    "220":0.0136986301369863,
    "221":0.0,
    "222":0.0136986301369863,
    "223":0.0,
    "224":0.0,
    "225":0.0,
    "226":0.0,
    "227":0.0136986301369863,
    "228":0.0,
    "229":0.0,
    "230":0.0,
    "231":0.0,
    "232":0.0136986301369863,
    "233":0.0136986301369863,
    "234":0.0,
    "235":0.0,
    "236":0.0,
    "237":0.0136986301369863,
    "238":0.0,
    "239":0.0,
    "240":0.0136986301369863,
    "241":0.0,
    "242":0.0136986301369863,
    "243":0.0,
    "244":0.0,
    "245":0.0,
    "246":0.0136986301369863,
    "247":0.0,
    "248":0.0,
    "249":0.0,
    "250":0.0136986301369863,
    "251":0.0,
    "252":0.0,
    "253":0.0,
    "254":0.0,
    "255":0.0,
    "256":0.0136986301369863,
    "257":0.0,
    "258":0.0,
    "259":0.0,
    "260":0.0,
    "261":0.0,
    "262":0.0136986301369863,
    "263":0.0,
    "264":0.0,
    "265":0.0,
    "266":0.0,
    "267":0.0,
    "268":0.0,
    "269":0.0,
    "270":0.0136986301369863,
    "271":0.0,
    "272":0.0,
    "273":0.0,
    "274":0.0,
    "275":0.0,
    "276":0.0,
    "277":0.0,
    "278":0.0136986301369863,
    "279":0.0,
    "280":0.0,
    "281":0.0,
    "282":0.0,
    "283":0.0,
    "284":0.0136986301369863,
    "285":0.0136986301369863,
    "286":0.0,
    "287":0.0136986301369863,
    "288":0.0,
    "289":0.0136986301369863,
    "290":0.0,
    "291":0.0136986301369863,
    "292":0.0136986301369863,
    "293":0.0,
    "294":0.0,
    "295":0.0,
    "296":0.0,
    "297":0.0,
    "298":0.0,
    "299":0.0,
    "300":0.0,
    "301":0.0,
    "302":0.0,
    "303":0.0136986301369863,
    "304":0.0,
    "305":0.0,
    "306":0.0,
    "307":0.0,
    "308":0.0,
    "309":0.0,
    "310":0.0,
    "311":0.0,
    "312":0.0,
    "313":0.0,
    "314":0.0,
    "315":0.0,
    "316":0.0,
    "317":0.0,
    "318":0.0,
    "319":0.0,
    "320":0.0,
    "321":0.0,
    "322":0.0,
    "323":0.0,
    "324":0.0,
    "325":0.0,
    "326":0.0,
    "327":0.0,
    "328":0.0,
    "329":0.0273972602739726,
    "330":0.0,
    "331":0.0,
    "332":0.0,
    "333":0.0,
    "334":0.0,
    "335":0.0136986301369863,
    "336":0.0,
    "337":0.0,
    "338":0.0,
    "339":0.0,
    "340":0.0,
    "341":0.0,
    "342":0.0,
    "343":0.0,
    "344":0.0,
    "345":0.0,
    "346":0.0,
    "347":0.0,
    "348":0.0,
    "349":0.0,
    "350":0.0136986301369863,
    "351":0.0136986301369863,
    "352":0.0,
    "353":0.0,
    "354":0.0,
    "355":0.0,
    "356":0.0,
    "357":0.0,
    "358":0.0,
    "359":0.0,
    "360":0.0,
    "361":0.0,
    "362":0.0,
    "363":0.0,
    "364":0.0,
    "365":0.0,
    "366":0.0,
    "367":0.0,
    "368":0.0,
    "369":0.0273972602739726,