{
    "0":5.396056727775856,
    "1":0.17295053614666206,
    "2":1.106883431338637,
    "3":1.7986855759252856,
    "4":2.0408163265306123,
    "5":1.6603251470079559,
    "6":0.7955724662746454,
    "7":0.8301625735039779,
    "8":0.3459010722933241,
    "9":0.13836042891732964,
    "10":0.2767208578346593,
    "11":0.7609823590453131,
    "12":0.7955724662746454,
    "13":0.7263922518159807,
    "14":0.8301625735039779,
    "15":1.176063645797302,
    "16":1.5219647180906262,
    "17":1.6603251470079559,
    "18":1.9024558976132824,
    "19":1.9024558976132824,
    "20":2.248356969906607,
    "21":1.6257350397786234,
    "22":1.9024558976132824,
    "23":1.6603251470079559,
    "24":1.5219647180906262,
    "25":1.5219647180906262,
    "26":1.418194396402629,
    "27":1.7986855759252856,
    "28":1.694915254237288,
    "29":1.8332756831546178,
    "30":1.5565548253199584,
    "31":1.349014181943964,
    "32":1.106883431338637,
    "33":1.2106537530266344,
    "34":1.4873746108612937,
    "35":1.349014181943964,
    "36":1.5565548253199584,
    "37":1.5219647180906262,
    "38":1.0031131096506398,
    "39":0.8301625735039779,
    "40":0.8993427879626428,
    "41":1.418194396402629,
    "42":1.0722933241093047,
    "43":1.1414735385679695,
    "44":1.2452438602559668,
    "45":0.48426150121065376,
    "46":0.8993427879626428,
    "47":0.8647526807333102,
    "48":0.7955724662746454,
    "49":0.7263922518159807,
    "50":1.2106537530266344,
    "51":0.6918021445866482,
    "52":0.588031822898651,
    "53":0.8647526807333102,
    "54":0.5534417156693185,
    "55":1.0377032168799725,
    "56":0.5534417156693185,
    "57":0.6918021445866482,
    "58":0.588031822898651,
    "59":0.6918021445866482,
    "60":0.7609823590453131,
    "61":0.8301625735039779,
    "62":0.6572120373573158,
    "63":0.588031822898651,
    "64":0.7263922518159807,
    "65":0.7609823590453131,
    "66":0.5188516084399862,
    "67":0.5188516084399862,
    "68":0.588031822898651,
    "69":0.3113109650639917,
    "70":0.3113109650639917,
    "71":0.06918021445866482,
    "72":0.10377032168799724,
    "73":0.17295053614666206,
    "74":0.0,
    "75":0.38049117952265654,
    "76":0.2767208578346593,
    "77":0.41508128675198896,
    "78":0.3459010722933241,
    "79":0.20754064337599448,
    "80":0.17295053614666206,
    "81":0.10377032168799724,
    "82":0.17295053614666206,
    "83":0.17295053614666206,
    "84":0.2767208578346593,
    "85":0.20754064337599448,
    "86":0.20754064337599448,
    "87":0.24213075060532688,
    "88":0.06918021445866482,
    "89":0.2767208578346593,
    "90":0.10377032168799724,
    "91":0.2767208578346593,
    "92":0.24213075060532688,
    "93":0.10377032168799724,
    "94":0.17295053614666206,
    "95":0.06918021445866482,
    "96":0.17295053614666206,
    "97":0.20754064337599448,
    "98":0.06918021445866482,
    "99":0.20754064337599448,
    "100":0.10377032168799724,
    "101":0.17295053614666206,
    "102":0.17295053614666206,
    "103":0.0,
    "104":0.13836042891732964,
    "105":0.17295053614666206,
    "106":0.20754064337599448,
    "107":0.10377032168799724,
    "108":0.06918021445866482,
    "109":0.06918021445866482,
    "110":0.17295053614666206,
    "111":0.10377032168799724,
    "112":0.2767208578346593,
    "113":0.2767208578346593,
    "114":0.06918021445866482,
    "115":0.06918021445866482,
    "116":0.17295053614666206,
    "117":0.20754064337599448,
    "118":0.13836042891732964,
    "119":0.24213075060532688,
    "120":0.10377032168799724,
    "121":0.13836042891732964,
    "122":0.13836042891732964,
    "123":0.10377032168799724,
    "124":0.10377032168799724,
    "125":0.20754064337599448,
    "126":0.3113109650639917,
    "127":0.17295053614666206,
    "128":0.20754064337599448,
    "129":0.13836042891732964,
    "130":0.06918021445866482,
    "131":0.0,
    "132":0.13836042891732964,
    "133":0.06918021445866482,
    "134":0.10377032168799724,
    "135":0.10377032168799724,
    "136":0.10377032168799724,
    "137":0.17295053614666206,
    "138":0.03459010722933241,
    "139":0.13836042891732964,
    "140":0.13836042891732964,
    "141":0.10377032168799724,
    "142":0.06918021445866482,
    "143":0.17295053614666206,
    "144":0.10377032168799724,
    "145":0.06918021445866482,
    "146":0.03459010722933241,
    "147":0.10377032168799724,
    "148":0.13836042891732964,
    "149":0.0,
    "150":0.2767208578346593,
    "151":0.17295053614666206,
    "152":0.10377032168799724,
    "153":0.17295053614666206,
    "154":0.06918021445866482,
    "155":0.03459010722933241,
    "156":0.10377032168799724,
    "157":0.20754064337599448,
    "158":0.0,
    "159":0.06918021445866482,
    "160":0.03459010722933241,
    "161":0.06918021445866482,
    "162":0.03459010722933241,
    "163":0.10377032168799724,
    "164":0.03459010722933241,
    "165":0.10377032168799724,
    "166":0.0,
    "167":0.0,
    "168":0.10377032168799724,
    "169":0.0,
    "170":0.17295053614666206,
    "171":0.0,
    "172":0.17295053614666206,
    "173":0.10377032168799724,
    "174":0.06918021445866482,
    "175":0.03459010722933241,
    "176":0.06918021445866482,
    "177":0.0,
    "178":0.24213075060532688,
    "179":0.10377032168799724,
    "180":0.03459010722933241,
    "181":0.0,
    "182":0.06918021445866482,
    "183":0.17295053614666206,
    "184":0.03459010722933241,
    "185":0.10377032168799724,
    "186":0.03459010722933241,
    "187":0.06918021445866482,
    "188":0.0,
    "189":0.03459010722933241,
    "190":0.0,
    "191":0.0,
    "192":0.03459010722933241,
    "193":0.06918021445866482,
    "194":0.03459010722933241,
    "195":0.06918021445866482,
    "196":0.03459010722933241,
    "197":0.0,
    "198":0.06918021445866482,
    "199":0.03459010722933241,
    "200":0.03459010722933241,
    "201":0.10377032168799724,
    "202":0.17295053614666206,
    "203":0.06918021445866482,
    "204":0.06918021445866482,
    "205":0.0,
    "206":0.03459010722933241,
    "207":0.06918021445866482,
    "208":0.03459010722933241,
    "209":0.06918021445866482,
    "210":0.03459010722933241,
    "211":0.06918021445866482,
    "212":0.06918021445866482,
    "213":0.06918021445866482,
    "214":0.10377032168799724,
    "215":0.03459010722933241,
    "216":0.03459010722933241,
    "217":0.0,
    "218":0.0,
    "219":0.03459010722933241,
    "220":0.0,
    "221":0.03459010722933241,
    "222":0.0,
    "223":0.0,
    "224":0.03459010722933241,
    "225":0.0,
    "226":0.03459010722933241,
    "227":0.0,
    "228":0.06918021445866482,
    "229":0.0,
    "230":0.10377032168799724,
    "231":0.0,
    "232":0.10377032168799724,
    "233":0.0,
    "234":0.06918021445866482,
    "235":0.06918021445866482,
    "236":0.03459010722933241,
    "237":0.06918021445866482,
    "238":0.06918021445866482,
    "239":0.03459010722933241,
    "240":0.03459010722933241,
    "241":0.0,
    "242":0.0,
    "243":0.03459010722933241,
    "244":0.03459010722933241,
    "245":0.03459010722933241,
    "246":0.06918021445866482,
    "247":0.0,
    "248":0.03459010722933241,
    "249":0.13836042891732964,
    "250":0.06918021445866482,
    "251":0.03459010722933241,
    "252":0.10377032168799724,
    "253":0.06918021445866482,
    "254":0.03459010722933241,
    "255":0.0,
    "256":0.0,
    "257":0.10377032168799724,
    "258":0.03459010722933241,
    "259":0.10377032168799724,
    "260":0.06918021445866482,
    "261":0.0,
    "262":0.06918021445866482,
    "263":0.0,
    "264":0.10377032168799724,
    "265":0.03459010722933241,
    "266":0.03459010722933241,
    "267":0.06918021445866482,
    "268":0.06918021445866482,
    "269":0.03459010722933241,
    "270":0.03459010722933241,
    "271":0.0,
    "272":0.03459010722933241,
    "273":0.0,
    "274":0.03459010722933241,
    "275":0.03459010722933241,
    "276":0.06918021445866482,
    "277":0.06918021445866482,
    "278":0.03459010722933241,
    "279":0.06918021445866482,
    "280":0.03459010722933241,
    "281":0.06918021445866482,