{
    "0":1.818499737716384,
    "1":5.088302150725651,
    "2":1.9234131841230986,
    "3":1.2065046336772163,
    "4":1.5037593984962405,
    "5":1.5037593984962405,
    "6":1.084105612869383,
    "7":0.9617065920615493,
    "8":0.9267354432593111,
    "9":1.154047910473859,
    "10":0.8742787200559538,
    "11":0.8742787200559538,
    "12":1.2239902080783354,
    "13":1.1890190592760972,
    "14":0.6294806784402868,
    "15":0.5945095296380486,
    "16":1.0316488896660254,
    "17":1.13656233607274,
    "18":1.5737016961007169,
    "19":1.5387305472984787,
    "20":1.4862738240951217,
    "21":1.3114180800839308,
    "22":1.381360377688407,
    "23":1.2065046336772163,
    "24":1.608672844902955,
    "25":1.2239902080783354,
    "26":1.608672844902955,
    "27":1.6261584193040741,
    "28":1.8010141633152648,
    "29":1.5387305472984787,
    "30":1.8359853121175032,
    "31":1.591187270501836,
    "32":1.9234131841230986,
    "33":2.063297779332051,
    "34":1.9933554817275747,
    "35":2.045812204930932,
    "36":2.0982689281342894,
    "37":1.6611295681063125,
    "38":1.5037593984962405,
    "39":1.2764469312816926,
    "40":1.6611295681063125,
    "41":1.5387305472984787,
    "42":1.4338171008917644,
    "43":1.363874803287288,
    "44":1.2239902080783354,
    "45":1.1190767616716208,
    "46":1.2589613568805735,
    "47":0.8742787200559538,
    "48":1.0316488896660254,
    "49":1.1190767616716208,
    "50":1.381360377688407,
    "51":0.9791921664626682,
    "52":0.7868508480503584,
    "53":0.7169085504458822,
    "54":1.171533484874978,
    "55":1.0491344640671447,
    "56":0.9617065920615493,
    "57":1.101591187270502,
    "58":0.8043364224514775,
    "59":0.9966777408637874,
    "60":1.0666200384682638,
    "61":1.0141633152649063,
    "62":0.6469662528414059,
    "63":0.3147403392201434,
    "64":0.36719706242350064,
    "65":0.17485574401119075,
    "66":0.33222591362126247,
    "67":0.3497114880223815,
    "68":0.19234131841230984,
    "69":0.3497114880223815,
    "70":0.2972547648190243,
    "71":0.2797691904179052,
    "72":0.2972547648190243,
    "73":0.36719706242350064,
    "74":0.33222591362126247,
    "75":0.40216821122573876,
    "76":0.3497114880223815,
    "77":0.24479804161566704,
    "78":0.24479804161566704,
    "79":0.2972547648190243,
    "80":0.1573701696100717,
    "81":0.20982689281342895,
    "82":0.227312467214548,
    "83":0.1573701696100717,
    "84":0.1398845952089526,
    "85":0.17485574401119075,
    "86":0.1573701696100717,
    "87":0.227312467214548,
    "88":0.17485574401119075,
    "89":0.1398845952089526,
    "90":0.227312467214548,
    "91":0.10491344640671448,
    "92":0.10491344640671448,
    "93":0.10491344640671448,
    "94":0.1398845952089526,
    "95":0.3147403392201434,
    "96":0.1573701696100717,
    "97":0.08742787200559538,
    "98":0.20982689281342895,
    "99":0.3147403392201434,
    "100":0.17485574401119075,
    "101":0.10491344640671448,
    "102":0.1573701696100717,
    "103":0.08742787200559538,
    "104":0.1573701696100717,
    "105":0.05245672320335724,
    "106":0.1398845952089526,
    "107":0.03497114880223815,
    "108":0.0699422976044763,
    "109":0.08742787200559538,
    "110":0.0699422976044763,
    "111":0.03497114880223815,
    "112":0.03497114880223815,
    "113":0.017485574401119076,
    "114":0.03497114880223815,
    "115":0.017485574401119076,
    "116":0.08742787200559538,
    "117":0.0699422976044763,
    "118":0.03497114880223815,
    "119":0.10491344640671448,
    "120":0.017485574401119076,
    "121":0.0699422976044763,
    "122":0.05245672320335724,
    "123":0.0699422976044763,
    "124":0.05245672320335724,
    "125":0.05245672320335724,
    "126":0.05245672320335724,
    "127":0.03497114880223815,
    "128":0.03497114880223815,
    "129":0.08742787200559538,
    "130":0.08742787200559538,
    "131":0.08742787200559538,
    "132":0.017485574401119076,
    "133":0.03497114880223815,
    "134":0.05245672320335724,
    "135":0.0699422976044763,
    "136":0.017485574401119076,
    "137":0.017485574401119076,
    "138":0.05245672320335724,
    "139":0.017485574401119076,
    "140":0.0,
    "141":0.03497114880223815,
    "142":0.0699422976044763,
    "143":0.017485574401119076,
    "144":0.03497114880223815,
    "145":0.10491344640671448,
    "146":0.017485574401119076,
    "147":0.08742787200559538,
    "148":0.0,
    "149":0.03497114880223815,
    "150":0.05245672320335724,
    "151":0.0699422976044763,
    "152":0.03497114880223815,
    "153":0.0,
    "154":0.0699422976044763,
    "155":0.03497114880223815,
    "156":0.017485574401119076,
    "157":0.0,
    "158":0.05245672320335724,
    "159":0.017485574401119076,
    "160":0.017485574401119076,
    "161":0.03497114880223815,
    "162":0.05245672320335724,
    "163":0.017485574401119076,
    "164":0.017485574401119076,
    "165":0.0,
    "166":0.017485574401119076,
    "167":0.017485574401119076,
    "168":0.017485574401119076,
    "169":0.10491344640671448,
    "170":0.03497114880223815,
    "171":0.017485574401119076,
    "172":0.017485574401119076,
    "173":0.0,
    "174":0.017485574401119076,
    "175":0.0,
    "176":0.017485574401119076,
    "177":0.05245672320335724,
    "178":0.10491344640671448,
    "179":0.017485574401119076,
    "180":0.0699422976044763,
    "181":0.017485574401119076,
    "182":0.0,
    "183":0.0,
    "184":0.03497114880223815,
    "185":0.017485574401119076,
    "186":0.017485574401119076,
    "187":0.0,
    "188":0.017485574401119076,
    "189":0.017485574401119076,
    "190":0.0,
    "191":0.0,
    "192":0.0,
    "193":0.0,
    "194":0.03497114880223815,
    "195":0.0699422976044763,
    "196":0.0,
    "197":0.0,
    "198":0.0,
    "199":0.0,
    "200":0.017485574401119076,
    "201":0.017485574401119076,
    "202":0.0,
    "203":0.017485574401119076,
    "204":0.0,
    "205":0.0,
    "206":0.05245672320335724,
    "207":0.0,
    "208":0.0,
    "209":0.0,
    "210":0.017485574401119076,
    "211":0.0699422976044763,
    "212":0.0,
    "213":0.0,
    "214":0.017485574401119076,
    "215":0.0,
    "216":0.0,
    "217":0.0,
    "218":0.0,
    "219":0.017485574401119076,
    "220":0.0,
    "221":0.017485574401119076,
    "222":0.0,
    "223":0.0,
    "224":0.017485574401119076,
    "225":0.0,
    "226":0.0699422976044763,
    "227":0.03497114880223815,
    "228":0.0,
    "229":0.0,
    "230":0.0,
    "231":0.0,
    "232":0.0,
    "233":0.0,
    "234":0.0,
    "235":0.017485574401119076,
    "236":0.017485574401119076,
    "237":0.0,
    "238":0.0,
    "239":0.017485574401119076,
    "240":0.0,
    "241":0.0,
    "242":0.0,
    "243":0.0,
    "244":0.0,
    "245":0.0,
    "246":0.0,
    "247":0.017485574401119076,
    "248":0.0,
    "249":0.017485574401119076,
    "250":0.017485574401119076,
    "251":0.017485574401119076,
    "252":0.0,
    "253":0.0,
    "254":0.0,
    "255":0.0,
    "256":0.0,
    "257":0.0,
    "258":0.0,
    "259":0.0,
    "260":0.0,
    "261":0.0,
    "262":0.017485574401119076,
    "263":0.017485574401119076,
    "264":0.0,
    "265":0.0,
    "266":0.017485574401119076,
    "267":0.017485574401119076,
    "268":0.017485574401119076,
    "269":0.017485574401119076,
    "270":0.017485574401119076,
    "271":0.0,
    "272":0.0,
    "273":0.0,
    "274":0.0,
    "275":0.0,
    "276":0.017485574401119076,
    "277":0.017485574401119076,
    "278":0.0,
    "279":0.0,
    "280":0.0,
    "281":0.0,
    "282":0.0,
    "283":0.0,
    "284":0.0,
    "285":0.017485574401119076,
    "286":0.0,
    "287":0.0,
    "288":0.0,
    "289":0.0,
    "290":0.0,
    "291":0.0,
    "292":0.017485574401119076,
    "293":0.03497114880223815,
    "294":0.0,
    "295":0.0,
    "296":0.0,
    "297":0.0,
    "298":0.0,
    "299":0.017485574401119076,
    "300":0.0,
    "301":0.0,
    "302":0.0,
    "303":0.0,
    "304":0.0,
    "305":0.0,
    "306":0.0,
    "307":0.0,
    "308":0.0,
    "309":0.0,
    "310":0.0,
    "311":0.017485574401119076,
    "312":0.017485574401119076,
    "313":0.0,