{
    "0":3.5559827006247,
    "1":3.7962518020182605,
    "2":1.2493993272465163,
    "3":2.6429601153291684,
    "4":1.9942335415665546,
    "5":1.9942335415665546,
    "6":0.7208073041806823,
    "7":0.9851033157135992,
    "8":0.31234983181162906,
    "9":0.5526189332051898,
    "10":0.9610764055742432,
    "11":0.9851033157135992,
    "12":1.4656415185007208,
    "13":1.2013455069678038,
    "14":1.6338298894762133,
    "15":1.850072080730418,
    "16":2.2104757328207594,
    "17":1.8981259010091303,
    "18":1.850072080730418,
    "19":2.715040845747237,
    "20":2.45074483421432,
    "21":1.7059106198942815,
    "22":2.0663142719846226,
    "23":1.9461797212878422,
    "24":1.5377222489187892,
    "25":1.802018260451706,
    "26":2.0663142719846226,
    "27":2.4026910139356077,
    "28":2.138395002402691,
    "29":2.2104757328207594,
    "30":2.522825564632388,
    "31":1.4175876982220088,
    "32":1.6338298894762133,
    "33":1.5377222489187892,
    "34":1.802018260451706,
    "35":1.7299375300336377,
    "36":1.3695338779432966,
    "37":1.6098029793368571,
    "38":1.4656415185007208,
    "39":1.0812109562710235,
    "40":0.9130225852955309,
    "41":1.3214800576645842,
    "42":1.2493993272465163,
    "43":0.888995675156175,
    "44":0.8649687650168189,
    "45":1.0091302258529553,
    "46":1.3695338779432966,
    "47":0.9370494954348871,
    "48":1.0331571359923113,
    "49":1.0091302258529553,
    "50":0.7688611244593946,
    "51":0.9851033157135992,
    "52":0.9130225852955309,
    "53":1.2013455069678038,
    "54":0.7208073041806823,
    "55":0.6967803940413263,
    "56":0.4324843825084094,
    "57":0.3844305622296973,
    "58":0.6246996636232581,
    "59":0.6006727534839019,
    "60":0.2883229216722729,
    "61":0.7208073041806823,
    "62":0.3844305622296973,
    "63":0.2642960115329169,
    "64":0.5285920230658337,
    "65":0.2642960115329169,
    "66":0.4805382027871216,
    "67":0.3844305622296973,
    "68":0.40845747236905333,
    "69":0.4324843825084094,
    "70":0.16818837097549255,
    "71":0.07208073041806823,
    "72":0.14416146083613646,
    "73":0.2402691013935608,
    "74":0.04805382027871216,
    "75":0.2883229216722729,
    "76":0.09610764055742432,
    "77":0.16818837097549255,
    "78":0.07208073041806823,
    "79":0.16818837097549255,
    "80":0.1201345506967804,
    "81":0.07208073041806823,
    "82":0.14416146083613646,
    "83":0.14416146083613646,
    "84":0.1201345506967804,
    "85":0.19221528111484865,
    "86":0.09610764055742432,
    "87":0.2162421912542047,
    "88":0.09610764055742432,
    "89":0.09610764055742432,
    "90":0.1201345506967804,
    "91":0.14416146083613646,
    "92":0.04805382027871216,
    "93":0.0,
    "94":0.04805382027871216,
    "95":0.02402691013935608,
    "96":0.0,
    "97":0.07208073041806823,
    "98":0.09610764055742432,
    "99":0.1201345506967804,
    "100":0.02402691013935608,
    "101":0.04805382027871216,
    "102":0.1201345506967804,
    "103":0.04805382027871216,
    "104":0.04805382027871216,
    "105":0.04805382027871216,
    "106":0.07208073041806823,
    "107":0.07208073041806823,
    "108":0.0,
    "109":0.07208073041806823,
    "110":0.1201345506967804,
    "111":0.07208073041806823,
    "112":0.16818837097549255,
    "113":0.09610764055742432,
    "114":0.04805382027871216,
    "115":0.04805382027871216,
    "116":0.07208073041806823,
    "117":0.09610764055742432,
    "118":0.07208073041806823,
    "119":0.04805382027871216,
    "120":0.0,
    "121":0.1201345506967804,
    "122":0.04805382027871216,
    "123":0.04805382027871216,
    "124":0.09610764055742432,
    "125":0.14416146083613646,
    "126":0.09610764055742432,
    "127":0.04805382027871216,
    "128":0.04805382027871216,
    "129":0.09610764055742432,
    "130":0.07208073041806823,
    "131":0.04805382027871216,
    "132":0.02402691013935608,
    "133":0.04805382027871216,
    "134":0.02402691013935608,
    "135":0.0,
    "136":0.04805382027871216,
    "137":0.04805382027871216,
    "138":0.02402691013935608,
    "139":0.04805382027871216,
    "140":0.0,
    "141":0.04805382027871216,
    "142":0.0,
    "143":0.0,
    "144":0.02402691013935608,
    "145":0.0,
    "146":0.04805382027871216,
    "147":0.04805382027871216,
    "148":0.02402691013935608,
    "149":0.0,
    "150":0.0,
    "151":0.02402691013935608,
    "152":0.0,
    "153":0.02402691013935608,
    "154":0.19221528111484865,
    "155":0.02402691013935608,
    "156":0.0,
    "157":0.02402691013935608,
    "158":0.07208073041806823,
    "159":0.04805382027871216,
    "160":0.02402691013935608,
    "161":0.02402691013935608,
    "162":0.02402691013935608,
    "163":0.02402691013935608,
    "164":0.16818837097549255,
    "165":0.0,
    "166":0.0,
    "167":0.0,
    "168":0.0,
    "169":0.0,
    "170":0.0,
    "171":0.0,
    "172":0.0,
    "173":0.0,
    "174":0.0,
    "175":0.0,
    "176":0.0,
    "177":0.0,
    "178":0.0,
    "179":0.0,
    "180":0.0,
    "181":0.0,
    "182":0.0,
    "183":0.0,
    "184":0.0,
    "185":0.0,
    "186":0.0,
    "187":0.0,
    "188":0.0,
    "189":0.0,
    "190":0.0,
    "191":0.0,
    "192":0.0,
    "193":0.0,
    "194":0.0,
    "195":0.0,
    "196":0.0,
    "197":0.0,
    "198":0.0,
    "199":0.0,
    "200":0.0,
    "201":0.0,
    "202":0.0,
    "203":0.0,
    "204":0.0,
    "205":0.0,
    "206":0.0,
    "207":0.0,
    "208":0.0,
    "209":0.0,
    "210":0.0,
    "211":0.0,
    "212":0.0,
    "213":0.0,
    "214":0.0,
    "215":0.0,
    "216":0.0,
    "217":0.0,
    "218":0.0,
    "219":0.0,
    "220":0.0,
    "221":0.0,
    "222":0.0,
    "223":0.0,
    "224":0.0,
    "225":0.0,
    "226":0.0,
    "227":0.0,
    "228":0.0,
    "229":0.0,
    "230":0.0,
    "231":0.0,
    "232":0.0,
    "233":0.0,
    "234":0.0,
    "235":0.0,
    "236":0.0,
    "237":0.0,
    "238":0.0,
    "239":0.0,
    "240":0.0,
    "241":0.0,
    "242":0.0,
    "243":0.0,
    "244":0.0,
    "245":0.0,
    "246":0.0,
    "247":0.0,
    "248":0.0,
    "249":0.0,
    "250":0.0,
    "251":0.0,
    "252":0.0,
    "253":0.0,
    "254":0.0,
    "255":0.0,
    "256":0.0,
    "257":0.0,
    "258":0.0,
    "259":0.0,
    "260":0.0,
    "261":0.0,
    "262":0.0,
    "263":0.0,
    "264":0.0,
    "265":0.0,
    "266":0.0,
    "267":0.0,
    "268":0.0,
    "269":0.0,
    "270":0.0,
    "271":0.0,
    "272":0.0,
    "273":0.0,
    "274":0.0,
    "275":0.0,
    "276":0.0,
    "277":0.0,
    "278":0.0,
    "279":0.0,
    "280":0.0,
    "281":0.0,
    "282":0.0,
    "283":0.0,
    "284":0.0,
    "285":0.0,
    "286":0.0,
    "287":0.0,
    "288":0.0,
    "289":0.0,
    "290":0.0,
    "291":0.0,
    "292":0.0,
    "293":0.0,
    "294":0.0,
    "295":0.0,
    "296":0.0,
    "297":0.0,
    "298":0.02402691013935608,
    "299":0.0,
    "300":0.0,
    "301":0.0,
    "302":0.0,
    "303":0.0,
    "304":0.0,
    "305":0.0,
    "306":0.0
}