{
    "0":2.384105960264901,
    "1":2.4944812362030904,
    "2":0.41942604856512145,
    "3":0.5077262693156733,
    "4":0.9050772626931568,
    "5":0.5298013245033113,
    "6":1.479028697571744,
    "7":0.9271523178807948,
    "8":1.4128035320088301,
    "9":1.346578366445916,
    "10":1.3245033112582782,
    "11":1.2582781456953642,
    "12":1.390728476821192,
    "13":1.434878587196468,
    "14":1.2803532008830023,
    "15":0.8167770419426049,
    "16":0.6401766004415012,
    "17":1.1920529801324504,
    "18":1.1920529801324504,
    "19":1.3686534216335542,
    "20":1.7439293598233996,
    "21":1.3245033112582782,
    "22":1.9867549668874174,
    "23":1.434878587196468,
    "24":1.6556291390728477,
    "25":1.8763796909492272,
    "26":1.6335540838852098,
    "27":1.545253863134658,
    "28":1.7218543046357615,
    "29":1.6997792494481234,
    "30":1.6777041942604858,
    "31":1.8101545253863136,
    "32":1.5011037527593818,
    "33":1.8984547461368653,
    "34":1.456953642384106,
    "35":1.4128035320088301,
    "36":1.1920529801324504,
    "37":1.2362030905077264,
    "38":1.346578366445916,
    "39":1.2803532008830023,
    "40":1.390728476821192,
    "41":1.3686534216335542,
    "42":0.9713024282560706,
    "43":0.9933774834437087,
    "44":0.8388520971302429,
    "45":0.7064017660044151,
    "46":0.8830022075055187,
    "47":0.6181015452538632,
    "48":0.772626931567329,
    "49":0.772626931567329,
    "50":0.8167770419426049,
    "51":0.772626931567329,
    "52":0.7064017660044151,
    "53":1.1479028697571745,
    "54":1.0154525386313467,
    "55":1.0816777041942605,
    "56":0.8388520971302429,
    "57":1.0375275938189845,
    "58":0.728476821192053,
    "59":0.772626931567329,
    "60":0.6401766004415012,
    "61":0.6843267108167771,
    "62":0.9050772626931568,
    "63":0.7947019867549668,
    "64":0.728476821192053,
    "65":0.9713024282560706,
    "66":0.772626931567329,
    "67":0.44150110375275936,
    "68":0.5298013245033113,
    "69":0.41942604856512145,
    "70":0.5298013245033113,
    "71":0.4856512141280353,
    "72":0.4635761589403974,
    "73":0.6843267108167771,
    "74":0.5739514348785872,
    "75":0.6622516556291391,
    "76":0.33112582781456956,
    "77":0.6401766004415012,
    "78":0.35320088300220753,
    "79":0.44150110375275936,
    "80":0.5960264900662252,
    "81":0.3090507726269316,
    "82":0.5518763796909493,
    "83":0.6401766004415012,
    "84":0.5298013245033113,
    "85":0.5077262693156733,
    "86":0.5960264900662252,
    "87":0.41942604856512145,
    "88":0.6622516556291391,
    "89":0.5739514348785872,
    "90":0.44150110375275936,
    "91":0.4856512141280353,
    "92":0.5518763796909493,
    "93":0.4635761589403974,
    "94":0.6843267108167771,
    "95":0.44150110375275936,
    "96":0.35320088300220753,
    "97":0.1986754966887417,
    "98":0.33112582781456956,
    "99":0.3090507726269316,
    "100":0.24282560706401765,
    "101":0.22075055187637968,
    "102":0.35320088300220753,
    "103":0.1986754966887417,
    "104":0.11037527593818984,
    "105":0.08830022075055188,
    "106":0.1986754966887417,
    "107":0.17660044150110377,
    "108":0.1545253863134658,
    "109":0.22075055187637968,
    "110":0.22075055187637968,
    "111":0.26490066225165565,
    "112":0.1545253863134658,
    "113":0.06622516556291391,
    "114":0.13245033112582782,
    "115":0.04415011037527594,
    "116":0.17660044150110377,
    "117":0.13245033112582782,
    "118":0.13245033112582782,
    "119":0.08830022075055188,
    "120":0.02207505518763797,
    "121":0.0,
    "122":0.04415011037527594,
    "123":0.04415011037527594,
    "124":0.08830022075055188,
    "125":0.0,
    "126":0.0,
    "127":0.0,
    "128":0.0,
    "129":0.0,
    "130":0.0,
    "131":0.0,
    "132":0.0,
    "133":0.0,
    "134":0.0,
    "135":0.0,
    "136":0.0,
    "137":0.0,
    "138":0.0,
    "139":0.0,
    "140":0.0,
    "141":0.0,
    "142":0.0,
    "143":0.0,
    "144":0.0,
    "145":0.0,
    "146":0.0,
    "147":0.0,
    "148":0.0,
    "149":0.0,
    "150":0.0,
    "151":0.0,
    "152":0.0,
    "153":0.0,
    "154":0.0,
    "155":0.0,
    "156":0.0,
    "157":0.0,
    "158":0.0,
    "159":0.0,
    "160":0.0,
    "161":0.0,
    "162":0.0,
    "163":0.0,
    "164":0.0,
    "165":0.0,
    "166":0.0,
    "167":0.0,
    "168":0.0,
    "169":0.0,
    "170":0.0,
    "171":0.0,
    "172":0.0,
    "173":0.0,
    "174":0.0,
    "175":0.0,
    "176":0.0,
    "177":0.0,
    "178":0.0,
    "179":0.0,
    "180":0.0,
    "181":0.0,
    "182":0.0,
    "183":0.0,
    "184":0.0,
    "185":0.0,
    "186":0.0,
    "187":0.0,
    "188":0.0,
    "189":0.0,
    "190":0.0,
    "191":0.0,
    "192":0.0,
    "193":0.0,
    "194":0.0,
    "195":0.0,
    "196":0.0,
    "197":0.0,
    "198":0.0,
    "199":0.0,
    "200":0.0,
    "201":0.0,
    "202":0.0,
    "203":0.0,
    "204":0.0,
    "205":0.0,
    "206":0.0,
    "207":0.0,
    "208":0.0,
    "209":0.0,
    "210":0.0,
    "211":0.0,
    "212":0.0,
    "213":0.0,
    "214":0.0,
    "215":0.0,
    "216":0.0,
    "217":0.0,
    "218":0.0,
    "219":0.0,
    "220":0.0,
    "221":0.0,
    "222":0.0,
    "223":0.0,
    "224":0.0,
    "225":0.02207505518763797,
    "226":0.0,
    "227":0.02207505518763797,
    "228":0.0,
    "229":0.0,
    "230":0.0,
    "231":0.0,
    "232":0.0,
    "233":0.0,
    "234":0.0,
    "235":0.0,
    "236":0.0,
    "237":0.0,
    "238":0.0,
    "239":0.0,
    "240":0.0,
    "241":0.0,
    "242":0.0,
    "243":0.0,
    "244":0.0,
    "245":0.0,
    "246":0.0,
    "247":0.0,
    "248":0.0,
    "249":0.02207505518763797,
    "250":0.0,
    "251":0.0,
    "252":0.0,
    "253":0.0,
    "254":0.0,
    "255":0.0,
    "256":0.0,
    "257":0.0,
    "258":0.0,
    "259":0.0,
    "260":0.0,
    "261":0.0,
    "262":0.0,
    "263":0.0,
    "264":0.0,
    "265":0.04415011037527594,
    "266":0.02207505518763797,
    "267":0.0,
    "268":0.0,
    "269":0.0,
    "270":0.0,
    "271":0.0,
    "272":0.0,
    "273":0.0,
    "274":0.0,
    "275":0.0,
    "276":0.0,
    "277":0.0,
    "278":0.0,
    "279":0.0,
    "280":0.0,
    "281":0.0,
    "282":0.0,
    "283":0.0,
    "284":0.0,
    "285":0.0,
    "286":0.0,
    "287":0.02207505518763797,
    "288":0.0,
    "289":0.02207505518763797,
    "290":0.0,
    "291":0.0,
    "292":0.0,
    "293":0.0,
    "294":0.0,
    "295":0.02207505518763797,
    "296":0.0,
    "297":0.02207505518763797,
    "298":0.0,
    "299":0.02207505518763797,
    "300":0.02207505518763797,
    "301":0.0,
    "302":0.0,
    "303":0.0,
    "304":0.0,
    "305":0.0,
    "306":0.0,
    "307":0.0,
    "308":0.0,
    "309":0.0,
    "310":0.02207505518763797,
    "311":0.0,
    "312":0.02207505518763797,
    "313":0.0,
    "314":0.0,
    "315":0.0,
    "316":0.02207505518763797,
    "317":0.02207505518763797,
    "318":0.0,
    "319":0.0,
    "320":0.0,
    "321":0.0,
    "322":0.0,
    "323":0.0,
    "324":0.0,
    "325":0.0,
    "326":0.0,
    "327":0.0,
    "328":0.0,
    "329":0.0,
    "330":0.04415011037527594,
    "331":0.0,
    "332":0.0,
    "333":0.02207505518763797,
    "334":0.02207505518763797,
    "335":0.0,
    "336":0.0,
    "337":0.0,
    "338":0.0,
    "339":0.0,
    "340":0.0,
    "341":0.0,
    "342":0.0,
    "343":0.0,
    "344":0.0,
    "345":0.02207505518763797,
    "346":0.0,
    "347":0.0,
    "348":0.0,
    "349":0.0,
    "350":0.0,
    "351":0.0,
    "352":0.0,
    "353":0.0,
    "354":0.0,
    "355":0.0,
    "356":0.0,
    "357":0.0,
    "358":0.0,
    "359":0.0,
    "360":0.0,
    "361":0.0,
    "362":0.0,
    "363":0.0,
    "364":0.0,
    "365":0.0,
    "366":0.04415011037527594,
    "367":0.0,
    "368":0.0,
    "369":0.0,
    "370":0.02207505518763797,
    "371":0.0,
    "372":0.0,
    "373":0.0,
    "374":0.0,
    "375":0.0,
    "376":0.02207505518763797,
    "377":0.0,
    "378":0.0,
    "379":0.0,
    "380":0.0,
    "381":0.02207505518763797,
    "382":0.02207505518763797,
    "383":0.0,
    "384":0.0,
    "385":0.0,
    "386":0.0,
    "387":0.0,
    "388":0.0,
    "389":0.0,