{
    "0":[
        [
            -23.560887761872937,
            -46.64843607876827,
            "861891188",
            "0"
        ]
    ],
    "1":[
        [
            -23.565122742906436,
            -46.64731740746355,
            "300000000002",
            "3"
        ]
    ],
    "10":[
        [
            -23.566133007150327,
            -46.65072041838972,
            "300000000011",
            "3"
        ]
    ],
    "11":[
        [
            -23.566390109762075,
            -46.652408582369304,
            "300000000012",
            "0"
        ]
    ],
    "2":[
        [
            -23.56233313695842,
            -46.649543980540265,
            "457566752",
            "1"
        ]
    ],
    "3":[
        [
            -23.56414662309771,
            -46.65113715639939,
            "300000000004",
            "4"
        ]
    ],
    "4":[
        [
            -23.56420346638092,
            -46.64654709927273,
            "300000000005",
            "3"
        ]
    ],
    "5":[
        [
            -23.560511583321784,
            -46.64707816701944,
            "300000000006",
            "0"
        ]
    ],
    "6":[
        [
            -23.568593531184842,
            -46.64996891188545,
            "300000000007",
            "3"
        ]
    ],
    "7":[
        [
            -23.559233582758296,
            -46.64735860205783,
            "300000000008",
            "4"
        ]
    ],
    "8":[
        [
            -23.562267685564528,
            -46.64753125944988,
            "300000000009",
            "1"
        ]
    ],
    "9":[
        [
            -23.566086881583807,
            -46.65288030061563,
            "300000000010",
            "0"
        ]
    ],
    "total_length":4875.578265076452,
    "total_time":19.764160871505737
}