{
    "0":1.05977108944468,
    "1":0.6994489190334888,
    "2":0.38151759220008474,
    "3":1.3988978380669777,
    "4":1.9499788045782112,
    "5":0.9749894022891056,
    "6":1.420093259855871,
    "7":2.3526918185671897,
    "8":1.6108520559559136,
    "9":2.1407376006782535,
    "10":2.0771513353115725,
    "11":2.1407376006782535,
    "12":1.7592200084781688,
    "13":1.9287833827893175,
    "14":1.05977108944468,
    "15":1.1869436201780417,
    "16":1.2929207291225095,
    "17":1.3353115727002967,
    "18":1.05977108944468,
    "19":1.1869436201780417,
    "20":1.2505298855447222,
    "21":1.0173802458668928,
    "22":0.8478168715557439,
    "23":0.7206443408223824,
    "24":0.8054260279779568,
    "25":0.6994489190334888,
    "26":0.8054260279779568,
    "27":0.6358626536668079,
    "28":1.2505298855447222,
    "29":0.6994489190334888,
    "30":0.9961848240779992,
    "31":1.2929207291225095,
    "32":1.2293344637558288,
    "33":1.0385756676557862,
    "34":1.2081390419669353,
    "35":1.3565069944891903,
    "36":1.6108520559559136,
    "37":1.3988978380669777,
    "38":1.4412886816447648,
    "39":1.420093259855871,
    "40":1.2293344637558288,
    "41":1.2505298855447222,
    "42":1.377702416278084,
    "43":1.4412886816447648,
    "44":1.483679525222552,
    "45":1.2081390419669353,
    "46":1.2293344637558288,
    "47":1.377702416278084,
    "48":1.420093259855871,
    "49":0.8902077151335311,
    "50":1.483679525222552,
    "51":1.0173802458668928,
    "52":1.2293344637558288,
    "53":1.2505298855447222,
    "54":1.1869436201780417,
    "55":1.3565069944891903,
    "56":1.05977108944468,
    "57":1.0173802458668928,
    "58":1.2929207291225095,
    "59":0.9114031369224248,
    "60":0.8690122933446376,
    "61":1.0173802458668928,
    "62":0.8266214497668503,
    "63":0.5510809665112336,
    "64":0.42390843577787196,
    "65":0.741839762611276,
    "66":0.7630351844001695,
    "67":0.6570580754557015,
    "68":0.5510809665112336,
    "69":0.5086901229334464,
    "70":0.4027130139889784,
    "71":0.42390843577787196,
    "72":0.5086901229334464,
    "73":0.2967359050445104,
    "74":0.2543450614667232,
    "75":0.4027130139889784,
    "76":0.38151759220008474,
    "77":0.2755404832556168,
    "78":0.4027130139889784,
    "79":0.3603221704111912,
    "80":0.44510385756676557,
    "81":0.31793132683340397,
    "82":0.3603221704111912,
    "83":0.4027130139889784,
    "84":0.1271725307333616,
    "85":0.2755404832556168,
    "86":0.2967359050445104,
    "87":0.1695633743111488,
    "88":0.3391267486222976,
    "89":0.2543450614667232,
    "90":0.3391267486222976,
    "91":0.38151759220008474,
    "92":0.23314963967782956,
    "93":0.5722763883001272,
    "94":0.3603221704111912,
    "95":0.23314963967782956,
    "96":0.2755404832556168,
    "97":0.1271725307333616,
    "98":0.19075879610004237,
    "99":0.10597710894446799,
    "100":0.1483679525222552,
    "101":0.4027130139889784,
    "102":0.23314963967782956,
    "103":0.1695633743111488,
    "104":0.1271725307333616,
    "105":0.21195421788893598,
    "106":0.10597710894446799,
    "107":0.1483679525222552,
    "108":0.0847816871555744,
    "109":0.10597710894446799,
    "110":0.0635862653666808,
    "111":0.19075879610004237,
    "112":0.0211954217888936,
    "113":0.0635862653666808,
    "114":0.1483679525222552,
    "115":0.10597710894446799,
    "116":0.10597710894446799,
    "117":0.0847816871555744,
    "118":0.10597710894446799,
    "119":0.0423908435777872,
    "120":0.1483679525222552,
    "121":0.0423908435777872,
    "122":0.0423908435777872,
    "123":0.1483679525222552,
    "124":0.0,
    "125":0.1483679525222552,
    "126":0.1695633743111488,
    "127":0.0423908435777872,
    "128":0.0847816871555744,
    "129":0.0847816871555744,
    "130":0.0847816871555744,
    "131":0.1483679525222552,
    "132":0.0635862653666808,
    "133":0.1695633743111488,
    "134":0.0635862653666808,
    "135":0.0847816871555744,
    "136":0.1695633743111488,
    "137":0.0635862653666808,
    "138":0.0,
    "139":0.1271725307333616,
    "140":0.0211954217888936,
    "141":0.0847816871555744,
    "142":0.0635862653666808,
    "143":0.1483679525222552,
    "144":0.1483679525222552,
    "145":0.0635862653666808,
    "146":0.1271725307333616,
    "147":0.0847816871555744,
    "148":0.0423908435777872,
    "149":0.0423908435777872,
    "150":0.0847816871555744,
    "151":0.10597710894446799,
    "152":0.0847816871555744,
    "153":0.0847816871555744,
    "154":0.0635862653666808,
    "155":0.0847816871555744,
    "156":0.0,
    "157":0.0211954217888936,
    "158":0.0211954217888936,
    "159":0.0211954217888936,
    "160":0.0423908435777872,
    "161":0.0423908435777872,
    "162":0.0211954217888936,
    "163":0.0211954217888936,
    "164":0.0635862653666808,
    "165":0.0423908435777872,
    "166":0.0423908435777872,
    "167":0.0211954217888936,
    "168":0.1271725307333616,
    "169":0.0635862653666808,
    "170":0.0211954217888936,
    "171":0.0211954217888936,
    "172":0.0423908435777872,
    "173":0.0423908435777872,
    "174":0.0423908435777872,
    "175":0.0211954217888936,
    "176":0.0211954217888936,
    "177":0.0211954217888936,
    "178":0.1271725307333616,
    "179":0.0211954217888936,
    "180":0.10597710894446799,
    "181":0.0211954217888936,
    "182":0.0,
    "183":0.0,
    "184":0.0423908435777872,
    "185":0.0211954217888936,
    "186":0.0,
    "187":0.0,
    "188":0.0,
    "189":0.0847816871555744,
    "190":0.0,
    "191":0.0211954217888936,
    "192":0.0423908435777872,
    "193":0.0,
    "194":0.0423908435777872,
    "195":0.0,
    "196":0.0423908435777872,
    "197":0.0423908435777872,
    "198":0.0211954217888936,
    "199":0.0423908435777872,
    "200":0.0,
    "201":0.0,
    "202":0.0211954217888936,
    "203":0.0,
    "204":0.0,
    "205":0.0,
    "206":0.0,
    "207":0.0211954217888936,
    "208":0.0211954217888936,
    "209":0.0,
    "210":0.0211954217888936,
    "211":0.0,
    "212":0.0211954217888936,
    "213":0.0211954217888936,
    "214":0.0,
    "215":0.0,
    "216":0.0211954217888936,
    "217":0.0,
    "218":0.0,
    "219":0.0,
    "220":0.0423908435777872,
    "221":0.0211954217888936,
    "222":0.0,
    "223":0.0,
    "224":0.0,
    "225":0.0,
    "226":0.0211954217888936,
    "227":0.0,
    "228":0.0,
    "229":0.0211954217888936,
    "230":0.0211954217888936,
    "231":0.0,
    "232":0.0,
    "233":0.0211954217888936,
    "234":0.0211954217888936,
    "235":0.0,
    "236":0.0,
    "237":0.0,
    "238":0.0,
    "239":0.0211954217888936,
    "240":0.0211954217888936,
    "241":0.0,
    "242":0.0423908435777872,
    "243":0.0,
    "244":0.0211954217888936,
    "245":0.0211954217888936,
    "246":0.0423908435777872,
    "247":0.0211954217888936,
    "248":0.0,
    "249":0.0,
    "250":0.0423908435777872,
    "251":0.0423908435777872,
    "252":0.0211954217888936,
    "253":0.0,
    "254":0.0423908435777872,
    "255":0.0,
    "256":0.0211954217888936,
    "257":0.0,
    "258":0.0,
    "259":0.0211954217888936,
    "260":0.0423908435777872,
    "261":0.0,
    "262":0.0,
    "263":0.0,
    "264":0.0,
    "265":0.0,
    "266":0.0,
    "267":0.0,
    "268":0.0,
    "269":0.0,
    "270":0.0,
    "271":0.0,
    "272":0.0,
    "273":0.0,
    "274":0.0211954217888936,
    "275":0.0,
    "276":0.0,
    "277":0.0,
    "278":0.0,
    "279":0.0,
    "280":0.0,
    "281":0.0,
    "282":0.0
}