{
    "0":2.4263992235522487,
    "1":5.726302167583306,
    "2":0.6470397929472662,
    "3":0.16175994823681655,
    "4":0.6470397929472662,
    "5":1.0676156583629894,
    "6":1.5852474927208025,
    "7":1.649951472015529,
    "8":0.5499838240051763,
    "9":0.3558718861209964,
    "10":0.38822387576835976,
    "11":0.517631834357813,
    "12":0.517631834357813,
    "13":1.0029116790682626,
    "14":0.5499838240051763,
    "15":0.9382076997735361,
    "16":1.1646716273050794,
    "17":1.3911355548366224,
    "18":1.649951472015529,
    "19":2.361695244257522,
    "20":2.070527337431252,
    "21":1.8764153995470723,
    "22":1.8764153995470723,
    "23":1.7793594306049825,
    "24":1.649951472015529,
    "25":1.0029116790682626,
    "26":1.4234875444839856,
    "27":1.6175994823681656,
    "28":1.2940795858945324,
    "29":1.0999676480103526,
    "30":1.2293756065998058,
    "31":1.4234875444839856,
    "32":1.0029116790682626,
    "33":1.7793594306049825,
    "34":1.0999676480103526,
    "35":0.9382076997735361,
    "36":0.7440957618893562,
    "37":0.8735037204788094,
    "38":0.8735037204788094,
    "39":1.0029116790682626,
    "40":0.9705596894208993,
    "41":0.8087997411840828,
    "42":0.9382076997735361,
    "43":0.9382076997735361,
    "44":1.0999676480103526,
    "45":0.8735037204788094,
    "46":1.1323196376577158,
    "47":0.8735037204788094,
    "48":1.0676156583629894,
    "49":1.035263668715626,
    "50":0.9058557101261728,
    "51":1.0676156583629894,
    "52":0.9058557101261728,
    "53":0.6146878032999029,
    "54":0.7440957618893562,
    "55":0.5499838240051763,
    "56":0.7764477515367195,
    "57":0.6146878032999029,
    "58":0.8087997411840828,
    "59":0.6146878032999029,
    "60":0.7764477515367195,
    "61":1.0029116790682626,
    "62":0.7440957618893562,
    "63":0.7117437722419928,
    "64":0.6146878032999029,
    "65":0.7764477515367195,
    "66":0.9058557101261728,
    "67":0.7117437722419928,
    "68":0.7764477515367195,
    "69":0.7117437722419928,
    "70":0.5823358136525397,
    "71":0.6470397929472662,
    "72":0.5499838240051763,
    "73":0.29116790682626986,
    "74":0.5823358136525397,
    "75":0.6470397929472662,
    "76":0.6470397929472662,
    "77":0.7117437722419928,
    "78":0.38822387576835976,
    "79":0.42057586541572306,
    "80":0.4529278550630864,
    "81":0.5823358136525397,
    "82":0.2588159171789065,
    "83":0.5499838240051763,
    "84":0.42057586541572306,
    "85":0.3235198964736331,
    "86":0.16175994823681655,
    "87":0.19411193788417988,
    "88":0.2588159171789065,
    "89":0.3235198964736331,
    "90":0.38822387576835976,
    "91":0.4529278550630864,
    "92":0.38822387576835976,
    "93":0.38822387576835976,
    "94":0.2588159171789065,
    "95":0.5499838240051763,
    "96":0.19411193788417988,
    "97":0.29116790682626986,
    "98":0.2264639275315432,
    "99":0.16175994823681655,
    "100":0.2588159171789065,
    "101":0.3235198964736331,
    "102":0.29116790682626986,
    "103":0.12940795858945325,
    "104":0.2588159171789065,
    "105":0.06470397929472663,
    "106":0.2264639275315432,
    "107":0.19411193788417988,
    "108":0.09705596894208994,
    "109":0.12940795858945325,
    "110":0.2264639275315432,
    "111":0.2588159171789065,
    "112":0.09705596894208994,
    "113":0.16175994823681655,
    "114":0.19411193788417988,
    "115":0.09705596894208994,
    "116":0.09705596894208994,
    "117":0.12940795858945325,
    "118":0.19411193788417988,
    "119":0.2588159171789065,
    "120":0.12940795858945325,
    "121":0.2264639275315432,
    "122":0.2264639275315432,
    "123":0.06470397929472663,
    "124":0.16175994823681655,
    "125":0.06470397929472663,
    "126":0.16175994823681655,
    "127":0.09705596894208994,
    "128":0.0,
    "129":0.12940795858945325,
    "130":0.09705596894208994,
    "131":0.16175994823681655,
    "132":0.03235198964736331,
    "133":0.09705596894208994,
    "134":0.09705596894208994,
    "135":0.16175994823681655,
    "136":0.06470397929472663,
    "137":0.06470397929472663,
    "138":0.16175994823681655,
    "139":0.03235198964736331,
    "140":0.09705596894208994,
    "141":0.09705596894208994,
    "142":0.09705596894208994,
    "143":0.12940795858945325,
    "144":0.06470397929472663,
    "145":0.12940795858945325,
    "146":0.2264639275315432,
    "147":0.09705596894208994,
    "148":0.06470397929472663,
    "149":0.03235198964736331,
    "150":0.12940795858945325,
    "151":0.06470397929472663,
    "152":0.19411193788417988,
    "153":0.12940795858945325,
    "154":0.19411193788417988,
    "155":0.09705596894208994,
    "156":0.16175994823681655,
    "157":0.03235198964736331,
    "158":0.09705596894208994,
    "159":0.16175994823681655,
    "160":0.03235198964736331,
    "161":0.12940795858945325,
    "162":0.09705596894208994,
    "163":0.09705596894208994,
    "164":0.09705596894208994,
    "165":0.16175994823681655,
    "166":0.0,
    "167":0.06470397929472663,
    "168":0.03235198964736331,
    "169":0.09705596894208994,
    "170":0.06470397929472663,
    "171":0.0,
    "172":0.0,
    "173":0.09705596894208994,
    "174":0.0,
    "175":0.0,
    "176":0.03235198964736331,
    "177":0.09705596894208994,
    "178":0.03235198964736331,
    "179":0.03235198964736331,
    "180":0.03235198964736331,
    "181":0.06470397929472663,
    "182":0.12940795858945325,
    "183":0.06470397929472663,
    "184":0.03235198964736331,
    "185":0.0,
    "186":0.03235198964736331,
    "187":0.03235198964736331,
    "188":0.06470397929472663,
    "189":0.03235198964736331,
    "190":0.03235198964736331,
    "191":0.0,
    "192":0.0,
    "193":0.03235198964736331,
    "194":0.03235198964736331,
    "195":0.06470397929472663,
    "196":0.03235198964736331,
    "197":0.03235198964736331,
    "198":0.0,
    "199":0.0,
    "200":0.0,
    "201":0.0,
    "202":0.0,
    "203":0.0,
    "204":0.0,
    "205":0.0,
    "206":0.0,
    "207":0.0,
    "208":0.0,
    "209":0.0,
    "210":0.0,
    "211":0.0,
    "212":0.0,
    "213":0.0,
    "214":0.0,
    "215":0.0,
    "216":0.0,
    "217":0.03235198964736331,
    "218":0.0,
    "219":0.0,
    "220":0.0,
    "221":0.0,
    "222":0.0,
    "223":0.0,
    "224":0.0,
    "225":0.0,
    "226":0.0,
    "227":0.0,
    "228":0.03235198964736331,
    "229":0.0,
    "230":0.0,
    "231":0.0,
    "232":0.0,
    "233":0.0,
    "234":0.0,
    "235":0.03235198964736331,
    "236":0.0,
    "237":0.0,
    "238":0.0,
    "239":0.0,
    "240":0.0,
    "241":0.03235198964736331,
    "242":0.0,
    "243":0.0,
    "244":0.0,
    "245":0.0,
    "246":0.0,
    "247":0.0,
    "248":0.0,
    "249":0.0,
    "250":0.0,
    "251":0.0,
    "252":0.0,
    "253":0.0,
    "254":0.0,
    "255":0.0,
    "256":0.0,
    "257":0.0,
    "258":0.0,
    "259":0.0,
    "260":0.0,
    "261":0.0,
    "262":0.0,
    "263":0.03235198964736331,
    "264":0.0,
    "265":0.0,
    "266":0.0,
    "267":0.0,
    "268":0.0,
    "269":0.0,
    "270":0.0,
    "271":0.0,
    "272":0.12940795858945325,
    "273":0.0,
    "274":0.0,
    "275":0.0,
    "276":0.0,
    "277":0.0,
    "278":0.0,
    "279":0.0,
    "280":0.0,
    "281":0.0,
    "282":0.0,
    "283":0.0,
    "284":0.0,
    "285":0.0,
    "286":0.0,
    "287":0.0,
    "288":0.0,
    "289":0.0,
    "290":0.0,
    "291":0.0,
    "292":0.0,
    "293":0.0,
    "294":0.0,
    "295":0.0,
    "296":0.0,
    "297":0.0,
    "298":0.0,
    "299":0.0,
    "300":0.0,
    "301":0.0,
    "302":0.0,
    "303":0.0,
    "304":0.0,
    "305":0.0,
    "306":0.0,
    "307":0.0,
    "308":0.0,
    "309":0.0,
    "310":0.0,
    "311":0.0,
    "312":0.0,
    "313":0.0,
    "314":0.0,
    "315":0.0,
    "316":0.0,
    "317":0.0,
    "318":0.0,
    "319":0.0,
    "320":0.0,
    "321":0.0,
    "322":0.0,
    "323":0.0,
    "324":0.0,
    "325":0.0,
    "326":0.0,
    "327":0.0,
    "328":0.0,
    "329":0.0,
    "330":0.0,
    "331":0.0,
    "332":0.0,
    "333":0.0,
    "334":0.0,
    "335":0.0,
    "336":0.0,
    "337":0.0,
    "338":0.0,