{
    "0":2.7119938884644768,
    "1":6.417112299465241,
    "2":4.163483575248281,
    "3":1.1650114591291063,
    "4":1.2796027501909855,
    "5":2.3682200152788386,
    "6":1.8334606569900689,
    "7":1.757066462948816,
    "8":2.158135981665393,
    "9":2.387318563789152,
    "10":2.3682200152788386,
    "11":1.8334606569900689,
    "12":1.680672268907563,
    "13":1.7761650114591292,
    "14":1.2987012987012987,
    "15":0.7639419404125287,
    "16":1.0122230710466005,
    "17":1.0313216195569137,
    "18":1.317799847211612,
    "19":1.3368983957219251,
    "20":1.5851795263559971,
    "21":0.9931245225362872,
    "22":1.145912910618793,
    "23":1.3941940412528648,
    "24":1.680672268907563,
    "25":1.9671504965622613,
    "26":1.6997708174178763,
    "27":1.8525592055003821,
    "28":1.8143621084797557,
    "29":1.5851795263559971,
    "30":1.8716577540106951,
    "31":1.7761650114591292,
    "32":1.432391138273491,
    "33":1.6233766233766231,
    "34":1.757066462948816,
    "35":1.2987012987012987,
    "36":1.1650114591291063,
    "37":0.6111535523300229,
    "38":1.06951871657754,
    "39":1.1841100076394193,
    "40":1.1077158135981666,
    "41":0.8976317799847212,
    "42":1.1077158135981666,
    "43":0.8403361344537815,
    "44":1.1077158135981666,
    "45":0.974025974025974,
    "46":0.8021390374331552,
    "47":0.8976317799847212,
    "48":0.42016806722689076,
    "49":0.7639419404125287,
    "50":0.5920550038197097,
    "51":0.8212375859434682,
    "52":0.6493506493506493,
    "53":0.5920550038197097,
    "54":0.878533231474408,
    "55":0.7448433919022155,
    "56":0.6493506493506493,
    "57":0.5729564553093965,
    "58":0.3246753246753247,
    "59":0.4774637127578304,
    "60":0.5538579067990833,
    "61":0.5920550038197097,
    "62":0.53475935828877,
    "63":0.5538579067990833,
    "64":0.439266615737204,
    "65":0.4583651642475172,
    "66":0.706646294881589,
    "67":0.439266615737204,
    "68":0.42016806722689076,
    "69":0.38197097020626436,
    "70":0.28647822765469827,
    "71":0.38197097020626436,
    "72":0.4583651642475172,
    "73":0.3246753246753247,
    "74":0.3246753246753247,
    "75":0.3437738731856379,
    "76":0.30557677616501144,
    "77":0.38197097020626436,
    "78":0.17188693659281895,
    "79":0.267379679144385,
    "80":0.21008403361344538,
    "81":0.2291825821237586,
    "82":0.2482811306340718,
    "83":0.2291825821237586,
    "84":0.30557677616501144,
    "85":0.30557677616501144,
    "86":0.19098548510313218,
    "87":0.17188693659281895,
    "88":0.2291825821237586,
    "89":0.2482811306340718,
    "90":0.1145912910618793,
    "91":0.09549274255156609,
    "92":0.09549274255156609,
    "93":0.19098548510313218,
    "94":0.05729564553093965,
    "95":0.09549274255156609,
    "96":0.15278838808250572,
    "97":0.09549274255156609,
    "98":0.1145912910618793,
    "99":0.1145912910618793,
    "100":0.07639419404125286,
    "101":0.07639419404125286,
    "102":0.0,
    "103":0.15278838808250572,
    "104":0.05729564553093965,
    "105":0.1145912910618793,
    "106":0.03819709702062643,
    "107":0.1145912910618793,
    "108":0.03819709702062643,
    "109":0.05729564553093965,
    "110":0.1145912910618793,
    "111":0.1145912910618793,
    "112":0.07639419404125286,
    "113":0.03819709702062643,
    "114":0.1145912910618793,
    "115":0.09549274255156609,
    "116":0.1145912910618793,
    "117":0.05729564553093965,
    "118":0.019098548510313215,
    "119":0.03819709702062643,
    "120":0.03819709702062643,
    "121":0.07639419404125286,
    "122":0.03819709702062643,
    "123":0.03819709702062643,
    "124":0.019098548510313215,
    "125":0.05729564553093965,
    "126":0.0,
    "127":0.05729564553093965,
    "128":0.1145912910618793,
    "129":0.03819709702062643,
    "130":0.0,
    "131":0.0,
    "132":0.03819709702062643,
    "133":0.0,
    "134":0.019098548510313215,
    "135":0.03819709702062643,
    "136":0.05729564553093965,
    "137":0.0,
    "138":0.019098548510313215,
    "139":0.03819709702062643,
    "140":0.019098548510313215,
    "141":0.019098548510313215,
    "142":0.019098548510313215,
    "143":0.03819709702062643,
    "144":0.03819709702062643,
    "145":0.03819709702062643,
    "146":0.0,
    "147":0.019098548510313215,
    "148":0.0,
    "149":0.019098548510313215,
    "150":0.0,
    "151":0.05729564553093965,
    "152":0.0,
    "153":0.019098548510313215,
    "154":0.0,
    "155":0.019098548510313215,
    "156":0.0,
    "157":0.03819709702062643,
    "158":0.019098548510313215,
    "159":0.0,
    "160":0.019098548510313215,
    "161":0.0,
    "162":0.0,
    "163":0.0,
    "164":0.03819709702062643,
    "165":0.019098548510313215,
    "166":0.05729564553093965,
    "167":0.07639419404125286,
    "168":0.0,
    "169":0.0,
    "170":0.019098548510313215,
    "171":0.0,
    "172":0.0,
    "173":0.0,
    "174":0.0,
    "175":0.0,
    "176":0.0,
    "177":0.0,
    "178":0.0
}