{
    "0":1.7231476163124642,
    "1":1.751866743251005,
    "2":0.05743825387708214,
    "3":1.2062033314187248,
    "4":1.8954623779437105,
    "5":1.3497989661114302,
    "6":0.5456634118322803,
    "7":0.6605399195864445,
    "8":0.43078690407811604,
    "9":0.80413555427915,
    "10":0.8615738081562321,
    "11":1.4646754738655945,
    "12":1.7231476163124642,
    "13":1.4359563469270535,
    "14":1.3497989661114302,
    "15":1.1487650775416427,
    "16":1.665709362435382,
    "17":1.1200459506031017,
    "18":1.5221137277426766,
    "19":1.263641585295807,
    "20":1.1200459506031017,
    "21":1.3785180930499714,
    "22":1.2062033314187248,
    "23":0.6605399195864445,
    "24":0.5743825387708213,
    "25":0.5169442848937392,
    "26":0.7466973004020678,
    "27":0.6031016657093624,
    "28":0.6031016657093624,
    "29":0.7179781734635268,
    "30":0.80413555427915,
    "31":0.5743825387708213,
    "32":0.8902929350947731,
    "33":0.8902929350947731,
    "34":0.6892590465249857,
    "35":0.832854681217691,
    "36":0.6605399195864445,
    "37":0.4595060310166571,
    "38":0.9764503159103963,
    "39":0.9190120620333142,
    "40":0.6318207926479035,
    "41":0.48822515795519816,
    "42":0.7754164273406089,
    "43":0.7179781734635268,
    "44":0.7179781734635268,
    "45":0.9190120620333142,
    "46":0.6605399195864445,
    "47":0.9190120620333142,
    "48":0.7754164273406089,
    "49":1.3497989661114302,
    "50":0.6031016657093624,
    "51":0.8615738081562321,
    "52":0.9477311889718553,
    "53":0.80413555427915,
    "54":1.0051694428489375,
    "55":0.7754164273406089,
    "56":1.0338885697874785,
    "57":0.6605399195864445,
    "58":0.6892590465249857,
    "59":0.7754164273406089,
    "60":1.0338885697874785,
    "61":0.9477311889718553,
    "62":1.1200459506031017,
    "63":0.9190120620333142,
    "64":1.1487650775416427,
    "65":1.0913268236645606,
    "66":1.1487650775416427,
    "67":0.832854681217691,
    "68":0.832854681217691,
    "69":0.8615738081562321,
    "70":0.8902929350947731,
    "71":0.5456634118322803,
    "72":0.8615738081562321,
    "73":1.0913268236645606,
    "74":0.6031016657093624,
    "75":1.0626076967260196,
    "76":0.7179781734635268,
    "77":0.7754164273406089,
    "78":0.6031016657093624,
    "79":0.8615738081562321,
    "80":1.0913268236645606,
    "81":0.7179781734635268,
    "82":0.7466973004020678,
    "83":0.7466973004020678,
    "84":0.7754164273406089,
    "85":0.5169442848937392,
    "86":0.5743825387708213,
    "87":0.6318207926479035,
    "88":0.6318207926479035,
    "89":0.4595060310166571,
    "90":0.4595060310166571,
    "91":0.6031016657093624,
    "92":0.6318207926479035,
    "93":0.48822515795519816,
    "94":0.6605399195864445,
    "95":0.3733486502010339,
    "96":0.5456634118322803,
    "97":0.402067777139575,
    "98":0.31591039632395174,
    "99":0.3733486502010339,
    "100":0.3733486502010339,
    "101":0.2584721424468696,
    "102":0.6031016657093624,
    "103":0.2871912693854107,
    "104":0.2871912693854107,
    "105":0.3733486502010339,
    "106":0.34462952326249285,
    "107":0.5456634118322803,
    "108":0.31591039632395174,
    "109":0.22975301550832855,
    "110":0.402067777139575,
    "111":0.22975301550832855,
    "112":0.43078690407811604,
    "113":0.17231476163124643,
    "114":0.2871912693854107,
    "115":0.31591039632395174,
    "116":0.3733486502010339,
    "117":0.31591039632395174,
    "118":0.402067777139575,
    "119":0.31591039632395174,
    "120":0.2010338885697875,
    "121":0.2584721424468696,
    "122":0.2010338885697875,
    "123":0.2010338885697875,
    "124":0.2584721424468696,
    "125":0.14359563469270534,
    "126":0.22975301550832855,
    "127":0.22975301550832855,
    "128":0.2584721424468696,
    "129":0.14359563469270534,
    "130":0.17231476163124643,
    "131":0.2584721424468696,
    "132":0.14359563469270534,
    "133":0.2584721424468696,
    "134":0.22975301550832855,
    "135":0.02871912693854107,
    "136":0.17231476163124643,
    "137":0.22975301550832855,
    "138":0.2871912693854107,
    "139":0.17231476163124643,
    "140":0.14359563469270534,
    "141":0.2584721424468696,
    "142":0.02871912693854107,
    "143":0.11487650775416428,
    "144":0.02871912693854107,
    "145":0.11487650775416428,
    "146":0.05743825387708214,
    "147":0.17231476163124643,
    "148":0.08615738081562321,
    "149":0.11487650775416428,
    "150":0.0,
    "151":0.02871912693854107,
    "152":0.02871912693854107,
    "153":0.05743825387708214,
    "154":0.0,
    "155":0.08615738081562321,
    "156":0.0,
    "157":0.05743825387708214,
    "158":0.0,
    "159":0.0,
    "160":0.05743825387708214,
    "161":0.02871912693854107,
    "162":0.0,
    "163":0.08615738081562321,
    "164":0.02871912693854107,
    "165":0.02871912693854107,
    "166":0.08615738081562321,
    "167":0.0,
    "168":0.02871912693854107,
    "169":0.02871912693854107,
    "170":0.05743825387708214,
    "171":0.02871912693854107,
    "172":0.02871912693854107,
    "173":0.0,
    "174":0.05743825387708214,
    "175":0.02871912693854107,
    "176":0.05743825387708214,
    "177":0.02871912693854107,
    "178":0.0,
    "179":0.02871912693854107,
    "180":0.11487650775416428,
    "181":0.0,
    "182":0.08615738081562321,
    "183":0.11487650775416428,
    "184":0.0,
    "185":0.0,
    "186":0.0,
    "187":0.0,
    "188":0.0,
    "189":0.0,
    "190":0.0,
    "191":0.0,
    "192":0.0,
    "193":0.0,
    "194":0.0,
    "195":0.0,
    "196":0.0,
    "197":0.0,
    "198":0.0,
    "199":0.0,
    "200":0.0,
    "201":0.0,
    "202":0.0,
    "203":0.0,
    "204":0.0,
    "205":0.0,
    "206":0.0,
    "207":0.0,
    "208":0.0,
    "209":0.0,
    "210":0.0,
    "211":0.0,
    "212":0.0,
    "213":0.0,
    "214":0.0,
    "215":0.0,
    "216":0.0,
    "217":0.0,
    "218":0.0,
    "219":0.0,
    "220":0.0,
    "221":0.0,
    "222":0.0,
    "223":0.0,
    "224":0.0,
    "225":0.0,
    "226":0.0,
    "227":0.0,
    "228":0.0,
    "229":0.0,
    "230":0.0,
    "231":0.0,
    "232":0.0,
    "233":0.0,
    "234":0.0,
    "235":0.0,
    "236":0.0,
    "237":0.02871912693854107,
    "238":0.0,
    "239":0.0,
    "240":0.0,
    "241":0.0,
    "242":0.0,
    "243":0.0,
    "244":0.0,
    "245":0.0,
    "246":0.0,
    "247":0.0,
    "248":0.0,
    "249":0.0,
    "250":0.0,
    "251":0.0,
    "252":0.0,
    "253":0.0,
    "254":0.0,
    "255":0.0,
    "256":0.0,
    "257":0.0,
    "258":0.0,
    "259":0.0,
    "260":0.0,
    "261":0.0,
    "262":0.0,
    "263":0.0,
    "264":0.0,
    "265":0.0,
    "266":0.0,
    "267":0.02871912693854107,
    "268":0.0,
    "269":0.0,
    "270":0.0,
    "271":0.0,
    "272":0.0,
    "273":0.05743825387708214,
    "274":0.0,
    "275":0.0,
    "276":0.0,
    "277":0.0,
    "278":0.0,
    "279":0.0,
    "280":0.02871912693854107,
    "281":0.0,
    "282":0.02871912693854107,
    "283":0.02871912693854107,
    "284":0.0,
    "285":0.0,
    "286":0.0,
    "287":0.0,
    "288":0.0,
    "289":0.0,
    "290":0.0,
    "291":0.0,
    "292":0.0,
    "293":0.0,
    "294":0.02871912693854107,
    "295":0.0,
    "296":0.0,
    "297":0.0,
    "298":0.0,
    "299":0.0,
    "300":0.0,
    "301":0.0,
    "302":0.02871912693854107,
    "303":0.0,
    "304":0.02871912693854107,
    "305":0.02871912693854107,
    "306":0.0,
    "307":0.0,
    "308":0.0,
    "309":0.0,
    "310":0.0,
    "311":0.0,
    "312":0.0,
    "313":0.0,
    "314":0.0,
    "315":0.0,
    "316":0.0,
    "317":0.0,
    "318":0.0,
    "319":0.0,
    "320":0.0,
    "321":0.0,
    "322":0.0,
    "323":0.0,
    "324":0.0,
    "325":0.02871912693854107,
    "326":0.0,
    "327":0.0,
    "328":0.0,
    "329":0.02871912693854107,
    "330":0.0,
    "331":0.0,
    "332":0.0,
    "333":0.0,
    "334":0.0,
    "335":0.0,
    "336":0.0,
    "337":0.0,
    "338":0.0,
    "339":0.0,
    "340":0.0,
    "341":0.0,
    "342":0.0,
    "343":0.0,
    "344":0.0,
    "345":0.0,
    "346":0.0,
    "347":0.0,
    "348":0.0,
    "349":0.0,