{
    "0":6.162211146352515,
    "1":5.573176257362936,
    "2":3.670140462165836,
    "3":2.2655188038060716,
    "4":2.2202084277299505,
    "5":1.449932034435886,
    "6":0.95151789759855,
    "7":1.9936565473493428,
    "8":2.0163117353874034,
    "9":1.8577254191209787,
    "10":2.9904848210240145,
    "11":2.3334843679202537,
    "12":2.877208880833711,
    "13":1.9256909832351607,
    "14":1.517897598550068,
    "15":1.4046216583597644,
    "16":1.5632079746261893,
    "17":1.9256909832351607,
    "18":1.2686905301314002,
    "19":1.5858631626642499,
    "20":1.4272768463978251,
    "21":0.9741730856366106,
    "22":1.1780697779791574,
    "23":0.724966017217943,
    "24":0.6796556411418215,
    "25":0.6116900770276393,
    "26":0.7929315813321249,
    "27":0.9968282736746714,
    "28":0.8382419574082465,
    "29":1.0194834617127322,
    "30":1.042138649750793,
    "31":1.042138649750793,
    "32":0.6796556411418215,
    "33":0.9968282736746714,
    "34":0.9062075215224286,
    "35":0.7929315813321249,
    "36":0.7929315813321249,
    "37":0.7929315813321249,
    "38":1.0194834617127322,
    "39":0.724966017217943,
    "40":0.7929315813321249,
    "41":1.0647938377888537,
    "42":0.9741730856366106,
    "43":0.7702763932940644,
    "44":0.9741730856366106,
    "45":0.9288627095604893,
    "46":0.724966017217943,
    "47":1.0194834617127322,
    "48":0.7702763932940644,
    "49":0.8155867693701857,
    "50":0.6796556411418215,
    "51":0.6343452650657001,
    "52":0.5210693248753965,
    "53":0.7476212052560036,
    "54":0.475758948799275,
    "55":0.5663797009515179,
    "56":0.4984141368373357,
    "57":0.475758948799275,
    "58":0.5210693248753965,
    "59":0.7476212052560036,
    "60":0.5890348889895787,
    "61":0.8608971454463071,
    "62":0.6116900770276393,
    "63":0.5890348889895787,
    "64":0.5663797009515179,
    "65":0.40779338468509285,
    "66":0.475758948799275,
    "67":0.3851381966470322,
    "68":0.7929315813321249,
    "69":0.33982782057091077,
    "70":0.7476212052560036,
    "71":0.5210693248753965,
    "72":0.3851381966470322,
    "73":0.5437245129134572,
    "74":0.5890348889895787,
    "75":0.5210693248753965,
    "76":0.5437245129134572,
    "77":0.31717263253285005,
    "78":0.29451744449478934,
    "79":0.43044857272315357,
    "80":0.24920706841866785,
    "81":0.22655188038060714,
    "82":0.2718622564567286,
    "83":0.24920706841866785,
    "84":0.31717263253285005,
    "85":0.24920706841866785,
    "86":0.1359311282283643,
    "87":0.15858631626642503,
    "88":0.15858631626642503,
    "89":0.11327594019030357,
    "90":0.20389669234254643,
    "91":0.31717263253285005,
    "92":0.2718622564567286,
    "93":0.15858631626642503,
    "94":0.15858631626642503,
    "95":0.06796556411418216,
    "96":0.022655188038060717,
    "97":0.20389669234254643,
    "98":0.11327594019030357,
    "99":0.22655188038060714,
    "100":0.11327594019030357,
    "101":0.1359311282283643,
    "102":0.09062075215224287,
    "103":0.15858631626642503,
    "104":0.24920706841866785,
    "105":0.15858631626642503,
    "106":0.20389669234254643,
    "107":0.1359311282283643,
    "108":0.09062075215224287,
    "109":0.22655188038060714,
    "110":0.11327594019030357,
    "111":0.2718622564567286,
    "112":0.09062075215224287,
    "113":0.09062075215224287,
    "114":0.22655188038060714,
    "115":0.09062075215224287,
    "116":0.045310376076121435,
    "117":0.045310376076121435,
    "118":0.022655188038060717,
    "119":0.06796556411418216,
    "120":0.11327594019030357,
    "121":0.045310376076121435,
    "122":0.09062075215224287,
    "123":0.11327594019030357,
    "124":0.045310376076121435,
    "125":0.022655188038060717,
    "126":0.0,
    "127":0.0,
    "128":0.045310376076121435,
    "129":0.022655188038060717,
    "130":0.045310376076121435,
    "131":0.06796556411418216,
    "132":0.11327594019030357,
    "133":0.0,
    "134":0.022655188038060717,
    "135":0.0,
    "136":0.0,
    "137":0.022655188038060717,
    "138":0.0,
    "139":0.0,
    "140":0.0,
    "141":0.022655188038060717,
    "142":0.0,
    "143":0.022655188038060717,
    "144":0.022655188038060717,
    "145":0.0,
    "146":0.022655188038060717,
    "147":0.0,
    "148":0.022655188038060717,
    "149":0.0,
    "150":0.06796556411418216,
    "151":0.0,
    "152":0.0,
    "153":0.0,
    "154":0.022655188038060717,
    "155":0.0,
    "156":0.022655188038060717,
    "157":0.022655188038060717,
    "158":0.022655188038060717,
    "159":0.0,
    "160":0.0,
    "161":0.0,
    "162":0.0,
    "163":0.022655188038060717,
    "164":0.022655188038060717,
    "165":0.022655188038060717,
    "166":0.0,
    "167":0.0,
    "168":0.022655188038060717,
    "169":0.022655188038060717,
    "170":0.022655188038060717,
    "171":0.022655188038060717,
    "172":0.0,
    "173":0.022655188038060717,
    "174":0.06796556411418216,
    "175":0.0,
    "176":0.06796556411418216,
    "177":0.0,
    "178":0.022655188038060717,
    "179":0.0,
    "180":0.022655188038060717,
    "181":0.0,
    "182":0.022655188038060717,
    "183":0.0,
    "184":0.0,
    "185":0.022655188038060717,
    "186":0.022655188038060717,
    "187":0.0,
    "188":0.0,
    "189":0.0,
    "190":0.0,
    "191":0.0,
    "192":0.06796556411418216,
    "193":0.0,
    "194":0.022655188038060717,
    "195":0.022655188038060717,
    "196":0.022655188038060717,
    "197":0.022655188038060717,
    "198":0.022655188038060717,
    "199":0.022655188038060717,
    "200":0.022655188038060717,
    "201":0.0,
    "202":0.045310376076121435,
    "203":0.11327594019030357,
    "204":0.0,
    "205":0.022655188038060717,
    "206":0.022655188038060717,
    "207":0.0,
    "208":0.022655188038060717,
    "209":0.0,
    "210":0.022655188038060717,
    "211":0.022655188038060717,
    "212":0.0,
    "213":0.022655188038060717,
    "214":0.0,
    "215":0.045310376076121435,
    "216":0.022655188038060717,
    "217":0.0,
    "218":0.045310376076121435,
    "219":0.0,
    "220":0.0,
    "221":0.022655188038060717,
    "222":0.0,
    "223":0.022655188038060717,
    "224":0.022655188038060717,
    "225":0.022655188038060717,
    "226":0.022655188038060717,
    "227":0.045310376076121435,
    "228":0.0,
    "229":0.0,
    "230":0.022655188038060717,
    "231":0.0,
    "232":0.022655188038060717,
    "233":0.022655188038060717,
    "234":0.0,
    "235":0.0,
    "236":0.0,
    "237":0.022655188038060717,
    "238":0.022655188038060717,
    "239":0.022655188038060717,
    "240":0.0,
    "241":0.09062075215224287,
    "242":0.0,
    "243":0.045310376076121435,
    "244":0.0,
    "245":0.0,
    "246":0.0,
    "247":0.0,
    "248":0.022655188038060717,
    "249":0.0,
    "250":0.0,
    "251":0.022655188038060717,
    "252":0.0,
    "253":0.0,
    "254":0.0,
    "255":0.0,
    "256":0.0,
    "257":0.0,
    "258":0.0,
    "259":0.0,
    "260":0.0,
    "261":0.045310376076121435,
    "262":0.022655188038060717,
    "263":0.022655188038060717,
    "264":0.0,
    "265":0.0,
    "266":0.0,
    "267":0.0,
    "268":0.022655188038060717,
    "269":0.0,
    "270":0.0,
    "271":0.0,
    "272":0.0,
    "273":0.0,
    "274":0.0,
    "275":0.0,
    "276":0.0
}