{
    "0":3.277702601112615,
    "1":4.074575251841829,
    "2":2.119981957600361,
    "3":1.7892046308825742,
    "4":2.285370620959254,
    "5":1.7591339648173208,
    "6":1.3381446399037737,
    "7":0.8870846489249736,
    "8":1.1877913095775072,
    "9":1.3531799729364005,
    "10":0.9021199819576003,
    "11":1.383250639001654,
    "12":1.5486393023605474,
    "13":1.653886633588934,
    "14":1.0224026462186138,
    "15":0.9472259810554804,
    "16":0.9772966471207338,
    "17":1.3982859720342804,
    "18":1.4283566380995338,
    "19":1.9094872951435873,
    "20":1.608780634491054,
    "21":1.653886633588934,
    "22":1.5636746353931739,
    "23":1.383250639001654,
    "24":1.4584273041647873,
    "25":1.608780634491054,
    "26":1.8192752969478274,
    "27":1.8192752969478274,
    "28":1.6839572996541874,
    "29":1.6839572996541874,
    "30":1.7290632987520673,
    "31":1.5937453014584273,
    "32":2.074875958502481,
    "33":2.0899112915351075,
    "34":2.119981957600361,
    "35":1.8944519621109608,
    "36":1.834310629980454,
    "37":1.6388513005563075,
    "38":1.5035333032626672,
    "39":1.0524733122838672,
    "40":1.2629679747406406,
    "41":1.3381446399037737,
    "42":1.383250639001654,
    "43":1.2629679747406406,
    "44":1.1126146444143736,
    "45":0.8419786498270937,
    "46":0.826943316794467,
    "47":0.917155314990227,
    "48":0.9772966471207338,
    "49":1.1577206435122538,
    "50":0.826943316794467,
    "51":0.7968726507292136,
    "52":1.1126146444143736,
    "53":0.7968726507292136,
    "54":0.9021199819576003,
    "55":0.7216959855660803,
    "56":0.9772966471207338,
    "57":1.007367313185987,
    "58":0.7968726507292136,
    "59":0.7668019846639603,
    "60":0.7668019846639603,
    "61":0.6615546534355736,
    "62":0.5112013231093069,
    "63":0.31574199368516015,
    "64":0.3758833258156668,
    "65":0.2255299954894001,
    "66":0.2706359945872801,
    "67":0.21049466245677342,
    "68":0.2706359945872801,
    "69":0.2255299954894001,
    "70":0.2255299954894001,
    "71":0.1653886633588934,
    "72":0.25560066155465344,
    "73":0.1653886633588934,
    "74":0.3458126597504135,
    "75":0.25560066155465344,
    "76":0.1653886633588934,
    "77":0.15035333032626672,
    "78":0.18042399639152007,
    "79":0.24056532852202678,
    "80":0.13531799729364005,
    "81":0.10524733122838671,
    "82":0.2255299954894001,
    "83":0.15035333032626672,
    "84":0.15035333032626672,
    "85":0.12028266426101339,
    "86":0.15035333032626672,
    "87":0.13531799729364005,
    "88":0.1653886633588934,
    "89":0.15035333032626672,
    "90":0.1653886633588934,
    "91":0.1653886633588934,
    "92":0.18042399639152007,
    "93":0.04510599909788002,
    "94":0.15035333032626672,
    "95":0.18042399639152007,
    "96":0.1653886633588934,
    "97":0.060141332130506694,
    "98":0.12028266426101339,
    "99":0.15035333032626672,
    "100":0.060141332130506694,
    "101":0.09021199819576003,
    "102":0.13531799729364005,
    "103":0.0,
    "104":0.10524733122838671,
    "105":0.09021199819576003,
    "106":0.12028266426101339,
    "107":0.04510599909788002,
    "108":0.10524733122838671,
    "109":0.07517666516313336,
    "110":0.030070666065253347,
    "111":0.015035333032626674,
    "112":0.04510599909788002,
    "113":0.07517666516313336,
    "114":0.060141332130506694,
    "115":0.04510599909788002,
    "116":0.07517666516313336,
    "117":0.060141332130506694,
    "118":0.060141332130506694,
    "119":0.09021199819576003,
    "120":0.0,
    "121":0.09021199819576003,
    "122":0.015035333032626674,
    "123":0.04510599909788002,
    "124":0.07517666516313336,
    "125":0.0,
    "126":0.04510599909788002,
    "127":0.04510599909788002,
    "128":0.015035333032626674,
    "129":0.09021199819576003,
    "130":0.04510599909788002,
    "131":0.030070666065253347,
    "132":0.015035333032626674,
    "133":0.015035333032626674,
    "134":0.030070666065253347,
    "135":0.09021199819576003,
    "136":0.015035333032626674,
    "137":0.060141332130506694,
    "138":0.015035333032626674,
    "139":0.0,
    "140":0.015035333032626674,
    "141":0.0,
    "142":0.07517666516313336,
    "143":0.015035333032626674,
    "144":0.030070666065253347,
    "145":0.015035333032626674,
    "146":0.015035333032626674,
    "147":0.04510599909788002,
    "148":0.015035333032626674,
    "149":0.015035333032626674,
    "150":0.015035333032626674,
    "151":0.04510599909788002,
    "152":0.015035333032626674,
    "153":0.0,
    "154":0.015035333032626674,
    "155":0.04510599909788002,
    "156":0.015035333032626674,
    "157":0.04510599909788002,
    "158":0.07517666516313336,
    "159":0.015035333032626674,
    "160":0.04510599909788002,
    "161":0.04510599909788002,
    "162":0.060141332130506694,
    "163":0.015035333032626674,
    "164":0.030070666065253347,
    "165":0.030070666065253347,
    "166":0.030070666065253347,
    "167":0.015035333032626674,
    "168":0.015035333032626674,
    "169":0.030070666065253347,
    "170":0.0,
    "171":0.015035333032626674,
    "172":0.015035333032626674,
    "173":0.0,
    "174":0.030070666065253347,
    "175":0.030070666065253347,
    "176":0.015035333032626674,
    "177":0.015035333032626674,
    "178":0.07517666516313336,
    "179":0.015035333032626674,
    "180":0.0,
    "181":0.0,
    "182":0.015035333032626674,
    "183":0.015035333032626674,
    "184":0.0,
    "185":0.0,
    "186":0.0,
    "187":0.015035333032626674,
    "188":0.060141332130506694,
    "189":0.015035333032626674,
    "190":0.0,
    "191":0.0,
    "192":0.0,
    "193":0.0,
    "194":0.015035333032626674,
    "195":0.015035333032626674,
    "196":0.0,
    "197":0.015035333032626674,
    "198":0.0,
    "199":0.0,
    "200":0.0,
    "201":0.015035333032626674,
    "202":0.015035333032626674,
    "203":0.060141332130506694,
    "204":0.0,
    "205":0.0,
    "206":0.0,
    "207":0.0,
    "208":0.0,
    "209":0.015035333032626674,
    "210":0.015035333032626674,
    "211":0.0,
    "212":0.0,
    "213":0.0,
    "214":0.015035333032626674,
    "215":0.0,
    "216":0.0,
    "217":0.0,
    "218":0.0,
    "219":0.015035333032626674,
    "220":0.0,
    "221":0.015035333032626674,
    "222":0.0,
    "223":0.0,
    "224":0.015035333032626674,
    "225":0.0,
    "226":0.060141332130506694,
    "227":0.030070666065253347,
    "228":0.0,
    "229":0.0,
    "230":0.0,
    "231":0.0,
    "232":0.0,
    "233":0.0,
    "234":0.0,
    "235":0.015035333032626674,
    "236":0.015035333032626674,
    "237":0.0,
    "238":0.0,
    "239":0.015035333032626674,
    "240":0.0,
    "241":0.0,
    "242":0.0,
    "243":0.0,
    "244":0.0,
    "245":0.0,
    "246":0.0,
    "247":0.015035333032626674,
    "248":0.0,
    "249":0.015035333032626674,
    "250":0.015035333032626674,
    "251":0.015035333032626674,
    "252":0.0,
    "253":0.0,
    "254":0.0,
    "255":0.0,
    "256":0.0,
    "257":0.0,
    "258":0.0,
    "259":0.0,
    "260":0.0,
    "261":0.0,
    "262":0.015035333032626674,
    "263":0.015035333032626674,
    "264":0.0,
    "265":0.0,
    "266":0.015035333032626674,
    "267":0.015035333032626674,
    "268":0.015035333032626674,
    "269":0.015035333032626674,
    "270":0.015035333032626674,
    "271":0.0,
    "272":0.0,
    "273":0.0,
    "274":0.0,
    "275":0.0,
    "276":0.015035333032626674,
    "277":0.015035333032626674,
    "278":0.0,
    "279":0.0,
    "280":0.0,
    "281":0.0,
    "282":0.0,
    "283":0.0,
    "284":0.0,
    "285":0.015035333032626674,
    "286":0.0,
    "287":0.0,
    "288":0.0,
    "289":0.0,
    "290":0.0,
    "291":0.0,
    "292":0.015035333032626674,
    "293":0.015035333032626674,
    "294":0.0,
    "295":0.0,
    "296":0.0,
    "297":0.0,
    "298":0.0,
    "299":0.015035333032626674,
    "300":0.0,
    "301":0.0,
    "302":0.0,
    "303":0.0,
    "304":0.0,
    "305":0.0,
    "306":0.0,
    "307":0.0,
    "308":0.0,
    "309":0.0,
    "310":0.0,
    "311":0.015035333032626674,
    "312":0.015035333032626674,
    "313":0.0,