{
    "0":2.2331786542923435,
    "1":1.8851508120649654,
    "2":3.1612529002320184,
    "3":3.451276102088167,
    "4":2.2331786542923435,
    "5":0.029002320185614848,
    "6":0.11600928074245939,
    "7":0.20301624129930393,
    "8":0.14501160092807425,
    "9":0.08700696055684454,
    "10":0.029002320185614848,
    "11":0.08700696055684454,
    "12":0.17401392111368907,
    "13":0.34802784222737815,
    "14":0.5220417633410672,
    "15":0.6960556844547563,
    "16":0.580046403712297,
    "17":0.8990719257540603,
    "18":0.7830626450116009,
    "19":0.8120649651972157,
    "20":0.9860788863109048,
    "21":1.334106728538283,
    "22":1.160092807424594,
    "23":0.95707656612529,
    "24":1.131090487238979,
    "25":1.0730858468677493,
    "26":0.8700696055684455,
    "27":1.0440835266821344,
    "28":1.1890951276102089,
    "29":1.1020881670533642,
    "30":1.4501160092807424,
    "31":1.4791183294663572,
    "32":1.3921113689095126,
    "33":0.9860788863109048,
    "34":1.5661252900232019,
    "35":1.537122969837587,
    "36":1.5661252900232019,
    "37":1.6241299303944314,
    "38":1.3921113689095126,
    "39":1.6531322505800465,
    "40":1.740139211136891,
    "41":1.4211136890951275,
    "42":1.537122969837587,
    "43":1.363109048723898,
    "44":1.1890951276102089,
    "45":1.1890951276102089,
    "46":1.8851508120649654,
    "47":1.4791183294663572,
    "48":1.5951276102088168,
    "49":1.3921113689095126,
    "50":1.4791183294663572,
    "51":1.3051044083526682,
    "52":1.2470997679814384,
    "53":1.4791183294663572,
    "54":1.3921113689095126,
    "55":1.3921113689095126,
    "56":1.2180974477958235,
    "57":1.160092807424594,
    "58":0.6960556844547563,
    "59":0.8120649651972157,
    "60":0.7830626450116009,
    "61":0.6670533642691415,
    "62":0.7830626450116009,
    "63":0.5220417633410672,
    "64":0.7830626450116009,
    "65":0.8120649651972157,
    "66":0.8990719257540603,
    "67":0.5510440835266821,
    "68":0.6670533642691415,
    "69":0.7250580046403712,
    "70":0.4930394431554524,
    "71":0.43503480278422274,
    "72":0.34802784222737815,
    "73":0.7830626450116009,
    "74":0.34802784222737815,
    "75":0.5510440835266821,
    "76":0.2900232018561485,
    "77":0.4930394431554524,
    "78":0.37703016241299303,
    "79":0.37703016241299303,
    "80":0.2900232018561485,
    "81":0.20301624129930393,
    "82":0.17401392111368907,
    "83":0.40603248259860786,
    "84":0.43503480278422274,
    "85":0.2900232018561485,
    "86":0.11600928074245939,
    "87":0.34802784222737815,
    "88":0.43503480278422274,
    "89":0.4930394431554524,
    "90":0.2900232018561485,
    "91":0.23201856148491878,
    "92":0.4930394431554524,
    "93":0.580046403712297,
    "94":0.3190255220417633,
    "95":0.2610208816705336,
    "96":0.2900232018561485,
    "97":0.2900232018561485,
    "98":0.37703016241299303,
    "99":0.37703016241299303,
    "100":0.23201856148491878,
    "101":0.17401392111368907,
    "102":0.23201856148491878,
    "103":0.17401392111368907,
    "104":0.20301624129930393,
    "105":0.2900232018561485,
    "106":0.2900232018561485,
    "107":0.20301624129930393,
    "108":0.14501160092807425,
    "109":0.14501160092807425,
    "110":0.17401392111368907,
    "111":0.2900232018561485,
    "112":0.23201856148491878,
    "113":0.2610208816705336,
    "114":0.11600928074245939,
    "115":0.17401392111368907,
    "116":0.20301624129930393,
    "117":0.23201856148491878,
    "118":0.2610208816705336,
    "119":0.2900232018561485,
    "120":0.3190255220417633,
    "121":0.08700696055684454,
    "122":0.0,
    "123":0.14501160092807425,
    "124":0.17401392111368907,
    "125":0.14501160092807425,
    "126":0.14501160092807425,
    "127":0.17401392111368907,
    "128":0.08700696055684454,
    "129":0.14501160092807425,
    "130":0.058004640371229696,
    "131":0.029002320185614848,
    "132":0.11600928074245939,
    "133":0.14501160092807425,
    "134":0.11600928074245939,
    "135":0.2610208816705336,
    "136":0.20301624129930393,
    "137":0.11600928074245939,
    "138":0.11600928074245939,
    "139":0.058004640371229696,
    "140":0.17401392111368907,
    "141":0.20301624129930393,
    "142":0.11600928074245939,
    "143":0.11600928074245939,
    "144":0.11600928074245939,
    "145":0.23201856148491878,
    "146":0.20301624129930393,
    "147":0.23201856148491878,
    "148":0.17401392111368907,
    "149":0.14501160092807425,
    "150":0.11600928074245939,
    "151":0.14501160092807425,
    "152":0.08700696055684454,
    "153":0.14501160092807425,
    "154":0.08700696055684454,
    "155":0.11600928074245939,
    "156":0.08700696055684454,
    "157":0.08700696055684454,
    "158":0.058004640371229696,
    "159":0.029002320185614848,
    "160":0.14501160092807425,
    "161":0.029002320185614848,
    "162":0.14501160092807425,
    "163":0.058004640371229696,
    "164":0.0,
    "165":0.08700696055684454,
    "166":0.029002320185614848,
    "167":0.17401392111368907,
    "168":0.058004640371229696,
    "169":0.029002320185614848,
    "170":0.14501160092807425,
    "171":0.0,
    "172":0.0,
    "173":0.0,
    "174":0.0,
    "175":0.0,
    "176":0.0,
    "177":0.0,
    "178":0.0,
    "179":0.029002320185614848,
    "180":0.0,
    "181":0.029002320185614848,
    "182":0.0,
    "183":0.0,
    "184":0.0,
    "185":0.0,
    "186":0.0,
    "187":0.0,
    "188":0.0,
    "189":0.0,
    "190":0.0,
    "191":0.0,
    "192":0.0,
    "193":0.0,
    "194":0.0,
    "195":0.0,
    "196":0.0,
    "197":0.0,
    "198":0.0,
    "199":0.0,
    "200":0.0,
    "201":0.0,
    "202":0.0,
    "203":0.0,
    "204":0.0,
    "205":0.0,
    "206":0.0,
    "207":0.029002320185614848,
    "208":0.0,
    "209":0.0,
    "210":0.029002320185614848,
    "211":0.0,
    "212":0.0,
    "213":0.029002320185614848,
    "214":0.0,
    "215":0.0,
    "216":0.0,
    "217":0.0,
    "218":0.0,
    "219":0.0,
    "220":0.0,
    "221":0.0,
    "222":0.0
}