{
    "0":[
        [
            -23.564699132468064,
            -46.64747848124515,
            "300000000001",
            "0"
        ]
    ],
    "1":[
        [
            -23.564457719361815,
            -46.65245331374956,
            "300000000002",
            "3"
        ]
    ],
    "10":[
        [
            -23.561415527836974,
            -46.645808888311464,
            "300000000011",
            "3"
        ]
    ],
    "11":[
        [
            -23.562716897271134,
            -46.65300092416059,
            "300000000012",
            "0"
        ]
    ],
    "2":[
        [
            -23.563948628068168,
            -46.648876950936206,
            "300000000003",
            "1"
        ]
    ],
    "3":[
        [
            -23.56329276445999,
            -46.64759339096084,
            "300000000004",
            "4"
        ]
    ],
    "4":[
        [
            -23.563547456765118,
            -46.64877521863731,
            "300000000005",
            "3"
        ]
    ],
    "5":[
        [
            -23.5625995376126,
            -46.64621046924563,
            "300000000006",
            "0"
        ]
    ],
    "6":[
        [
            -23.564245124321214,
            -46.64960801694795,
            "300000000007",
            "3"
        ]
    ],
    "7":[
        [
            -23.561718784879364,
            -46.64779051036195,
            "300000000008",
            "4"
        ]
    ],
    "8":[
        [
            -23.56392696068649,
            -46.64656339694734,
            "300000000009",
            "1"
        ]
    ],
    "9":[
        [
            -23.563225179865448,
            -46.648494193959046,
            "300000000010",
            "0"
        ]
    ],
    "total_length":2869.5230323483406,
    "total_time":0.2554895877838135
}