{
    "0":2.938388625592417,
    "1":0.5958023019634394,
    "2":0.46039268788083954,
    "3":2.247799593771158,
    "4":2.098849018280298,
    "5":1.7467840216655384,
    "6":1.0968178740690588,
    "7":1.6655382532159786,
    "8":1.7061611374407581,
    "9":1.7738659444820584,
    "10":1.0155721056194988,
    "11":1.2728503723764388,
    "12":1.3540961408259988,
    "13":0.9884901828029791,
    "14":0.961408259986459,
    "15":0.8666215301286392,
    "16":0.8937034529451592,
    "17":0.961408259986459,
    "18":1.4624238320920786,
    "19":1.9905213270142181,
    "20":1.6113744075829384,
    "21":2.017603249830738,
    "22":2.0582261340555177,
    "23":2.017603249830738,
    "24":2.1936357481381177,
    "25":1.949898442789438,
    "26":2.0717670954637777,
    "27":2.0717670954637777,
    "28":2.085308056872038,
    "29":2.085308056872038,
    "30":1.949898442789438,
    "31":2.004062288422478,
    "32":2.3832092078537577,
    "33":2.2071767095463777,
    "34":1.7332430602572784,
    "35":1.7603249830737984,
    "36":1.5030467163168586,
    "37":1.7738659444820584,
    "38":1.4895057549085984,
    "39":1.3676371022342586,
    "40":1.5436696005416384,
    "41":1.0832769126607988,
    "42":1.3540961408259988,
    "43":1.1103588354773188,
    "44":1.1645226811103588,
    "45":1.056194989844279,
    "46":0.9072444143534191,
    "47":0.9072444143534191,
    "48":0.9884901828029791,
    "49":0.9072444143534191,
    "50":1.056194989844279,
    "51":0.8124576844955992,
    "52":0.7582938388625593,
    "53":0.7853757616790792,
    "54":0.7447528774542992,
    "55":0.7176709546377793,
    "56":0.6093432633716994,
    "57":0.41976980365605954,
    "58":0.47393364928909953,
    "59":0.5687203791469194,
    "60":0.5010155721056195,
    "61":0.4333107650643196,
    "62":0.6364251861882194,
    "63":0.6093432633716994,
    "64":0.47393364928909953,
    "65":0.41976980365605954,
    "66":0.18957345971563982,
    "67":0.2708192281651997,
    "68":0.3385240352064997,
    "69":0.3926878808395396,
    "70":0.3926878808395396,
    "71":0.4468517264725796,
    "72":0.47393364928909953,
    "73":0.2708192281651997,
    "74":0.2979011509817197,
    "75":0.4468517264725796,
    "76":0.35206499661475965,
    "77":0.24373730534867974,
    "78":0.18957345971563982,
    "79":0.24373730534867974,
    "80":0.2708192281651997,
    "81":0.2031144211238998,
    "82":0.2843601895734597,
    "83":0.13540961408259986,
    "84":0.13540961408259986,
    "85":0.17603249830737983,
    "86":0.2843601895734597,
    "87":0.2166553825321598,
    "88":0.16249153689911983,
    "89":0.18957345971563982,
    "90":0.18957345971563982,
    "91":0.24373730534867974,
    "92":0.18957345971563982,
    "93":0.14895057549085985,
    "94":0.2031144211238998,
    "95":0.16249153689911983,
    "96":0.1083276912660799,
    "97":0.16249153689911983,
    "98":0.14895057549085985,
    "99":0.17603249830737983,
    "100":0.08124576844955991,
    "101":0.17603249830737983,
    "102":0.12186865267433987,
    "103":0.18957345971563982,
    "104":0.16249153689911983,
    "105":0.09478672985781991,
    "106":0.12186865267433987,
    "107":0.09478672985781991,
    "108":0.1083276912660799,
    "109":0.09478672985781991,
    "110":0.09478672985781991,
    "111":0.2031144211238998,
    "112":0.08124576844955991,
    "113":0.12186865267433987,
    "114":0.17603249830737983,
    "115":0.08124576844955991,
    "116":0.08124576844955991,
    "117":0.06770480704129993,
    "118":0.05416384563303995,
    "119":0.013540961408259987,
    "120":0.040622884224779957,
    "121":0.027081922816519974,
    "122":0.06770480704129993,
    "123":0.05416384563303995,
    "124":0.05416384563303995,
    "125":0.013540961408259987,
    "126":0.05416384563303995,
    "127":0.05416384563303995,
    "128":0.013540961408259987,
    "129":0.027081922816519974,
    "130":0.040622884224779957,
    "131":0.013540961408259987,
    "132":0.027081922816519974,
    "133":0.013540961408259987,
    "134":0.0,
    "135":0.040622884224779957,
    "136":0.027081922816519974,
    "137":0.040622884224779957,
    "138":0.027081922816519974,
    "139":0.027081922816519974,
    "140":0.12186865267433987,
    "141":0.013540961408259987,
    "142":0.027081922816519974,
    "143":0.040622884224779957,
    "144":0.013540961408259987,
    "145":0.027081922816519974,
    "146":0.013540961408259987,
    "147":0.0,
    "148":0.05416384563303995,
    "149":0.040622884224779957,
    "150":0.05416384563303995,
    "151":0.027081922816519974,
    "152":0.040622884224779957,
    "153":0.013540961408259987,
    "154":0.027081922816519974,
    "155":0.040622884224779957,
    "156":0.027081922816519974,
    "157":0.040622884224779957,
    "158":0.013540961408259987,
    "159":0.05416384563303995,
    "160":0.027081922816519974,
    "161":0.0,
    "162":0.0,
    "163":0.0,
    "164":0.027081922816519974,
    "165":0.0,
    "166":0.013540961408259987,
    "167":0.027081922816519974,
    "168":0.0,
    "169":0.013540961408259987,
    "170":0.040622884224779957,
    "171":0.05416384563303995,
    "172":0.027081922816519974,
    "173":0.013540961408259987,
    "174":0.027081922816519974,
    "175":0.013540961408259987,
    "176":0.013540961408259987,
    "177":0.027081922816519974,
    "178":0.013540961408259987,
    "179":0.013540961408259987,
    "180":0.013540961408259987,
    "181":0.013540961408259987,
    "182":0.040622884224779957,
    "183":0.013540961408259987,
    "184":0.013540961408259987,
    "185":0.013540961408259987,
    "186":0.013540961408259987,
    "187":0.040622884224779957,
    "188":0.0,
    "189":0.0,
    "190":0.0,
    "191":0.0,
    "192":0.013540961408259987,
    "193":0.013540961408259987,
    "194":0.0,
    "195":0.0,
    "196":0.0,
    "197":0.013540961408259987,
    "198":0.013540961408259987,
    "199":0.0,
    "200":0.013540961408259987,
    "201":0.0,
    "202":0.0,
    "203":0.0,
    "204":0.013540961408259987,
    "205":0.0,
    "206":0.0,
    "207":0.0,
    "208":0.0,
    "209":0.0,
    "210":0.0,
    "211":0.0,
    "212":0.0,
    "213":0.0,
    "214":0.0,
    "215":0.0,
    "216":0.0,
    "217":0.0,
    "218":0.0,
    "219":0.0,
    "220":0.0,
    "221":0.0,
    "222":0.0,
    "223":0.0,
    "224":0.0,
    "225":0.0,
    "226":0.0,
    "227":0.0,
    "228":0.0,
    "229":0.0,
    "230":0.0,
    "231":0.0,
    "232":0.0,
    "233":0.0,
    "234":0.0,
    "235":0.0,
    "236":0.0,
    "237":0.0,
    "238":0.0,
    "239":0.0,
    "240":0.0,
    "241":0.0,
    "242":0.0,
    "243":0.0,
    "244":0.0,
    "245":0.0,
    "246":0.0,
    "247":0.0,
    "248":0.0,
    "249":0.0,
    "250":0.0,
    "251":0.0,
    "252":0.0,
    "253":0.0,
    "254":0.0,
    "255":0.0,
    "256":0.0,
    "257":0.0,
    "258":0.0,
    "259":0.0,
    "260":0.0,
    "261":0.0,
    "262":0.0,
    "263":0.0,
    "264":0.0,
    "265":0.0,
    "266":0.0,
    "267":0.0,
    "268":0.0,
    "269":0.0,
    "270":0.0,
    "271":0.0,
    "272":0.0,
    "273":0.013540961408259987,
    "274":0.0,
    "275":0.0,
    "276":0.0,
    "277":0.0,
    "278":0.0,
    "279":0.0,
    "280":0.0,
    "281":0.0
}