{
    "0":1.5742642026009581,
    "1":9.514031485284052,
    "2":2.509696554871093,
    "3":1.8252338580880676,
    "4":0.7757243896874287,
    "5":1.163586584531143,
    "6":0.6388318503308237,
    "7":1.186402007757244,
    "8":1.5058179329226558,
    "9":1.3689253935660506,
    "10":1.756787588409765,
    "11":2.121834360027379,
    "12":2.509696554871093,
    "13":1.8936801277663702,
    "14":1.1179557380789413,
    "15":1.2320328542094456,
    "16":1.6198950490531598,
    "17":1.3689253935660506,
    "18":1.460187086470454,
    "19":1.6198950490531598,
    "20":2.3043577458361852,
    "21":1.9621263974446725,
    "22":1.9393109742185717,
    "23":1.3461099703399497,
    "24":1.003878621948437,
    "25":1.2776637006616474,
    "26":1.2092174309833448,
    "27":1.460187086470454,
    "28":1.0723248916267396,
    "29":1.1407711613050422,
    "30":1.5286333561487566,
    "31":0.9582477754962354,
    "32":1.186402007757244,
    "33":1.186402007757244,
    "34":1.2320328542094456,
    "35":1.4373716632443532,
    "36":1.0723248916267396,
    "37":1.3232945471138489,
    "38":1.5742642026009581,
    "39":1.2548482774355465,
    "40":1.1179557380789413,
    "41":0.9582477754962354,
    "42":0.9810631987223363,
    "43":0.9126169290440338,
    "44":0.4563084645220169,
    "45":0.593201003878622,
    "46":0.5703855806525211,
    "47":0.6616472735569244,
    "48":0.8213552361396305,
    "49":0.4563084645220169,
    "50":0.6616472735569244,
    "51":0.6160164271047228,
    "52":0.6616472735569244,
    "53":0.3650467716176135,
    "54":0.5475701574264202,
    "55":0.41067761806981523,
    "56":0.296600501939311,
    "57":0.5019393109742185,
    "58":0.3650467716176135,
    "59":0.22815423226100845,
    "60":0.41067761806981523,
    "61":0.41067761806981523,
    "62":0.20533880903490762,
    "63":0.25096965548710926,
    "64":0.2737850787132101,
    "65":0.25096965548710926,
    "66":0.2737850787132101,
    "67":0.31941592516541184,
    "68":0.25096965548710926,
    "69":0.38786219484371437,
    "70":0.38786219484371437,
    "71":0.34223134839151265,
    "72":0.296600501939311,
    "73":0.20533880903490762,
    "74":0.22815423226100845,
    "75":0.18252338580880675,
    "76":0.25096965548710926,
    "77":0.15970796258270592,
    "78":0.34223134839151265,
    "79":0.20533880903490762,
    "80":0.25096965548710926,
    "81":0.20533880903490762,
    "82":0.18252338580880675,
    "83":0.18252338580880675,
    "84":0.25096965548710926,
    "85":0.11407711613050422,
    "86":0.20533880903490762,
    "87":0.22815423226100845,
    "88":0.15970796258270592,
    "89":0.2737850787132101,
    "90":0.11407711613050422,
    "91":0.13689253935660506,
    "92":0.22815423226100845,
    "93":0.13689253935660506,
    "94":0.296600501939311,
    "95":0.20533880903490762,
    "96":0.18252338580880675,
    "97":0.15970796258270592,
    "98":0.38786219484371437,
    "99":0.25096965548710926,
    "100":0.18252338580880675,
    "101":0.20533880903490762,
    "102":0.296600501939311,
    "103":0.20533880903490762,
    "104":0.31941592516541184,
    "105":0.2737850787132101,
    "106":0.20533880903490762,
    "107":0.18252338580880675,
    "108":0.2737850787132101,
    "109":0.38786219484371437,
    "110":0.11407711613050422,
    "111":0.2737850787132101,
    "112":0.15970796258270592,
    "113":0.22815423226100845,
    "114":0.22815423226100845,
    "115":0.2737850787132101,
    "116":0.15970796258270592,
    "117":0.38786219484371437,
    "118":0.11407711613050422,
    "119":0.06844626967830253,
    "120":0.2737850787132101,
    "121":0.15970796258270592,
    "122":0.22815423226100845,
    "123":0.13689253935660506,
    "124":0.22815423226100845,
    "125":0.25096965548710926,
    "126":0.11407711613050422,
    "127":0.11407711613050422,
    "128":0.11407711613050422,
    "129":0.13689253935660506,
    "130":0.34223134839151265,
    "131":0.22815423226100845,
    "132":0.3650467716176135,
    "133":0.11407711613050422,
    "134":0.09126169290440338,
    "135":0.18252338580880675,
    "136":0.15970796258270592,
    "137":0.22815423226100845,
    "138":0.04563084645220169,
    "139":0.2737850787132101,
    "140":0.13689253935660506,
    "141":0.022815423226100844,
    "142":0.04563084645220169,
    "143":0.11407711613050422,
    "144":0.09126169290440338,
    "145":0.09126169290440338,
    "146":0.09126169290440338,
    "147":0.06844626967830253,
    "148":0.13689253935660506,
    "149":0.06844626967830253,
    "150":0.04563084645220169,
    "151":0.15970796258270592,
    "152":0.13689253935660506,
    "153":0.022815423226100844,
    "154":0.13689253935660506,
    "155":0.09126169290440338,
    "156":0.09126169290440338,
    "157":0.13689253935660506,
    "158":0.022815423226100844,
    "159":0.04563084645220169,
    "160":0.022815423226100844,
    "161":0.022815423226100844,
    "162":0.06844626967830253,
    "163":0.09126169290440338,
    "164":0.06844626967830253,
    "165":0.09126169290440338,
    "166":0.13689253935660506,
    "167":0.022815423226100844,
    "168":0.04563084645220169,
    "169":0.022815423226100844,
    "170":0.0,
    "171":0.0,
    "172":0.06844626967830253,
    "173":0.022815423226100844,
    "174":0.0,
    "175":0.0,
    "176":0.04563084645220169,
    "177":0.09126169290440338,
    "178":0.06844626967830253,
    "179":0.022815423226100844,
    "180":0.0,
    "181":0.022815423226100844,
    "182":0.022815423226100844,
    "183":0.0,
    "184":0.0,
    "185":0.04563084645220169,
    "186":0.0,
    "187":0.022815423226100844,
    "188":0.04563084645220169,
    "189":0.0,
    "190":0.04563084645220169,
    "191":0.0,
    "192":0.022815423226100844,
    "193":0.0,
    "194":0.06844626967830253,
    "195":0.022815423226100844,
    "196":0.0,
    "197":0.04563084645220169,
    "198":0.022815423226100844,
    "199":0.04563084645220169,
    "200":0.0,
    "201":0.022815423226100844,
    "202":0.0,
    "203":0.022815423226100844,
    "204":0.022815423226100844,
    "205":0.0,
    "206":0.0,
    "207":0.022815423226100844,
    "208":0.06844626967830253,
    "209":0.09126169290440338,
    "210":0.06844626967830253,
    "211":0.0,
    "212":0.022815423226100844,
    "213":0.0,
    "214":0.0,
    "215":0.0,
    "216":0.0,
    "217":0.0,
    "218":0.0,
    "219":0.0,
    "220":0.0,
    "221":0.0,
    "222":0.0,
    "223":0.0,
    "224":0.0,
    "225":0.0,
    "226":0.0,
    "227":0.0,
    "228":0.0,
    "229":0.0,
    "230":0.0,
    "231":0.0,
    "232":0.0,
    "233":0.0,
    "234":0.0,
    "235":0.0,
    "236":0.0,
    "237":0.0,
    "238":0.0,
    "239":0.0,
    "240":0.0,
    "241":0.0,
    "242":0.0,
    "243":0.0,
    "244":0.0,
    "245":0.0,
    "246":0.0,
    "247":0.0,
    "248":0.0,
    "249":0.0,
    "250":0.0,
    "251":0.0,
    "252":0.0,
    "253":0.0,
    "254":0.0,
    "255":0.0,
    "256":0.0,
    "257":0.0,
    "258":0.0,
    "259":0.0,
    "260":0.0,
    "261":0.0,
    "262":0.0,
    "263":0.0,
    "264":0.0,
    "265":0.0,
    "266":0.0,
    "267":0.0,
    "268":0.0,
    "269":0.0,
    "270":0.0,
    "271":0.0,
    "272":0.0,
    "273":0.0,
    "274":0.0,
    "275":0.0,
    "276":0.0,
    "277":0.0,
    "278":0.0,
    "279":0.0,
    "280":0.0,
    "281":0.0,
    "282":0.0,
    "283":0.0,
    "284":0.0,
    "285":0.0,
    "286":0.0,
    "287":0.0,
    "288":0.0,
    "289":0.0,
    "290":0.0,
    "291":0.0,
    "292":0.0,
    "293":0.0,
    "294":0.0,
    "295":0.0,
    "296":0.0,
    "297":0.0,
    "298":0.0,
    "299":0.0,
    "300":0.0,
    "301":0.0,
    "302":0.0,
    "303":0.0,
    "304":0.0,
    "305":0.0,
    "306":0.0,
    "307":0.0,
    "308":0.0,
    "309":0.0,
    "310":0.0,
    "311":0.0,
    "312":0.0,
    "313":0.0,
    "314":0.0,
    "315":0.0,
    "316":0.0,
    "317":0.0,
    "318":0.0,
    "319":0.0,
    "320":0.0,
    "321":0.0,
    "322":0.0,
    "323":0.0,
    "324":0.0,
    "325":0.0,
    "326":0.0,
    "327":0.0,
    "328":0.0,
    "329":0.0,
    "330":0.0,
    "331":0.0,
    "332":0.0,
    "333":0.0,
    "334":0.0,
    "335":0.0,