{
    "0":3.86302294197031,
    "1":0.11808367071524967,
    "2":0.05060728744939271,
    "3":1.0796221322537112,
    "4":1.6869095816464237,
    "5":2.1255060728744937,
    "6":1.6194331983805668,
    "7":2.1761133603238867,
    "8":2.66531713900135,
    "9":1.5519568151147098,
    "10":1.484480431848853,
    "11":1.7543859649122806,
    "12":1.4338731443994601,
    "13":1.568825910931174,
    "14":1.0964912280701753,
    "15":0.8265856950067476,
    "16":1.0964912280701753,
    "17":1.501349527665317,
    "18":1.4676113360323886,
    "19":1.3832658569500675,
    "20":1.5350877192982455,
    "21":1.5519568151147098,
    "22":2.058029689608637,
    "23":2.0748987854251015,
    "24":2.007422402159244,
    "25":2.209851551956815,
    "26":1.788124156545209,
    "27":2.2435897435897436,
    "28":1.9568151147098516,
    "29":1.6531713900134952,
    "30":1.7543859649122806,
    "31":1.5350877192982455,
    "32":1.5350877192982455,
    "33":1.6700404858299596,
    "34":1.4338731443994601,
    "35":1.197705802968961,
    "36":1.3663967611336032,
    "37":1.1639676113360324,
    "38":1.1639676113360324,
    "39":1.0796221322537112,
    "40":1.0458839406207827,
    "41":0.7759784075573549,
    "42":0.8265856950067476,
    "43":0.7253711201079622,
    "44":0.6916329284750338,
    "45":0.8603238866396761,
    "46":0.7591093117408907,
    "47":0.6072874493927125,
    "48":0.5566801619433198,
    "49":0.5735492577597842,
    "50":0.6072874493927125,
    "51":0.7928475033738192,
    "52":0.5229419703103914,
    "53":0.47233468286099867,
    "54":0.5735492577597842,
    "55":0.6916329284750338,
    "56":0.5398110661268556,
    "57":0.33738191632928477,
    "58":0.6747638326585695,
    "59":0.5398110661268556,
    "60":0.5060728744939271,
    "61":0.6578947368421052,
    "62":0.43859649122807015,
    "63":0.8097165991902834,
    "64":0.5229419703103914,
    "65":0.47233468286099867,
    "66":0.4217273954116059,
    "67":0.2699055330634278,
    "68":0.33738191632928477,
    "69":0.33738191632928477,
    "70":0.21929824561403508,
    "71":0.30364372469635625,
    "72":0.21929824561403508,
    "73":0.30364372469635625,
    "74":0.20242914979757085,
    "75":0.25303643724696356,
    "76":0.3205128205128205,
    "77":0.23616734143049933,
    "78":0.25303643724696356,
    "79":0.23616734143049933,
    "80":0.3205128205128205,
    "81":0.2699055330634278,
    "82":0.2699055330634278,
    "83":0.3205128205128205,
    "84":0.3205128205128205,
    "85":0.18556005398110662,
    "86":0.2867746288798921,
    "87":0.25303643724696356,
    "88":0.30364372469635625,
    "89":0.23616734143049933,
    "90":0.16869095816464239,
    "91":0.3205128205128205,
    "92":0.354251012145749,
    "93":0.20242914979757085,
    "94":0.2867746288798921,
    "95":0.23616734143049933,
    "96":0.16869095816464239,
    "97":0.33738191632928477,
    "98":0.2867746288798921,
    "99":0.25303643724696356,
    "100":0.21929824561403508,
    "101":0.16869095816464239,
    "102":0.18556005398110662,
    "103":0.2867746288798921,
    "104":0.43859649122807015,
    "105":0.15182186234817813,
    "106":0.20242914979757085,
    "107":0.2699055330634278,
    "108":0.2699055330634278,
    "109":0.1349527665317139,
    "110":0.10121457489878542,
    "111":0.23616734143049933,
    "112":0.33738191632928477,
    "113":0.16869095816464239,
    "114":0.21929824561403508,
    "115":0.2699055330634278,
    "116":0.20242914979757085,
    "117":0.08434547908232119,
    "118":0.06747638326585695,
    "119":0.15182186234817813,
    "120":0.11808367071524967,
    "121":0.10121457489878542,
    "122":0.11808367071524967,
    "123":0.21929824561403508,
    "124":0.1349527665317139,
    "125":0.1349527665317139,
    "126":0.2699055330634278,
    "127":0.05060728744939271,
    "128":0.08434547908232119,
    "129":0.11808367071524967,
    "130":0.11808367071524967,
    "131":0.10121457489878542,
    "132":0.06747638326585695,
    "133":0.15182186234817813,
    "134":0.05060728744939271,
    "135":0.16869095816464239,
    "136":0.05060728744939271,
    "137":0.05060728744939271,
    "138":0.06747638326585695,
    "139":0.1349527665317139,
    "140":0.06747638326585695,
    "141":0.08434547908232119,
    "142":0.1349527665317139,
    "143":0.05060728744939271,
    "144":0.11808367071524967,
    "145":0.20242914979757085,
    "146":0.08434547908232119,
    "147":0.08434547908232119,
    "148":0.1349527665317139,
    "149":0.10121457489878542,
    "150":0.08434547908232119,
    "151":0.08434547908232119,
    "152":0.08434547908232119,
    "153":0.10121457489878542,
    "154":0.1349527665317139,
    "155":0.0,
    "156":0.05060728744939271,
    "157":0.08434547908232119,
    "158":0.06747638326585695,
    "159":0.08434547908232119,
    "160":0.10121457489878542,
    "161":0.08434547908232119,
    "162":0.10121457489878542,
    "163":0.05060728744939271,
    "164":0.08434547908232119,
    "165":0.10121457489878542,
    "166":0.0,
    "167":0.08434547908232119,
    "168":0.06747638326585695,
    "169":0.06747638326585695,
    "170":0.06747638326585695,
    "171":0.15182186234817813,
    "172":0.10121457489878542,
    "173":0.05060728744939271,
    "174":0.016869095816464237,
    "175":0.0,
    "176":0.016869095816464237,
    "177":0.033738191632928474,
    "178":0.016869095816464237,
    "179":0.016869095816464237,
    "180":0.05060728744939271,
    "181":0.033738191632928474,
    "182":0.05060728744939271,
    "183":0.033738191632928474,
    "184":0.0,
    "185":0.05060728744939271,
    "186":0.033738191632928474,
    "187":0.033738191632928474,
    "188":0.05060728744939271,
    "189":0.033738191632928474,
    "190":0.033738191632928474,
    "191":0.033738191632928474,
    "192":0.06747638326585695,
    "193":0.0,
    "194":0.0,
    "195":0.033738191632928474,
    "196":0.08434547908232119,
    "197":0.0,
    "198":0.016869095816464237,
    "199":0.0,
    "200":0.016869095816464237,
    "201":0.016869095816464237,
    "202":0.0,
    "203":0.016869095816464237,
    "204":0.0,
    "205":0.0,
    "206":0.0,
    "207":0.0,
    "208":0.0,
    "209":0.05060728744939271,
    "210":0.016869095816464237,
    "211":0.016869095816464237,
    "212":0.016869095816464237,
    "213":0.0,
    "214":0.016869095816464237,
    "215":0.0,
    "216":0.0,
    "217":0.016869095816464237,
    "218":0.0,
    "219":0.0,
    "220":0.0,
    "221":0.0,
    "222":0.08434547908232119,
    "223":0.0,
    "224":0.016869095816464237,
    "225":0.0,
    "226":0.0,
    "227":0.0,
    "228":0.0,
    "229":0.016869095816464237,
    "230":0.0,
    "231":0.0,
    "232":0.016869095816464237,
    "233":0.0,
    "234":0.0,
    "235":0.016869095816464237,
    "236":0.06747638326585695,
    "237":0.0,
    "238":0.0,
    "239":0.0,
    "240":0.0,
    "241":0.0,
    "242":0.0,
    "243":0.0,
    "244":0.0,
    "245":0.0,
    "246":0.0,
    "247":0.0,
    "248":0.0,
    "249":0.0,
    "250":0.0,
    "251":0.0,
    "252":0.0,
    "253":0.0,
    "254":0.0,
    "255":0.0,
    "256":0.0,
    "257":0.0,
    "258":0.0,
    "259":0.0,
    "260":0.0,
    "261":0.0,
    "262":0.0,
    "263":0.0,
    "264":0.0,
    "265":0.0,
    "266":0.0,
    "267":0.0,
    "268":0.0,
    "269":0.0,
    "270":0.0,
    "271":0.0,
    "272":0.0,
    "273":0.0,
    "274":0.0,
    "275":0.0,
    "276":0.0,
    "277":0.0,
    "278":0.0,
    "279":0.0,
    "280":0.0,
    "281":0.0,
    "282":0.0,
    "283":0.0,
    "284":0.0,
    "285":0.0,
    "286":0.0,
    "287":0.0,
    "288":0.0,
    "289":0.0,
    "290":0.0,
    "291":0.0,
    "292":0.0,
    "293":0.0,
    "294":0.0,
    "295":0.0,
    "296":0.0,
    "297":0.0,
    "298":0.0,
    "299":0.0,
    "300":0.0,
    "301":0.0,
    "302":0.0,
    "303":0.0,
    "304":0.0,
    "305":0.0,
    "306":0.0,
    "307":0.0,
    "308":0.0,
    "309":0.0,
    "310":0.0,
    "311":0.0,
    "312":0.0,
    "313":0.0,
    "314":0.0,
    "315":0.0,
    "316":0.0,
    "317":0.0,
    "318":0.0,
    "319":0.0,
    "320":0.0,
    "321":0.0,
    "322":0.0,
    "323":0.0,