{
    "0":1.9129121570601562,
    "1":0.07550969041026932,
    "2":1.661213189025925,
    "3":3.64963503649635,
    "4":2.3408004027183487,
    "5":2.0891014346841175,
    "6":0.704757110495847,
    "7":0.8054366977095394,
    "8":0.7802668009061163,
    "9":0.704757110495847,
    "10":0.7299270072992701,
    "11":1.2333249433677322,
    "12":1.5353637050088096,
    "13":1.661213189025925,
    "14":1.5605336018122327,
    "15":1.5857034986156557,
    "16":2.3408004027183487,
    "17":1.5605336018122327,
    "18":2.0891014346841175,
    "19":1.384344324188271,
    "20":1.6360432922225019,
    "21":1.7618927762396173,
    "22":1.5857034986156557,
    "23":1.2333249433677322,
    "24":1.2584948401711553,
    "25":1.2081550465643092,
    "26":1.434684117795117,
    "27":1.1074754593506166,
    "28":1.2333249433677322,
    "29":1.1074754593506166,
    "30":1.0067958721369241,
    "31":1.2333249433677322,
    "32":1.0571356657437703,
    "33":1.1326453561540397,
    "34":1.1829851497608859,
    "35":1.5101938082053865,
    "36":1.1578152529574628,
    "37":0.931286181726655,
    "38":0.931286181726655,
    "39":1.0067958721369241,
    "40":0.7550969041026933,
    "41":1.2081550465643092,
    "42":1.0571356657437703,
    "43":1.0823055625471936,
    "44":0.8557764913163856,
    "45":0.9564560785300781,
    "46":0.7299270072992701,
    "47":1.1578152529574628,
    "48":0.6544173168890007,
    "49":0.7299270072992701,
    "50":0.6795872136924239,
    "51":0.7299270072992701,
    "52":0.7299270072992701,
    "53":0.6040775232821546,
    "54":0.8306065945129625,
    "55":0.6544173168890007,
    "56":0.7802668009061163,
    "57":0.6544173168890007,
    "58":0.9564560785300781,
    "59":0.6544173168890007,
    "60":0.6544173168890007,
    "61":0.8054366977095394,
    "62":0.5285678328718851,
    "63":0.5285678328718851,
    "64":0.7550969041026933,
    "65":0.6795872136924239,
    "66":0.4027183488547697,
    "67":0.6292474200855777,
    "68":0.5285678328718851,
    "69":0.5789076264787314,
    "70":0.45305814246161585,
    "71":0.6292474200855777,
    "72":0.6544173168890007,
    "73":0.6040775232821546,
    "74":0.3020387616410773,
    "75":0.4027183488547697,
    "76":0.37754845205134663,
    "77":0.5537377296753083,
    "78":0.32720865844450037,
    "79":0.4278882456581928,
    "80":0.4278882456581928,
    "81":0.45305814246161585,
    "82":0.3020387616410773,
    "83":0.6040775232821546,
    "84":0.22652907123080793,
    "85":0.32720865844450037,
    "86":0.25169896803423103,
    "87":0.22652907123080793,
    "88":0.4027183488547697,
    "89":0.45305814246161585,
    "90":0.47822803926503904,
    "91":0.37754845205134663,
    "92":0.5537377296753083,
    "93":0.4027183488547697,
    "94":0.3523785552479235,
    "95":0.3020387616410773,
    "96":0.4278882456581928,
    "97":0.27686886483765416,
    "98":0.17618927762396175,
    "99":0.3523785552479235,
    "100":0.3020387616410773,
    "101":0.20135917442738485,
    "102":0.25169896803423103,
    "103":0.20135917442738485,
    "104":0.10067958721369243,
    "105":0.20135917442738485,
    "106":0.17618927762396175,
    "107":0.15101938082053865,
    "108":0.22652907123080793,
    "109":0.22652907123080793,
    "110":0.22652907123080793,
    "111":0.15101938082053865,
    "112":0.07550969041026932,
    "113":0.12584948401711551,
    "114":0.3523785552479235,
    "115":0.07550969041026932,
    "116":0.27686886483765416,
    "117":0.05033979360684621,
    "118":0.27686886483765416,
    "119":0.27686886483765416,
    "120":0.10067958721369243,
    "121":0.15101938082053865,
    "122":0.07550969041026932,
    "123":0.15101938082053865,
    "124":0.15101938082053865,
    "125":0.15101938082053865,
    "126":0.27686886483765416,
    "127":0.22652907123080793,
    "128":0.10067958721369243,
    "129":0.3020387616410773,
    "130":0.12584948401711551,
    "131":0.05033979360684621,
    "132":0.10067958721369243,
    "133":0.12584948401711551,
    "134":0.15101938082053865,
    "135":0.17618927762396175,
    "136":0.10067958721369243,
    "137":0.17618927762396175,
    "138":0.0,
    "139":0.07550969041026932,
    "140":0.025169896803423106,
    "141":0.0,
    "142":0.10067958721369243,
    "143":0.025169896803423106,
    "144":0.05033979360684621,
    "145":0.10067958721369243,
    "146":0.05033979360684621,
    "147":0.025169896803423106,
    "148":0.025169896803423106,
    "149":0.0,
    "150":0.07550969041026932,
    "151":0.025169896803423106,
    "152":0.025169896803423106,
    "153":0.025169896803423106,
    "154":0.025169896803423106,
    "155":0.07550969041026932,
    "156":0.12584948401711551,
    "157":0.05033979360684621,
    "158":0.05033979360684621,
    "159":0.0,
    "160":0.0,
    "161":0.10067958721369243,
    "162":0.12584948401711551,
    "163":0.17618927762396175,
    "164":0.025169896803423106,
    "165":0.0,
    "166":0.0,
    "167":0.05033979360684621,
    "168":0.05033979360684621,
    "169":0.025169896803423106,
    "170":0.025169896803423106,
    "171":0.025169896803423106,
    "172":0.07550969041026932,
    "173":0.0,
    "174":0.07550969041026932,
    "175":0.10067958721369243,
    "176":0.025169896803423106,
    "177":0.0,
    "178":0.025169896803423106,
    "179":0.05033979360684621,
    "180":0.025169896803423106,
    "181":0.0,
    "182":0.025169896803423106,
    "183":0.0,
    "184":0.07550969041026932,
    "185":0.025169896803423106,
    "186":0.07550969041026932,
    "187":0.025169896803423106,
    "188":0.025169896803423106,
    "189":0.05033979360684621,
    "190":0.025169896803423106,
    "191":0.05033979360684621,
    "192":0.0,
    "193":0.05033979360684621,
    "194":0.025169896803423106,
    "195":0.05033979360684621,
    "196":0.025169896803423106,
    "197":0.07550969041026932,
    "198":0.025169896803423106,
    "199":0.05033979360684621,
    "200":0.0,
    "201":0.0,
    "202":0.05033979360684621,
    "203":0.0,
    "204":0.025169896803423106,
    "205":0.025169896803423106,
    "206":0.05033979360684621,
    "207":0.025169896803423106,
    "208":0.07550969041026932,
    "209":0.07550969041026932,
    "210":0.025169896803423106,
    "211":0.025169896803423106,
    "212":0.0,
    "213":0.10067958721369243,
    "214":0.0,
    "215":0.05033979360684621,
    "216":0.05033979360684621,
    "217":0.025169896803423106,
    "218":0.025169896803423106,
    "219":0.0,
    "220":0.0,
    "221":0.12584948401711551,
    "222":0.0,
    "223":0.0,
    "224":0.0,
    "225":0.0,
    "226":0.025169896803423106,
    "227":0.025169896803423106,
    "228":0.0,
    "229":0.0,
    "230":0.05033979360684621,
    "231":0.0,
    "232":0.0,
    "233":0.0,
    "234":0.025169896803423106,
    "235":0.0,
    "236":0.0,
    "237":0.10067958721369243,
    "238":0.0,
    "239":0.0,
    "240":0.0,
    "241":0.0,
    "242":0.0,
    "243":0.0,
    "244":0.0,
    "245":0.0
}