{
    "0":2.23760092272203,
    "1":9.08881199538639,
    "2":5.974625144175317,
    "3":0.32295271049596314,
    "4":0.20761245674740486,
    "5":0.4382929642445213,
    "6":1.061130334486736,
    "7":2.5605536332179932,
    "8":3.944636678200692,
    "9":3.4602076124567476,
    "10":3.160322952710496,
    "11":3.021914648212226,
    "12":2.698961937716263,
    "13":1.4302191464821221,
    "14":0.9457900807381776,
    "15":0.8765859284890426,
    "16":0.461361014994233,
    "17":0.32295271049596314,
    "18":0.20761245674740486,
    "19":0.4382929642445213,
    "20":0.461361014994233,
    "21":0.4844290657439446,
    "22":0.5767012687427913,
    "23":1.0380622837370241,
    "24":0.922722029988466,
    "25":0.7612456747404844,
    "26":0.7381776239907728,
    "27":0.6689734717416378,
    "28":0.6689734717416378,
    "29":0.8996539792387545,
    "30":1.0149942329873125,
    "31":0.8304498269896194,
    "32":0.7843137254901961,
    "33":0.6228373702422145,
    "34":0.8073817762399077,
    "35":1.130334486735871,
    "36":0.7151095732410611,
    "37":1.1534025374855825,
    "38":1.2918108419838525,
    "39":1.107266435986159,
    "40":1.130334486735871,
    "41":1.130334486735871,
    "42":0.9688581314878892,
    "43":1.107266435986159,
    "44":0.991926182237601,
    "45":0.6459054209919263,
    "46":0.8996539792387545,
    "47":0.7381776239907728,
    "48":0.8765859284890426,
    "49":0.8073817762399077,
    "50":1.107266435986159,
    "51":0.922722029988466,
    "52":1.0149942329873125,
    "53":0.9457900807381776,
    "54":0.7612456747404844,
    "55":0.8073817762399077,
    "56":0.9457900807381776,
    "57":0.8996539792387545,
    "58":0.5767012687427913,
    "59":0.6228373702422145,
    "60":0.7381776239907728,
    "61":0.530565167243368,
    "62":0.6920415224913495,
    "63":0.4844290657439446,
    "64":0.461361014994233,
    "65":0.4844290657439446,
    "66":0.4152249134948097,
    "67":0.4844290657439446,
    "68":0.7151095732410611,
    "69":0.5536332179930795,
    "70":0.4382929642445213,
    "71":0.5536332179930795,
    "72":0.4152249134948097,
    "73":0.6228373702422145,
    "74":0.39215686274509803,
    "75":0.29988465974625145,
    "76":0.32295271049596314,
    "77":0.2306805074971165,
    "78":0.34602076124567477,
    "79":0.2306805074971165,
    "80":0.2537485582468281,
    "81":0.2537485582468281,
    "82":0.29988465974625145,
    "83":0.32295271049596314,
    "84":0.39215686274509803,
    "85":0.29988465974625145,
    "86":0.1845444059976932,
    "87":0.34602076124567477,
    "88":0.2306805074971165,
    "89":0.32295271049596314,
    "90":0.4152249134948097,
    "91":0.1845444059976932,
    "92":0.3690888119953864,
    "93":0.2306805074971165,
    "94":0.13840830449826988,
    "95":0.0922722029988466,
    "96":0.1845444059976932,
    "97":0.0922722029988466,
    "98":0.2537485582468281,
    "99":0.2306805074971165,
    "100":0.0922722029988466,
    "101":0.13840830449826988,
    "102":0.0922722029988466,
    "103":0.06920415224913494,
    "104":0.11534025374855825,
    "105":0.13840830449826988,
    "106":0.0922722029988466,
    "107":0.0461361014994233,
    "108":0.11534025374855825,
    "109":0.1845444059976932,
    "110":0.20761245674740486,
    "111":0.16147635524798157,
    "112":0.0922722029988466,
    "113":0.11534025374855825,
    "114":0.0,
    "115":0.13840830449826988,
    "116":0.11534025374855825,
    "117":0.13840830449826988,
    "118":0.13840830449826988,
    "119":0.2306805074971165,
    "120":0.13840830449826988,
    "121":0.11534025374855825,
    "122":0.0922722029988466,
    "123":0.0922722029988466,
    "124":0.11534025374855825,
    "125":0.0922722029988466,
    "126":0.16147635524798157,
    "127":0.06920415224913494,
    "128":0.02306805074971165,
    "129":0.06920415224913494,
    "130":0.1845444059976932,
    "131":0.0461361014994233,
    "132":0.0461361014994233,
    "133":0.11534025374855825,
    "134":0.13840830449826988,
    "135":0.20761245674740486,
    "136":0.13840830449826988,
    "137":0.16147635524798157,
    "138":0.06920415224913494,
    "139":0.0461361014994233,
    "140":0.11534025374855825,
    "141":0.20761245674740486,
    "142":0.11534025374855825,
    "143":0.0,
    "144":0.13840830449826988,
    "145":0.16147635524798157,
    "146":0.13840830449826988,
    "147":0.20761245674740486,
    "148":0.16147635524798157,
    "149":0.0922722029988466,
    "150":0.02306805074971165,
    "151":0.16147635524798157,
    "152":0.0461361014994233,
    "153":0.0461361014994233,
    "154":0.06920415224913494,
    "155":0.0922722029988466,
    "156":0.0461361014994233,
    "157":0.02306805074971165,
    "158":0.0461361014994233,
    "159":0.0461361014994233,
    "160":0.0922722029988466,
    "161":0.02306805074971165,
    "162":0.0461361014994233,
    "163":0.02306805074971165,
    "164":0.0,
    "165":0.06920415224913494,
    "166":0.06920415224913494,
    "167":0.11534025374855825,
    "168":0.0,
    "169":0.02306805074971165,
    "170":0.0,
    "171":0.0461361014994233,
    "172":0.0,
    "173":0.0,
    "174":0.0,
    "175":0.02306805074971165,
    "176":0.02306805074971165,
    "177":0.06920415224913494,
    "178":0.02306805074971165,
    "179":0.0,
    "180":0.06920415224913494,
    "181":0.0,
    "182":0.02306805074971165,
    "183":0.06920415224913494,
    "184":0.02306805074971165,
    "185":0.02306805074971165,
    "186":0.02306805074971165,
    "187":0.0,
    "188":0.02306805074971165,
    "189":0.0,
    "190":0.06920415224913494,
    "191":0.0,
    "192":0.0,
    "193":0.0,
    "194":0.02306805074971165,
    "195":0.06920415224913494,
    "196":0.0461361014994233,
    "197":0.0461361014994233,
    "198":0.0,
    "199":0.02306805074971165,
    "200":0.0461361014994233,
    "201":0.0,
    "202":0.0,
    "203":0.0461361014994233,
    "204":0.0461361014994233,
    "205":0.02306805074971165,
    "206":0.02306805074971165,
    "207":0.02306805074971165,
    "208":0.02306805074971165,
    "209":0.02306805074971165,
    "210":0.02306805074971165,
    "211":0.0461361014994233,
    "212":0.02306805074971165,
    "213":0.0461361014994233,
    "214":0.0,
    "215":0.0,
    "216":0.0,
    "217":0.0,
    "218":0.0,
    "219":0.0,
    "220":0.0,
    "221":0.0
}