{
    "0":3.686087990487515,
    "1":2.0044165109563443,
    "2":2.632919993205368,
    "3":5.707491082045184,
    "4":2.4630541871921183,
    "5":1.6986580601324952,
    "6":1.7666043825377953,
    "7":1.8005775437404452,
    "8":1.3419398675046714,
    "9":1.426872770511296,
    "10":1.5457788347205708,
    "11":2.0723628333616446,
    "12":2.2931883811788687,
    "13":2.0214030915576697,
    "14":2.802785799218617,
    "15":2.3101749617801937,
    "16":2.3271615423815186,
    "17":2.3101749617801937,
    "18":2.0723628333616446,
    "19":1.74961780193647,
    "20":1.5967385765245454,
    "21":1.121114319687447,
    "22":0.9512485136741973,
    "23":0.696449804654323,
    "24":0.49261083743842365,
    "25":0.5945303210463734,
    "26":0.9682350942755223,
    "27":0.6794632240529982,
    "28":0.8493290300662476,
    "29":0.8833021912688976,
    "30":0.8833021912688976,
    "31":1.104127739086122,
    "32":0.9682350942755223,
    "33":1.070154577883472,
    "34":1.070154577883472,
    "35":0.7474095464582979,
    "36":0.8833021912688976,
    "37":0.7474095464582979,
    "38":0.47562425683709864,
    "39":0.9852216748768473,
    "40":0.713436385255648,
    "41":0.7474095464582979,
    "42":0.9342619330728724,
    "43":0.713436385255648,
    "44":0.7643961270596229,
    "45":0.6624766434516731,
    "46":0.7643961270596229,
    "47":0.9512485136741973,
    "48":0.8833021912688976,
    "49":0.8833021912688976,
    "50":0.696449804654323,
    "51":0.7474095464582979,
    "52":0.5605571598437235,
    "53":0.713436385255648,
    "54":0.8493290300662476,
    "55":0.5605571598437235,
    "56":0.6115169016476983,
    "57":0.5605571598437235,
    "58":0.6624766434516731,
    "59":0.5775437404450484,
    "60":0.4416510956344488,
    "61":0.6794632240529982,
    "62":0.37370477322914897,
    "63":0.3397316120264991,
    "64":0.6115169016476983,
    "65":0.4416510956344488,
    "66":0.6115169016476983,
    "67":0.37370477322914897,
    "68":0.37370477322914897,
    "69":0.2547987090198743,
    "70":0.39069135383047393,
    "71":0.39069135383047393,
    "72":0.37370477322914897,
    "73":0.4246645150331238,
    "74":0.356718192627824,
    "75":0.4416510956344488,
    "76":0.39069135383047393,
    "77":0.3397316120264991,
    "78":0.4076779344317989,
    "79":0.30575845082384917,
    "80":0.4246645150331238,
    "81":0.2887718702225242,
    "82":0.4076779344317989,
    "83":0.37370477322914897,
    "84":0.32274503142517413,
    "85":0.45863767623577373,
    "86":0.32274503142517413,
    "87":0.45863767623577373,
    "88":0.356718192627824,
    "89":0.32274503142517413,
    "90":0.27178528962119924,
    "91":0.2887718702225242,
    "92":0.15287922541192459,
    "93":0.32274503142517413,
    "94":0.32274503142517413,
    "95":0.37370477322914897,
    "96":0.30575845082384917,
    "97":0.3397316120264991,
    "98":0.23781212841854932,
    "99":0.13589264481059962,
    "100":0.13589264481059962,
    "101":0.18685238661457448,
    "102":0.23781212841854932,
    "103":0.13589264481059962,
    "104":0.23781212841854932,
    "105":0.2208255478172244,
    "106":0.16986580601324955,
    "107":0.10191948360794972,
    "108":0.2208255478172244,
    "109":0.10191948360794972,
    "110":0.08493290300662477,
    "111":0.10191948360794972,
    "112":0.10191948360794972,
    "113":0.11890606420927466,
    "114":0.2208255478172244,
    "115":0.06794632240529981,
    "116":0.2887718702225242,
    "117":0.10191948360794972,
    "118":0.11890606420927466,
    "119":0.06794632240529981,
    "120":0.10191948360794972,
    "121":0.05095974180397486,
    "122":0.11890606420927466,
    "123":0.13589264481059962,
    "124":0.15287922541192459,
    "125":0.10191948360794972,
    "126":0.15287922541192459,
    "127":0.05095974180397486,
    "128":0.033973161202649906,
    "129":0.033973161202649906,
    "130":0.08493290300662477,
    "131":0.033973161202649906,
    "132":0.016986580601324953,
    "133":0.08493290300662477,
    "134":0.08493290300662477,
    "135":0.016986580601324953,
    "136":0.033973161202649906,
    "137":0.06794632240529981,
    "138":0.08493290300662477,
    "139":0.08493290300662477,
    "140":0.10191948360794972,
    "141":0.033973161202649906,
    "142":0.033973161202649906,
    "143":0.0,
    "144":0.05095974180397486,
    "145":0.033973161202649906,
    "146":0.033973161202649906,
    "147":0.033973161202649906,
    "148":0.05095974180397486,
    "149":0.016986580601324953,
    "150":0.016986580601324953,
    "151":0.016986580601324953,
    "152":0.033973161202649906,
    "153":0.08493290300662477,
    "154":0.033973161202649906,
    "155":0.033973161202649906,
    "156":0.033973161202649906,
    "157":0.016986580601324953,
    "158":0.016986580601324953,
    "159":0.033973161202649906,
    "160":0.033973161202649906,
    "161":0.0,
    "162":0.05095974180397486,
    "163":0.016986580601324953,
    "164":0.016986580601324953,
    "165":0.033973161202649906,
    "166":0.06794632240529981,
    "167":0.016986580601324953,
    "168":0.016986580601324953,
    "169":0.0,
    "170":0.0,
    "171":0.0,
    "172":0.016986580601324953,
    "173":0.016986580601324953,
    "174":0.016986580601324953,
    "175":0.05095974180397486,
    "176":0.0,
    "177":0.0,
    "178":0.016986580601324953,
    "179":0.0,
    "180":0.0,
    "181":0.016986580601324953,
    "182":0.05095974180397486,
    "183":0.0,
    "184":0.016986580601324953,
    "185":0.016986580601324953,
    "186":0.0,
    "187":0.016986580601324953,
    "188":0.033973161202649906,
    "189":0.05095974180397486,
    "190":0.033973161202649906,
    "191":0.016986580601324953,
    "192":0.0,
    "193":0.016986580601324953,
    "194":0.05095974180397486,
    "195":0.0,
    "196":0.016986580601324953,
    "197":0.016986580601324953,
    "198":0.016986580601324953,
    "199":0.033973161202649906,
    "200":0.0,
    "201":0.05095974180397486,
    "202":0.0,
    "203":0.016986580601324953,
    "204":0.016986580601324953,
    "205":0.0,
    "206":0.0,
    "207":0.033973161202649906,
    "208":0.016986580601324953,
    "209":0.0,
    "210":0.016986580601324953,
    "211":0.0,
    "212":0.0,
    "213":0.033973161202649906,
    "214":0.0,
    "215":0.0,
    "216":0.016986580601324953,
    "217":0.033973161202649906,
    "218":0.033973161202649906,
    "219":0.0,
    "220":0.0,
    "221":0.05095974180397486,
    "222":0.016986580601324953,
    "223":0.0,
    "224":0.0,
    "225":0.033973161202649906,
    "226":0.05095974180397486,
    "227":0.033973161202649906,
    "228":0.033973161202649906,
    "229":0.05095974180397486,
    "230":0.016986580601324953,
    "231":0.0,
    "232":0.033973161202649906,
    "233":0.016986580601324953,
    "234":0.0,
    "235":0.05095974180397486,
    "236":0.0,
    "237":0.0,
    "238":0.016986580601324953,
    "239":0.016986580601324953,
    "240":0.0,
    "241":0.0,
    "242":0.016986580601324953,
    "243":0.06794632240529981,
    "244":0.0,
    "245":0.0,
    "246":0.0,
    "247":0.0,
    "248":0.0,
    "249":0.0,
    "250":0.0,
    "251":0.0
}