{
    "0":3.2201533406352687,
    "1":0.32858707557502737,
    "2":0.04381161007667032,
    "3":0.10952902519167579,
    "4":0.32858707557502737,
    "5":0.9857612267250823,
    "6":1.1610076670317633,
    "7":0.7228915662650602,
    "8":1.4676889375684556,
    "9":1.1829134720700987,
    "10":0.6571741511500547,
    "11":0.5038335158817087,
    "12":0.5038335158817087,
    "13":0.48192771084337355,
    "14":0.5257393209200438,
    "15":0.04381161007667032,
    "16":0.06571741511500548,
    "17":0.06571741511500548,
    "18":0.24096385542168677,
    "19":0.3723986856516977,
    "20":0.21905805038335158,
    "21":0.547645125958379,
    "22":0.569550930996714,
    "23":0.6133625410733845,
    "24":0.5914567360350493,
    "25":0.6571741511500547,
    "26":0.547645125958379,
    "27":0.4600219058050383,
    "28":0.7009857612267251,
    "29":0.8324205914567361,
    "30":0.7228915662650602,
    "31":0.7228915662650602,
    "32":0.9419496166484118,
    "33":0.6571741511500547,
    "34":0.6790799561883899,
    "35":0.9200438116100766,
    "36":1.380065717415115,
    "37":1.2924424972617743,
    "38":1.1171960569550932,
    "39":1.1171960569550932,
    "40":1.4676889375684556,
    "41":1.4457831325301205,
    "42":1.0076670317634173,
    "43":1.1829134720700987,
    "44":1.0076670317634173,
    "45":0.9200438116100766,
    "46":1.0514786418400877,
    "47":1.4238773274917853,
    "48":1.0076670317634173,
    "49":1.0514786418400877,
    "50":1.1610076670317633,
    "51":1.2486308871851042,
    "52":1.5772179627601315,
    "53":1.5553121577217963,
    "54":1.3581599123767798,
    "55":1.4676889375684556,
    "56":1.3581599123767798,
    "57":1.4895947426067908,
    "58":1.3581599123767798,
    "59":1.2486308871851042,
    "60":1.4019715224534501,
    "61":1.2048192771084338,
    "62":1.511500547645126,
    "63":1.0733844468784228,
    "64":1.2486308871851042,
    "65":1.6210295728368018,
    "66":1.0076670317634173,
    "67":1.2705366922234391,
    "68":0.9200438116100766,
    "69":1.0076670317634173,
    "70":0.9857612267250823,
    "71":1.0514786418400877,
    "72":0.8981380065717415,
    "73":0.9638554216867471,
    "74":0.8543263964950711,
    "75":0.6352683461117196,
    "76":0.8324205914567361,
    "77":0.7228915662650602,
    "78":0.7667031763417306,
    "79":0.8543263964950711,
    "80":0.547645125958379,
    "81":0.7886089813800657,
    "82":0.569550930996714,
    "83":0.6133625410733845,
    "84":0.547645125958379,
    "85":0.6352683461117196,
    "86":0.5257393209200438,
    "87":0.9857612267250823,
    "88":0.7228915662650602,
    "89":0.48192771084337355,
    "90":0.5257393209200438,
    "91":0.7667031763417306,
    "92":0.547645125958379,
    "93":0.41621029572836804,
    "94":0.43811610076670315,
    "95":0.48192771084337355,
    "96":0.30668127053669225,
    "97":0.41621029572836804,
    "98":0.35049288061336253,
    "99":0.4600219058050383,
    "100":0.43811610076670315,
    "101":0.32858707557502737,
    "102":0.3723986856516977,
    "103":0.284775465498357,
    "104":0.17524644030668127,
    "105":0.39430449069003287,
    "106":0.32858707557502737,
    "107":0.39430449069003287,
    "108":0.24096385542168677,
    "109":0.17524644030668127,
    "110":0.30668127053669225,
    "111":0.24096385542168677,
    "112":0.13143483023001096,
    "113":0.10952902519167579,
    "114":0.284775465498357,
    "115":0.2628696604600219,
    "116":0.19715224534501644,
    "117":0.17524644030668127,
    "118":0.19715224534501644,
    "119":0.30668127053669225,
    "120":0.13143483023001096,
    "121":0.13143483023001096,
    "122":0.24096385542168677,
    "123":0.15334063526834613,
    "124":0.17524644030668127,
    "125":0.06571741511500548,
    "126":0.17524644030668127,
    "127":0.13143483023001096,
    "128":0.17524644030668127,
    "129":0.04381161007667032,
    "130":0.06571741511500548,
    "131":0.13143483023001096,
    "132":0.08762322015334063,
    "133":0.284775465498357,
    "134":0.15334063526834613,
    "135":0.08762322015334063,
    "136":0.17524644030668127,
    "137":0.19715224534501644,
    "138":0.10952902519167579,
    "139":0.08762322015334063,
    "140":0.08762322015334063,
    "141":0.04381161007667032,
    "142":0.13143483023001096,
    "143":0.04381161007667032,
    "144":0.10952902519167579,
    "145":0.06571741511500548,
    "146":0.06571741511500548,
    "147":0.10952902519167579,
    "148":0.17524644030668127,
    "149":0.13143483023001096,
    "150":0.10952902519167579,
    "151":0.19715224534501644,
    "152":0.15334063526834613,
    "153":0.10952902519167579,
    "154":0.10952902519167579,
    "155":0.15334063526834613,
    "156":0.0,
    "157":0.04381161007667032,
    "158":0.08762322015334063,
    "159":0.08762322015334063,
    "160":0.06571741511500548,
    "161":0.02190580503833516,
    "162":0.04381161007667032,
    "163":0.06571741511500548,
    "164":0.04381161007667032,
    "165":0.06571741511500548,
    "166":0.02190580503833516,
    "167":0.06571741511500548,
    "168":0.04381161007667032,
    "169":0.06571741511500548,
    "170":0.06571741511500548,
    "171":0.0,
    "172":0.10952902519167579,
    "173":0.0,
    "174":0.0,
    "175":0.06571741511500548,
    "176":0.04381161007667032,
    "177":0.02190580503833516,
    "178":0.02190580503833516,
    "179":0.0,
    "180":0.10952902519167579,
    "181":0.02190580503833516,
    "182":0.02190580503833516,
    "183":0.0,
    "184":0.04381161007667032,
    "185":0.0,
    "186":0.0,
    "187":0.02190580503833516,
    "188":0.06571741511500548,
    "189":0.0,
    "190":0.04381161007667032,
    "191":0.0,
    "192":0.04381161007667032,
    "193":0.02190580503833516,
    "194":0.0,
    "195":0.02190580503833516,
    "196":0.04381161007667032,
    "197":0.0,
    "198":0.02190580503833516,
    "199":0.02190580503833516,
    "200":0.06571741511500548,
    "201":0.0,
    "202":0.04381161007667032,
    "203":0.0,
    "204":0.0,
    "205":0.02190580503833516,
    "206":0.02190580503833516,
    "207":0.06571741511500548,
    "208":0.02190580503833516,
    "209":0.04381161007667032,
    "210":0.0,
    "211":0.02190580503833516,
    "212":0.0,
    "213":0.0,
    "214":0.02190580503833516,
    "215":0.0,
    "216":0.0,
    "217":0.02190580503833516,
    "218":0.02190580503833516,
    "219":0.02190580503833516,
    "220":0.04381161007667032,
    "221":0.0,
    "222":0.0,
    "223":0.04381161007667032,
    "224":0.04381161007667032,
    "225":0.04381161007667032,
    "226":0.0,
    "227":0.0,
    "228":0.06571741511500548,
    "229":0.02190580503833516,
    "230":0.0,
    "231":0.04381161007667032,
    "232":0.02190580503833516,
    "233":0.0,
    "234":0.04381161007667032,
    "235":0.0,
    "236":0.02190580503833516,
    "237":0.02190580503833516,
    "238":0.04381161007667032,
    "239":0.08762322015334063,
    "240":0.02190580503833516,
    "241":0.02190580503833516,
    "242":0.0,
    "243":0.02190580503833516,
    "244":0.02190580503833516,
    "245":0.02190580503833516,
    "246":0.06571741511500548,
    "247":0.02190580503833516,
    "248":0.02190580503833516,
    "249":0.0,
    "250":0.02190580503833516,
    "251":0.0,
    "252":0.0,
    "253":0.0,
    "254":0.0,
    "255":0.02190580503833516,
    "256":0.0,
    "257":0.0,
    "258":0.0,
    "259":0.0,
    "260":0.0,
    "261":0.0,
    "262":0.0,
    "263":0.0,
    "264":0.02190580503833516,
    "265":0.0,
    "266":0.0,
    "267":0.0,
    "268":0.0,
    "269":0.02190580503833516,
    "270":0.0,
    "271":0.0,
    "272":0.02190580503833516,
    "273":0.0,
    "274":0.0,
    "275":0.0,
    "276":0.0,
    "277":0.0,
    "278":0.02190580503833516,
    "279":0.0,
    "280":0.0,
    "281":0.0,
    "282":0.0,
    "283":0.04381161007667032,
    "284":0.0,
    "285":0.0,
    "286":0.0,
    "287":0.0,
    "288":0.0,
    "289":0.0,
    "290":0.0,
    "291":0.02190580503833516,
    "292":0.0,
    "293":0.0,
    "294":0.04381161007667032,
    "295":0.0,
    "296":0.0,
    "297":0.0,
    "298":0.02190580503833516,
    "299":0.0,