{
    "0":3.559870550161812,
    "1":1.0002942041776994,
    "2":5.8546631362165344,
    "3":2.912621359223301,
    "4":1.412180052956752,
    "5":0.617828773168579,
    "6":0.5001471020888497,
    "7":0.7649308620182407,
    "8":0.5001471020888497,
    "9":0.38246543100912034,
    "10":1.2944983818770228,
    "11":1.2944983818770228,
    "12":1.3827596351868197,
    "13":1.4710208884966167,
    "14":1.794645483965872,
    "15":1.5887025595763458,
    "16":1.8240659017358045,
    "17":1.2944983818770228,
    "18":1.7063842306560753,
    "19":1.0002942041776994,
    "20":0.5589879376287143,
    "21":0.5589879376287143,
    "22":0.6472491909385114,
    "23":0.7355104442483084,
    "24":0.8531921153280376,
    "25":1.1179758752574287,
    "26":0.8531921153280376,
    "27":0.8531921153280376,
    "28":0.7649308620182407,
    "29":0.7355104442483084,
    "30":0.8531921153280376,
    "31":0.6472491909385114,
    "32":0.8531921153280376,
    "33":1.323918799646955,
    "34":0.9414533686378346,
    "35":0.7649308620182407,
    "36":1.412180052956752,
    "37":0.8826125330979699,
    "38":1.1473962930273611,
    "39":1.0885554574874965,
    "40":1.0885554574874965,
    "41":0.7649308620182407,
    "42":0.8826125330979699,
    "43":0.9414533686378346,
    "44":0.9120329508679023,
    "45":0.8826125330979699,
    "46":1.0297146219476316,
    "47":1.1768167107972933,
    "48":0.9120329508679023,
    "49":0.8826125330979699,
    "50":0.8237716975581053,
    "51":1.1179758752574287,
    "52":0.529567519858782,
    "53":0.5589879376287143,
    "54":0.9708737864077669,
    "55":0.8237716975581053,
    "56":1.059135039717564,
    "57":1.1179758752574287,
    "58":0.8237716975581053,
    "59":0.6472491909385114,
    "60":1.0297146219476316,
    "61":0.6766696087084437,
    "62":0.7649308620182407,
    "63":0.7943512797881729,
    "64":0.7649308620182407,
    "65":0.8531921153280376,
    "66":0.5884083553986467,
    "67":0.6766696087084437,
    "68":0.7943512797881729,
    "69":0.4707266843189173,
    "70":0.8826125330979699,
    "71":0.9414533686378346,
    "72":0.5001471020888497,
    "73":0.706090026478376,
    "74":0.8531921153280376,
    "75":0.5884083553986467,
    "76":0.6766696087084437,
    "77":0.5884083553986467,
    "78":0.29420417769932333,
    "79":0.38246543100912034,
    "80":0.38246543100912034,
    "81":0.5884083553986467,
    "82":0.617828773168579,
    "83":0.5884083553986467,
    "84":0.29420417769932333,
    "85":0.264783759929391,
    "86":0.5001471020888497,
    "87":0.44130626654898497,
    "88":0.41188584877905265,
    "89":0.176522506619594,
    "90":0.353045013239188,
    "91":0.088261253309797,
    "92":0.11768167107972932,
    "93":0.14710208884966167,
    "94":0.29420417769932333,
    "95":0.05884083553986466,
    "96":0.20594292438952633,
    "97":0.264783759929391,
    "98":0.23536334215945864,
    "99":0.14710208884966167,
    "100":0.088261253309797,
    "101":0.20594292438952633,
    "102":0.11768167107972932,
    "103":0.11768167107972932,
    "104":0.088261253309797,
    "105":0.23536334215945864,
    "106":0.088261253309797,
    "107":0.02942041776993233,
    "108":0.20594292438952633,
    "109":0.264783759929391,
    "110":0.264783759929391,
    "111":0.14710208884966167,
    "112":0.23536334215945864,
    "113":0.11768167107972932,
    "114":0.20594292438952633,
    "115":0.05884083553986466,
    "116":0.176522506619594,
    "117":0.176522506619594,
    "118":0.176522506619594,
    "119":0.20594292438952633,
    "120":0.176522506619594,
    "121":0.14710208884966167,
    "122":0.088261253309797,
    "123":0.05884083553986466,
    "124":0.264783759929391,
    "125":0.02942041776993233,
    "126":0.11768167107972932,
    "127":0.11768167107972932,
    "128":0.23536334215945864,
    "129":0.11768167107972932,
    "130":0.11768167107972932,
    "131":0.14710208884966167,
    "132":0.14710208884966167,
    "133":0.176522506619594,
    "134":0.11768167107972932,
    "135":0.14710208884966167,
    "136":0.11768167107972932,
    "137":0.11768167107972932,
    "138":0.14710208884966167,
    "139":0.11768167107972932,
    "140":0.02942041776993233,
    "141":0.02942041776993233,
    "142":0.176522506619594,
    "143":0.088261253309797,
    "144":0.11768167107972932,
    "145":0.11768167107972932,
    "146":0.05884083553986466,
    "147":0.088261253309797,
    "148":0.0,
    "149":0.02942041776993233,
    "150":0.02942041776993233,
    "151":0.02942041776993233,
    "152":0.05884083553986466,
    "153":0.05884083553986466,
    "154":0.05884083553986466,
    "155":0.11768167107972932,
    "156":0.02942041776993233,
    "157":0.0,
    "158":0.088261253309797,
    "159":0.02942041776993233,
    "160":0.11768167107972932,
    "161":0.0,
    "162":0.05884083553986466,
    "163":0.02942041776993233,
    "164":0.02942041776993233,
    "165":0.088261253309797,
    "166":0.05884083553986466,
    "167":0.0,
    "168":0.05884083553986466,
    "169":0.05884083553986466,
    "170":0.02942041776993233,
    "171":0.05884083553986466,
    "172":0.0,
    "173":0.02942041776993233,
    "174":0.11768167107972932,
    "175":0.0,
    "176":0.11768167107972932,
    "177":0.02942041776993233,
    "178":0.02942041776993233,
    "179":0.05884083553986466,
    "180":0.05884083553986466,
    "181":0.088261253309797,
    "182":0.088261253309797,
    "183":0.02942041776993233,
    "184":0.02942041776993233,
    "185":0.02942041776993233,
    "186":0.0,
    "187":0.05884083553986466,
    "188":0.05884083553986466,
    "189":0.05884083553986466,
    "190":0.02942041776993233,
    "191":0.02942041776993233,
    "192":0.02942041776993233,
    "193":0.02942041776993233,
    "194":0.02942041776993233,
    "195":0.02942041776993233,
    "196":0.11768167107972932,
    "197":0.088261253309797,
    "198":0.02942041776993233,
    "199":0.0,
    "200":0.05884083553986466,
    "201":0.11768167107972932,
    "202":0.0,
    "203":0.02942041776993233,
    "204":0.02942041776993233,
    "205":0.02942041776993233,
    "206":0.11768167107972932,
    "207":0.088261253309797,
    "208":0.088261253309797,
    "209":0.05884083553986466,
    "210":0.088261253309797,
    "211":0.088261253309797,
    "212":0.0,
    "213":0.0,
    "214":0.088261253309797,
    "215":0.0,
    "216":0.05884083553986466,
    "217":0.02942041776993233,
    "218":0.0,
    "219":0.02942041776993233,
    "220":0.0,
    "221":0.088261253309797,
    "222":0.0,
    "223":0.0,
    "224":0.02942041776993233,
    "225":0.05884083553986466,
    "226":0.05884083553986466,
    "227":0.02942041776993233,
    "228":0.0,
    "229":0.088261253309797,
    "230":0.02942041776993233,
    "231":0.0,
    "232":0.0,
    "233":0.05884083553986466,
    "234":0.088261253309797,
    "235":0.05884083553986466,
    "236":0.02942041776993233,
    "237":0.05884083553986466,
    "238":0.088261253309797,
    "239":0.0,
    "240":0.05884083553986466,
    "241":0.02942041776993233,
    "242":0.0,
    "243":0.05884083553986466,
    "244":0.02942041776993233,
    "245":0.02942041776993233,
    "246":0.02942041776993233,
    "247":0.0,
    "248":0.02942041776993233,
    "249":0.02942041776993233,
    "250":0.02942041776993233,
    "251":0.11768167107972932,
    "252":0.0,
    "253":0.0,
    "254":0.0,
    "255":0.0,
    "256":0.02942041776993233,
    "257":0.0,
    "258":0.0,
    "259":0.0,
    "260":0.02942041776993233,
    "261":0.02942041776993233,
    "262":0.0,
    "263":0.0,
    "264":0.0,
    "265":0.0,
    "266":0.0,
    "267":0.02942041776993233,
    "268":0.0,
    "269":0.0,
    "270":0.0,
    "271":0.0,
    "272":0.02942041776993233,
    "273":0.0,
    "274":0.0,
    "275":0.0,
    "276":0.0,
    "277":0.0,
    "278":0.0,
    "279":0.02942041776993233,
    "280":0.0,
    "281":0.0,
    "282":0.0,
    "283":0.0,
    "284":0.0,
    "285":0.0,
    "286":0.0,
    "287":0.02942041776993233,
    "288":0.0,
    "289":0.0,
    "290":0.0,
    "291":0.0,
    "292":0.0,
    "293":0.0,
    "294":0.0,
    "295":0.0,
    "296":0.0,