{
    "0":3.032891926527125,
    "1":1.2601452370781716,
    "2":0.149508756941478,
    "3":0.149508756941478,
    "4":0.3844510892780863,
    "5":0.7048269970098249,
    "6":0.74754378470739,
    "7":0.3630926954293037,
    "8":0.7689021785561726,
    "9":0.7261853908586074,
    "10":0.8543357539513029,
    "11":0.8329773601025202,
    "12":1.196070055531824,
    "13":1.046561298590346,
    "14":1.0252029047415634,
    "15":0.46988466467321655,
    "16":0.7261853908586074,
    "17":0.7261853908586074,
    "18":0.7902605724049552,
    "19":0.5339598462195643,
    "20":0.3203759077317386,
    "21":0.5339598462195643,
    "22":0.7689021785561726,
    "23":0.8329773601025202,
    "24":0.8116189662537376,
    "25":1.003844510892781,
    "26":0.9397693293464331,
    "27":1.1319948739854762,
    "28":1.2815036309269543,
    "29":0.897052541648868,
    "30":1.046561298590346,
    "31":1.49508756941478,
    "32":1.2174284493806067,
    "33":1.3242204186245194,
    "34":1.49508756941478,
    "35":1.2387868432293891,
    "36":1.3242204186245194,
    "37":1.2601452370781716,
    "38":1.49508756941478,
    "39":1.687313114053823,
    "40":1.1747116616830415,
    "41":1.388295600170867,
    "42":1.6018795386586928,
    "43":1.2601452370781716,
    "44":1.046561298590346,
    "45":1.4096539940196497,
    "46":1.3669372063220846,
    "47":1.1319948739854762,
    "48":0.9397693293464331,
    "49":1.0892780862879112,
    "50":1.046561298590346,
    "51":0.9397693293464331,
    "52":1.0252029047415634,
    "53":1.046561298590346,
    "54":1.2601452370781716,
    "55":1.2601452370781716,
    "56":1.3028620247757368,
    "57":1.046561298590346,
    "58":1.2815036309269543,
    "59":0.9397693293464331,
    "60":0.9184109354976506,
    "61":0.7048269970098249,
    "62":0.8116189662537376,
    "63":0.7689021785561726,
    "64":0.897052541648868,
    "65":0.7261853908586074,
    "66":0.9397693293464331,
    "67":0.8543357539513029,
    "68":0.7048269970098249,
    "69":0.8329773601025202,
    "70":0.7689021785561726,
    "71":0.8756941478000855,
    "72":0.7902605724049552,
    "73":0.5766766339171294,
    "74":0.4912430585219991,
    "75":0.6193934216146946,
    "76":0.598035027765912,
    "77":0.6407518154634771,
    "78":0.7048269970098249,
    "79":0.46988466467321655,
    "80":0.598035027765912,
    "81":0.5339598462195643,
    "82":0.5339598462195643,
    "83":0.74754378470739,
    "84":0.6407518154634771,
    "85":0.46988466467321655,
    "86":0.6407518154634771,
    "87":0.5126014523707817,
    "88":0.448526270824434,
    "89":0.3844510892780863,
    "90":0.21358393848782573,
    "91":0.2776591200341734,
    "92":0.2776591200341734,
    "93":0.19222554463904315,
    "94":0.3203759077317386,
    "95":0.4912430585219991,
    "96":0.21358393848782573,
    "97":0.299017513882956,
    "98":0.2776591200341734,
    "99":0.34173430158052115,
    "100":0.2776591200341734,
    "101":0.3844510892780863,
    "102":0.2776591200341734,
    "103":0.23494233233660827,
    "104":0.3203759077317386,
    "105":0.21358393848782573,
    "106":0.34173430158052115,
    "107":0.23494233233660827,
    "108":0.23494233233660827,
    "109":0.25630072618539085,
    "110":0.19222554463904315,
    "111":0.149508756941478,
    "112":0.21358393848782573,
    "113":0.12815036309269542,
    "114":0.21358393848782573,
    "115":0.12815036309269542,
    "116":0.23494233233660827,
    "117":0.19222554463904315,
    "118":0.3203759077317386,
    "119":0.23494233233660827,
    "120":0.06407518154634771,
    "121":0.23494233233660827,
    "122":0.06407518154634771,
    "123":0.21358393848782573,
    "124":0.21358393848782573,
    "125":0.17086715079026057,
    "126":0.19222554463904315,
    "127":0.149508756941478,
    "128":0.149508756941478,
    "129":0.25630072618539085,
    "130":0.21358393848782573,
    "131":0.10679196924391286,
    "132":0.10679196924391286,
    "133":0.12815036309269542,
    "134":0.12815036309269542,
    "135":0.19222554463904315,
    "136":0.149508756941478,
    "137":0.25630072618539085,
    "138":0.06407518154634771,
    "139":0.10679196924391286,
    "140":0.021358393848782572,
    "141":0.06407518154634771,
    "142":0.17086715079026057,
    "143":0.021358393848782572,
    "144":0.08543357539513029,
    "145":0.12815036309269542,
    "146":0.042716787697565144,
    "147":0.042716787697565144,
    "148":0.042716787697565144,
    "149":0.06407518154634771,
    "150":0.021358393848782572,
    "151":0.08543357539513029,
    "152":0.042716787697565144,
    "153":0.06407518154634771,
    "154":0.149508756941478,
    "155":0.08543357539513029,
    "156":0.042716787697565144,
    "157":0.149508756941478,
    "158":0.10679196924391286,
    "159":0.06407518154634771,
    "160":0.06407518154634771,
    "161":0.06407518154634771,
    "162":0.06407518154634771,
    "163":0.08543357539513029,
    "164":0.042716787697565144,
    "165":0.06407518154634771,
    "166":0.12815036309269542,
    "167":0.12815036309269542,
    "168":0.12815036309269542,
    "169":0.12815036309269542,
    "170":0.021358393848782572,
    "171":0.042716787697565144,
    "172":0.06407518154634771,
    "173":0.0,
    "174":0.08543357539513029,
    "175":0.021358393848782572,
    "176":0.12815036309269542,
    "177":0.149508756941478,
    "178":0.12815036309269542,
    "179":0.08543357539513029,
    "180":0.0,
    "181":0.0,
    "182":0.021358393848782572,
    "183":0.042716787697565144,
    "184":0.021358393848782572,
    "185":0.042716787697565144,
    "186":0.08543357539513029,
    "187":0.06407518154634771,
    "188":0.10679196924391286,
    "189":0.021358393848782572,
    "190":0.042716787697565144,
    "191":0.021358393848782572,
    "192":0.042716787697565144,
    "193":0.08543357539513029,
    "194":0.042716787697565144,
    "195":0.06407518154634771,
    "196":0.08543357539513029,
    "197":0.06407518154634771,
    "198":0.06407518154634771,
    "199":0.0,
    "200":0.08543357539513029,
    "201":0.042716787697565144,
    "202":0.042716787697565144,
    "203":0.06407518154634771,
    "204":0.08543357539513029,
    "205":0.021358393848782572,
    "206":0.042716787697565144,
    "207":0.021358393848782572,
    "208":0.0,
    "209":0.042716787697565144,
    "210":0.08543357539513029,
    "211":0.0,
    "212":0.021358393848782572,
    "213":0.06407518154634771,
    "214":0.042716787697565144,
    "215":0.06407518154634771,
    "216":0.08543357539513029,
    "217":0.042716787697565144,
    "218":0.06407518154634771,
    "219":0.06407518154634771,
    "220":0.021358393848782572,
    "221":0.042716787697565144,
    "222":0.06407518154634771,
    "223":0.021358393848782572,
    "224":0.06407518154634771,
    "225":0.0,
    "226":0.08543357539513029,
    "227":0.08543357539513029,
    "228":0.021358393848782572,
    "229":0.0,
    "230":0.0,
    "231":0.042716787697565144,
    "232":0.042716787697565144,
    "233":0.0,
    "234":0.021358393848782572,
    "235":0.042716787697565144,
    "236":0.042716787697565144,
    "237":0.021358393848782572,
    "238":0.08543357539513029,
    "239":0.021358393848782572,
    "240":0.0,
    "241":0.08543357539513029,
    "242":0.0,
    "243":0.0,
    "244":0.042716787697565144,
    "245":0.0,
    "246":0.0,
    "247":0.021358393848782572,
    "248":0.0,
    "249":0.021358393848782572,
    "250":0.021358393848782572,
    "251":0.021358393848782572,
    "252":0.0,
    "253":0.0,
    "254":0.0,
    "255":0.0,
    "256":0.0,
    "257":0.0,
    "258":0.0,
    "259":0.0,
    "260":0.0,
    "261":0.0,
    "262":0.021358393848782572,
    "263":0.021358393848782572,
    "264":0.0,
    "265":0.0,
    "266":0.021358393848782572,
    "267":0.021358393848782572,
    "268":0.021358393848782572,
    "269":0.021358393848782572,
    "270":0.021358393848782572,
    "271":0.0,
    "272":0.0,
    "273":0.021358393848782572,
    "274":0.0,
    "275":0.0,
    "276":0.021358393848782572,
    "277":0.021358393848782572,
    "278":0.0,
    "279":0.0,
    "280":0.0,
    "281":0.0,
    "282":0.0,