{
    "0":3.863922721545569,
    "1":2.897942041159177,
    "2":1.364972700545989,
    "3":0.125997480050399,
    "4":0.125997480050399,
    "5":0.39899202015959684,
    "6":0.48299034019319614,
    "7":0.9029819403611928,
    "8":1.4699706005879882,
    "9":1.2809743805123899,
    "10":1.4699706005879882,
    "11":1.4489710205795885,
    "12":2.0369592608147835,
    "13":2.141957160856783,
    "14":2.0579588408231837,
    "15":1.1759764804703907,
    "16":1.7009659806803863,
    "17":2.3519529609407814,
    "18":2.435951280974381,
    "19":2.0789584208315834,
    "20":2.246955060898782,
    "21":1.6589668206635866,
    "22":1.889962200755985,
    "23":1.9319613607727846,
    "24":1.5539689206215874,
    "25":1.4699706005879882,
    "26":1.5959680806383874,
    "27":1.5539689206215874,
    "28":1.6169676606467869,
    "29":1.490970180596388,
    "30":1.2179756404871904,
    "31":1.364972700545989,
    "32":0.9029819403611928,
    "33":0.9449811003779925,
    "34":0.9239815203695927,
    "35":0.6929861402771945,
    "36":0.9659806803863923,
    "37":0.9029819403611928,
    "38":0.9239815203695927,
    "39":1.007979840403192,
    "40":1.0919781604367913,
    "41":0.7559848803023939,
    "42":1.1549769004619908,
    "43":1.25997480050399,
    "44":0.7139857202855944,
    "45":0.8399832003359933,
    "46":0.9239815203695927,
    "47":0.7349853002939941,
    "48":0.6929861402771945,
    "49":0.7769844603107937,
    "50":0.5459890802183957,
    "51":0.881982360352793,
    "52":0.7769844603107937,
    "53":0.8399832003359933,
    "54":0.6929861402771945,
    "55":0.5249895002099958,
    "56":0.9239815203695927,
    "57":0.7979840403191937,
    "58":0.7349853002939941,
    "59":0.9239815203695927,
    "60":0.8189836203275935,
    "61":0.629987400251995,
    "62":0.8399832003359933,
    "63":0.7559848803023939,
    "64":0.5879882402351954,
    "65":0.3569928601427972,
    "66":0.881982360352793,
    "67":0.6719865602687947,
    "68":0.37799244015119693,
    "69":0.48299034019319614,
    "70":0.37799244015119693,
    "71":0.23099538009239817,
    "72":0.46199076018479635,
    "73":0.39899202015959684,
    "74":0.251994960100798,
    "75":0.37799244015119693,
    "76":0.37799244015119693,
    "77":0.5249895002099958,
    "78":0.2729945401091978,
    "79":0.2729945401091978,
    "80":0.2729945401091978,
    "81":0.251994960100798,
    "82":0.23099538009239817,
    "83":0.23099538009239817,
    "84":0.3569928601427972,
    "85":0.251994960100798,
    "86":0.251994960100798,
    "87":0.2939941201175977,
    "88":0.251994960100798,
    "89":0.37799244015119693,
    "90":0.251994960100798,
    "91":0.23099538009239817,
    "92":0.23099538009239817,
    "93":0.37799244015119693,
    "94":0.23099538009239817,
    "95":0.251994960100798,
    "96":0.39899202015959684,
    "97":0.20999580008399832,
    "98":0.2729945401091978,
    "99":0.251994960100798,
    "100":0.18899622007559846,
    "101":0.3149937001259975,
    "102":0.251994960100798,
    "103":0.23099538009239817,
    "104":0.20999580008399832,
    "105":0.3149937001259975,
    "106":0.08399832003359933,
    "107":0.4409911801763965,
    "108":0.23099538009239817,
    "109":0.23099538009239817,
    "110":0.18899622007559846,
    "111":0.18899622007559846,
    "112":0.0629987400251995,
    "113":0.125997480050399,
    "114":0.10499790004199916,
    "115":0.08399832003359933,
    "116":0.18899622007559846,
    "117":0.14699706005879884,
    "118":0.08399832003359933,
    "119":0.041999160016799666,
    "120":0.0629987400251995,
    "121":0.10499790004199916,
    "122":0.08399832003359933,
    "123":0.020999580008399833,
    "124":0.0629987400251995,
    "125":0.020999580008399833,
    "126":0.08399832003359933,
    "127":0.16799664006719867,
    "128":0.125997480050399,
    "129":0.125997480050399,
    "130":0.0,
    "131":0.08399832003359933,
    "132":0.0629987400251995,
    "133":0.0,
    "134":0.14699706005879884,
    "135":0.10499790004199916,
    "136":0.125997480050399,
    "137":0.10499790004199916,
    "138":0.10499790004199916,
    "139":0.0629987400251995,
    "140":0.08399832003359933,
    "141":0.0629987400251995,
    "142":0.020999580008399833,
    "143":0.14699706005879884,
    "144":0.0629987400251995,
    "145":0.10499790004199916,
    "146":0.10499790004199916,
    "147":0.0629987400251995,
    "148":0.041999160016799666,
    "149":0.125997480050399,
    "150":0.08399832003359933,
    "151":0.10499790004199916,
    "152":0.0629987400251995,
    "153":0.0629987400251995,
    "154":0.041999160016799666,
    "155":0.041999160016799666,
    "156":0.041999160016799666,
    "157":0.14699706005879884,
    "158":0.125997480050399,
    "159":0.0629987400251995,
    "160":0.0629987400251995,
    "161":0.020999580008399833,
    "162":0.041999160016799666,
    "163":0.0,
    "164":0.0629987400251995,
    "165":0.041999160016799666,
    "166":0.0629987400251995,
    "167":0.125997480050399,
    "168":0.041999160016799666,
    "169":0.020999580008399833,
    "170":0.020999580008399833,
    "171":0.041999160016799666,
    "172":0.020999580008399833,
    "173":0.020999580008399833,
    "174":0.020999580008399833,
    "175":0.020999580008399833,
    "176":0.020999580008399833,
    "177":0.0,
    "178":0.041999160016799666,
    "179":0.041999160016799666,
    "180":0.0,
    "181":0.020999580008399833,
    "182":0.041999160016799666,
    "183":0.020999580008399833,
    "184":0.041999160016799666,
    "185":0.041999160016799666,
    "186":0.0,
    "187":0.08399832003359933,
    "188":0.041999160016799666,
    "189":0.0,
    "190":0.08399832003359933,
    "191":0.020999580008399833,
    "192":0.0,
    "193":0.0,
    "194":0.020999580008399833,
    "195":0.0,
    "196":0.0,
    "197":0.020999580008399833,
    "198":0.0,
    "199":0.020999580008399833,
    "200":0.020999580008399833,
    "201":0.0,
    "202":0.041999160016799666,
    "203":0.0,
    "204":0.020999580008399833,
    "205":0.0,
    "206":0.020999580008399833,
    "207":0.0,
    "208":0.0,
    "209":0.0,
    "210":0.0,
    "211":0.020999580008399833,
    "212":0.020999580008399833,
    "213":0.0,
    "214":0.0,
    "215":0.0,
    "216":0.0,
    "217":0.0,
    "218":0.0,
    "219":0.020999580008399833,
    "220":0.020999580008399833,
    "221":0.0,
    "222":0.0,
    "223":0.020999580008399833,
    "224":0.0,
    "225":0.0,
    "226":0.0,
    "227":0.020999580008399833,
    "228":0.0,
    "229":0.0,
    "230":0.08399832003359933,
    "231":0.0,
    "232":0.0,
    "233":0.0,
    "234":0.0,
    "235":0.020999580008399833,
    "236":0.0,
    "237":0.0,
    "238":0.0,
    "239":0.0,
    "240":0.0,
    "241":0.0,
    "242":0.0,
    "243":0.0,
    "244":0.0,
    "245":0.0,
    "246":0.020999580008399833,
    "247":0.08399832003359933,
    "248":0.0,
    "249":0.0,
    "250":0.0,
    "251":0.0,
    "252":0.0,
    "253":0.0,
    "254":0.0,
    "255":0.0,
    "256":0.0,
    "257":0.0,
    "258":0.0,
    "259":0.0,
    "260":0.0,
    "261":0.0,
    "262":0.0,
    "263":0.0,
    "264":0.0,
    "265":0.0,
    "266":0.0,
    "267":0.0,
    "268":0.0,
    "269":0.0,
    "270":0.0,
    "271":0.0,
    "272":0.0,
    "273":0.0,
    "274":0.0,
    "275":0.0,
    "276":0.0,
    "277":0.0,
    "278":0.0,
    "279":0.041999160016799666,
    "280":0.0,
    "281":0.0,
    "282":0.0,
    "283":0.0,
    "284":0.0,
    "285":0.0,
    "286":0.0,
    "287":0.0,
    "288":0.0,
    "289":0.0,
    "290":0.0,
    "291":0.0,
    "292":0.0,
    "293":0.0,
    "294":0.0,
    "295":0.0,
    "296":0.0,
    "297":0.0,
    "298":0.0,
    "299":0.0,
    "300":0.0,
    "301":0.0,
    "302":0.0,
    "303":0.0,
    "304":0.0,
    "305":0.0,
    "306":0.020999580008399833,
    "307":0.020999580008399833,
    "308":0.0,
    "309":0.0,
    "310":0.0,
    "311":0.0,
    "312":0.0,
    "313":0.0,
    "314":0.0,
    "315":0.0,
    "316":0.0,
    "317":0.0,
    "318":0.020999580008399833,
    "319":0.0,
    "320":0.0,
    "321":0.0,
    "322":0.020999580008399833,
    "323":0.0,
    "324":0.0,