{
    "0":1.7411865864144453,
    "1":0.5374032674118658,
    "2":0.2579535683576956,
    "3":0.10748065348237318,
    "4":0.32244196044711954,
    "5":0.6878761822871883,
    "6":1.4402407566638005,
    "7":1.8056749785038695,
    "8":1.0748065348237317,
    "9":1.1607910576096303,
    "10":1.1822871883061048,
    "11":0.7953568357695615,
    "12":0.816852966466036,
    "13":0.2794496990541703,
    "14":0.3869303525365434,
    "15":0.9243336199484092,
    "16":1.4187446259673258,
    "17":0.9673258813413586,
    "18":1.2682717110920034,
    "19":1.0748065348237317,
    "20":1.2037833190025795,
    "21":1.48323301805675,
    "22":1.4617368873602752,
    "23":1.6981943250214964,
    "24":1.526225279449699,
    "25":1.8056749785038695,
    "26":1.633705932932072,
    "27":1.9561478933791918,
    "28":2.106620808254514,
    "29":1.633705932932072,
    "30":1.246775580395529,
    "31":1.2897678417884781,
    "32":1.3112639724849526,
    "33":1.117798796216681,
    "34":1.4187446259673258,
    "35":1.4402407566638005,
    "36":1.2897678417884781,
    "37":1.48323301805675,
    "38":1.633705932932072,
    "39":1.827171109200344,
    "40":1.2037833190025795,
    "41":0.88134135855546,
    "42":1.0748065348237317,
    "43":1.1607910576096303,
    "44":1.0963026655202064,
    "45":1.246775580395529,
    "46":0.9458297506448838,
    "47":1.2252794496990542,
    "48":1.053310404127257,
    "49":0.8598452278589854,
    "50":1.0963026655202064,
    "51":0.8598452278589854,
    "52":1.0318142734307825,
    "53":0.6878761822871883,
    "54":0.5374032674118658,
    "55":0.7308684436801376,
    "56":0.7523645743766122,
    "57":0.6663800515907137,
    "58":0.7308684436801376,
    "59":0.9028374892519347,
    "60":0.8598452278589854,
    "61":0.5374032674118658,
    "62":0.4944110060189166,
    "63":0.6448839208942391,
    "64":0.6018916595012898,
    "65":0.7953568357695615,
    "66":0.6663800515907137,
    "67":0.9888220120378332,
    "68":0.5374032674118658,
    "69":0.7308684436801376,
    "70":0.4944110060189166,
    "71":0.7093723129836629,
    "72":0.5588993981083406,
    "73":0.6233877901977645,
    "74":0.4299226139294927,
    "75":0.5588993981083406,
    "76":0.3869303525365434,
    "77":0.3869303525365434,
    "78":0.4729148753224419,
    "79":0.34393809114359414,
    "80":0.3654342218400688,
    "81":0.3869303525365434,
    "82":0.3869303525365434,
    "83":0.4729148753224419,
    "84":0.4729148753224419,
    "85":0.32244196044711954,
    "86":0.3009458297506449,
    "87":0.3869303525365434,
    "88":0.21496130696474636,
    "89":0.2579535683576956,
    "90":0.3009458297506449,
    "91":0.3009458297506449,
    "92":0.10748065348237318,
    "93":0.21496130696474636,
    "94":0.1934651762682717,
    "95":0.23645743766122096,
    "96":0.1934651762682717,
    "97":0.21496130696474636,
    "98":0.1934651762682717,
    "99":0.10748065348237318,
    "100":0.17196904557179707,
    "101":0.17196904557179707,
    "102":0.2579535683576956,
    "103":0.21496130696474636,
    "104":0.1289767841788478,
    "105":0.1934651762682717,
    "106":0.1289767841788478,
    "107":0.04299226139294927,
    "108":0.15047291487532244,
    "109":0.21496130696474636,
    "110":0.10748065348237318,
    "111":0.21496130696474636,
    "112":0.10748065348237318,
    "113":0.17196904557179707,
    "114":0.1934651762682717,
    "115":0.17196904557179707,
    "116":0.08598452278589853,
    "117":0.0644883920894239,
    "118":0.04299226139294927,
    "119":0.1934651762682717,
    "120":0.0644883920894239,
    "121":0.1289767841788478,
    "122":0.04299226139294927,
    "123":0.08598452278589853,
    "124":0.21496130696474636,
    "125":0.10748065348237318,
    "126":0.1289767841788478,
    "127":0.17196904557179707,
    "128":0.21496130696474636,
    "129":0.021496130696474634,
    "130":0.17196904557179707,
    "131":0.10748065348237318,
    "132":0.0,
    "133":0.10748065348237318,
    "134":0.04299226139294927,
    "135":0.1289767841788478,
    "136":0.021496130696474634,
    "137":0.0644883920894239,
    "138":0.0644883920894239,
    "139":0.08598452278589853,
    "140":0.10748065348237318,
    "141":0.0644883920894239,
    "142":0.04299226139294927,
    "143":0.0644883920894239,
    "144":0.04299226139294927,
    "145":0.08598452278589853,
    "146":0.08598452278589853,
    "147":0.1934651762682717,
    "148":0.08598452278589853,
    "149":0.10748065348237318,
    "150":0.15047291487532244,
    "151":0.1289767841788478,
    "152":0.08598452278589853,
    "153":0.1289767841788478,
    "154":0.15047291487532244,
    "155":0.0644883920894239,
    "156":0.32244196044711954,
    "157":0.04299226139294927,
    "158":0.10748065348237318,
    "159":0.10748065348237318,
    "160":0.15047291487532244,
    "161":0.04299226139294927,
    "162":0.021496130696474634,
    "163":0.021496130696474634,
    "164":0.08598452278589853,
    "165":0.08598452278589853,
    "166":0.1289767841788478,
    "167":0.10748065348237318,
    "168":0.17196904557179707,
    "169":0.1289767841788478,
    "170":0.17196904557179707,
    "171":0.04299226139294927,
    "172":0.10748065348237318,
    "173":0.0644883920894239,
    "174":0.04299226139294927,
    "175":0.15047291487532244,
    "176":0.1934651762682717,
    "177":0.0644883920894239,
    "178":0.04299226139294927,
    "179":0.08598452278589853,
    "180":0.0644883920894239,
    "181":0.04299226139294927,
    "182":0.08598452278589853,
    "183":0.021496130696474634,
    "184":0.021496130696474634,
    "185":0.021496130696474634,
    "186":0.17196904557179707,
    "187":0.0,
    "188":0.10748065348237318,
    "189":0.04299226139294927,
    "190":0.0644883920894239,
    "191":0.021496130696474634,
    "192":0.0,
    "193":0.08598452278589853,
    "194":0.04299226139294927,
    "195":0.0,
    "196":0.04299226139294927,
    "197":0.10748065348237318,
    "198":0.0644883920894239,
    "199":0.08598452278589853,
    "200":0.0644883920894239,
    "201":0.10748065348237318,
    "202":0.04299226139294927,
    "203":0.04299226139294927,
    "204":0.0644883920894239,
    "205":0.0644883920894239,
    "206":0.021496130696474634,
    "207":0.0644883920894239,
    "208":0.021496130696474634,
    "209":0.08598452278589853,
    "210":0.021496130696474634,
    "211":0.0644883920894239,
    "212":0.04299226139294927,
    "213":0.04299226139294927,
    "214":0.1289767841788478,
    "215":0.04299226139294927,
    "216":0.04299226139294927,
    "217":0.021496130696474634,
    "218":0.021496130696474634,
    "219":0.1289767841788478,
    "220":0.021496130696474634,
    "221":0.0,
    "222":0.0644883920894239,
    "223":0.021496130696474634,
    "224":0.04299226139294927,
    "225":0.04299226139294927,
    "226":0.021496130696474634,
    "227":0.0644883920894239,
    "228":0.021496130696474634,
    "229":0.0644883920894239,
    "230":0.04299226139294927,
    "231":0.10748065348237318,
    "232":0.0,
    "233":0.021496130696474634,
    "234":0.10748065348237318,
    "235":0.0,
    "236":0.10748065348237318,
    "237":0.04299226139294927,
    "238":0.021496130696474634,
    "239":0.0644883920894239,
    "240":0.10748065348237318,
    "241":0.04299226139294927,
    "242":0.04299226139294927,
    "243":0.04299226139294927,
    "244":0.021496130696474634,
    "245":0.0644883920894239,
    "246":0.0644883920894239,
    "247":0.0644883920894239,
    "248":0.021496130696474634,
    "249":0.0644883920894239,
    "250":0.021496130696474634,
    "251":0.021496130696474634,
    "252":0.0644883920894239,
    "253":0.04299226139294927,
    "254":0.1289767841788478,
    "255":0.021496130696474634,
    "256":0.0,
    "257":0.0,
    "258":0.04299226139294927,
    "259":0.0644883920894239,
    "260":0.08598452278589853,
    "261":0.0,
    "262":0.08598452278589853,
    "263":0.04299226139294927,
    "264":0.0644883920894239,
    "265":0.04299226139294927,
    "266":0.021496130696474634,
    "267":0.021496130696474634,
    "268":0.021496130696474634,
    "269":0.04299226139294927,