{
    "0":2.8210838901262063,
    "1":0.27220984904726553,
    "2":0.07423904974016332,
    "3":0.0989853996535511,
    "4":0.5196733481811433,
    "5":0.6186587478346944,
    "6":0.8661222469685721,
    "7":0.2969561989606533,
    "8":0.8661222469685721,
    "9":0.7423904974016332,
    "10":0.4206879485275922,
    "11":0.4949269982677555,
    "12":1.0146003464488988,
    "13":0.5444196980945311,
    "14":0.7176441474882455,
    "15":0.12373174956693887,
    "16":0.14847809948032664,
    "17":0.07423904974016332,
    "18":0.14847809948032664,
    "19":0.17322444939371442,
    "20":0.27220984904726553,
    "21":0.5196733481811433,
    "22":0.6434050977480821,
    "23":0.989853996535511,
    "24":0.8413758970551845,
    "25":1.1878247958426131,
    "26":1.0640930462756744,
    "27":0.9403612967087355,
    "28":1.0640930462756744,
    "29":1.2373174956693889,
    "30":1.2373174956693889,
    "31":1.0146003464488988,
    "32":0.8908685968819599,
    "33":1.0393466963622866,
    "34":1.0146003464488988,
    "35":1.2373174956693889,
    "36":1.3610492452363276,
    "37":1.5837663944568177,
    "38":1.1878247958426131,
    "39":1.9054689433308587,
    "40":1.55902004454343,
    "41":1.6085127443702056,
    "42":1.1878247958426131,
    "43":1.2868101954961642,
    "44":0.9651076466221231,
    "45":0.8661222469685721,
    "46":0.989853996535511,
    "47":1.212571145756001,
    "48":1.0393466963622866,
    "49":1.1383320960158376,
    "50":1.1878247958426131,
    "51":1.0888393961890621,
    "52":1.2620638455827766,
    "53":1.3857955951497154,
    "54":1.2620638455827766,
    "55":1.3115565454095521,
    "56":1.1878247958426131,
    "57":1.2620638455827766,
    "58":1.1383320960158376,
    "59":1.1630784459292256,
    "60":1.2620638455827766,
    "61":1.0393466963622866,
    "62":1.2373174956693889,
    "63":0.989853996535511,
    "64":1.2373174956693889,
    "65":1.4600346448898789,
    "66":1.2620638455827766,
    "67":1.3115565454095521,
    "68":0.8661222469685721,
    "69":1.0146003464488988,
    "70":0.7671368473150211,
    "71":1.1383320960158376,
    "72":0.9403612967087355,
    "73":0.7423904974016332,
    "74":0.6928977975748577,
    "75":0.5196733481811433,
    "76":0.8661222469685721,
    "77":0.6928977975748577,
    "78":0.5691660480079188,
    "79":0.5691660480079188,
    "80":0.7176441474882455,
    "81":0.6434050977480821,
    "82":0.24746349913387775,
    "83":0.6434050977480821,
    "84":0.5196733481811433,
    "85":0.4454342984409799,
    "86":0.7176441474882455,
    "87":0.5691660480079188,
    "88":0.5444196980945311,
    "89":0.47018064835436774,
    "90":0.5196733481811433,
    "91":0.5444196980945311,
    "92":0.34644889878742885,
    "93":0.2969561989606533,
    "94":0.2969561989606533,
    "95":0.3711952487008166,
    "96":0.27220984904726553,
    "97":0.0989853996535511,
    "98":0.17322444939371442,
    "99":0.22271714922048996,
    "100":0.1979707993071022,
    "101":0.32170254887404104,
    "102":0.14847809948032664,
    "103":0.17322444939371442,
    "104":0.24746349913387775,
    "105":0.12373174956693887,
    "106":0.1979707993071022,
    "107":0.34644889878742885,
    "108":0.17322444939371442,
    "109":0.12373174956693887,
    "110":0.07423904974016332,
    "111":0.14847809948032664,
    "112":0.0989853996535511,
    "113":0.07423904974016332,
    "114":0.17322444939371442,
    "115":0.12373174956693887,
    "116":0.17322444939371442,
    "117":0.14847809948032664,
    "118":0.0989853996535511,
    "119":0.0989853996535511,
    "120":0.17322444939371442,
    "121":0.14847809948032664,
    "122":0.07423904974016332,
    "123":0.0989853996535511,
    "124":0.27220984904726553,
    "125":0.07423904974016332,
    "126":0.07423904974016332,
    "127":0.17322444939371442,
    "128":0.22271714922048996,
    "129":0.14847809948032664,
    "130":0.17322444939371442,
    "131":0.1979707993071022,
    "132":0.17322444939371442,
    "133":0.12373174956693887,
    "134":0.27220984904726553,
    "135":0.12373174956693887,
    "136":0.1979707993071022,
    "137":0.12373174956693887,
    "138":0.22271714922048996,
    "139":0.14847809948032664,
    "140":0.1979707993071022,
    "141":0.14847809948032664,
    "142":0.1979707993071022,
    "143":0.04949269982677555,
    "144":0.0989853996535511,
    "145":0.0989853996535511,
    "146":0.24746349913387775,
    "147":0.07423904974016332,
    "148":0.22271714922048996,
    "149":0.1979707993071022,
    "150":0.14847809948032664,
    "151":0.12373174956693887,
    "152":0.024746349913387776,
    "153":0.0,
    "154":0.14847809948032664,
    "155":0.024746349913387776,
    "156":0.07423904974016332,
    "157":0.04949269982677555,
    "158":0.07423904974016332,
    "159":0.04949269982677555,
    "160":0.0989853996535511,
    "161":0.0989853996535511,
    "162":0.04949269982677555,
    "163":0.14847809948032664,
    "164":0.12373174956693887,
    "165":0.0989853996535511,
    "166":0.07423904974016332,
    "167":0.04949269982677555,
    "168":0.17322444939371442,
    "169":0.024746349913387776,
    "170":0.0989853996535511,
    "171":0.04949269982677555,
    "172":0.024746349913387776,
    "173":0.0,
    "174":0.0,
    "175":0.14847809948032664,
    "176":0.0989853996535511,
    "177":0.07423904974016332,
    "178":0.0,
    "179":0.0,
    "180":0.12373174956693887,
    "181":0.0989853996535511,
    "182":0.07423904974016332,
    "183":0.04949269982677555,
    "184":0.04949269982677555,
    "185":0.07423904974016332,
    "186":0.024746349913387776,
    "187":0.024746349913387776,
    "188":0.12373174956693887,
    "189":0.07423904974016332,
    "190":0.0989853996535511,
    "191":0.04949269982677555,
    "192":0.22271714922048996,
    "193":0.14847809948032664,
    "194":0.024746349913387776,
    "195":0.04949269982677555,
    "196":0.04949269982677555,
    "197":0.024746349913387776,
    "198":0.024746349913387776,
    "199":0.04949269982677555,
    "200":0.07423904974016332,
    "201":0.12373174956693887,
    "202":0.04949269982677555,
    "203":0.024746349913387776,
    "204":0.024746349913387776,
    "205":0.07423904974016332,
    "206":0.04949269982677555,
    "207":0.12373174956693887,
    "208":0.04949269982677555,
    "209":0.14847809948032664,
    "210":0.024746349913387776,
    "211":0.04949269982677555,
    "212":0.07423904974016332,
    "213":0.024746349913387776,
    "214":0.04949269982677555,
    "215":0.024746349913387776,
    "216":0.0,
    "217":0.04949269982677555,
    "218":0.024746349913387776,
    "219":0.07423904974016332,
    "220":0.04949269982677555,
    "221":0.024746349913387776,
    "222":0.0,
    "223":0.04949269982677555,
    "224":0.07423904974016332,
    "225":0.04949269982677555,
    "226":0.0,
    "227":0.0,
    "228":0.12373174956693887,
    "229":0.024746349913387776,
    "230":0.0,
    "231":0.0989853996535511,
    "232":0.04949269982677555,
    "233":0.024746349913387776,
    "234":0.04949269982677555,
    "235":0.0,
    "236":0.024746349913387776,
    "237":0.0,
    "238":0.07423904974016332,
    "239":0.04949269982677555,
    "240":0.024746349913387776,
    "241":0.024746349913387776,
    "242":0.0,
    "243":0.0,
    "244":0.024746349913387776,
    "245":0.04949269982677555,
    "246":0.12373174956693887,
    "247":0.04949269982677555,
    "248":0.024746349913387776,
    "249":0.0,
    "250":0.024746349913387776,
    "251":0.0,
    "252":0.0,
    "253":0.0,
    "254":0.0,
    "255":0.024746349913387776,
    "256":0.0,
    "257":0.024746349913387776,
    "258":0.0,
    "259":0.0,
    "260":0.024746349913387776,
    "261":0.0,
    "262":0.0,
    "263":0.0,
    "264":0.04949269982677555,
    "265":0.0,
    "266":0.0,
    "267":0.0,
    "268":0.024746349913387776,
    "269":0.024746349913387776,
    "270":0.0,
    "271":0.04949269982677555,
    "272":0.0,
    "273":0.0,
    "274":0.0,
    "275":0.0,
    "276":0.0,
    "277":0.0,
    "278":0.0,
    "279":0.0,
    "280":0.0,
    "281":0.0,
    "282":0.0,
    "283":0.024746349913387776,
    "284":0.0,