{
    "0":2.5025025025025025,
    "1":11.745078411745078,
    "2":2.002002002002002,
    "3":0.8008008008008007,
    "4":1.868535201868535,
    "5":2.5692359025692357,
    "6":2.002002002002002,
    "7":0.9676343009676344,
    "8":1.434768101434768,
    "9":0.9676343009676344,
    "10":1.668335001668335,
    "11":2.3690357023690356,
    "12":1.9019019019019021,
    "13":1.9686353019686353,
    "14":2.3023023023023024,
    "15":2.2355689022355687,
    "16":2.7694361027694363,
    "17":2.6026026026026026,
    "18":2.3023023023023024,
    "19":2.5025025025025025,
    "20":1.3013013013013013,
    "21":1.1011011011011012,
    "22":0.9676343009676344,
    "23":1.2679346012679347,
    "24":1.6349683016349683,
    "25":1.7350684017350686,
    "26":1.8351685018351684,
    "27":1.7017017017017018,
    "28":1.8018018018018018,
    "29":1.2679346012679347,
    "30":0.8341675008341675,
    "31":1.334668001334668,
    "32":1.3680347013680347,
    "33":0.667334000667334,
    "34":0.7007007007007007,
    "35":1.0677344010677345,
    "36":0.6339673006339673,
    "37":0.6339673006339673,
    "38":0.8675342008675343,
    "39":0.7340674007340674,
    "40":0.8008008008008007,
    "41":0.6339673006339673,
    "42":1.0343677010343677,
    "43":0.7340674007340674,
    "44":0.8341675008341675,
    "45":0.5672339005672339,
    "46":0.7007007007007007,
    "47":0.40040040040040037,
    "48":0.40040040040040037,
    "49":0.667334000667334,
    "50":0.26693360026693363,
    "51":0.3003003003003003,
    "52":0.3003003003003003,
    "53":0.13346680013346682,
    "54":0.23356690023356688,
    "55":0.10010010010010009,
    "56":0.3003003003003003,
    "57":0.1668335001668335,
    "58":0.43376710043376715,
    "59":0.333667000333667,
    "60":0.43376710043376715,
    "61":0.46713380046713376,
    "62":0.333667000333667,
    "63":0.1668335001668335,
    "64":0.333667000333667,
    "65":0.333667000333667,
    "66":0.26693360026693363,
    "67":0.333667000333667,
    "68":0.3670337003670337,
    "69":0.13346680013346682,
    "70":0.20020020020020018,
    "71":0.23356690023356688,
    "72":0.3003003003003003,
    "73":0.40040040040040037,
    "74":0.333667000333667,
    "75":0.40040040040040037,
    "76":0.1668335001668335,
    "77":0.3003003003003003,
    "78":0.23356690023356688,
    "79":0.20020020020020018,
    "80":0.23356690023356688,
    "81":0.26693360026693363,
    "82":0.333667000333667,
    "83":0.333667000333667,
    "84":0.3670337003670337,
    "85":0.0,
    "86":0.033366700033366704,
    "87":0.13346680013346682,
    "88":0.06673340006673341,
    "89":0.13346680013346682,
    "90":0.13346680013346682,
    "91":0.06673340006673341,
    "92":0.26693360026693363,
    "93":0.033366700033366704,
    "94":0.20020020020020018,
    "95":0.10010010010010009,
    "96":0.1668335001668335,
    "97":0.06673340006673341,
    "98":0.06673340006673341,
    "99":0.033366700033366704,
    "100":0.0,
    "101":0.033366700033366704,
    "102":0.13346680013346682,
    "103":0.033366700033366704,
    "104":0.06673340006673341,
    "105":0.06673340006673341,
    "106":0.13346680013346682,
    "107":0.0,
    "108":0.033366700033366704,
    "109":0.033366700033366704,
    "110":0.10010010010010009,
    "111":0.26693360026693363,
    "112":0.0,
    "113":0.033366700033366704,
    "114":0.0,
    "115":0.033366700033366704,
    "116":0.0,
    "117":0.0,
    "118":0.033366700033366704,
    "119":0.033366700033366704,
    "120":0.0,
    "121":0.0,
    "122":0.0,
    "123":0.0,
    "124":0.06673340006673341,
    "125":0.06673340006673341,
    "126":0.033366700033366704,
    "127":0.033366700033366704,
    "128":0.0,
    "129":0.06673340006673341,
    "130":0.10010010010010009,
    "131":0.06673340006673341,
    "132":0.033366700033366704,
    "133":0.033366700033366704,
    "134":0.06673340006673341,
    "135":0.06673340006673341,
    "136":0.033366700033366704,
    "137":0.06673340006673341,
    "138":0.033366700033366704,
    "139":0.06673340006673341,
    "140":0.033366700033366704,
    "141":0.13346680013346682,
    "142":0.06673340006673341,
    "143":0.033366700033366704,
    "144":0.10010010010010009,
    "145":0.0,
    "146":0.06673340006673341,
    "147":0.06673340006673341,
    "148":0.13346680013346682,
    "149":0.0,
    "150":0.0,
    "151":0.06673340006673341,
    "152":0.0,
    "153":0.06673340006673341,
    "154":0.0,
    "155":0.10010010010010009,
    "156":0.033366700033366704,
    "157":0.0,
    "158":0.10010010010010009,
    "159":0.06673340006673341,
    "160":0.06673340006673341,
    "161":0.06673340006673341,
    "162":0.0,
    "163":0.06673340006673341,
    "164":0.23356690023356688,
    "165":0.13346680013346682,
    "166":0.06673340006673341,
    "167":0.0,
    "168":0.0,
    "169":0.033366700033366704,
    "170":0.0,
    "171":0.033366700033366704,
    "172":0.0,
    "173":0.0,
    "174":0.033366700033366704,
    "175":0.10010010010010009,
    "176":0.06673340006673341,
    "177":0.033366700033366704,
    "178":0.033366700033366704,
    "179":0.06673340006673341,
    "180":0.033366700033366704,
    "181":0.033366700033366704,
    "182":0.06673340006673341,
    "183":0.06673340006673341,
    "184":0.06673340006673341,
    "185":0.0,
    "186":0.06673340006673341,
    "187":0.0,
    "188":0.10010010010010009,
    "189":0.033366700033366704,
    "190":0.033366700033366704,
    "191":0.0,
    "192":0.10010010010010009,
    "193":0.13346680013346682,
    "194":0.06673340006673341,
    "195":0.13346680013346682,
    "196":0.0,
    "197":0.13346680013346682,
    "198":0.0,
    "199":0.06673340006673341,
    "200":0.13346680013346682,
    "201":0.13346680013346682,
    "202":0.0,
    "203":0.0,
    "204":0.0,
    "205":0.10010010010010009,
    "206":0.0,
    "207":0.10010010010010009,
    "208":0.10010010010010009,
    "209":0.033366700033366704,
    "210":0.10010010010010009,
    "211":0.0,
    "212":0.0,
    "213":0.0,
    "214":0.20020020020020018,
    "215":0.06673340006673341,
    "216":0.06673340006673341,
    "217":0.033366700033366704,
    "218":0.0,
    "219":0.0,
    "220":0.033366700033366704,
    "221":0.033366700033366704,
    "222":0.0,
    "223":0.13346680013346682,
    "224":0.0,
    "225":0.033366700033366704,
    "226":0.033366700033366704,
    "227":0.06673340006673341,
    "228":0.0,
    "229":0.0,
    "230":0.10010010010010009,
    "231":0.06673340006673341,
    "232":0.0,
    "233":0.0,
    "234":0.0,
    "235":0.033366700033366704,
    "236":0.033366700033366704,
    "237":0.0,
    "238":0.033366700033366704,
    "239":0.033366700033366704,
    "240":0.0,
    "241":0.06673340006673341,
    "242":0.033366700033366704,
    "243":0.06673340006673341,
    "244":0.06673340006673341,
    "245":0.033366700033366704,
    "246":0.13346680013346682,
    "247":0.0,
    "248":0.033366700033366704,
    "249":0.0,
    "250":0.0,
    "251":0.0,
    "252":0.033366700033366704,
    "253":0.0,
    "254":0.0,
    "255":0.033366700033366704,
    "256":0.06673340006673341,
    "257":0.0,
    "258":0.0,
    "259":0.0,
    "260":0.033366700033366704,
    "261":0.0,
    "262":0.0,
    "263":0.1668335001668335,
    "264":0.0,
    "265":0.0,
    "266":0.033366700033366704,
    "267":0.0,
    "268":0.033366700033366704,
    "269":0.0,
    "270":0.0,
    "271":0.0,
    "272":0.033366700033366704,
    "273":0.0,
    "274":0.0,
    "275":0.0,
    "276":0.0,
    "277":0.0,
    "278":0.0,
    "279":0.0,
    "280":0.0,
    "281":0.0,
    "282":0.0,
    "283":0.0,
    "284":0.0,
    "285":0.0,
    "286":0.0,
    "287":0.0,
    "288":0.0,
    "289":0.0,
    "290":0.0,
    "291":0.0,
    "292":0.0,
    "293":0.0,
    "294":0.0,
    "295":0.0,
    "296":0.033366700033366704,
    "297":0.0,
    "298":0.0,
    "299":0.0,
    "300":0.033366700033366704,
    "301":0.033366700033366704,
    "302":0.0,
    "303":0.033366700033366704,
    "304":0.0,
    "305":0.0,
    "306":0.0,
    "307":0.0,
    "308":0.0,
    "309":0.0,
    "310":0.0,
    "311":0.033366700033366704,
    "312":0.033366700033366704,