{
    "0":1.386577925679423,
    "1":2.3017193566278427,
    "2":1.5252357182473655,
    "3":1.6084303937881308,
    "4":1.6361619523017192,
    "5":2.4681087077093733,
    "6":0.5268996117581808,
    "7":1.1092623405435387,
    "8":1.192457016084304,
    "9":1.1092623405435387,
    "10":1.0537992235163616,
    "11":1.2479201331114809,
    "12":1.3311148086522462,
    "13":1.3033832501386577,
    "14":0.8042151968940654,
    "15":0.6378258458125347,
    "16":0.5268996117581808,
    "17":1.4420410427066,
    "18":1.3588463671658346,
    "19":1.0260676650027731,
    "20":1.0537992235163616,
    "21":0.9151414309484194,
    "22":1.1092623405435387,
    "23":1.2756516916250693,
    "24":1.0537992235163616,
    "25":1.3033832501386577,
    "26":1.4697726012201886,
    "27":1.4697726012201886,
    "28":1.3588463671658346,
    "29":1.0815307820299502,
    "30":1.0537992235163616,
    "31":1.136993899057127,
    "32":1.2201885745978924,
    "33":1.4697726012201886,
    "34":0.8596783139212423,
    "35":0.8874098724348309,
    "36":0.8319467554076538,
    "37":0.7487520798668885,
    "38":0.6932889628397115,
    "39":0.8596783139212423,
    "40":0.8596783139212423,
    "41":0.9706045479755963,
    "42":0.8596783139212423,
    "43":0.4714364947310039,
    "44":0.9706045479755963,
    "45":0.8874098724348309,
    "46":1.2201885745978924,
    "47":0.6932889628397115,
    "48":0.6100942872989462,
    "49":0.9428729894620078,
    "50":0.9706045479755963,
    "51":1.2201885745978924,
    "52":1.1647254575707155,
    "53":0.6655574043261231,
    "54":1.0260676650027731,
    "55":0.8596783139212423,
    "56":0.8042151968940654,
    "57":0.7487520798668885,
    "58":0.8596783139212423,
    "59":0.6655574043261231,
    "60":0.7487520798668885,
    "61":0.9706045479755963,
    "62":0.8874098724348309,
    "63":0.5823627287853578,
    "64":0.9706045479755963,
    "65":0.8596783139212423,
    "66":0.44370493621741547,
    "67":0.49916805324459235,
    "68":0.3882418191902385,
    "69":0.49916805324459235,
    "70":0.3882418191902385,
    "71":0.33277870216306155,
    "72":0.24958402662229617,
    "73":0.3882418191902385,
    "74":0.33277870216306155,
    "75":0.5268996117581808,
    "76":0.22185246810870773,
    "77":0.5268996117581808,
    "78":0.5823627287853578,
    "79":0.49916805324459235,
    "80":0.4159733777038269,
    "81":0.44370493621741547,
    "82":0.36051026067665,
    "83":0.24958402662229617,
    "84":0.4159733777038269,
    "85":0.24958402662229617,
    "86":0.36051026067665,
    "87":0.3882418191902385,
    "88":0.33277870216306155,
    "89":0.19412090959511924,
    "90":0.36051026067665,
    "91":0.4159733777038269,
    "92":0.22185246810870773,
    "93":0.27731558513588467,
    "94":0.22185246810870773,
    "95":0.22185246810870773,
    "96":0.3050471436494731,
    "97":0.3882418191902385,
    "98":0.16638935108153077,
    "99":0.19412090959511924,
    "100":0.16638935108153077,
    "101":0.4159733777038269,
    "102":0.36051026067665,
    "103":0.44370493621741547,
    "104":0.3050471436494731,
    "105":0.3882418191902385,
    "106":0.16638935108153077,
    "107":0.27731558513588467,
    "108":0.27731558513588467,
    "109":0.3050471436494731,
    "110":0.33277870216306155,
    "111":0.11092623405435387,
    "112":0.19412090959511924,
    "113":0.44370493621741547,
    "114":0.27731558513588467,
    "115":0.22185246810870773,
    "116":0.22185246810870773,
    "117":0.22185246810870773,
    "118":0.36051026067665,
    "119":0.24958402662229617,
    "120":0.27731558513588467,
    "121":0.33277870216306155,
    "122":0.13865779256794233,
    "123":0.33277870216306155,
    "124":0.19412090959511924,
    "125":0.3050471436494731,
    "126":0.27731558513588467,
    "127":0.22185246810870773,
    "128":0.3050471436494731,
    "129":0.19412090959511924,
    "130":0.16638935108153077,
    "131":0.22185246810870773,
    "132":0.27731558513588467,
    "133":0.13865779256794233,
    "134":0.16638935108153077,
    "135":0.3050471436494731,
    "136":0.22185246810870773,
    "137":0.24958402662229617,
    "138":0.13865779256794233,
    "139":0.27731558513588467,
    "140":0.22185246810870773,
    "141":0.027731558513588467,
    "142":0.11092623405435387,
    "143":0.13865779256794233,
    "144":0.22185246810870773,
    "145":0.19412090959511924,
    "146":0.24958402662229617,
    "147":0.13865779256794233,
    "148":0.22185246810870773,
    "149":0.11092623405435387,
    "150":0.36051026067665,
    "151":0.08319467554076539,
    "152":0.19412090959511924,
    "153":0.13865779256794233,
    "154":0.11092623405435387,
    "155":0.19412090959511924,
    "156":0.13865779256794233,
    "157":0.24958402662229617,
    "158":0.24958402662229617,
    "159":0.11092623405435387,
    "160":0.027731558513588467,
    "161":0.22185246810870773,
    "162":0.11092623405435387,
    "163":0.11092623405435387,
    "164":0.08319467554076539,
    "165":0.11092623405435387,
    "166":0.11092623405435387,
    "167":0.16638935108153077,
    "168":0.13865779256794233,
    "169":0.08319467554076539,
    "170":0.055463117027176934,
    "171":0.19412090959511924,
    "172":0.13865779256794233,
    "173":0.13865779256794233,
    "174":0.13865779256794233,
    "175":0.0,
    "176":0.055463117027176934,
    "177":0.13865779256794233,
    "178":0.055463117027176934,
    "179":0.11092623405435387,
    "180":0.027731558513588467,
    "181":0.055463117027176934,
    "182":0.08319467554076539,
    "183":0.16638935108153077,
    "184":0.08319467554076539,
    "185":0.08319467554076539,
    "186":0.08319467554076539,
    "187":0.11092623405435387,
    "188":0.055463117027176934,
    "189":0.08319467554076539,
    "190":0.055463117027176934,
    "191":0.0,
    "192":0.055463117027176934,
    "193":0.08319467554076539,
    "194":0.13865779256794233,
    "195":0.055463117027176934,
    "196":0.0,
    "197":0.027731558513588467,
    "198":0.0,
    "199":0.027731558513588467,
    "200":0.027731558513588467,
    "201":0.027731558513588467,
    "202":0.0,
    "203":0.0,
    "204":0.027731558513588467,
    "205":0.13865779256794233,
    "206":0.0,
    "207":0.0,
    "208":0.0,
    "209":0.027731558513588467,
    "210":0.0,
    "211":0.055463117027176934,
    "212":0.027731558513588467,
    "213":0.0,
    "214":0.0,
    "215":0.027731558513588467,
    "216":0.0,
    "217":0.11092623405435387,
    "218":0.0,
    "219":0.0,
    "220":0.11092623405435387,
    "221":0.0,
    "222":0.0,
    "223":0.0,
    "224":0.0,
    "225":0.0,
    "226":0.0,
    "227":0.0,
    "228":0.0,
    "229":0.0
}