{
    "0":8.181818181818182,
    "1":1.0743801652892562,
    "2":0.09917355371900827,
    "3":0.11570247933884298,
    "4":0.09917355371900827,
    "5":0.1487603305785124,
    "6":0.1487603305785124,
    "7":0.1652892561983471,
    "8":0.6446280991735537,
    "9":0.7933884297520661,
    "10":0.8925619834710744,
    "11":1.1074380165289257,
    "12":1.3553719008264462,
    "13":1.6198347107438016,
    "14":1.6363636363636365,
    "15":1.3884297520661157,
    "16":2.1322314049586777,
    "17":1.7355371900826446,
    "18":1.7520661157024793,
    "19":2.2479338842975203,
    "20":2.4958677685950414,
    "21":2.3305785123966944,
    "22":1.9338842975206612,
    "23":2.0495867768595044,
    "24":1.2727272727272727,
    "25":1.9834710743801653,
    "26":2.0495867768595044,
    "27":2.0826446280991737,
    "28":2.1983471074380168,
    "29":1.8677685950413223,
    "30":1.7685950413223142,
    "31":1.6528925619834711,
    "32":1.603305785123967,
    "33":1.5867768595041323,
    "34":2.115702479338843,
    "35":1.6859504132231404,
    "36":1.4545454545454546,
    "37":1.7024793388429753,
    "38":1.2727272727272727,
    "39":1.5867768595041323,
    "40":1.2727272727272727,
    "41":1.1735537190082646,
    "42":1.0743801652892562,
    "43":1.140495867768595,
    "44":1.3057851239669422,
    "45":0.9256198347107438,
    "46":1.0578512396694215,
    "47":0.8429752066115702,
    "48":0.8760330578512396,
    "49":1.0578512396694215,
    "50":0.8429752066115702,
    "51":0.6942148760330579,
    "52":0.6611570247933884,
    "53":0.6446280991735537,
    "54":0.6611570247933884,
    "55":0.8264462809917356,
    "56":0.5454545454545455,
    "57":0.5454545454545455,
    "58":0.6446280991735537,
    "59":0.5289256198347108,
    "60":0.4297520661157025,
    "61":0.4462809917355372,
    "62":0.5619834710743801,
    "63":0.5950413223140496,
    "64":0.4793388429752066,
    "65":0.4132231404958678,
    "66":0.4297520661157025,
    "67":0.4297520661157025,
    "68":0.36363636363636365,
    "69":0.36363636363636365,
    "70":0.5123966942148761,
    "71":0.34710743801652894,
    "72":0.18181818181818182,
    "73":0.3140495867768595,
    "74":0.3305785123966942,
    "75":0.24793388429752067,
    "76":0.2975206611570248,
    "77":0.18181818181818182,
    "78":0.23140495867768596,
    "79":0.21487603305785125,
    "80":0.1652892561983471,
    "81":0.28099173553719003,
    "82":0.2975206611570248,
    "83":0.1487603305785124,
    "84":0.23140495867768596,
    "85":0.21487603305785125,
    "86":0.1652892561983471,
    "87":0.1652892561983471,
    "88":0.21487603305785125,
    "89":0.21487603305785125,
    "90":0.24793388429752067,
    "91":0.18181818181818182,
    "92":0.24793388429752067,
    "93":0.24793388429752067,
    "94":0.19834710743801653,
    "95":0.1322314049586777,
    "96":0.18181818181818182,
    "97":0.2975206611570248,
    "98":0.21487603305785125,
    "99":0.1652892561983471,
    "100":0.11570247933884298,
    "101":0.11570247933884298,
    "102":0.1322314049586777,
    "103":0.09917355371900827,
    "104":0.19834710743801653,
    "105":0.1322314049586777,
    "106":0.1322314049586777,
    "107":0.1322314049586777,
    "108":0.18181818181818182,
    "109":0.1322314049586777,
    "110":0.1652892561983471,
    "111":0.08264462809917356,
    "112":0.06611570247933884,
    "113":0.06611570247933884,
    "114":0.18181818181818182,
    "115":0.08264462809917356,
    "116":0.08264462809917356,
    "117":0.11570247933884298,
    "118":0.09917355371900827,
    "119":0.08264462809917356,
    "120":0.1322314049586777,
    "121":0.08264462809917356,
    "122":0.06611570247933884,
    "123":0.06611570247933884,
    "124":0.09917355371900827,
    "125":0.08264462809917356,
    "126":0.11570247933884298,
    "127":0.1487603305785124,
    "128":0.01652892561983471,
    "129":0.049586776859504134,
    "130":0.03305785123966942,
    "131":0.03305785123966942,
    "132":0.08264462809917356,
    "133":0.01652892561983471,
    "134":0.08264462809917356,
    "135":0.06611570247933884,
    "136":0.08264462809917356,
    "137":0.049586776859504134,
    "138":0.049586776859504134,
    "139":0.049586776859504134,
    "140":0.06611570247933884,
    "141":0.11570247933884298,
    "142":0.06611570247933884,
    "143":0.0,
    "144":0.11570247933884298,
    "145":0.08264462809917356,
    "146":0.01652892561983471,
    "147":0.06611570247933884,
    "148":0.08264462809917356,
    "149":0.03305785123966942,
    "150":0.049586776859504134,
    "151":0.01652892561983471,
    "152":0.01652892561983471,
    "153":0.06611570247933884,
    "154":0.01652892561983471,
    "155":0.0,
    "156":0.06611570247933884,
    "157":0.049586776859504134,
    "158":0.01652892561983471,
    "159":0.03305785123966942,
    "160":0.06611570247933884,
    "161":0.08264462809917356,
    "162":0.01652892561983471,
    "163":0.01652892561983471,
    "164":0.01652892561983471,
    "165":0.049586776859504134,
    "166":0.0,
    "167":0.01652892561983471,
    "168":0.01652892561983471,
    "169":0.0,
    "170":0.049586776859504134,
    "171":0.01652892561983471,
    "172":0.0,
    "173":0.049586776859504134,
    "174":0.0,
    "175":0.01652892561983471,
    "176":0.03305785123966942,
    "177":0.06611570247933884,
    "178":0.01652892561983471,
    "179":0.03305785123966942,
    "180":0.01652892561983471,
    "181":0.0,
    "182":0.049586776859504134,
    "183":0.03305785123966942,
    "184":0.01652892561983471,
    "185":0.03305785123966942,
    "186":0.01652892561983471,
    "187":0.01652892561983471,
    "188":0.0,
    "189":0.0,
    "190":0.01652892561983471,
    "191":0.0,
    "192":0.03305785123966942,
    "193":0.01652892561983471,
    "194":0.0,
    "195":0.0,
    "196":0.0,
    "197":0.03305785123966942,
    "198":0.01652892561983471,
    "199":0.06611570247933884,
    "200":0.01652892561983471,
    "201":0.0,
    "202":0.0,
    "203":0.01652892561983471,
    "204":0.0,
    "205":0.01652892561983471,
    "206":0.01652892561983471,
    "207":0.0,
    "208":0.01652892561983471,
    "209":0.09917355371900827,
    "210":0.03305785123966942,
    "211":0.0,
    "212":0.049586776859504134,
    "213":0.03305785123966942,
    "214":0.01652892561983471,
    "215":0.03305785123966942,
    "216":0.01652892561983471,
    "217":0.01652892561983471,
    "218":0.0,
    "219":0.0,
    "220":0.0,
    "221":0.01652892561983471,
    "222":0.03305785123966942,
    "223":0.03305785123966942,
    "224":0.0,
    "225":0.01652892561983471,
    "226":0.0,
    "227":0.0,
    "228":0.0,
    "229":0.0,
    "230":0.0,
    "231":0.01652892561983471,
    "232":0.0,
    "233":0.01652892561983471,
    "234":0.01652892561983471,
    "235":0.03305785123966942,
    "236":0.0,
    "237":0.09917355371900827,
    "238":0.01652892561983471,
    "239":0.01652892561983471,
    "240":0.01652892561983471,
    "241":0.0,
    "242":0.0,
    "243":0.01652892561983471,
    "244":0.01652892561983471,
    "245":0.0,
    "246":0.049586776859504134,
    "247":0.0,
    "248":0.0,
    "249":0.03305785123966942,
    "250":0.0,
    "251":0.0,
    "252":0.01652892561983471,
    "253":0.01652892561983471,
    "254":0.0,
    "255":0.0,
    "256":0.0,
    "257":0.01652892561983471,
    "258":0.0,
    "259":0.06611570247933884,
    "260":0.0,
    "261":0.0,
    "262":0.03305785123966942,
    "263":0.0,
    "264":0.049586776859504134,
    "265":0.0,
    "266":0.0,
    "267":0.0,
    "268":0.0,
    "269":0.01652892561983471,
    "270":0.0,
    "271":0.0,
    "272":0.01652892561983471,
    "273":0.0,
    "274":0.06611570247933884,
    "275":0.0,
    "276":0.01652892561983471,
    "277":0.0,
    "278":0.0,
    "279":0.0,
    "280":0.0,
    "281":0.0,
    "282":0.01652892561983471,
    "283":0.01652892561983471,
    "284":0.0,
    "285":0.0,
    "286":0.0,
    "287":0.0,
    "288":0.0,
    "289":0.0,
    "290":0.0,
    "291":0.0,
    "292":0.0,
    "293":0.0,
    "294":0.0,
    "295":0.0,
    "296":0.0,
    "297":0.01652892561983471,
    "298":0.01652892561983471,