{
    "0":3.451043338683788,
    "1":1.8191546281433921,
    "2":6.233279828785446,
    "3":2.1936864633493847,
    "4":0.1070090957731407,
    "5":0.08025682182985554,
    "6":0.2407704654895666,
    "7":0.6420545746388443,
    "8":0.45478865703584803,
    "9":0.6153023006955591,
    "10":0.4280363830925628,
    "11":0.5350454788657035,
    "12":0.4815409309791332,
    "13":0.05350454788657035,
    "14":0.37453183520599254,
    "15":0.5350454788657035,
    "16":0.4280363830925628,
    "17":0.6688068485821295,
    "18":0.6688068485821295,
    "19":0.6955591225254146,
    "20":0.9095773140716961,
    "21":1.177100053504548,
    "22":1.070090957731407,
    "23":0.7490636704119851,
    "24":0.9630818619582664,
    "25":1.043338683788122,
    "26":1.0165864098448367,
    "27":0.8293204922418406,
    "28":1.2038523274478332,
    "29":0.9630818619582664,
    "30":1.1235955056179776,
    "31":1.2306046013911183,
    "32":1.043338683788122,
    "33":0.9630818619582664,
    "34":1.3643659711075442,
    "35":1.6586409844836811,
    "36":1.2841091492776886,
    "37":1.3911182450508293,
    "38":1.5248796147672552,
    "39":1.5783841626538255,
    "40":1.4178705189941143,
    "41":1.1503477795612627,
    "42":1.6051364365971106,
    "43":1.3911182450508293,
    "44":1.5248796147672552,
    "45":1.1235955056179776,
    "46":1.4446227929373996,
    "47":1.4178705189941143,
    "48":1.631888710540396,
    "49":1.3643659711075442,
    "50":1.4981273408239701,
    "51":1.3108614232209739,
    "52":1.3643659711075442,
    "53":1.7121455323702512,
    "54":1.3911182450508293,
    "55":1.4446227929373996,
    "56":1.4713750668806849,
    "57":1.2573568753344035,
    "58":0.8293204922418406,
    "59":1.070090957731407,
    "60":1.043338683788122,
    "61":0.7223113964686998,
    "62":1.070090957731407,
    "63":0.7758159443552702,
    "64":0.9898341359015517,
    "65":0.8828250401284109,
    "66":0.9898341359015517,
    "67":0.588550026752274,
    "68":0.6955591225254146,
    "69":0.5617977528089888,
    "70":0.5082932049224184,
    "71":0.45478865703584803,
    "72":0.40128410914927765,
    "73":0.8025682182985553,
    "74":0.40128410914927765,
    "75":0.6153023006955591,
    "76":0.26752273943285176,
    "77":0.6153023006955591,
    "78":0.5617977528089888,
    "79":0.40128410914927765,
    "80":0.26752273943285176,
    "81":0.2407704654895666,
    "82":0.37453183520599254,
    "83":0.294275013376137,
    "84":0.40128410914927765,
    "85":0.2140181915462814,
    "86":0.2140181915462814,
    "87":0.3477795612627073,
    "88":0.4815409309791332,
    "89":0.3477795612627073,
    "90":0.5350454788657035,
    "91":0.2407704654895666,
    "92":0.40128410914927765,
    "93":0.40128410914927765,
    "94":0.37453183520599254,
    "95":0.16051364365971107,
    "96":0.2407704654895666,
    "97":0.26752273943285176,
    "98":0.18726591760299627,
    "99":0.294275013376137,
    "100":0.2140181915462814,
    "101":0.13376136971642588,
    "102":0.26752273943285176,
    "103":0.2407704654895666,
    "104":0.18726591760299627,
    "105":0.13376136971642588,
    "106":0.2140181915462814,
    "107":0.2140181915462814,
    "108":0.13376136971642588,
    "109":0.13376136971642588,
    "110":0.1070090957731407,
    "111":0.18726591760299627,
    "112":0.2140181915462814,
    "113":0.16051364365971107,
    "114":0.05350454788657035,
    "115":0.26752273943285176,
    "116":0.3477795612627073,
    "117":0.16051364365971107,
    "118":0.18726591760299627,
    "119":0.294275013376137,
    "120":0.2407704654895666,
    "121":0.08025682182985554,
    "122":0.08025682182985554,
    "123":0.08025682182985554,
    "124":0.08025682182985554,
    "125":0.13376136971642588,
    "126":0.05350454788657035,
    "127":0.16051364365971107,
    "128":0.18726591760299627,
    "129":0.08025682182985554,
    "130":0.16051364365971107,
    "131":0.05350454788657035,
    "132":0.1070090957731407,
    "133":0.08025682182985554,
    "134":0.05350454788657035,
    "135":0.2407704654895666,
    "136":0.13376136971642588,
    "137":0.05350454788657035,
    "138":0.1070090957731407,
    "139":0.16051364365971107,
    "140":0.08025682182985554,
    "141":0.1070090957731407,
    "142":0.1070090957731407,
    "143":0.08025682182985554,
    "144":0.18726591760299627,
    "145":0.13376136971642588,
    "146":0.16051364365971107,
    "147":0.18726591760299627,
    "148":0.1070090957731407,
    "149":0.16051364365971107,
    "150":0.08025682182985554,
    "151":0.05350454788657035,
    "152":0.08025682182985554,
    "153":0.05350454788657035,
    "154":0.1070090957731407,
    "155":0.1070090957731407,
    "156":0.1070090957731407,
    "157":0.08025682182985554,
    "158":0.026752273943285176,
    "159":0.026752273943285176,
    "160":0.05350454788657035,
    "161":0.16051364365971107,
    "162":0.026752273943285176,
    "163":0.0,
    "164":0.026752273943285176,
    "165":0.026752273943285176,
    "166":0.08025682182985554,
    "167":0.05350454788657035,
    "168":0.05350454788657035,
    "169":0.0,
    "170":0.08025682182985554,
    "171":0.026752273943285176,
    "172":0.05350454788657035,
    "173":0.026752273943285176,
    "174":0.08025682182985554,
    "175":0.026752273943285176,
    "176":0.0,
    "177":0.0,
    "178":0.0,
    "179":0.026752273943285176,
    "180":0.026752273943285176,
    "181":0.0,
    "182":0.0,
    "183":0.0,
    "184":0.0,
    "185":0.0,
    "186":0.0,
    "187":0.0,
    "188":0.0,
    "189":0.0,
    "190":0.026752273943285176,
    "191":0.026752273943285176,
    "192":0.026752273943285176,
    "193":0.0,
    "194":0.0,
    "195":0.026752273943285176,
    "196":0.0,
    "197":0.0,
    "198":0.0,
    "199":0.0,
    "200":0.0,
    "201":0.0,
    "202":0.0,
    "203":0.0,
    "204":0.0
}