{
    "0":0.59092130002686,
    "1":0.8058017727639,
    "2":5.29143164114961,
    "3":3.5992479183454202,
    "4":0.13430029546065003,
    "5":0.10744023636852001,
    "6":0.08058017727639001,
    "7":0.5640612409347301,
    "8":0.40290088638195,
    "9":0.45662100456621,
    "10":0.99382218640881,
    "11":1.4504431909750202,
    "12":1.7190437818963202,
    "13":1.50416330915928,
    "14":1.4504431909750202,
    "15":1.55788342734354,
    "16":1.9607843137254901,
    "17":1.6116035455278,
    "18":1.4235831318828902,
    "19":0.91324200913242,
    "20":1.7996239591727101,
    "21":1.3161428955143701,
    "22":1.5310233682514103,
    "23":1.39672307279076,
    "24":1.1281224818694602,
    "25":0.8863819500402902,
    "26":0.9401020682245501,
    "27":0.8595218909481601,
    "28":0.9669621273166802,
    "29":1.04754230459307,
    "30":1.4235831318828902,
    "31":1.6116035455278,
    "32":1.7996239591727101,
    "33":1.36986301369863,
    "34":1.5310233682514103,
    "35":1.66532366371206,
    "36":1.55788342734354,
    "37":1.4235831318828902,
    "38":1.8533440773569703,
    "39":1.3430029546065,
    "40":1.20870265914585,
    "41":1.1549825409615901,
    "42":1.2624227773301102,
    "43":0.9669621273166802,
    "44":0.99382218640881,
    "45":0.91324200913242,
    "46":1.10126242277733,
    "47":0.9669621273166802,
    "48":0.91324200913242,
    "49":1.0744023636852003,
    "50":0.8058017727639,
    "51":0.9669621273166802,
    "52":0.9401020682245501,
    "53":0.8058017727639,
    "54":0.8058017727639,
    "55":0.8863819500402902,
    "56":0.8595218909481601,
    "57":1.1281224818694602,
    "58":0.9401020682245501,
    "59":0.8595218909481601,
    "60":0.8595218909481601,
    "61":0.6446414182111201,
    "62":0.40290088638195,
    "63":0.32232070910556004,
    "64":0.51034112275047,
    "65":0.29546065001343,
    "66":0.45662100456621,
    "67":0.40290088638195,
    "68":0.26860059092130006,
    "69":0.42976094547408006,
    "70":0.37604082728982,
    "71":0.51034112275047,
    "72":0.37604082728982,
    "73":0.5640612409347301,
    "74":0.40290088638195,
    "75":0.5372011818426001,
    "76":0.29546065001343,
    "77":0.26860059092130006,
    "78":0.26860059092130006,
    "79":0.5372011818426001,
    "80":0.32232070910556004,
    "81":0.37604082728982,
    "82":0.32232070910556004,
    "83":0.34918076819769,
    "84":0.24174053182917005,
    "85":0.45662100456621,
    "86":0.37604082728982,
    "87":0.37604082728982,
    "88":0.24174053182917005,
    "89":0.24174053182917005,
    "90":0.45662100456621,
    "91":0.29546065001343,
    "92":0.24174053182917005,
    "93":0.42976094547408006,
    "94":0.42976094547408006,
    "95":0.13430029546065003,
    "96":0.26860059092130006,
    "97":0.29546065001343,
    "98":0.4834810636583401,
    "99":0.24174053182917005,
    "100":0.26860059092130006,
    "101":0.34918076819769,
    "102":0.08058017727639001,
    "103":0.18802041364491,
    "104":0.16116035455278002,
    "105":0.37604082728982,
    "106":0.26860059092130006,
    "107":0.26860059092130006,
    "108":0.32232070910556004,
    "109":0.34918076819769,
    "110":0.26860059092130006,
    "111":0.18802041364491,
    "112":0.10744023636852001,
    "113":0.10744023636852001,
    "114":0.0,
    "115":0.05372011818426001,
    "116":0.16116035455278002,
    "117":0.026860059092130004,
    "118":0.05372011818426001,
    "119":0.13430029546065003,
    "120":0.10744023636852001,
    "121":0.08058017727639001,
    "122":0.08058017727639001,
    "123":0.13430029546065003,
    "124":0.0,
    "125":0.026860059092130004,
    "126":0.10744023636852001,
    "127":0.13430029546065003,
    "128":0.18802041364491,
    "129":0.05372011818426001,
    "130":0.08058017727639001,
    "131":0.10744023636852001,
    "132":0.08058017727639001,
    "133":0.026860059092130004,
    "134":0.16116035455278002,
    "135":0.026860059092130004,
    "136":0.24174053182917005,
    "137":0.10744023636852001,
    "138":0.21488047273704003,
    "139":0.08058017727639001,
    "140":0.05372011818426001,
    "141":0.05372011818426001,
    "142":0.05372011818426001,
    "143":0.08058017727639001,
    "144":0.08058017727639001,
    "145":0.16116035455278002,
    "146":0.10744023636852001,
    "147":0.13430029546065003,
    "148":0.08058017727639001,
    "149":0.13430029546065003,
    "150":0.08058017727639001,
    "151":0.08058017727639001,
    "152":0.10744023636852001,
    "153":0.0,
    "154":0.05372011818426001,
    "155":0.18802041364491,
    "156":0.10744023636852001,
    "157":0.0,
    "158":0.05372011818426001,
    "159":0.10744023636852001,
    "160":0.08058017727639001,
    "161":0.026860059092130004,
    "162":0.08058017727639001,
    "163":0.08058017727639001,
    "164":0.026860059092130004,
    "165":0.08058017727639001,
    "166":0.026860059092130004,
    "167":0.08058017727639001,
    "168":0.08058017727639001,
    "169":0.05372011818426001,
    "170":0.10744023636852001,
    "171":0.08058017727639001,
    "172":0.05372011818426001,
    "173":0.026860059092130004,
    "174":0.05372011818426001,
    "175":0.05372011818426001,
    "176":0.18802041364491,
    "177":0.026860059092130004,
    "178":0.026860059092130004,
    "179":0.10744023636852001,
    "180":0.16116035455278002,
    "181":0.0,
    "182":0.0,
    "183":0.0,
    "184":0.026860059092130004,
    "185":0.0,
    "186":0.10744023636852001,
    "187":0.026860059092130004,
    "188":0.05372011818426001,
    "189":0.05372011818426001,
    "190":0.026860059092130004,
    "191":0.0,
    "192":0.05372011818426001,
    "193":0.026860059092130004,
    "194":0.16116035455278002,
    "195":0.05372011818426001,
    "196":0.05372011818426001,
    "197":0.05372011818426001,
    "198":0.026860059092130004,
    "199":0.026860059092130004,
    "200":0.08058017727639001,
    "201":0.08058017727639001,
    "202":0.05372011818426001,
    "203":0.05372011818426001,
    "204":0.026860059092130004,
    "205":0.026860059092130004,
    "206":0.026860059092130004,
    "207":0.10744023636852001,
    "208":0.0,
    "209":0.0,
    "210":0.026860059092130004,
    "211":0.08058017727639001,
    "212":0.0,
    "213":0.0,
    "214":0.026860059092130004,
    "215":0.0,
    "216":0.026860059092130004,
    "217":0.0,
    "218":0.0,
    "219":0.05372011818426001,
    "220":0.0,
    "221":0.026860059092130004,
    "222":0.026860059092130004,
    "223":0.0,
    "224":0.026860059092130004,
    "225":0.026860059092130004,
    "226":0.0,
    "227":0.10744023636852001,
    "228":0.0,
    "229":0.0,
    "230":0.026860059092130004,
    "231":0.0,
    "232":0.0,
    "233":0.0,
    "234":0.026860059092130004,
    "235":0.0,
    "236":0.0,
    "237":0.026860059092130004,
    "238":0.026860059092130004,
    "239":0.026860059092130004,
    "240":0.0,
    "241":0.0,
    "242":0.0,
    "243":0.0,
    "244":0.05372011818426001,
    "245":0.0,
    "246":0.0,
    "247":0.0,
    "248":0.026860059092130004,
    "249":0.0,
    "250":0.0,
    "251":0.026860059092130004,
    "252":0.026860059092130004,
    "253":0.026860059092130004,
    "254":0.0,
    "255":0.0,
    "256":0.026860059092130004,
    "257":0.0,
    "258":0.0,
    "259":0.0,
    "260":0.10744023636852001,
    "261":0.0,
    "262":0.0,
    "263":0.0,
    "264":0.0,
    "265":0.0,
    "266":0.0,
    "267":0.0,
    "268":0.0,
    "269":0.0
}