{
    "0":4.149732620320855,
    "1":5.090909090909091,
    "2":3.443850267379679,
    "3":2.695187165775401,
    "4":0.9625668449197862,
    "5":2.0962566844919786,
    "6":4.149732620320855,
    "7":5.347593582887701,
    "8":5.711229946524064,
    "9":5.475935828877005,
    "10":5.283422459893048,
    "11":4.406417112299465,
    "12":5.04812834224599,
    "13":4.385026737967915,
    "14":2.7165775401069516,
    "15":2.823529411764706,
    "16":3.1443850267379676,
    "17":2.9518716577540105,
    "18":2.7379679144385025,
    "19":2.4171122994652405,
    "20":2.588235294117647,
    "21":2.8663101604278074,
    "22":1.7540106951871657,
    "23":1.9893048128342246,
    "24":1.540106951871658,
    "25":1.2620320855614975,
    "26":1.3262032085561497,
    "27":1.0053475935828877,
    "28":1.1550802139037433,
    "29":1.2834224598930482,
    "30":0.983957219251337,
    "31":0.5775401069518716,
    "32":0.5775401069518716,
    "33":0.4919786096256685,
    "34":0.32085561497326204,
    "35":0.1497326203208556,
    "36":0.1497326203208556,
    "37":0.1711229946524064,
    "38":0.1283422459893048,
    "39":0.2352941176470588,
    "40":0.1283422459893048,
    "41":0.1283422459893048,
    "42":0.1283422459893048,
    "43":0.0855614973262032,
    "44":0.0427807486631016,
    "45":0.1283422459893048,
    "46":0.10695187165775401,
    "47":0.1497326203208556,
    "48":0.0855614973262032,
    "49":0.0213903743315508,
    "50":0.0213903743315508,
    "51":0.0427807486631016,
    "52":0.0641711229946524,
    "53":0.1497326203208556,
    "54":0.1497326203208556,
    "55":0.0427807486631016,
    "56":0.10695187165775401,
    "57":0.0641711229946524,
    "58":0.0855614973262032,
    "59":0.0427807486631016,
    "60":0.0641711229946524,
    "61":0.0855614973262032,
    "62":0.0213903743315508,
    "63":0.1497326203208556,
    "64":0.0213903743315508,
    "65":0.0855614973262032,
    "66":0.0855614973262032,
    "67":0.0855614973262032,
    "68":0.0855614973262032,
    "69":0.10695187165775401,
    "70":0.1711229946524064,
    "71":0.0855614973262032,
    "72":0.0213903743315508,
    "73":0.0855614973262032,
    "74":0.0213903743315508,
    "75":0.0213903743315508,
    "76":0.0213903743315508,
    "77":0.0427807486631016,
    "78":0.0,
    "79":0.0213903743315508,
    "80":0.10695187165775401,
    "81":0.0641711229946524,
    "82":0.0641711229946524,
    "83":0.0641711229946524,
    "84":0.0213903743315508,
    "85":0.0427807486631016,
    "86":0.0855614973262032,
    "87":0.0427807486631016,
    "88":0.0,
    "89":0.0641711229946524,
    "90":0.0641711229946524,
    "91":0.0641711229946524,
    "92":0.1283422459893048,
    "93":0.10695187165775401,
    "94":0.0427807486631016,
    "95":0.0213903743315508,
    "96":0.0213903743315508,
    "97":0.0213903743315508,
    "98":0.10695187165775401,
    "99":0.0427807486631016,
    "100":0.0213903743315508,
    "101":0.0641711229946524,
    "102":0.0,
    "103":0.0,
    "104":0.0855614973262032,
    "105":0.0,
    "106":0.0,
    "107":0.0,
    "108":0.0,
    "109":0.0,
    "110":0.0,
    "111":0.0,
    "112":0.0
}