{
    "0":1.9737933322275667,
    "1":1.4927848731132858,
    "2":3.5495106982915905,
    "3":4.693979101011776,
    "4":3.6158566926521813,
    "5":3.2675402222590813,
    "6":2.9358102504561288,
    "7":3.997346160225576,
    "8":2.5045612871122906,
    "9":3.051915740587162,
    "10":2.6704262730137667,
    "11":3.2011942278984904,
    "12":2.819704760325095,
    "13":3.4334052081605573,
    "14":2.9855697462265716,
    "15":2.8362912589152427,
    "16":3.151434732128048,
    "17":4.013932658815724,
    "18":3.9807596616354286,
    "19":3.499751202521148,
    "20":3.2675402222590813,
    "21":2.919223751865981,
    "22":2.803118261734948,
    "23":2.37186929839111,
    "24":2.454801791341848,
    "25":2.4216287941615526,
    "26":2.006966329407862,
    "27":2.0401393265881573,
    "28":1.7415823519655,
    "29":1.4264388787526954,
    "30":1.4264388787526954,
    "31":1.3435063858019574,
    "32":1.1776413999004811,
    "33":1.3269198872118095,
    "34":0.7463924365566429,
    "35":0.5473544534748714,
    "36":0.4312489633438381,
    "37":0.5141814562945762,
    "38":0.4975949577044286,
    "39":0.4975949577044286,
    "40":0.5805274506551666,
    "41":0.4146624647536905,
    "42":0.11610549013103333,
    "43":0.3151434732128048,
    "44":0.3151434732128048,
    "45":0.3317299718029524,
    "46":0.0829324929507381,
    "47":0.06634599436059048,
    "48":0.13269198872118096,
    "49":0.1658649859014762,
    "50":0.13269198872118096,
    "51":0.09951899154088573,
    "52":0.14927848731132856,
    "53":0.11610549013103333,
    "54":0.06634599436059048,
    "55":0.01658649859014762,
    "56":0.1658649859014762,
    "57":0.0829324929507381,
    "58":0.11610549013103333,
    "59":0.09951899154088573,
    "60":0.09951899154088573,
    "61":0.1658649859014762,
    "62":0.01658649859014762,
    "63":0.0829324929507381,
    "64":0.1658649859014762,
    "65":0.04975949577044286,
    "66":0.06634599436059048,
    "67":0.0829324929507381,
    "68":0.0,
    "69":0.0,
    "70":0.01658649859014762,
    "71":0.03317299718029524,
    "72":0.0,
    "73":0.0,
    "74":0.0,
    "75":0.0,
    "76":0.0,
    "77":0.0,
    "78":0.0,
    "79":0.0,
    "80":0.0,
    "81":0.0,
    "82":0.0,
    "83":0.01658649859014762,
    "84":0.0,
    "85":0.0,
    "86":0.0,
    "87":0.0,
    "88":0.0,
    "89":0.0,
    "90":0.0,
    "91":0.0
}