{
    "0":4.281636536631779,
    "1":3.2112274024738348,
    "2":2.4976213130352045,
    "3":3.4966698382492862,
    "4":4.923882017126546,
    "5":4.567078972407232,
    "6":3.782112274024738,
    "7":3.7107516650808754,
    "8":3.163653663177926,
    "9":4.495718363463368,
    "10":4.3529971455756415,
    "11":3.758325404376784,
    "12":2.8544243577545196,
    "13":2.4976213130352045,
    "14":2.7117031398667937,
    "15":2.3549000951474786,
    "16":2.164605137963844,
    "17":2.6165556612749765,
    "18":1.9743101807802093,
    "19":2.164605137963844,
    "20":1.9505233111322549,
    "21":1.6412940057088488,
    "22":1.6650808753568032,
    "23":1.4985727878211226,
    "24":1.4747859181731684,
    "25":1.6888677450047573,
    "26":1.4034253092293054,
    "27":1.4747859181731684,
    "28":1.6412940057088488,
    "29":1.4747859181731684,
    "30":1.3082778306374883,
    "31":0.6184586108468125,
    "32":1.0228353948620361,
    "33":1.165556612749762,
    "34":0.8563273073263558,
    "35":0.8563273073263558,
    "36":0.9514747859181731,
    "37":0.8087535680304472,
    "38":0.47573739295908657,
    "39":0.47573739295908657,
    "40":0.5470980019029497,
    "41":0.4281636536631779,
    "42":0.35680304471931495,
    "43":0.285442435775452,
    "44":0.3330161750713606,
    "45":0.19029495718363465,
    "46":0.30922930542340626,
    "47":0.285442435775452,
    "48":0.26165556612749763,
    "49":0.4281636536631779,
    "50":0.47573739295908657,
    "51":0.23786869647954328,
    "52":0.35680304471931495,
    "53":0.23786869647954328,
    "54":0.26165556612749763,
    "55":0.19029495718363465,
    "56":0.3330161750713606,
    "57":0.4519505233111323,
    "58":0.30922930542340626,
    "59":0.21408182683158894,
    "60":0.11893434823977164,
    "61":0.285442435775452,
    "62":0.3805899143672693,
    "63":0.1665080875356803,
    "64":0.19029495718363465,
    "65":0.21408182683158894,
    "66":0.21408182683158894,
    "67":0.04757373929590866,
    "68":0.09514747859181732,
    "69":0.02378686964795433,
    "70":0.02378686964795433,
    "71":0.11893434823977164,
    "72":0.071360608943863,
    "73":0.04757373929590866,
    "74":0.09514747859181732,
    "75":0.04757373929590866,
    "76":0.071360608943863,
    "77":0.02378686964795433,
    "78":0.071360608943863,
    "79":0.09514747859181732,
    "80":0.02378686964795433,
    "81":0.09514747859181732,
    "82":0.04757373929590866,
    "83":0.09514747859181732,
    "84":0.04757373929590866,
    "85":0.04757373929590866,
    "86":0.071360608943863,
    "87":0.02378686964795433,
    "88":0.04757373929590866,
    "89":0.071360608943863,
    "90":0.0,
    "91":0.09514747859181732,
    "92":0.071360608943863,
    "93":0.0,
    "94":0.02378686964795433,
    "95":0.09514747859181732,
    "96":0.02378686964795433,
    "97":0.0,
    "98":0.02378686964795433,
    "99":0.071360608943863,
    "100":0.04757373929590866,
    "101":0.04757373929590866,
    "102":0.0,
    "103":0.0,
    "104":0.0,
    "105":0.0,
    "106":0.0,
    "107":0.0,
    "108":0.0,
    "109":0.0
}