{
    "0":12.736966824644549,
    "1":6.536334913112165,
    "2":5.785939968404423,
    "3":6.042654028436019,
    "4":5.114533965244865,
    "5":3.1003159557661926,
    "6":3.120063191153238,
    "7":4.245655608214849,
    "8":3.8704581358609795,
    "9":3.8112164296998423,
    "10":3.5545023696682465,
    "11":2.8041074249605056,
    "12":2.6856240126382307,
    "13":2.5868878357030014,
    "14":1.4020537124802528,
    "15":1.1453396524486572,
    "16":0.9676145339652449,
    "17":0.9676145339652449,
    "18":1.1848341232227488,
    "19":1.1058451816745656,
    "20":0.9676145339652449,
    "21":0.84913112164297,
    "22":1.1848341232227488,
    "23":1.066350710900474,
    "24":1.2243285939968405,
    "25":1.382306477093207,
    "26":1.382306477093207,
    "27":0.9873617693522907,
    "28":1.2440758293838863,
    "29":1.0860979462875198,
    "30":1.2045813586097947,
    "31":0.9478672985781991,
    "32":1.382306477093207,
    "33":1.066350710900474,
    "34":0.8293838862559242,
    "35":0.84913112164297,
    "36":0.9083728278041073,
    "37":0.7701421800947867,
    "38":0.8096366508688783,
    "39":0.7701421800947867,
    "40":0.7109004739336493,
    "41":0.49368088467614535,
    "42":0.8096366508688783,
    "43":0.6121642969984202,
    "44":0.35545023696682465,
    "45":0.1579778830963665,
    "46":0.35545023696682465,
    "47":0.1579778830963665,
    "48":0.1579778830963665,
    "49":0.09873617693522906,
    "50":0.17772511848341233,
    "51":0.09873617693522906,
    "52":0.11848341232227488,
    "53":0.05924170616113744,
    "54":0.17772511848341233,
    "55":0.11848341232227488,
    "56":0.1579778830963665,
    "57":0.07898894154818326,
    "58":0.17772511848341233,
    "59":0.07898894154818326,
    "60":0.07898894154818326,
    "61":0.17772511848341233,
    "62":0.11848341232227488,
    "63":0.11848341232227488,
    "64":0.03949447077409163,
    "65":0.03949447077409163,
    "66":0.1382306477093207,
    "67":0.019747235387045814,
    "68":0.09873617693522906,
    "69":0.11848341232227488,
    "70":0.019747235387045814,
    "71":0.03949447077409163,
    "72":0.03949447077409163,
    "73":0.019747235387045814,
    "74":0.0,
    "75":0.03949447077409163,
    "76":0.019747235387045814,
    "77":0.0,
    "78":0.019747235387045814,
    "79":0.0,
    "80":0.0,
    "81":0.019747235387045814,
    "82":0.0,
    "83":0.0,
    "84":0.0,
    "85":0.0,
    "86":0.0,
    "87":0.0,
    "88":0.0,
    "89":0.0
}