{
    "0":5.8062661684392065,
    "1":4.800229951135384,
    "2":7.257832710549009,
    "3":5.648174762862892,
    "4":3.4636389767174474,
    "5":1.9402127048002298,
    "6":2.457602759413625,
    "7":3.046852543834435,
    "8":3.981029031330842,
    "9":4.254096004599023,
    "10":4.627766599597585,
    "11":3.8373095717160104,
    "12":3.636102328255246,
    "13":3.262431733256683,
    "14":2.716297786720322,
    "15":2.7019258407588387,
    "16":2.5438344351825237,
    "17":2.716297786720322,
    "18":2.0120724346076457,
    "19":2.1989077321069272,
    "20":1.8252371371083647,
    "21":1.710261569416499,
    "22":1.6815176774935325,
    "23":1.4515665421098016,
    "24":1.6240298936475999,
    "25":1.4228226501868353,
    "26":1.322219028456453,
    "27":1.2934751365334867,
    "28":1.322219028456453,
    "29":1.178499568841621,
    "30":1.1928715148031044,
    "31":0.9198045415349237,
    "32":0.9485484334578902,
    "33":0.5892497844208106,
    "34":0.546133946536361,
    "35":0.4167864328830124,
    "36":0.3736705949985628,
    "37":0.5892497844208106,
    "38":0.4311583788444955,
    "39":0.4599022707674619,
    "40":0.388042540960046,
    "41":0.31618281115263003,
    "42":0.33055475711411325,
    "43":0.4024144869215292,
    "44":0.4167864328830124,
    "45":0.4742742167289451,
    "46":0.3736705949985628,
    "47":0.4024144869215292,
    "48":0.33055475711411325,
    "49":0.24432308134521413,
    "50":0.25869502730669736,
    "51":0.1868352974992814,
    "52":0.1724633515377982,
    "53":0.1724633515377982,
    "54":0.1006036217303823,
    "55":0.12934751365334868,
    "56":0.15809140557631501,
    "57":0.0862316757688991,
    "58":0.028743891922966367,
    "59":0.04311583788444955,
    "60":0.014371945961483184,
    "61":0.07185972980741592,
    "62":0.04311583788444955,
    "63":0.057487783845932734,
    "64":0.028743891922966367,
    "65":0.04311583788444955,
    "66":0.0,
    "67":0.014371945961483184,
    "68":0.07185972980741592,
    "69":0.04311583788444955,
    "70":0.07185972980741592,
    "71":0.0862316757688991,
    "72":0.0,
    "73":0.07185972980741592,
    "74":0.0,
    "75":0.0,
    "76":0.028743891922966367,
    "77":0.028743891922966367,
    "78":0.014371945961483184,
    "79":0.0,
    "80":0.014371945961483184,
    "81":0.0,
    "82":0.0,
    "83":0.014371945961483184,
    "84":0.0,
    "85":0.0,
    "86":0.014371945961483184,
    "87":0.014371945961483184,
    "88":0.0,
    "89":0.0,
    "90":0.0,
    "91":0.014371945961483184,
    "92":0.0,
    "93":0.014371945961483184,
    "94":0.0,
    "95":0.0,
    "96":0.0,
    "97":0.0,
    "98":0.0,
    "99":0.0,
    "100":0.0,
    "101":0.0,
    "102":0.0
}