{
    "0":8.282971916103804,
    "1":6.736580163526485,
    "2":7.963028794880909,
    "3":4.141485958051902,
    "4":4.496978314966229,
    "5":4.194809811589051,
    "6":4.870245289726271,
    "7":7.003199431212229,
    "8":5.296836118023462,
    "9":4.301457518663349,
    "10":4.123711340206185,
    "11":3.6793458940632773,
    "12":2.328474937788837,
    "13":2.008531816565944,
    "14":1.8841094916459296,
    "15":2.02630643441166,
    "16":2.0440810522573765,
    "17":1.8663348738002132,
    "18":1.7063633131887666,
    "19":1.7596871667259155,
    "20":1.7774617845716316,
    "21":1.3686455741201564,
    "22":1.5286171347316033,
    "23":1.6352648418059013,
    "24":1.7596871667259155,
    "25":1.3864201919658727,
    "26":1.3153217205830074,
    "27":1.5286171347316033,
    "28":1.0309278350515463,
    "29":0.728759331674369,
    "30":0.5154639175257731,
    "31":0.5865623889086384,
    "32":0.5510131532172059,
    "33":0.37326697476004267,
    "34":0.5510131532172059,
    "35":0.5332385353714896,
    "36":0.28439388553146105,
    "37":0.21329541414859582,
    "38":0.15997156061144685,
    "39":0.1244223249200142,
    "40":0.14219694276573053,
    "41":0.1244223249200142,
    "42":0.053323853537148955,
    "43":0.17774617845716317,
    "44":0.1244223249200142,
    "45":0.15997156061144685,
    "46":0.15997156061144685,
    "47":0.053323853537148955,
    "48":0.07109847138286526,
    "49":0.10664770707429791,
    "50":0.07109847138286526,
    "51":0.07109847138286526,
    "52":0.0,
    "53":0.0,
    "54":0.0,
    "55":0.0,
    "56":0.0,
    "57":0.0,
    "58":0.017774617845716316,
    "59":0.0,
    "60":0.0,
    "61":0.0,
    "62":0.0,
    "63":0.0,
    "64":0.0,
    "65":0.0,
    "66":0.0,
    "67":0.0
}