{
    "0":5.237292895254142,
    "1":2.330805953383881,
    "2":7.469811850603763,
    "3":7.554057848918844,
    "4":2.415051951698961,
    "5":2.625666947486661,
    "6":4.142094917158102,
    "7":5.3215388935692225,
    "8":6.655433866891322,
    "9":6.2903678741926425,
    "10":5.026677899466442,
    "11":4.703734905925302,
    "12":3.4681269306374616,
    "13":2.737994945240101,
    "14":2.316764953664701,
    "15":2.064026958719461,
    "16":1.7551249648975007,
    "17":1.4883459702330806,
    "18":1.4462229710755405,
    "19":2.2044369559112607,
    "20":1.4181409716371807,
    "21":1.6006739679865205,
    "22":1.6427969671440605,
    "23":1.4602639707947207,
    "24":1.1373209772535804,
    "25":1.0249929795001405,
    "26":1.0671159786576805,
    "27":0.9688289806234204,
    "28":1.0109519797809603,
    "29":1.1794439764111204,
    "30":1.0671159786576805,
    "31":0.9969109800617804,
    "32":1.1092389778152205,
    "33":0.6880089862398203,
    "34":0.5054759898904801,
    "35":0.5897219882055602,
    "36":0.4352709912945802,
    "37":0.35102499297950013,
    "38":0.2386969952260601,
    "39":0.1825329963493401,
    "40":0.16849199663016007,
    "41":0.33698399326032014,
    "42":0.0,
    "43":0.08424599831508003,
    "44":0.09828699803426004,
    "45":0.14040999719180006,
    "46":0.19657399606852008,
    "47":0.15445099691098005,
    "48":0.05616399887672002,
    "49":0.08424599831508003,
    "50":0.11232799775344005,
    "51":0.08424599831508003,
    "52":0.02808199943836001,
    "53":0.04212299915754002,
    "54":0.07020499859590003,
    "55":0.04212299915754002,
    "56":0.12636899747262004,
    "57":0.02808199943836001,
    "58":0.12636899747262004,
    "59":0.05616399887672002,
    "60":0.04212299915754002,
    "61":0.04212299915754002,
    "62":0.09828699803426004,
    "63":0.08424599831508003,
    "64":0.07020499859590003,
    "65":0.14040999719180006,
    "66":0.04212299915754002,
    "67":0.05616399887672002,
    "68":0.05616399887672002,
    "69":0.05616399887672002,
    "70":0.02808199943836001,
    "71":0.09828699803426004,
    "72":0.07020499859590003,
    "73":0.14040999719180006,
    "74":0.04212299915754002,
    "75":0.12636899747262004,
    "76":0.07020499859590003,
    "77":0.04212299915754002,
    "78":0.05616399887672002,
    "79":0.07020499859590003,
    "80":0.08424599831508003,
    "81":0.04212299915754002,
    "82":0.08424599831508003,
    "83":0.02808199943836001,
    "84":0.02808199943836001,
    "85":0.02808199943836001,
    "86":0.02808199943836001,
    "87":0.0,
    "88":0.014040999719180006,
    "89":0.014040999719180006,
    "90":0.0,
    "91":0.0,
    "92":0.0,
    "93":0.014040999719180006,
    "94":0.0,
    "95":0.0,
    "96":0.0,
    "97":0.0,
    "98":0.0,
    "99":0.0,
    "100":0.014040999719180006,
    "101":0.0,
    "102":0.0,
    "103":0.0,
    "104":0.0,
    "105":0.014040999719180006,
    "106":0.0,
    "107":0.0,
    "108":0.0,
    "109":0.014040999719180006,
    "110":0.014040999719180006,
    "111":0.02808199943836001,
    "112":0.0,
    "113":0.0,
    "114":0.0,
    "115":0.02808199943836001,
    "116":0.0,
    "117":0.0,
    "118":0.0,
    "119":0.014040999719180006,
    "120":0.0,
    "121":0.0,
    "122":0.0,
    "123":0.014040999719180006,
    "124":0.0,
    "125":0.0,
    "126":0.014040999719180006,
    "127":0.0,
    "128":0.0,
    "129":0.0,
    "130":0.0,
    "131":0.0,
    "132":0.0,
    "133":0.0,
    "134":0.0,
    "135":0.02808199943836001,
    "136":0.0,
    "137":0.05616399887672002,
    "138":0.0,
    "139":0.0,
    "140":0.0,
    "141":0.0,
    "142":0.0,
    "143":0.0,
    "144":0.0,
    "145":0.0
}