{
    "0":5.214497041420119,
    "1":9.504437869822485,
    "2":8.210059171597633,
    "3":5.633629191321499,
    "4":2.7859960552268244,
    "5":1.8614398422090732,
    "6":3.266765285996055,
    "7":3.5502958579881656,
    "8":4.129684418145957,
    "9":4.437869822485207,
    "10":4.622781065088757,
    "11":3.5502958579881656,
    "12":2.8476331360946747,
    "13":2.9709072978303745,
    "14":2.3791913214990137,
    "15":2.3052268244575935,
    "16":2.366863905325444,
    "17":1.6395463510848127,
    "18":1.787475345167653,
    "19":1.799802761341223,
    "20":1.836785009861933,
    "21":1.836785009861933,
    "22":1.849112426035503,
    "23":1.5162721893491125,
    "24":1.3929980276134122,
    "25":1.1217948717948718,
    "26":1.171104536489152,
    "27":0.9985207100591716,
    "28":0.9615384615384616,
    "29":0.7766272189349113,
    "30":0.7026627218934911,
    "31":0.7273175542406312,
    "32":0.6040433925049309,
    "33":0.39447731755424065,
    "34":0.5300788954635108,
    "35":0.39447731755424065,
    "36":0.3821499013806706,
    "37":0.591715976331361,
    "38":0.43145956607495073,
    "39":0.4561143984220907,
    "40":0.28353057199211046,
    "41":0.2465483234714004,
    "42":0.2958579881656805,
    "43":0.25887573964497046,
    "44":0.33284023668639057,
    "45":0.3205128205128205,
    "46":0.3205128205128205,
    "47":0.28353057199211046,
    "48":0.19723865877712032,
    "49":0.17258382642998027,
    "50":0.23422090729783035,
    "51":0.22189349112426035,
    "52":0.11094674556213018,
    "53":0.14792899408284024,
    "54":0.08629191321499013,
    "55":0.20956607495069032,
    "56":0.13560157790927022,
    "57":0.17258382642998027,
    "58":0.0616370808678501,
    "59":0.1232741617357002,
    "60":0.09861932938856016,
    "61":0.0616370808678501,
    "62":0.09861932938856016,
    "63":0.17258382642998027,
    "64":0.09861932938856016,
    "65":0.13560157790927022,
    "66":0.13560157790927022,
    "67":0.1232741617357002,
    "68":0.13560157790927022,
    "69":0.07396449704142012,
    "70":0.11094674556213018,
    "71":0.13560157790927022,
    "72":0.13560157790927022,
    "73":0.04930966469428008,
    "74":0.03698224852071006,
    "75":0.03698224852071006,
    "76":0.07396449704142012,
    "77":0.02465483234714004,
    "78":0.02465483234714004,
    "79":0.04930966469428008,
    "80":0.02465483234714004,
    "81":0.04930966469428008,
    "82":0.02465483234714004,
    "83":0.02465483234714004,
    "84":0.0,
    "85":0.02465483234714004,
    "86":0.01232741617357002,
    "87":0.01232741617357002,
    "88":0.01232741617357002,
    "89":0.01232741617357002,
    "90":0.02465483234714004,
    "91":0.0,
    "92":0.02465483234714004,
    "93":0.0,
    "94":0.01232741617357002,
    "95":0.03698224852071006,
    "96":0.02465483234714004,
    "97":0.0,
    "98":0.01232741617357002,
    "99":0.02465483234714004,
    "100":0.01232741617357002,
    "101":0.0,
    "102":0.01232741617357002,
    "103":0.01232741617357002,
    "104":0.03698224852071006,
    "105":0.0,
    "106":0.0,
    "107":0.0,
    "108":0.0,
    "109":0.0,
    "110":0.0,
    "111":0.0,
    "112":0.0
}