{
    "0":0.4690831556503198,
    "1":3.212508884150675,
    "2":8.017057569296375,
    "3":7.5195451314854305,
    "4":2.9282160625444207,
    "5":2.9850746268656714,
    "6":4.477611940298507,
    "7":5.614783226723525,
    "8":5.230987917555082,
    "9":5.756929637526652,
    "10":4.790334044065387,
    "11":3.5963041933191184,
    "12":3.4257285003553664,
    "13":2.359630419331912,
    "14":2.71499644633973,
    "15":2.4875621890547266,
    "16":2.587064676616915,
    "17":1.7768301350390905,
    "18":2.2316986496090974,
    "19":1.9047619047619049,
    "20":2.2316986496090974,
    "21":1.6488983653162759,
    "22":1.6062544420753375,
    "23":1.9189765458422177,
    "24":1.2224591329068941,
    "25":1.2935323383084576,
    "26":1.6062544420753375,
    "27":1.236673773987207,
    "28":1.0092395167022032,
    "29":0.8813077469793886,
    "30":0.9239516702203269,
    "31":0.6538734896943853,
    "32":0.5401563610518834,
    "33":0.7533759772565742,
    "34":0.7818052594171997,
    "35":0.6823027718550106,
    "36":0.5259417199715707,
    "37":0.3127221037668799,
    "38":0.28429282160625446,
    "39":0.2985074626865672,
    "40":0.4406538734896943,
    "41":0.21321961620469082,
    "42":0.1990049751243781,
    "43":0.35536602700781805,
    "44":0.3411513859275053,
    "45":0.3127221037668799,
    "46":0.1279317697228145,
    "47":0.09950248756218905,
    "48":0.09950248756218905,
    "49":0.14214641080312723,
    "50":0.09950248756218905,
    "51":0.14214641080312723,
    "52":0.17057569296375266,
    "53":0.05685856432125089,
    "54":0.24164889836531628,
    "55":0.2700781805259417,
    "56":0.14214641080312723,
    "57":0.028429282160625444,
    "58":0.05685856432125089,
    "59":0.05685856432125089,
    "60":0.05685856432125089,
    "61":0.07107320540156362,
    "62":0.042643923240938165,
    "63":0.014214641080312722,
    "64":0.028429282160625444,
    "65":0.08528784648187633,
    "66":0.05685856432125089,
    "67":0.09950248756218905,
    "68":0.014214641080312722,
    "69":0.05685856432125089,
    "70":0.07107320540156362,
    "71":0.08528784648187633,
    "72":0.07107320540156362,
    "73":0.014214641080312722,
    "74":0.042643923240938165,
    "75":0.07107320540156362,
    "76":0.028429282160625444,
    "77":0.042643923240938165,
    "78":0.014214641080312722,
    "79":0.0,
    "80":0.09950248756218905,
    "81":0.014214641080312722,
    "82":0.042643923240938165,
    "83":0.028429282160625444,
    "84":0.014214641080312722,
    "85":0.042643923240938165,
    "86":0.042643923240938165,
    "87":0.05685856432125089,
    "88":0.0,
    "89":0.028429282160625444,
    "90":0.028429282160625444,
    "91":0.014214641080312722,
    "92":0.0,
    "93":0.014214641080312722,
    "94":0.014214641080312722,
    "95":0.0,
    "96":0.014214641080312722,
    "97":0.014214641080312722,
    "98":0.08528784648187633,
    "99":0.028429282160625444,
    "100":0.05685856432125089,
    "101":0.014214641080312722,
    "102":0.014214641080312722,
    "103":0.014214641080312722,
    "104":0.028429282160625444,
    "105":0.014214641080312722,
    "106":0.0,
    "107":0.0,
    "108":0.014214641080312722,
    "109":0.014214641080312722,
    "110":0.028429282160625444,
    "111":0.014214641080312722,
    "112":0.0,
    "113":0.028429282160625444,
    "114":0.014214641080312722,
    "115":0.028429282160625444,
    "116":0.042643923240938165,
    "117":0.014214641080312722,
    "118":0.0,
    "119":0.014214641080312722,
    "120":0.0,
    "121":0.0,
    "122":0.0,
    "123":0.0,
    "124":0.0,
    "125":0.0,
    "126":0.0,
    "127":0.0,
    "128":0.0
}