{
    "0":5.595523581135091,
    "1":7.7338129496402885,
    "2":6.914468425259793,
    "3":3.137490007993605,
    "4":4.376498800959232,
    "5":4.256594724220624,
    "6":5.735411670663469,
    "7":5.495603517186251,
    "8":6.155075939248602,
    "9":4.7162270183852915,
    "10":4.856115107913669,
    "11":4.0367705835331735,
    "12":3.3772981614708235,
    "13":3.077537969624301,
    "14":2.5979216626698642,
    "15":1.7785771382893685,
    "16":2.1782573940847323,
    "17":1.8984812150279775,
    "18":1.8784972022382094,
    "19":1.8984812150279775,
    "20":1.6786570743405276,
    "21":1.9784172661870503,
    "22":1.7985611510791366,
    "23":1.6786570743405276,
    "24":1.1191047162270185,
    "25":0.6594724220623501,
    "26":0.9592326139088728,
    "27":0.8393285371702638,
    "28":0.4796163069544364,
    "29":0.6794564348521183,
    "30":0.7993605115907274,
    "31":0.7394084732214229,
    "32":0.6994404476418864,
    "33":0.6594724220623501,
    "34":0.5195843325339728,
    "35":0.6594724220623501,
    "36":0.4196642685851319,
    "37":0.21982414068745004,
    "38":0.21982414068745004,
    "39":0.1798561151079137,
    "40":0.31974420463629094,
    "41":0.15987210231814547,
    "42":0.21982414068745004,
    "43":0.09992006394884093,
    "44":0.05995203836930455,
    "45":0.07993605115907274,
    "46":0.019984012789768184,
    "47":0.03996802557953637,
    "48":0.09992006394884093,
    "49":0.03996802557953637,
    "50":0.1199040767386091,
    "51":0.03996802557953637,
    "52":0.0,
    "53":0.0,
    "54":0.0,
    "55":0.0,
    "56":0.0,
    "57":0.0,
    "58":0.0,
    "59":0.0,
    "60":0.0,
    "61":0.0,
    "62":0.0,
    "63":0.0,
    "64":0.0,
    "65":0.019984012789768184,
    "66":0.0,
    "67":0.0,
    "68":0.0,
    "69":0.0,
    "70":0.0,
    "71":0.0,
    "72":0.0,
    "73":0.0,
    "74":0.0
}