{
    "0":3.4981905910735827,
    "1":6.353035786087656,
    "2":5.106554081222357,
    "3":2.2919179734620023,
    "4":2.9486663986060853,
    "5":2.6672027878300497,
    "6":3.618817852834741,
    "7":3.739445114595899,
    "8":3.940490550864496,
    "9":4.4229995979091274,
    "10":3.940490550864496,
    "11":3.6724299691730327,
    "12":2.5599785551534646,
    "13":2.801233078675781,
    "14":2.734217933252915,
    "15":2.345530089800295,
    "16":2.3187240316311484,
    "17":2.23830585712371,
    "18":2.5465755260688914,
    "19":2.5331724969843186,
    "20":2.6806058169146225,
    "21":2.613590671491757,
    "22":2.0774695081088326,
    "23":2.332127060715722,
    "24":2.104275566277979,
    "25":1.6217665192333468,
    "26":1.300093821203592,
    "27":1.3268998793727382,
    "28":1.3671089666264575,
    "29":1.4207210829647499,
    "30":1.058839297681276,
    "31":0.938212035920118,
    "32":1.0454362685967027,
    "33":0.9918241522584104,
    "34":0.9114059777509718,
    "35":0.8711968904972525,
    "36":0.5763302506366439,
    "37":0.3350757271143278,
    "38":0.48250904704463204,
    "39":0.32167269802975473,
    "40":0.21444846535316983,
    "41":0.3082696689451816,
    "42":0.3350757271143278,
    "43":0.3618817852834741,
    "44":0.2680605816914623,
    "45":0.21444846535316983,
    "46":0.4422999597909127,
    "47":0.12062726176115801,
    "48":0.25465755260688916,
    "49":0.2948666398606085,
    "50":0.16083634901487737,
    "51":0.2814636107760354,
    "52":0.17423937809945048,
    "53":0.22785149443774294,
    "54":0.42889693070633966,
    "55":0.25465755260688916,
    "56":0.2814636107760354,
    "57":0.13403029084573115,
    "58":0.2948666398606085,
    "59":0.04020908725371934,
    "60":0.08041817450743868,
    "61":0.02680605816914623,
    "62":0.02680605816914623,
    "63":0.10722423267658492,
    "64":0.10722423267658492,
    "65":0.13403029084573115,
    "66":0.06701514542286557,
    "67":0.10722423267658492,
    "68":0.04020908725371934,
    "69":0.08041817450743868,
    "70":0.013403029084573114,
    "71":0.04020908725371934,
    "72":0.18764240718402359,
    "73":0.04020908725371934,
    "74":0.09382120359201179,
    "75":0.013403029084573114,
    "76":0.06701514542286557,
    "77":0.12062726176115801,
    "78":0.08041817450743868,
    "79":0.04020908725371934,
    "80":0.09382120359201179,
    "81":0.04020908725371934,
    "82":0.04020908725371934,
    "83":0.06701514542286557,
    "84":0.04020908725371934,
    "85":0.10722423267658492,
    "86":0.05361211633829246,
    "87":0.05361211633829246,
    "88":0.02680605816914623,
    "89":0.04020908725371934,
    "90":0.04020908725371934,
    "91":0.05361211633829246,
    "92":0.02680605816914623,
    "93":0.0,
    "94":0.013403029084573114,
    "95":0.0,
    "96":0.0,
    "97":0.0,
    "98":0.0,
    "99":0.013403029084573114,
    "100":0.0,
    "101":0.0,
    "102":0.0,
    "103":0.013403029084573114,
    "104":0.0,
    "105":0.013403029084573114,
    "106":0.013403029084573114,
    "107":0.0,
    "108":0.0,
    "109":0.0,
    "110":0.0,
    "111":0.0,
    "112":0.02680605816914623,
    "113":0.0,
    "114":0.0,
    "115":0.0,
    "116":0.0,
    "117":0.0,
    "118":0.0,
    "119":0.0,
    "120":0.0
}