{
    "0":6.912991656734207,
    "1":4.305721096543504,
    "2":1.8474374255065553,
    "3":1.0727056019070322,
    "4":1.2216924910607865,
    "5":1.698450536352801,
    "6":2.830750893921335,
    "7":4.84207389749702,
    "8":5.214541120381407,
    "9":5.274135876042909,
    "10":4.916567342073898,
    "11":5.16984505363528,
    "12":5.154946364719905,
    "13":4.618593563766389,
    "14":3.3224076281287247,
    "15":2.8456495828367103,
    "16":2.696662693682956,
    "17":2.8158522050059593,
    "18":3.203218116805721,
    "19":2.5774731823599524,
    "20":2.9648390941597143,
    "21":2.6072705601907034,
    "22":2.100715137067938,
    "23":1.7580452920143028,
    "24":1.3706793802145412,
    "25":1.2812872467222884,
    "26":0.8641239570917759,
    "27":1.1918951132300357,
    "28":0.834326579261025,
    "29":1.0131108462455305,
    "30":0.8790226460071514,
    "31":0.8194278903456497,
    "32":0.7598331346841478,
    "33":0.7300357568533969,
    "34":0.6257449344457688,
    "35":0.4469606674612634,
    "36":0.3873659117997616,
    "37":0.37246722288438616,
    "38":0.4916567342073897,
    "39":0.32777115613825986,
    "40":0.4469606674612634,
    "41":0.1936829558998808,
    "42":0.2234803337306317,
    "43":0.2532777115613826,
    "44":0.08939213349225268,
    "45":0.1936829558998808,
    "46":0.11918951132300357,
    "47":0.16388557806912993,
    "48":0.07449344457687723,
    "49":0.17878426698450536,
    "50":0.2532777115613826,
    "51":0.20858164481525626,
    "52":0.26817640047675806,
    "53":0.1936829558998808,
    "54":0.14898688915375446,
    "55":0.16388557806912993,
    "56":0.20858164481525626,
    "57":0.10429082240762813,
    "58":0.13408820023837903,
    "59":0.07449344457687723,
    "60":0.07449344457687723,
    "61":0.04469606674612634,
    "62":0.11918951132300357,
    "63":0.04469606674612634,
    "64":0.05959475566150178,
    "65":0.04469606674612634,
    "66":0.08939213349225268,
    "67":0.07449344457687723,
    "68":0.08939213349225268,
    "69":0.04469606674612634,
    "70":0.05959475566150178,
    "71":0.08939213349225268,
    "72":0.0,
    "73":0.02979737783075089,
    "74":0.08939213349225268,
    "75":0.07449344457687723,
    "76":0.07449344457687723,
    "77":0.05959475566150178,
    "78":0.02979737783075089,
    "79":0.04469606674612634,
    "80":0.04469606674612634,
    "81":0.04469606674612634,
    "82":0.04469606674612634,
    "83":0.05959475566150178,
    "84":0.04469606674612634,
    "85":0.07449344457687723,
    "86":0.05959475566150178,
    "87":0.014898688915375446,
    "88":0.04469606674612634,
    "89":0.05959475566150178,
    "90":0.11918951132300357,
    "91":0.08939213349225268,
    "92":0.0,
    "93":0.0,
    "94":0.0,
    "95":0.0,
    "96":0.0,
    "97":0.0,
    "98":0.0,
    "99":0.0,
    "100":0.0
}