{
    "0":6.177768438747636,
    "1":1.3868459760453877,
    "2":2.8157175877285145,
    "3":2.878756041185123,
    "4":4.622819920151292,
    "5":5.253204454717378,
    "6":2.56356377390208,
    "7":2.58457659172095,
    "8":2.185333053162429,
    "9":1.6389997898718218,
    "10":1.28178188695104,
    "11":1.0926665265812145,
    "12":1.4498844295019961,
    "13":1.8701407858793866,
    "14":1.7650766967850389,
    "15":1.6600126076906914,
    "16":1.7020382433284305,
    "17":1.1346921622189536,
    "18":1.5759613364152134,
    "19":1.8491279680605168,
    "20":1.5549485185963436,
    "21":1.3448203404076486,
    "22":1.5759613364152134,
    "23":1.3868459760453877,
    "24":1.3027947047699096,
    "25":1.3658331582265182,
    "26":1.2397562513133011,
    "27":0.9245639840302584,
    "28":0.903551166211389,
    "29":0.7984870771170414,
    "30":0.6093717167472158,
    "31":0.7564614414793024,
    "32":0.7144358058415633,
    "33":0.6934229880226939,
    "34":0.8405127127547805,
    "35":0.9245639840302584,
    "36":0.4412691741962597,
    "37":0.5043076276528682,
    "38":0.7144358058415633,
    "39":0.7774742592981718,
    "40":0.5673460811094768,
    "41":0.7984870771170414,
    "42":0.5883588989283463,
    "43":0.5463332632906073,
    "44":0.4622819920151292,
    "45":0.6303845345660853,
    "46":0.6513973523849548,
    "47":0.6303845345660853,
    "48":0.7564614414793024,
    "49":0.7354486236604328,
    "50":0.9665896196679975,
    "51":0.5463332632906073,
    "52":0.6303845345660853,
    "53":0.4622819920151292,
    "54":0.5673460811094768,
    "55":0.4412691741962597,
    "56":0.3992435385585207,
    "57":0.5253204454717377,
    "58":0.7144358058415633,
    "59":0.6513973523849548,
    "60":0.5883588989283463,
    "61":0.5463332632906073,
    "62":0.6303845345660853,
    "63":0.6093717167472158,
    "64":0.7984870771170414,
    "65":0.5673460811094768,
    "66":0.5253204454717377,
    "67":0.6934229880226939,
    "68":0.3992435385585207,
    "69":0.3992435385585207,
    "70":0.4622819920151292,
    "71":0.5043076276528682,
    "72":0.7354486236604328,
    "73":0.4412691741962597,
    "74":0.33620508510191216,
    "75":0.48329480983399875,
    "76":0.6724101702038243,
    "77":0.5253204454717377,
    "78":0.5043076276528682,
    "79":0.16810254255095608,
    "80":0.27316663164530364,
    "81":0.5253204454717377,
    "82":0.33620508510191216,
    "83":0.3992435385585207,
    "84":0.3992435385585207,
    "85":0.3782307207396512,
    "86":0.31519226728304267,
    "87":0.2941794494641731,
    "88":0.4622819920151292,
    "89":0.14708972473208656,
    "90":0.42025635637739023,
    "91":0.35721790292078165,
    "92":0.2941794494641731,
    "93":0.27316663164530364,
    "94":0.16810254255095608,
    "95":0.16810254255095608,
    "96":0.16810254255095608,
    "97":0.12607690691321705,
    "98":0.08405127127547804,
    "99":0.08405127127547804,
    "100":0.16810254255095608,
    "101":0.08405127127547804,
    "102":0.08405127127547804,
    "103":0.2521538138264341,
    "104":0.06303845345660852,
    "105":0.08405127127547804,
    "106":0.16810254255095608,
    "107":0.21012817818869511,
    "108":0.12607690691321705,
    "109":0.08405127127547804,
    "110":0.10506408909434756,
    "111":0.12607690691321705,
    "112":0.2941794494641731,
    "113":0.16810254255095608,
    "114":0.14708972473208656,
    "115":0.04202563563773902,
    "116":0.10506408909434756,
    "117":0.1891153603698256,
    "118":0.08405127127547804,
    "119":0.06303845345660852,
    "120":0.2311409960075646,
    "121":0.08405127127547804,
    "122":0.10506408909434756,
    "123":0.14708972473208656,
    "124":0.12607690691321705,
    "125":0.08405127127547804,
    "126":0.06303845345660852,
    "127":0.06303845345660852,
    "128":0.06303845345660852,
    "129":0.06303845345660852,
    "130":0.0,
    "131":0.02101281781886951,
    "132":0.02101281781886951,
    "133":0.06303845345660852,
    "134":0.0,
    "135":0.04202563563773902,
    "136":0.02101281781886951,
    "137":0.08405127127547804,
    "138":0.04202563563773902,
    "139":0.02101281781886951,
    "140":0.04202563563773902,
    "141":0.04202563563773902,
    "142":0.0,
    "143":0.06303845345660852,
    "144":0.0,
    "145":0.04202563563773902,
    "146":0.02101281781886951,
    "147":0.0,
    "148":0.04202563563773902,
    "149":0.02101281781886951,
    "150":0.04202563563773902,
    "151":0.0,
    "152":0.02101281781886951,
    "153":0.04202563563773902,
    "154":0.04202563563773902,
    "155":0.06303845345660852,
    "156":0.02101281781886951,
    "157":0.0,
    "158":0.02101281781886951,
    "159":0.0,
    "160":0.0,
    "161":0.0,
    "162":0.0,
    "163":0.0,
    "164":0.0,
    "165":0.0,
    "166":0.0,
    "167":0.0,
    "168":0.0,
    "169":0.0,
    "170":0.0,
    "171":0.0,
    "172":0.0,
    "173":0.0,
    "174":0.0,
    "175":0.0,
    "176":0.0,
    "177":0.0,
    "178":0.0,
    "179":0.0,
    "180":0.0,
    "181":0.0,
    "182":0.0,
    "183":0.0,
    "184":0.0,
    "185":0.0,
    "186":0.0,
    "187":0.0,
    "188":0.0,
    "189":0.0,
    "190":0.0,
    "191":0.0,
    "192":0.0,
    "193":0.0,
    "194":0.0,
    "195":0.0,
    "196":0.0,
    "197":0.0,
    "198":0.0,
    "199":0.0,
    "200":0.0,
    "201":0.0,
    "202":0.0,
    "203":0.0,
    "204":0.0,
    "205":0.0,
    "206":0.0,
    "207":0.0,
    "208":0.0,
    "209":0.02101281781886951,
    "210":0.0,
    "211":0.0,
    "212":0.0,
    "213":0.0,
    "214":0.0,
    "215":0.0,
    "216":0.0,
    "217":0.0,
    "218":0.0,
    "219":0.0,
    "220":0.0,
    "221":0.0,
    "222":0.0,
    "223":0.0,
    "224":0.0,
    "225":0.0,
    "226":0.02101281781886951,
    "227":0.0,
    "228":0.0,
    "229":0.0,
    "230":0.0,
    "231":0.0,
    "232":0.0,
    "233":0.0,
    "234":0.0,
    "235":0.0,
    "236":0.0,
    "237":0.0,
    "238":0.0,
    "239":0.0,
    "240":0.0,
    "241":0.0,
    "242":0.0,
    "243":0.0,
    "244":0.0,
    "245":0.0,
    "246":0.0,
    "247":0.0,
    "248":0.0,
    "249":0.0,
    "250":0.0,
    "251":0.0,
    "252":0.0,
    "253":0.0,
    "254":0.0,
    "255":0.0,
    "256":0.0,
    "257":0.0,
    "258":0.0,
    "259":0.0,
    "260":0.0,
    "261":0.0,
    "262":0.0,
    "263":0.0,
    "264":0.0,
    "265":0.0,
    "266":0.0,
    "267":0.0,
    "268":0.0,
    "269":0.0,
    "270":0.0,
    "271":0.0,
    "272":0.0,
    "273":0.0,
    "274":0.0,
    "275":0.0,
    "276":0.0,
    "277":0.0,
    "278":0.0,
    "279":0.0,
    "280":0.0,
    "281":0.0,
    "282":0.0,
    "283":0.0,
    "284":0.0,
    "285":0.0,
    "286":0.0,
    "287":0.0,
    "288":0.02101281781886951,
    "289":0.0,
    "290":0.0,
    "291":0.0,
    "292":0.0,
    "293":0.0,
    "294":0.0,
    "295":0.0,
    "296":0.0,
    "297":0.0,
    "298":0.0,
    "299":0.0,
    "300":0.0,
    "301":0.0,
    "302":0.0,
    "303":0.0,
    "304":0.0,
    "305":0.0,
    "306":0.0,
    "307":0.0,
    "308":0.0,
    "309":0.0,
    "310":0.0,
    "311":0.0,
    "312":0.0,
    "313":0.0,
    "314":0.0,
    "315":0.0,
    "316":0.0,
    "317":0.0,
    "318":0.0,
    "319":0.0,
    "320":0.0,
    "321":0.0,
    "322":0.0,
    "323":0.0,
    "324":0.0,
    "325":0.0,
    "326":0.0,
    "327":0.0,
    "328":0.0,
    "329":0.0,
    "330":0.0,
    "331":0.0,
    "332":0.0,
    "333":0.0,
    "334":0.0,
    "335":0.0,
    "336":0.0,
    "337":0.0,
    "338":0.0,
    "339":0.0,
    "340":0.0,
    "341":0.0,
    "342":0.0,
    "343":0.0,
    "344":0.0,
    "345":0.0,
    "346":0.0,
    "347":0.0,
    "348":0.0,
    "349":0.0,
    "350":0.0,
    "351":0.0,
    "352":0.0,
    "353":0.0,
    "354":0.0,
    "355":0.0,
    "356":0.0,
    "357":0.0,
    "358":0.0,
    "359":0.0,
    "360":0.0,
    "361":0.0,
    "362":0.0,
    "363":0.0,
    "364":0.0,
    "365":0.0,
    "366":0.0,
    "367":0.0,
    "368":0.0,
    "369":0.0,
    "370":0.0,
    "371":0.0,
    "372":0.0,
    "373":0.0,
    "374":0.0,
    "375":0.0,
    "376":0.0,
    "377":0.0,
    "378":0.0,
    "379":0.0,
    "380":0.0,