{
    "0":10.99324975891996,
    "1":1.800064288010286,
    "2":1.253616200578592,
    "3":1.7357762777242043,
    "4":2.1536483445837353,
    "5":2.1215043394406945,
    "6":2.1215043394406945,
    "7":1.253616200578592,
    "8":1.6072002571520412,
    "9":1.9607843137254901,
    "10":3.4072645451623274,
    "11":2.8286724525875924,
    "12":2.860816457730633,
    "13":2.539376406300225,
    "14":2.475088396014143,
    "15":2.8286724525875924,
    "16":2.3465123754419803,
    "17":1.5429122468659595,
    "18":1.0286081645773062,
    "19":1.7679202828672451,
    "20":1.092896174863388,
    "21":0.9964641594342655,
    "22":0.6750241080038573,
    "23":1.0607521697203472,
    "24":1.2214721954355512,
    "25":0.9964641594342655,
    "26":0.9643201542912248,
    "27":0.900032144005143,
    "28":0.7714561234329798,
    "29":0.900032144005143,
    "30":0.7071681131468981,
    "31":0.6750241080038573,
    "32":0.7714561234329798,
    "33":0.6750241080038573,
    "34":1.092896174863388,
    "35":0.7071681131468981,
    "36":0.8036001285760206,
    "37":0.9643201542912248,
    "38":1.1250401800064287,
    "39":0.9964641594342655,
    "40":1.285760205721633,
    "41":0.9321761491481839,
    "42":1.1893281902925106,
    "43":1.0286081645773062,
    "44":0.6107360977177756,
    "45":0.7714561234329798,
    "46":0.7714561234329798,
    "47":0.5785920925747349,
    "48":0.7714561234329798,
    "49":0.6750241080038573,
    "50":0.8678881388621021,
    "51":0.9643201542912248,
    "52":0.4821600771456124,
    "53":0.7071681131468981,
    "54":0.7393121182899389,
    "55":0.7714561234329798,
    "56":0.8357441337190614,
    "57":0.8357441337190614,
    "58":0.8357441337190614,
    "59":0.7071681131468981,
    "60":0.8036001285760206,
    "61":0.546448087431694,
    "62":0.5785920925747349,
    "63":0.8036001285760206,
    "64":0.7071681131468981,
    "65":0.5785920925747349,
    "66":0.546448087431694,
    "67":0.6107360977177756,
    "68":0.35358405657344905,
    "69":0.28929604628736744,
    "70":0.4500160720025715,
    "71":0.25715204114432655,
    "72":0.5143040822886531,
    "73":0.4821600771456124,
    "74":0.28929604628736744,
    "75":0.4500160720025715,
    "76":0.12857602057216327,
    "77":0.25715204114432655,
    "78":0.19286403085824494,
    "79":0.19286403085824494,
    "80":0.16072002571520413,
    "81":0.16072002571520413,
    "82":0.06428801028608164,
    "83":0.16072002571520413,
    "84":0.22500803600128574,
    "85":0.12857602057216327,
    "86":0.3857280617164899,
    "87":0.16072002571520413,
    "88":0.06428801028608164,
    "89":0.22500803600128574,
    "90":0.12857602057216327,
    "91":0.06428801028608164,
    "92":0.12857602057216327,
    "93":0.06428801028608164,
    "94":0.09643201542912247,
    "95":0.06428801028608164,
    "96":0.06428801028608164,
    "97":0.0,
    "98":0.03214400514304082,
    "99":0.09643201542912247,
    "100":0.06428801028608164,
    "101":0.06428801028608164,
    "102":0.16072002571520413,
    "103":0.09643201542912247,
    "104":0.06428801028608164,
    "105":0.06428801028608164,
    "106":0.03214400514304082,
    "107":0.0,
    "108":0.06428801028608164,
    "109":0.03214400514304082,
    "110":0.03214400514304082,
    "111":0.06428801028608164,
    "112":0.09643201542912247,
    "113":0.09643201542912247,
    "114":0.06428801028608164,
    "115":0.0,
    "116":0.06428801028608164,
    "117":0.12857602057216327,
    "118":0.09643201542912247,
    "119":0.22500803600128574,
    "120":0.03214400514304082,
    "121":0.09643201542912247,
    "122":0.06428801028608164,
    "123":0.03214400514304082,
    "124":0.06428801028608164,
    "125":0.03214400514304082,
    "126":0.06428801028608164,
    "127":0.03214400514304082,
    "128":0.03214400514304082,
    "129":0.06428801028608164,
    "130":0.09643201542912247,
    "131":0.0,
    "132":0.06428801028608164,
    "133":0.03214400514304082,
    "134":0.09643201542912247,
    "135":0.03214400514304082,
    "136":0.06428801028608164,
    "137":0.0,
    "138":0.0,
    "139":0.06428801028608164,
    "140":0.03214400514304082,
    "141":0.09643201542912247,
    "142":0.03214400514304082,
    "143":0.06428801028608164,
    "144":0.0,
    "145":0.16072002571520413,
    "146":0.0,
    "147":0.03214400514304082,
    "148":0.0,
    "149":0.0,
    "150":0.0,
    "151":0.03214400514304082,
    "152":0.0,
    "153":0.03214400514304082,
    "154":0.03214400514304082,
    "155":0.03214400514304082,
    "156":0.03214400514304082,
    "157":0.0,
    "158":0.0,
    "159":0.0,
    "160":0.06428801028608164,
    "161":0.03214400514304082,
    "162":0.03214400514304082,
    "163":0.0,
    "164":0.12857602057216327,
    "165":0.0,
    "166":0.0,
    "167":0.0,
    "168":0.0,
    "169":0.0,
    "170":0.0,
    "171":0.0,
    "172":0.0,
    "173":0.0,
    "174":0.0,
    "175":0.03214400514304082,
    "176":0.0,
    "177":0.0,
    "178":0.0,
    "179":0.0,
    "180":0.0,
    "181":0.0,
    "182":0.0,
    "183":0.0,
    "184":0.0,
    "185":0.0,
    "186":0.0,
    "187":0.0,
    "188":0.0,
    "189":0.0,
    "190":0.0,
    "191":0.0,
    "192":0.0,
    "193":0.0,
    "194":0.0,
    "195":0.0,
    "196":0.0,
    "197":0.0,
    "198":0.0,
    "199":0.0,
    "200":0.0,
    "201":0.0,
    "202":0.0,
    "203":0.0,
    "204":0.0,
    "205":0.0,
    "206":0.0,
    "207":0.0,
    "208":0.0,
    "209":0.0,
    "210":0.0,
    "211":0.0,
    "212":0.0,
    "213":0.0,
    "214":0.0,
    "215":0.0,
    "216":0.0,
    "217":0.0,
    "218":0.0,
    "219":0.0,
    "220":0.0,
    "221":0.0,
    "222":0.0,
    "223":0.0,
    "224":0.0,
    "225":0.0,
    "226":0.0,
    "227":0.0,
    "228":0.0,
    "229":0.0,
    "230":0.0,
    "231":0.0,
    "232":0.0,
    "233":0.0,
    "234":0.0,
    "235":0.0,
    "236":0.0,
    "237":0.0,
    "238":0.0,
    "239":0.0,
    "240":0.0,
    "241":0.0,
    "242":0.0,
    "243":0.0,
    "244":0.0,
    "245":0.0,
    "246":0.0,
    "247":0.0,
    "248":0.0,
    "249":0.0,
    "250":0.0,
    "251":0.0,
    "252":0.0,
    "253":0.0,
    "254":0.0,
    "255":0.0,
    "256":0.0,
    "257":0.0,
    "258":0.0,
    "259":0.0,
    "260":0.0,
    "261":0.0,
    "262":0.0,
    "263":0.0,
    "264":0.0,
    "265":0.0,
    "266":0.0,
    "267":0.0,
    "268":0.0,
    "269":0.0,
    "270":0.0,
    "271":0.0,
    "272":0.0,
    "273":0.0,
    "274":0.0,
    "275":0.0,
    "276":0.0,
    "277":0.0,
    "278":0.0,
    "279":0.0,
    "280":0.0,
    "281":0.0,
    "282":0.0,
    "283":0.0,
    "284":0.0,
    "285":0.0,
    "286":0.0,
    "287":0.0,
    "288":0.0,
    "289":0.0,
    "290":0.0,
    "291":0.0,
    "292":0.0,
    "293":0.0,
    "294":0.0,
    "295":0.0,
    "296":0.0,
    "297":0.0,
    "298":0.0,
    "299":0.0,
    "300":0.0,
    "301":0.0,
    "302":0.0,
    "303":0.0,
    "304":0.0,
    "305":0.0,
    "306":0.0,
    "307":0.0,
    "308":0.0,
    "309":0.0,
    "310":0.0,
    "311":0.0,
    "312":0.0,
    "313":0.0,
    "314":0.0,
    "315":0.0,
    "316":0.0,
    "317":0.0,
    "318":0.0,
    "319":0.0,
    "320":0.0,
    "321":0.0,
    "322":0.0,
    "323":0.0,
    "324":0.0,
    "325":0.0,
    "326":0.0,
    "327":0.0,
    "328":0.0,
    "329":0.0,
    "330":0.0,
    "331":0.0,
    "332":0.0,
    "333":0.0,
    "334":0.0,
    "335":0.0,
    "336":0.0,
    "337":0.0,
    "338":0.0,
    "339":0.0,
    "340":0.0,
    "341":0.0,
    "342":0.0,
    "343":0.0,
    "344":0.0,
    "345":0.0,
    "346":0.0,
    "347":0.0,
    "348":0.0,
    "349":0.0,
    "350":0.0,
    "351":0.0,
    "352":0.0,
    "353":0.0,
    "354":0.0,
    "355":0.0,
    "356":0.0,
    "357":0.0,
    "358":0.0,
    "359":0.0,
    "360":0.0,
    "361":0.0,
    "362":0.0,
    "363":0.0,
    "364":0.0,
    "365":0.0,
    "366":0.0,
    "367":0.0,
    "368":0.0,
    "369":0.0,
    "370":0.0,
    "371":0.0,
    "372":0.0,
    "373":0.0,
    "374":0.0,
    "375":0.0,
    "376":0.0,
    "377":0.0,
    "378":0.0,
    "379":0.0,
    "380":0.03214400514304082,
    "381":0.0,
    "382":0.0,
    "383":0.0,
    "384":0.0,