{
    "0":2.847669202262532,
    "1":1.1312658474741564,
    "2":2.2430271113711724,
    "3":2.633118782913985,
    "4":2.8086600351082502,
    "5":1.5993758533255316,
    "6":2.613614199336844,
    "7":1.7164033547883755,
    "8":1.579871269748391,
    "9":1.7359079383655158,
    "10":2.301540862102594,
    "11":1.4823483518626879,
    "12":1.306807099668422,
    "13":1.5993758533255316,
    "14":1.7944216890969378,
    "15":1.833430856251219,
    "16":2.047981275599766,
    "17":1.638385020479813,
    "18":1.9504583577140628,
    "19":1.5408621025941096,
    "20":1.833430856251219,
    "21":1.423834601131266,
    "22":1.462843768285547,
    "23":1.4823483518626879,
    "24":1.3848254339769848,
    "25":1.5213575190169688,
    "26":0.994733762434172,
    "27":1.1702750146284377,
    "28":1.0337429295884533,
    "29":1.0922566803198752,
    "30":1.0142383460113127,
    "31":1.4433391847084065,
    "32":0.7996879266627658,
    "33":0.682660425199922,
    "34":0.9557245952798908,
    "35":0.838697093817047,
    "36":0.9167154281256095,
    "37":1.0532475131655938,
    "38":1.0922566803198752,
    "39":1.0142383460113127,
    "40":1.0922566803198752,
    "41":0.7021650087770626,
    "42":0.9167154281256095,
    "43":1.1312658474741564,
    "44":0.7996879266627658,
    "45":0.9167154281256095,
    "46":0.9557245952798908,
    "47":0.994733762434172,
    "48":0.9362200117027502,
    "49":0.7216695923542032,
    "50":0.5851375073142189,
    "51":0.6241466744685001,
    "52":0.37058708796567197,
    "53":0.8582016773941877,
    "54":0.6631558416227814,
    "55":0.6241466744685001,
    "56":0.6241466744685001,
    "57":0.7021650087770626,
    "58":0.6046420908913595,
    "59":0.5461283401599376,
    "60":0.6241466744685001,
    "61":0.3510825043885313,
    "62":0.5071191730056563,
    "63":0.3510825043885313,
    "64":0.42910083869709387,
    "65":0.5071191730056563,
    "66":0.5266237565827969,
    "67":0.5656329237370782,
    "68":0.40959625511995323,
    "69":0.40959625511995323,
    "70":0.40959625511995323,
    "71":0.4681100058513751,
    "72":0.2730641700799688,
    "73":0.42910083869709387,
    "74":0.29256875365710944,
    "75":0.31207333723425007,
    "76":0.31207333723425007,
    "77":0.3315779208113907,
    "78":0.25355958650282817,
    "79":0.2730641700799688,
    "80":0.3315779208113907,
    "81":0.37058708796567197,
    "82":0.39009167154281255,
    "83":0.37058708796567197,
    "84":0.19504583577140627,
    "85":0.31207333723425007,
    "86":0.3315779208113907,
    "87":0.25355958650282817,
    "88":0.29256875365710944,
    "89":0.44860542227423444,
    "90":0.2730641700799688,
    "91":0.21455041934854693,
    "92":0.25355958650282817,
    "93":0.29256875365710944,
    "94":0.23405500292568754,
    "95":0.21455041934854693,
    "96":0.3510825043885313,
    "97":0.21455041934854693,
    "98":0.21455041934854693,
    "99":0.15603666861712503,
    "100":0.19504583577140627,
    "101":0.23405500292568754,
    "102":0.15603666861712503,
    "103":0.19504583577140627,
    "104":0.17554125219426564,
    "105":0.19504583577140627,
    "106":0.3510825043885313,
    "107":0.11702750146284377,
    "108":0.11702750146284377,
    "109":0.21455041934854693,
    "110":0.09752291788570314,
    "111":0.2730641700799688,
    "112":0.25355958650282817,
    "113":0.11702750146284377,
    "114":0.19504583577140627,
    "115":0.2730641700799688,
    "116":0.07801833430856252,
    "117":0.11702750146284377,
    "118":0.01950458357714063,
    "119":0.058513750731421885,
    "120":0.07801833430856252,
    "121":0.17554125219426564,
    "122":0.09752291788570314,
    "123":0.09752291788570314,
    "124":0.15603666861712503,
    "125":0.01950458357714063,
    "126":0.058513750731421885,
    "127":0.09752291788570314,
    "128":0.15603666861712503,
    "129":0.21455041934854693,
    "130":0.11702750146284377,
    "131":0.19504583577140627,
    "132":0.11702750146284377,
    "133":0.19504583577140627,
    "134":0.29256875365710944,
    "135":0.09752291788570314,
    "136":0.07801833430856252,
    "137":0.058513750731421885,
    "138":0.03900916715428126,
    "139":0.1365320850399844,
    "140":0.07801833430856252,
    "141":0.07801833430856252,
    "142":0.01950458357714063,
    "143":0.09752291788570314,
    "144":0.058513750731421885,
    "145":0.15603666861712503,
    "146":0.058513750731421885,
    "147":0.01950458357714063,
    "148":0.07801833430856252,
    "149":0.21455041934854693,
    "150":0.17554125219426564,
    "151":0.058513750731421885,
    "152":0.058513750731421885,
    "153":0.058513750731421885,
    "154":0.11702750146284377,
    "155":0.058513750731421885,
    "156":0.07801833430856252,
    "157":0.058513750731421885,
    "158":0.01950458357714063,
    "159":0.03900916715428126,
    "160":0.03900916715428126,
    "161":0.07801833430856252,
    "162":0.0,
    "163":0.03900916715428126,
    "164":0.058513750731421885,
    "165":0.058513750731421885,
    "166":0.1365320850399844,
    "167":0.01950458357714063,
    "168":0.03900916715428126,
    "169":0.058513750731421885,
    "170":0.09752291788570314,
    "171":0.01950458357714063,
    "172":0.0,
    "173":0.0,
    "174":0.0,
    "175":0.03900916715428126,
    "176":0.0,
    "177":0.0,
    "178":0.01950458357714063,
    "179":0.01950458357714063,
    "180":0.0,
    "181":0.01950458357714063,
    "182":0.058513750731421885,
    "183":0.0,
    "184":0.058513750731421885,
    "185":0.0,
    "186":0.03900916715428126,
    "187":0.03900916715428126,
    "188":0.0,
    "189":0.03900916715428126,
    "190":0.058513750731421885,
    "191":0.0,
    "192":0.03900916715428126,
    "193":0.0,
    "194":0.01950458357714063,
    "195":0.058513750731421885,
    "196":0.0,
    "197":0.058513750731421885,
    "198":0.03900916715428126,
    "199":0.03900916715428126,
    "200":0.01950458357714063,
    "201":0.0,
    "202":0.01950458357714063,
    "203":0.03900916715428126,
    "204":0.0,
    "205":0.0,
    "206":0.0,
    "207":0.0,
    "208":0.0,
    "209":0.0,
    "210":0.0,
    "211":0.0,
    "212":0.0,
    "213":0.0,
    "214":0.0,
    "215":0.0,
    "216":0.0,
    "217":0.0,
    "218":0.0,
    "219":0.0,
    "220":0.0,
    "221":0.0,
    "222":0.01950458357714063,
    "223":0.0,
    "224":0.0,
    "225":0.0,
    "226":0.0,
    "227":0.0,
    "228":0.0,
    "229":0.0,
    "230":0.0,
    "231":0.0,
    "232":0.0,
    "233":0.0,
    "234":0.0,
    "235":0.0,
    "236":0.0,
    "237":0.0,
    "238":0.0,
    "239":0.0,
    "240":0.0,
    "241":0.0,
    "242":0.0,
    "243":0.0,
    "244":0.0,
    "245":0.0,
    "246":0.0,
    "247":0.0,
    "248":0.0,
    "249":0.0,
    "250":0.0,
    "251":0.0,
    "252":0.0,
    "253":0.0,
    "254":0.0,
    "255":0.0,
    "256":0.0,
    "257":0.0,
    "258":0.0,
    "259":0.0,
    "260":0.0,
    "261":0.0,
    "262":0.0,
    "263":0.0,
    "264":0.0,
    "265":0.0,
    "266":0.0,
    "267":0.0,
    "268":0.0,
    "269":0.0,
    "270":0.0,
    "271":0.0,
    "272":0.0,
    "273":0.0,
    "274":0.0,
    "275":0.0,
    "276":0.0,
    "277":0.0,
    "278":0.0,
    "279":0.0,
    "280":0.0,
    "281":0.0,
    "282":0.0,
    "283":0.0,
    "284":0.0,
    "285":0.0,
    "286":0.01950458357714063,
    "287":0.0,
    "288":0.0,
    "289":0.0,
    "290":0.0,
    "291":0.0,
    "292":0.0,
    "293":0.01950458357714063,
    "294":0.01950458357714063,
    "295":0.0,
    "296":0.0,
    "297":0.0,
    "298":0.01950458357714063,
    "299":0.0,
    "300":0.0,
    "301":0.0,
    "302":0.0,
    "303":0.0,
    "304":0.0,
    "305":0.0,
    "306":0.0,
    "307":0.0,
    "308":0.0,
    "309":0.0,
    "310":0.0,
    "311":0.0,
    "312":0.0,
    "313":0.0,
    "314":0.0,
    "315":0.0,
    "316":0.0,
    "317":0.0,
    "318":0.0,
    "319":0.0,
    "320":0.0,
    "321":0.0,
    "322":0.0,
    "323":0.01950458357714063,
    "324":0.03900916715428126,
    "325":0.0,
    "326":0.0,
    "327":0.01950458357714063,
    "328":0.0,
    "329":0.01950458357714063,
    "330":0.0,
    "331":0.0,
    "332":0.0,