{
    "0":4.814587174759271,
    "1":6.2282319196885885,
    "2":7.129686539643516,
    "3":4.179471419791026,
    "4":3.687768899815612,
    "5":5.306289694734685,
    "6":4.507273099774636,
    "7":3.6263060848186845,
    "8":3.544355664822782,
    "9":2.6838762548658064,
    "10":1.9668100799016592,
    "11":1.843884449907806,
    "12":1.843884449907806,
    "13":2.2126613398893666,
    "14":2.315099364884245,
    "15":2.0692481048965377,
    "16":2.089735709895513,
    "17":2.376562179881172,
    "18":1.3112067199344397,
    "19":1.290719114935464,
    "20":1.4546199549272691,
    "21":1.2497439049375128,
    "22":1.5980331899200986,
    "23":1.4136447449293177,
    "24":1.126818274943659,
    "25":1.4136447449293177,
    "26":0.9424298299528785,
    "27":1.2702315099364885,
    "28":1.0653554599467323,
    "29":0.8195041999590248,
    "30":1.1473058799426348,
    "31":0.6760909649661955,
    "32":0.6965785699651711,
    "33":0.7785289899610736,
    "34":0.6760909649661955,
    "35":0.6556033599672199,
    "36":0.5736529399713174,
    "37":0.7580413849620979,
    "38":0.5531653349723417,
    "39":0.6760909649661955,
    "40":0.4917025199754148,
    "41":0.5531653349723417,
    "42":0.5121901249743905,
    "43":0.30731407498463426,
    "44":0.43023970497848807,
    "45":0.4917025199754148,
    "46":0.30731407498463426,
    "47":0.4917025199754148,
    "48":0.34828928498258555,
    "49":0.3892644949805368,
    "50":0.4917025199754148,
    "51":0.22536365498873182,
    "52":0.2663388649866831,
    "53":0.3892644949805368,
    "54":0.34828928498258555,
    "55":0.2048760499897562,
    "56":0.18438844499078058,
    "57":0.22536365498873182,
    "58":0.1229256299938537,
    "59":0.3892644949805368,
    "60":0.32780167998360993,
    "61":0.36877688998156116,
    "62":0.2048760499897562,
    "63":0.2663388649866831,
    "64":0.4097520999795124,
    "65":0.30731407498463426,
    "66":0.18438844499078058,
    "67":0.1229256299938537,
    "68":0.18438844499078058,
    "69":0.14341323499282935,
    "70":0.14341323499282935,
    "71":0.22536365498873182,
    "72":0.02048760499897562,
    "73":0.08195041999590248,
    "74":0.1024380249948781,
    "75":0.06146281499692685,
    "76":0.1024380249948781,
    "77":0.04097520999795124,
    "78":0.1024380249948781,
    "79":0.18438844499078058,
    "80":0.02048760499897562,
    "81":0.1229256299938537,
    "82":0.08195041999590248,
    "83":0.16390083999180496,
    "84":0.04097520999795124,
    "85":0.0,
    "86":0.02048760499897562,
    "87":0.04097520999795124,
    "88":0.04097520999795124,
    "89":0.08195041999590248,
    "90":0.04097520999795124,
    "91":0.02048760499897562,
    "92":0.08195041999590248,
    "93":0.02048760499897562,
    "94":0.1229256299938537,
    "95":0.02048760499897562,
    "96":0.06146281499692685,
    "97":0.0,
    "98":0.06146281499692685,
    "99":0.04097520999795124,
    "100":0.02048760499897562,
    "101":0.06146281499692685,
    "102":0.06146281499692685,
    "103":0.0,
    "104":0.1024380249948781,
    "105":0.1024380249948781,
    "106":0.06146281499692685,
    "107":0.06146281499692685,
    "108":0.02048760499897562,
    "109":0.02048760499897562,
    "110":0.08195041999590248,
    "111":0.04097520999795124,
    "112":0.06146281499692685,
    "113":0.0,
    "114":0.06146281499692685,
    "115":0.06146281499692685,
    "116":0.04097520999795124,
    "117":0.06146281499692685,
    "118":0.02048760499897562,
    "119":0.06146281499692685,
    "120":0.04097520999795124,
    "121":0.0,
    "122":0.04097520999795124,
    "123":0.04097520999795124,
    "124":0.18438844499078058,
    "125":0.1229256299938537,
    "126":0.02048760499897562,
    "127":0.04097520999795124,
    "128":0.06146281499692685,
    "129":0.02048760499897562,
    "130":0.0,
    "131":0.02048760499897562,
    "132":0.02048760499897562,
    "133":0.04097520999795124,
    "134":0.04097520999795124,
    "135":0.04097520999795124,
    "136":0.02048760499897562,
    "137":0.04097520999795124,
    "138":0.0,
    "139":0.04097520999795124,
    "140":0.04097520999795124,
    "141":0.0,
    "142":0.04097520999795124,
    "143":0.02048760499897562,
    "144":0.06146281499692685,
    "145":0.0,
    "146":0.02048760499897562,
    "147":0.0,
    "148":0.04097520999795124,
    "149":0.06146281499692685,
    "150":0.02048760499897562,
    "151":0.04097520999795124,
    "152":0.06146281499692685,
    "153":0.08195041999590248,
    "154":0.04097520999795124,
    "155":0.06146281499692685,
    "156":0.02048760499897562,
    "157":0.04097520999795124,
    "158":0.0,
    "159":0.02048760499897562,
    "160":0.04097520999795124,
    "161":0.02048760499897562,
    "162":0.02048760499897562,
    "163":0.04097520999795124,
    "164":0.0,
    "165":0.0,
    "166":0.02048760499897562,
    "167":0.04097520999795124,
    "168":0.04097520999795124,
    "169":0.02048760499897562,
    "170":0.06146281499692685,
    "171":0.04097520999795124,
    "172":0.0,
    "173":0.0,
    "174":0.0,
    "175":0.04097520999795124,
    "176":0.08195041999590248,
    "177":0.04097520999795124,
    "178":0.02048760499897562,
    "179":0.06146281499692685,
    "180":0.02048760499897562,
    "181":0.06146281499692685,
    "182":0.0,
    "183":0.02048760499897562,
    "184":0.08195041999590248,
    "185":0.0,
    "186":0.0,
    "187":0.0,
    "188":0.0,
    "189":0.0,
    "190":0.0,
    "191":0.0,
    "192":0.0,
    "193":0.0,
    "194":0.0,
    "195":0.0,
    "196":0.0,
    "197":0.0,
    "198":0.02048760499897562,
    "199":0.0,
    "200":0.0,
    "201":0.0,
    "202":0.0,
    "203":0.0,
    "204":0.02048760499897562,
    "205":0.02048760499897562,
    "206":0.0,
    "207":0.0,
    "208":0.0,
    "209":0.0,
    "210":0.0,
    "211":0.0,
    "212":0.0,
    "213":0.0,
    "214":0.0,
    "215":0.0,
    "216":0.0,
    "217":0.02048760499897562,
    "218":0.0,
    "219":0.0,
    "220":0.0,
    "221":0.0,
    "222":0.0,
    "223":0.0,
    "224":0.0,
    "225":0.0,
    "226":0.0,
    "227":0.0,
    "228":0.0,
    "229":0.0,
    "230":0.0,
    "231":0.0,
    "232":0.0,
    "233":0.0,
    "234":0.0,
    "235":0.0,
    "236":0.0,
    "237":0.0,
    "238":0.0,
    "239":0.0,
    "240":0.0,
    "241":0.0,
    "242":0.0,
    "243":0.0,
    "244":0.0,
    "245":0.0,
    "246":0.0,
    "247":0.0,
    "248":0.0,
    "249":0.0,
    "250":0.0,
    "251":0.0,
    "252":0.0,
    "253":0.0,
    "254":0.0,
    "255":0.0,
    "256":0.0,
    "257":0.0,
    "258":0.0,
    "259":0.0,
    "260":0.0,
    "261":0.0,
    "262":0.0,
    "263":0.0,
    "264":0.0,
    "265":0.0,
    "266":0.0,
    "267":0.0,
    "268":0.0,
    "269":0.0,
    "270":0.0,
    "271":0.0,
    "272":0.0,
    "273":0.0,
    "274":0.0,
    "275":0.0,
    "276":0.0,
    "277":0.0,
    "278":0.0,
    "279":0.0,
    "280":0.0,
    "281":0.0,
    "282":0.0,
    "283":0.0,
    "284":0.0,
    "285":0.0,
    "286":0.0,
    "287":0.0,
    "288":0.0,
    "289":0.0,
    "290":0.0,
    "291":0.0,
    "292":0.0,
    "293":0.0,
    "294":0.0,
    "295":0.0,
    "296":0.0,
    "297":0.0,
    "298":0.0,
    "299":0.0,
    "300":0.0,
    "301":0.02048760499897562,
    "302":0.0,
    "303":0.0,
    "304":0.0,
    "305":0.0,
    "306":0.0,
    "307":0.0,
    "308":0.0,
    "309":0.0,
    "310":0.0,
    "311":0.0,
    "312":0.0,
    "313":0.0,
    "314":0.0,
    "315":0.0,
    "316":0.0,
    "317":0.0,
    "318":0.0,
    "319":0.0,
    "320":0.0,
    "321":0.0,
    "322":0.0,
    "323":0.0,
    "324":0.0,
    "325":0.0,
    "326":0.0,
    "327":0.0,
    "328":0.0,
    "329":0.0,
    "330":0.0,
    "331":0.0,
    "332":0.0,
    "333":0.0,
    "334":0.0,
    "335":0.0,
    "336":0.0,
    "337":0.0,
    "338":0.0,
    "339":0.0,
    "340":0.0,
    "341":0.0,
    "342":0.0,
    "343":0.0,
    "344":0.0,
    "345":0.0,
    "346":0.0,
    "347":0.0,
    "348":0.0,
    "349":0.0,
    "350":0.0,
    "351":0.0,
    "352":0.0,
    "353":0.0,
    "354":0.0,
    "355":0.0,
    "356":0.0,
    "357":0.0,
    "358":0.0,
    "359":0.0,
    "360":0.0,