{
    "0":5.729877216916781,
    "1":6.684856753069577,
    "2":6.775807185084129,
    "3":3.069577080491132,
    "4":2.569349704411096,
    "5":1.9781718963165076,
    "6":1.7280582082764895,
    "7":1.6598453842655754,
    "8":0.7958162801273306,
    "9":0.5911778080945885,
    "10":0.9095043201455207,
    "11":1.1141427921782627,
    "12":0.7276034561164165,
    "13":0.6366530241018644,
    "14":0.9095043201455207,
    "15":0.9777171441564347,
    "16":1.0914051841746248,
    "17":1.0914051841746248,
    "18":1.3415188722146432,
    "19":1.296043656207367,
    "20":1.3415188722146432,
    "21":1.023192360163711,
    "22":1.0914051841746248,
    "23":0.7958162801273306,
    "24":1.068667576170987,
    "25":1.0914051841746248,
    "26":1.068667576170987,
    "27":1.2733060482037288,
    "28":1.1368804001819008,
    "29":1.3187812642110048,
    "30":1.2733060482037288,
    "31":0.7048658481127785,
    "32":0.9322419281491587,
    "33":0.5911778080945885,
    "34":0.9322419281491587,
    "35":0.6593906321055024,
    "36":0.9095043201455207,
    "37":0.8640291041382447,
    "38":0.6139154160982265,
    "39":0.8867667121418827,
    "40":0.8185538881309686,
    "41":1.0004547521600726,
    "42":0.7730786721236926,
    "43":0.7958162801273306,
    "44":0.8412914961346065,
    "45":1.0914051841746248,
    "46":0.8185538881309686,
    "47":0.6366530241018644,
    "48":0.6821282401091405,
    "49":0.7958162801273306,
    "50":0.7958162801273306,
    "51":0.8185538881309686,
    "52":0.7503410641200546,
    "53":0.6821282401091405,
    "54":0.5684402000909504,
    "55":0.6821282401091405,
    "56":0.5229649840836744,
    "57":0.4092769440654843,
    "58":0.7048658481127785,
    "59":0.6821282401091405,
    "60":0.5229649840836744,
    "61":0.4092769440654843,
    "62":0.1591632560254661,
    "63":0.29558890404729427,
    "64":0.34106412005457026,
    "65":0.3183265120509322,
    "66":0.18190086402910413,
    "67":0.3183265120509322,
    "68":0.34106412005457026,
    "69":0.2728512960436562,
    "70":0.1591632560254661,
    "71":0.20463847203274216,
    "72":0.4092769440654843,
    "73":0.2728512960436562,
    "74":0.18190086402910413,
    "75":0.25011368804001816,
    "76":0.3183265120509322,
    "77":0.06821282401091405,
    "78":0.1364256480218281,
    "79":0.29558890404729427,
    "80":0.29558890404729427,
    "81":0.1364256480218281,
    "82":0.22737608003638018,
    "83":0.20463847203274216,
    "84":0.18190086402910413,
    "85":0.3865393360618463,
    "86":0.20463847203274216,
    "87":0.11368804001819009,
    "88":0.22737608003638018,
    "89":0.25011368804001816,
    "90":0.4092769440654843,
    "91":0.20463847203274216,
    "92":0.11368804001819009,
    "93":0.29558890404729427,
    "94":0.29558890404729427,
    "95":0.22737608003638018,
    "96":0.43201455206912237,
    "97":0.22737608003638018,
    "98":0.09095043201455207,
    "99":0.34106412005457026,
    "100":0.34106412005457026,
    "101":0.22737608003638018,
    "102":0.36380172805820826,
    "103":0.1591632560254661,
    "104":0.22737608003638018,
    "105":0.2728512960436562,
    "106":0.20463847203274216,
    "107":0.1591632560254661,
    "108":0.18190086402910413,
    "109":0.25011368804001816,
    "110":0.20463847203274216,
    "111":0.22737608003638018,
    "112":0.22737608003638018,
    "113":0.1364256480218281,
    "114":0.3865393360618463,
    "115":0.2728512960436562,
    "116":0.1364256480218281,
    "117":0.20463847203274216,
    "118":0.2728512960436562,
    "119":0.3183265120509322,
    "120":0.1591632560254661,
    "121":0.20463847203274216,
    "122":0.22737608003638018,
    "123":0.1591632560254661,
    "124":0.06821282401091405,
    "125":0.1591632560254661,
    "126":0.45475216007276037,
    "127":0.18190086402910413,
    "128":0.1591632560254661,
    "129":0.2728512960436562,
    "130":0.3183265120509322,
    "131":0.36380172805820826,
    "132":0.22737608003638018,
    "133":0.1364256480218281,
    "134":0.22737608003638018,
    "135":0.1364256480218281,
    "136":0.1591632560254661,
    "137":0.1591632560254661,
    "138":0.04547521600727603,
    "139":0.1591632560254661,
    "140":0.11368804001819009,
    "141":0.18190086402910413,
    "142":0.09095043201455207,
    "143":0.11368804001819009,
    "144":0.04547521600727603,
    "145":0.11368804001819009,
    "146":0.09095043201455207,
    "147":0.18190086402910413,
    "148":0.09095043201455207,
    "149":0.18190086402910413,
    "150":0.22737608003638018,
    "151":0.1364256480218281,
    "152":0.11368804001819009,
    "153":0.1591632560254661,
    "154":0.22737608003638018,
    "155":0.022737608003638016,
    "156":0.18190086402910413,
    "157":0.1364256480218281,
    "158":0.06821282401091405,
    "159":0.1364256480218281,
    "160":0.022737608003638016,
    "161":0.09095043201455207,
    "162":0.20463847203274216,
    "163":0.11368804001819009,
    "164":0.09095043201455207,
    "165":0.04547521600727603,
    "166":0.20463847203274216,
    "167":0.0,
    "168":0.1364256480218281,
    "169":0.0,
    "170":0.0,
    "171":0.04547521600727603,
    "172":0.04547521600727603,
    "173":0.0,
    "174":0.022737608003638016,
    "175":0.09095043201455207,
    "176":0.022737608003638016,
    "177":0.09095043201455207,
    "178":0.09095043201455207,
    "179":0.0,
    "180":0.06821282401091405,
    "181":0.04547521600727603,
    "182":0.06821282401091405,
    "183":0.04547521600727603,
    "184":0.022737608003638016,
    "185":0.0,
    "186":0.022737608003638016,
    "187":0.0,
    "188":0.04547521600727603,
    "189":0.0,
    "190":0.1364256480218281,
    "191":0.0,
    "192":0.022737608003638016,
    "193":0.11368804001819009,
    "194":0.0,
    "195":0.022737608003638016,
    "196":0.0,
    "197":0.022737608003638016,
    "198":0.09095043201455207,
    "199":0.0,
    "200":0.0,
    "201":0.0,
    "202":0.0,
    "203":0.0,
    "204":0.0,
    "205":0.0,
    "206":0.0,
    "207":0.0,
    "208":0.0,
    "209":0.0,
    "210":0.0,
    "211":0.0,
    "212":0.0,
    "213":0.0,
    "214":0.0,
    "215":0.0,
    "216":0.0,
    "217":0.0,
    "218":0.0,
    "219":0.0,
    "220":0.0,
    "221":0.0,
    "222":0.0,
    "223":0.0,
    "224":0.0,
    "225":0.0,
    "226":0.0,
    "227":0.0,
    "228":0.0,
    "229":0.0,
    "230":0.0,
    "231":0.0,
    "232":0.0,
    "233":0.0,
    "234":0.0,
    "235":0.0,
    "236":0.0,
    "237":0.0,
    "238":0.0,
    "239":0.0,
    "240":0.0,
    "241":0.0,
    "242":0.0,
    "243":0.0,
    "244":0.0,
    "245":0.0,
    "246":0.0,
    "247":0.0,
    "248":0.0,
    "249":0.0,
    "250":0.0,
    "251":0.0,
    "252":0.0,
    "253":0.0,
    "254":0.0,
    "255":0.0,
    "256":0.0,
    "257":0.0,
    "258":0.0,
    "259":0.0,
    "260":0.0,
    "261":0.0,
    "262":0.0,
    "263":0.0,
    "264":0.0,
    "265":0.0,
    "266":0.0,
    "267":0.0,
    "268":0.0,
    "269":0.0,
    "270":0.0,
    "271":0.0,
    "272":0.0,
    "273":0.0,
    "274":0.0,
    "275":0.0,
    "276":0.0,
    "277":0.0,
    "278":0.0,
    "279":0.0,
    "280":0.0,
    "281":0.0,
    "282":0.0,
    "283":0.0,
    "284":0.0,
    "285":0.0,
    "286":0.0,
    "287":0.0,
    "288":0.0,
    "289":0.0,
    "290":0.0,
    "291":0.0,
    "292":0.0,
    "293":0.0,
    "294":0.0,
    "295":0.0,
    "296":0.0,
    "297":0.0,
    "298":0.0,
    "299":0.0,
    "300":0.0,
    "301":0.0,
    "302":0.0,
    "303":0.0,
    "304":0.0,
    "305":0.0,
    "306":0.0,
    "307":0.0,
    "308":0.0,
    "309":0.0,
    "310":0.0,
    "311":0.0,
    "312":0.0,
    "313":0.0,
    "314":0.0,
    "315":0.0,
    "316":0.0,
    "317":0.0,
    "318":0.0,
    "319":0.0,
    "320":0.0,
    "321":0.0,
    "322":0.0,
    "323":0.0,
    "324":0.0,
    "325":0.0,
    "326":0.0,
    "327":0.0,
    "328":0.0,
    "329":0.0,
    "330":0.0,
    "331":0.0,
    "332":0.0,
    "333":0.0,
    "334":0.0,
    "335":0.0,
    "336":0.0,
    "337":0.0,
    "338":0.0,
    "339":0.0,
    "340":0.0,
    "341":0.0,
    "342":0.0,
    "343":0.0,
    "344":0.0,
    "345":0.0,