{
    "0":2.7214823393167342,
    "1":1.2738853503184715,
    "2":0.6369426751592357,
    "3":1.6502605674580197,
    "4":2.3451071221771858,
    "5":2.6346265199768384,
    "6":2.1424435437174294,
    "7":2.026635784597568,
    "8":1.5055008685581934,
    "9":0.781702374059062,
    "10":1.0422698320787493,
    "11":1.5055008685581934,
    "12":1.563404748118124,
    "13":1.563404748118124,
    "14":1.129125651418645,
    "15":1.129125651418645,
    "16":1.8529241459177763,
    "17":0.6369426751592357,
    "18":1.0712217718587147,
    "19":0.8106543138390272,
    "20":0.9843659525188188,
    "21":0.23161551823972204,
    "22":0.6948465547191662,
    "23":0.6658946149392009,
    "24":0.5500868558193398,
    "25":0.4921829762594094,
    "26":0.6658946149392009,
    "27":0.9264620729588882,
    "28":0.6369426751592357,
    "29":0.8396062536189925,
    "30":0.5211349160393747,
    "31":0.6658946149392009,
    "32":0.6079907353792704,
    "33":0.7237984944991315,
    "34":0.897510133178923,
    "35":0.6658946149392009,
    "36":0.6658946149392009,
    "37":0.5500868558193398,
    "38":1.013317892298784,
    "39":1.013317892298784,
    "40":0.8685581933989578,
    "41":1.2159814707585408,
    "42":1.0422698320787493,
    "43":1.1001737116386796,
    "44":1.0422698320787493,
    "45":0.8685581933989578,
    "46":0.897510133178923,
    "47":0.7237984944991315,
    "48":0.781702374059062,
    "49":0.781702374059062,
    "50":0.6658946149392009,
    "51":0.9264620729588882,
    "52":0.781702374059062,
    "53":0.781702374059062,
    "54":0.6948465547191662,
    "55":0.8685581933989578,
    "56":0.6658946149392009,
    "57":0.8106543138390272,
    "58":0.781702374059062,
    "59":0.6369426751592357,
    "60":0.8106543138390272,
    "61":0.8685581933989578,
    "62":0.8685581933989578,
    "63":0.5500868558193398,
    "64":0.781702374059062,
    "65":0.8685581933989578,
    "66":0.6369426751592357,
    "67":0.8685581933989578,
    "68":0.7237984944991315,
    "69":0.6369426751592357,
    "70":0.6079907353792704,
    "71":0.6948465547191662,
    "72":0.6079907353792704,
    "73":0.7237984944991315,
    "74":0.6658946149392009,
    "75":0.6658946149392009,
    "76":0.5211349160393747,
    "77":0.26056745801968734,
    "78":0.4342790966994789,
    "79":0.2895193977996526,
    "80":0.5211349160393747,
    "81":0.4053271569195136,
    "82":0.5211349160393747,
    "83":0.5500868558193398,
    "84":0.23161551823972204,
    "85":0.2895193977996526,
    "86":0.6658946149392009,
    "87":0.4053271569195136,
    "88":0.17371163867979156,
    "89":0.3474232773595831,
    "90":0.4053271569195136,
    "91":0.4342790966994789,
    "92":0.4342790966994789,
    "93":0.4053271569195136,
    "94":0.4921829762594094,
    "95":0.37637521713954836,
    "96":0.4342790966994789,
    "97":0.17371163867979156,
    "98":0.5500868558193398,
    "99":0.4921829762594094,
    "100":0.2026635784597568,
    "101":0.5500868558193398,
    "102":0.17371163867979156,
    "103":0.26056745801968734,
    "104":0.1447596988998263,
    "105":0.2895193977996526,
    "106":0.26056745801968734,
    "107":0.2895193977996526,
    "108":0.3474232773595831,
    "109":0.11580775911986102,
    "110":0.17371163867979156,
    "111":0.11580775911986102,
    "112":0.1447596988998263,
    "113":0.2895193977996526,
    "114":0.3184713375796179,
    "115":0.23161551823972204,
    "116":0.05790387955993051,
    "117":0.3184713375796179,
    "118":0.2026635784597568,
    "119":0.11580775911986102,
    "120":0.17371163867979156,
    "121":0.17371163867979156,
    "122":0.26056745801968734,
    "123":0.1447596988998263,
    "124":0.11580775911986102,
    "125":0.26056745801968734,
    "126":0.2895193977996526,
    "127":0.028951939779965255,
    "128":0.1447596988998263,
    "129":0.11580775911986102,
    "130":0.11580775911986102,
    "131":0.2026635784597568,
    "132":0.17371163867979156,
    "133":0.11580775911986102,
    "134":0.17371163867979156,
    "135":0.11580775911986102,
    "136":0.1447596988998263,
    "137":0.23161551823972204,
    "138":0.26056745801968734,
    "139":0.2026635784597568,
    "140":0.26056745801968734,
    "141":0.23161551823972204,
    "142":0.11580775911986102,
    "143":0.11580775911986102,
    "144":0.1447596988998263,
    "145":0.17371163867979156,
    "146":0.1447596988998263,
    "147":0.11580775911986102,
    "148":0.1447596988998263,
    "149":0.23161551823972204,
    "150":0.23161551823972204,
    "151":0.17371163867979156,
    "152":0.05790387955993051,
    "153":0.1447596988998263,
    "154":0.05790387955993051,
    "155":0.2026635784597568,
    "156":0.08685581933989578,
    "157":0.05790387955993051,
    "158":0.1447596988998263,
    "159":0.23161551823972204,
    "160":0.23161551823972204,
    "161":0.1447596988998263,
    "162":0.17371163867979156,
    "163":0.2895193977996526,
    "164":0.11580775911986102,
    "165":0.2026635784597568,
    "166":0.11580775911986102,
    "167":0.028951939779965255,
    "168":0.028951939779965255,
    "169":0.05790387955993051,
    "170":0.028951939779965255,
    "171":0.11580775911986102,
    "172":0.08685581933989578,
    "173":0.17371163867979156,
    "174":0.08685581933989578,
    "175":0.2026635784597568,
    "176":0.17371163867979156,
    "177":0.05790387955993051,
    "178":0.028951939779965255,
    "179":0.0,
    "180":0.05790387955993051,
    "181":0.05790387955993051,
    "182":0.028951939779965255,
    "183":0.05790387955993051,
    "184":0.05790387955993051,
    "185":0.11580775911986102,
    "186":0.05790387955993051,
    "187":0.028951939779965255,
    "188":0.08685581933989578,
    "189":0.05790387955993051,
    "190":0.028951939779965255,
    "191":0.028951939779965255,
    "192":0.05790387955993051,
    "193":0.05790387955993051,
    "194":0.0,
    "195":0.05790387955993051,
    "196":0.08685581933989578,
    "197":0.028951939779965255,
    "198":0.0,
    "199":0.05790387955993051,
    "200":0.05790387955993051,
    "201":0.028951939779965255,
    "202":0.028951939779965255,
    "203":0.08685581933989578,
    "204":0.028951939779965255,
    "205":0.028951939779965255,
    "206":0.028951939779965255,
    "207":0.11580775911986102,
    "208":0.17371163867979156,
    "209":0.0,
    "210":0.028951939779965255,
    "211":0.0,
    "212":0.0,
    "213":0.05790387955993051,
    "214":0.05790387955993051,
    "215":0.028951939779965255,
    "216":0.028951939779965255,
    "217":0.028951939779965255,
    "218":0.028951939779965255,
    "219":0.0,
    "220":0.05790387955993051,
    "221":0.0,
    "222":0.05790387955993051,
    "223":0.1447596988998263,
    "224":0.11580775911986102,
    "225":0.028951939779965255,
    "226":0.028951939779965255,
    "227":0.0,
    "228":0.028951939779965255,
    "229":0.08685581933989578,
    "230":0.028951939779965255,
    "231":0.028951939779965255,
    "232":0.0,
    "233":0.05790387955993051,
    "234":0.0,
    "235":0.05790387955993051,
    "236":0.0,
    "237":0.0,
    "238":0.0,
    "239":0.08685581933989578,
    "240":0.028951939779965255,
    "241":0.028951939779965255,
    "242":0.0,
    "243":0.028951939779965255,
    "244":0.028951939779965255,
    "245":0.08685581933989578,
    "246":0.028951939779965255,
    "247":0.028951939779965255,
    "248":0.028951939779965255,
    "249":0.05790387955993051,
    "250":0.0,
    "251":0.0,
    "252":0.0,
    "253":0.05790387955993051,
    "254":0.0,
    "255":0.0,
    "256":0.028951939779965255,
    "257":0.1447596988998263,
    "258":0.0,
    "259":0.11580775911986102,
    "260":0.0,
    "261":0.0,
    "262":0.0,
    "263":0.0,
    "264":0.0,
    "265":0.0,
    "266":0.0,
    "267":0.0,
    "268":0.028951939779965255,
    "269":0.0,
    "270":0.0,
    "271":0.0,
    "272":0.0,
    "273":0.0,
    "274":0.0,
    "275":0.028951939779965255,
    "276":0.0,
    "277":0.0,
    "278":0.0,
    "279":0.0,
    "280":0.0,
    "281":0.0,
    "282":0.0,
    "283":0.0,
    "284":0.028951939779965255,
    "285":0.0,
    "286":0.0,
    "287":0.0,