{
    "0":8.245585614774017,
    "1":6.350234893892759,
    "2":6.1720395269722985,
    "3":3.790701441762514,
    "4":3.7745018629515634,
    "5":3.3047140774339865,
    "6":2.7215292402397537,
    "7":2.429936821642637,
    "8":1.8143528268265023,
    "9":1.6523570387169932,
    "10":1.3931637777417787,
    "11":1.8791511420703062,
    "12":2.30034019115503,
    "13":1.9763486149360119,
    "14":1.6847561963388953,
    "15":1.733354932771748,
    "16":2.105945245423619,
    "17":2.3975376640207355,
    "18":2.494735136886441,
    "19":2.3489389275878825,
    "20":2.3489389275878825,
    "21":2.2679410335331283,
    "22":1.8305524056374534,
    "23":1.2959663048760732,
    "24":1.3445650413089258,
    "25":1.7981532480155518,
    "26":1.1339705167665641,
    "27":1.150170095577515,
    "28":1.1339705167665641,
    "29":0.8909768346023004,
    "30":1.1015713591446623,
    "31":0.8585776769803984,
    "32":0.8909768346023004,
    "33":0.8747772557913494,
    "34":0.8585776769803984,
    "35":0.5993844160051839,
    "36":0.6965818888708893,
    "37":0.5669852583832821,
    "38":0.6155839948161348,
    "39":0.48598736432852746,
    "40":0.6641827312489875,
    "41":0.761380204114693,
    "42":0.5021869431394783,
    "43":0.5669852583832821,
    "44":0.6803823100599384,
    "45":0.5669852583832821,
    "46":0.4535882067066256,
    "47":0.3401911550299692,
    "48":0.3239915762190183,
    "49":0.3563907338409201,
    "50":0.29159241859711643,
    "51":0.16199578810950915,
    "52":0.2267941033533128,
    "53":0.3401911550299692,
    "54":0.37259031265187104,
    "55":0.37259031265187104,
    "56":0.3239915762190183,
    "57":0.2591932609752146,
    "58":0.17819536692046006,
    "59":0.194394945731411,
    "60":0.3401911550299692,
    "61":0.3239915762190183,
    "62":0.2591932609752146,
    "63":0.2753928397861656,
    "64":0.3401911550299692,
    "65":0.2591932609752146,
    "66":0.17819536692046006,
    "67":0.16199578810950915,
    "68":0.17819536692046006,
    "69":0.4535882067066256,
    "70":0.2753928397861656,
    "71":0.2105945245423619,
    "72":0.3401911550299692,
    "73":0.2105945245423619,
    "74":0.3239915762190183,
    "75":0.14579620929855822,
    "76":0.17819536692046006,
    "77":0.2105945245423619,
    "78":0.2267941033533128,
    "79":0.14579620929855822,
    "80":0.2105945245423619,
    "81":0.1133970516766564,
    "82":0.16199578810950915,
    "83":0.14579620929855822,
    "84":0.1133970516766564,
    "85":0.1295966304876073,
    "86":0.08099789405475458,
    "87":0.17819536692046006,
    "88":0.16199578810950915,
    "89":0.1133970516766564,
    "90":0.17819536692046006,
    "91":0.1133970516766564,
    "92":0.1133970516766564,
    "93":0.17819536692046006,
    "94":0.2105945245423619,
    "95":0.06479831524380365,
    "96":0.1295966304876073,
    "97":0.14579620929855822,
    "98":0.06479831524380365,
    "99":0.0971974728657055,
    "100":0.0,
    "101":0.1133970516766564,
    "102":0.08099789405475458,
    "103":0.04859873643285275,
    "104":0.14579620929855822,
    "105":0.016199578810950913,
    "106":0.032399157621901827,
    "107":0.0,
    "108":0.04859873643285275,
    "109":0.08099789405475458,
    "110":0.04859873643285275,
    "111":0.016199578810950913,
    "112":0.016199578810950913,
    "113":0.016199578810950913,
    "114":0.016199578810950913,
    "115":0.016199578810950913,
    "116":0.032399157621901827,
    "117":0.0,
    "118":0.0,
    "119":0.0,
    "120":0.0,
    "121":0.0,
    "122":0.04859873643285275,
    "123":0.016199578810950913,
    "124":0.016199578810950913,
    "125":0.016199578810950913,
    "126":0.016199578810950913,
    "127":0.032399157621901827,
    "128":0.016199578810950913,
    "129":0.032399157621901827,
    "130":0.0,
    "131":0.0,
    "132":0.0,
    "133":0.0,
    "134":0.0,
    "135":0.016199578810950913,
    "136":0.0,
    "137":0.0,
    "138":0.0,
    "139":0.0,
    "140":0.0,
    "141":0.0,
    "142":0.0,
    "143":0.0,
    "144":0.0,
    "145":0.0,
    "146":0.0,
    "147":0.0,
    "148":0.0,
    "149":0.0,
    "150":0.0,
    "151":0.0,
    "152":0.0,
    "153":0.0,
    "154":0.0,
    "155":0.0,
    "156":0.0,
    "157":0.0,
    "158":0.0,
    "159":0.0,
    "160":0.0,
    "161":0.0,
    "162":0.0,
    "163":0.0,
    "164":0.0,
    "165":0.0,
    "166":0.06479831524380365,
    "167":0.0,
    "168":0.0,
    "169":0.0,
    "170":0.0,
    "171":0.0,
    "172":0.0,
    "173":0.0,
    "174":0.0,
    "175":0.0
}