{
    "0":10.354055166735282,
    "1":3.4376286537669825,
    "2":4.899135446685879,
    "3":5.640181144503911,
    "4":5.063812268423219,
    "5":4.508027995059695,
    "6":2.984767393989296,
    "7":2.943598188554961,
    "8":1.1939069575957184,
    "9":1.4203375874845614,
    "10":1.070399341292713,
    "11":0.8233841086867023,
    "12":0.9880609304240429,
    "13":1.1527377521613833,
    "14":0.7410456978180321,
    "15":0.8645533141210375,
    "16":0.9263071222725402,
    "17":1.1115685467270482,
    "18":1.1115685467270482,
    "19":0.9263071222725402,
    "20":1.0498147385755454,
    "21":0.9674763277068753,
    "22":1.070399341292713,
    "23":0.9468917249897078,
    "24":1.3585837793330588,
    "25":1.0909839440098805,
    "26":0.7204610951008645,
    "27":0.9880609304240429,
    "28":0.7410456978180321,
    "29":0.9880609304240429,
    "30":0.8645533141210375,
    "31":0.7822149032523672,
    "32":0.7204610951008645,
    "33":0.6792918896665294,
    "34":0.6587072869493619,
    "35":0.5969534787978592,
    "36":0.7822149032523672,
    "37":0.8645533141210375,
    "38":0.7410456978180321,
    "39":0.699876492383697,
    "40":0.7204610951008645,
    "41":0.6792918896665294,
    "42":0.699876492383697,
    "43":0.6792918896665294,
    "44":0.7822149032523672,
    "45":0.6792918896665294,
    "46":0.6381226842321943,
    "47":0.5557842733635241,
    "48":0.5351996706463565,
    "49":0.7204610951008645,
    "50":0.514615067929189,
    "51":0.6381226842321943,
    "52":0.6792918896665294,
    "53":0.5763688760806917,
    "54":0.7616303005351998,
    "55":0.514615067929189,
    "56":0.6587072869493619,
    "57":0.514615067929189,
    "58":0.5969534787978592,
    "59":0.4734458624948539,
    "60":0.514615067929189,
    "61":0.49403046521202143,
    "62":0.43227665706051877,
    "63":0.4528612597776863,
    "64":0.41169205434335115,
    "65":0.43227665706051877,
    "66":0.26759983532317827,
    "67":0.3087690407575134,
    "68":0.26759983532317827,
    "69":0.22643062988884316,
    "70":0.37052284890901604,
    "71":0.2881844380403458,
    "72":0.18526142445450802,
    "73":0.22643062988884316,
    "74":0.3499382461918485,
    "75":0.26759983532317827,
    "76":0.12350761630300536,
    "77":0.2881844380403458,
    "78":0.26759983532317827,
    "79":0.20584602717167558,
    "80":0.41169205434335115,
    "81":0.20584602717167558,
    "82":0.24701523260601072,
    "83":0.20584602717167558,
    "84":0.22643062988884316,
    "85":0.20584602717167558,
    "86":0.16467682173734047,
    "87":0.08233841086867023,
    "88":0.24701523260601072,
    "89":0.24701523260601072,
    "90":0.26759983532317827,
    "91":0.12350761630300536,
    "92":0.20584602717167558,
    "93":0.16467682173734047,
    "94":0.22643062988884316,
    "95":0.18526142445450802,
    "96":0.16467682173734047,
    "97":0.06175380815150268,
    "98":0.18526142445450802,
    "99":0.16467682173734047,
    "100":0.1440922190201729,
    "101":0.12350761630300536,
    "102":0.04116920543433512,
    "103":0.10292301358583779,
    "104":0.41169205434335115,
    "105":0.16467682173734047,
    "106":0.18526142445450802,
    "107":0.10292301358583779,
    "108":0.02058460271716756,
    "109":0.06175380815150268,
    "110":0.18526142445450802,
    "111":0.16467682173734047,
    "112":0.10292301358583779,
    "113":0.12350761630300536,
    "114":0.04116920543433512,
    "115":0.04116920543433512,
    "116":0.12350761630300536,
    "117":0.04116920543433512,
    "118":0.06175380815150268,
    "119":0.10292301358583779,
    "120":0.06175380815150268,
    "121":0.1440922190201729,
    "122":0.1440922190201729,
    "123":0.1440922190201729,
    "124":0.06175380815150268,
    "125":0.12350761630300536,
    "126":0.1440922190201729,
    "127":0.08233841086867023,
    "128":0.06175380815150268,
    "129":0.12350761630300536,
    "130":0.04116920543433512,
    "131":0.04116920543433512,
    "132":0.1440922190201729,
    "133":0.08233841086867023,
    "134":0.06175380815150268,
    "135":0.0,
    "136":0.04116920543433512,
    "137":0.02058460271716756,
    "138":0.12350761630300536,
    "139":0.12350761630300536,
    "140":0.12350761630300536,
    "141":0.04116920543433512,
    "142":0.02058460271716756,
    "143":0.08233841086867023,
    "144":0.06175380815150268,
    "145":0.02058460271716756,
    "146":0.06175380815150268,
    "147":0.06175380815150268,
    "148":0.10292301358583779,
    "149":0.10292301358583779,
    "150":0.08233841086867023,
    "151":0.06175380815150268,
    "152":0.04116920543433512,
    "153":0.04116920543433512,
    "154":0.06175380815150268,
    "155":0.02058460271716756,
    "156":0.10292301358583779,
    "157":0.0,
    "158":0.02058460271716756,
    "159":0.06175380815150268,
    "160":0.04116920543433512,
    "161":0.08233841086867023,
    "162":0.08233841086867023,
    "163":0.04116920543433512,
    "164":0.10292301358583779,
    "165":0.10292301358583779,
    "166":0.06175380815150268,
    "167":0.04116920543433512,
    "168":0.04116920543433512,
    "169":0.04116920543433512,
    "170":0.0,
    "171":0.02058460271716756,
    "172":0.1440922190201729,
    "173":0.06175380815150268,
    "174":0.06175380815150268,
    "175":0.12350761630300536,
    "176":0.04116920543433512,
    "177":0.08233841086867023,
    "178":0.08233841086867023,
    "179":0.08233841086867023,
    "180":0.02058460271716756,
    "181":0.04116920543433512,
    "182":0.06175380815150268,
    "183":0.02058460271716756,
    "184":0.04116920543433512,
    "185":0.04116920543433512,
    "186":0.06175380815150268,
    "187":0.08233841086867023,
    "188":0.02058460271716756,
    "189":0.04116920543433512,
    "190":0.02058460271716756,
    "191":0.02058460271716756,
    "192":0.0,
    "193":0.0,
    "194":0.02058460271716756,
    "195":0.02058460271716756,
    "196":0.0,
    "197":0.02058460271716756,
    "198":0.02058460271716756,
    "199":0.02058460271716756,
    "200":0.02058460271716756,
    "201":0.02058460271716756,
    "202":0.10292301358583779,
    "203":0.0,
    "204":0.0,
    "205":0.02058460271716756,
    "206":0.0,
    "207":0.0,
    "208":0.0,
    "209":0.0,
    "210":0.0,
    "211":0.0,
    "212":0.0,
    "213":0.04116920543433512,
    "214":0.0,
    "215":0.0,
    "216":0.02058460271716756,
    "217":0.0,
    "218":0.0,
    "219":0.0,
    "220":0.0,
    "221":0.0,
    "222":0.0,
    "223":0.0,
    "224":0.0,
    "225":0.0,
    "226":0.0,
    "227":0.0,
    "228":0.0,
    "229":0.02058460271716756,
    "230":0.02058460271716756,
    "231":0.0,
    "232":0.02058460271716756,
    "233":0.0,
    "234":0.0,
    "235":0.02058460271716756,
    "236":0.0,
    "237":0.0,
    "238":0.0,
    "239":0.0,
    "240":0.0,
    "241":0.0,
    "242":0.0,
    "243":0.02058460271716756,
    "244":0.0,
    "245":0.0,
    "246":0.0,
    "247":0.0,
    "248":0.0,
    "249":0.0,
    "250":0.0,
    "251":0.0
}