{
    "0":8.58704137392662,
    "1":3.12256049960968,
    "2":4.3130366900858705,
    "3":2.966432474629196,
    "4":3.337236533957846,
    "5":5.171740827478533,
    "6":3.8056206088992974,
    "7":3.53239656518345,
    "8":1.795472287275566,
    "9":2.146760343481655,
    "10":1.444184231069477,
    "11":1.5417642466822794,
    "12":1.5222482435597189,
    "13":1.873536299765808,
    "14":2.3419203747072603,
    "15":2.1662763466042154,
    "16":1.6588602654176425,
    "17":1.4246682279469165,
    "18":1.4637002341920375,
    "19":1.288056206088993,
    "20":1.5417642466822794,
    "21":0.9758001561280251,
    "22":1.56128024980484,
    "23":0.858704137392662,
    "24":1.3270882123341141,
    "25":1.1514441842310696,
    "26":0.8391881342701015,
    "27":1.1124121779859486,
    "28":0.6830601092896175,
    "29":0.9172521467603435,
    "30":0.6440281030444965,
    "31":0.9172521467603435,
    "32":0.741608118657299,
    "33":0.819672131147541,
    "34":0.897736143637783,
    "35":0.78064012490242,
    "36":0.8391881342701015,
    "37":0.9953161592505856,
    "38":0.78064012490242,
    "39":0.6049960967993755,
    "40":0.6440281030444965,
    "41":0.78064012490242,
    "42":0.6830601092896175,
    "43":0.7611241217798594,
    "44":0.741608118657299,
    "45":0.741608118657299,
    "46":0.5269320843091335,
    "47":0.6440281030444965,
    "48":0.429352068696331,
    "49":0.5659640905542546,
    "50":0.624512099921936,
    "51":0.39032006245121,
    "52":0.5659640905542546,
    "53":0.6635441061670571,
    "54":0.6440281030444965,
    "55":0.4488680718188915,
    "56":0.33177205308352853,
    "57":0.33177205308352853,
    "58":0.273224043715847,
    "59":0.273224043715847,
    "60":0.4098360655737705,
    "61":0.33177205308352853,
    "62":0.2537080405932865,
    "63":0.3708040593286495,
    "64":0.29274004683840754,
    "65":0.2146760343481655,
    "66":0.351288056206089,
    "67":0.29274004683840754,
    "68":0.2146760343481655,
    "69":0.4488680718188915,
    "70":0.234192037470726,
    "71":0.29274004683840754,
    "72":0.2537080405932865,
    "73":0.195160031225605,
    "74":0.33177205308352853,
    "75":0.234192037470726,
    "76":0.273224043715847,
    "77":0.234192037470726,
    "78":0.117096018735363,
    "79":0.1756440281030445,
    "80":0.117096018735363,
    "81":0.0975800156128025,
    "82":0.1756440281030445,
    "83":0.117096018735363,
    "84":0.078064012490242,
    "85":0.1366120218579235,
    "86":0.078064012490242,
    "87":0.1366120218579235,
    "88":0.1366120218579235,
    "89":0.0585480093676815,
    "90":0.039032006245121,
    "91":0.195160031225605,
    "92":0.195160031225605,
    "93":0.0975800156128025,
    "94":0.1756440281030445,
    "95":0.1366120218579235,
    "96":0.2537080405932865,
    "97":0.117096018735363,
    "98":0.195160031225605,
    "99":0.273224043715847,
    "100":0.078064012490242,
    "101":0.078064012490242,
    "102":0.0975800156128025,
    "103":0.1756440281030445,
    "104":0.2146760343481655,
    "105":0.0975800156128025,
    "106":0.117096018735363,
    "107":0.078064012490242,
    "108":0.2146760343481655,
    "109":0.0585480093676815,
    "110":0.156128024980484,
    "111":0.1366120218579235,
    "112":0.078064012490242,
    "113":0.0585480093676815,
    "114":0.0975800156128025,
    "115":0.0585480093676815,
    "116":0.117096018735363,
    "117":0.117096018735363,
    "118":0.1756440281030445,
    "119":0.0585480093676815,
    "120":0.234192037470726,
    "121":0.0585480093676815,
    "122":0.1366120218579235,
    "123":0.0585480093676815,
    "124":0.2146760343481655,
    "125":0.1756440281030445,
    "126":0.078064012490242,
    "127":0.039032006245121,
    "128":0.078064012490242,
    "129":0.078064012490242,
    "130":0.0585480093676815,
    "131":0.078064012490242,
    "132":0.039032006245121,
    "133":0.1366120218579235,
    "134":0.0975800156128025,
    "135":0.0195160031225605,
    "136":0.078064012490242,
    "137":0.0585480093676815,
    "138":0.078064012490242,
    "139":0.0975800156128025,
    "140":0.117096018735363,
    "141":0.078064012490242,
    "142":0.039032006245121,
    "143":0.0195160031225605,
    "144":0.0,
    "145":0.0,
    "146":0.039032006245121,
    "147":0.0195160031225605,
    "148":0.0195160031225605,
    "149":0.039032006245121,
    "150":0.0,
    "151":0.0,
    "152":0.039032006245121,
    "153":0.0195160031225605,
    "154":0.0195160031225605,
    "155":0.039032006245121,
    "156":0.0585480093676815,
    "157":0.0195160031225605,
    "158":0.0,
    "159":0.039032006245121,
    "160":0.0,
    "161":0.0,
    "162":0.0975800156128025,
    "163":0.0585480093676815,
    "164":0.0585480093676815,
    "165":0.0195160031225605,
    "166":0.0,
    "167":0.0585480093676815,
    "168":0.0195160031225605,
    "169":0.039032006245121,
    "170":0.0,
    "171":0.039032006245121,
    "172":0.078064012490242,
    "173":0.0,
    "174":0.0,
    "175":0.0195160031225605,
    "176":0.0195160031225605,
    "177":0.0195160031225605,
    "178":0.0195160031225605,
    "179":0.0195160031225605,
    "180":0.0195160031225605,
    "181":0.039032006245121,
    "182":0.0,
    "183":0.039032006245121,
    "184":0.039032006245121,
    "185":0.039032006245121,
    "186":0.0,
    "187":0.0,
    "188":0.039032006245121,
    "189":0.0,
    "190":0.039032006245121,
    "191":0.0,
    "192":0.0195160031225605,
    "193":0.0,
    "194":0.0195160031225605,
    "195":0.0195160031225605,
    "196":0.0,
    "197":0.0195160031225605,
    "198":0.0,
    "199":0.0,
    "200":0.0,
    "201":0.0,
    "202":0.0,
    "203":0.0,
    "204":0.0,
    "205":0.0,
    "206":0.0,
    "207":0.0,
    "208":0.0,
    "209":0.0,
    "210":0.0,
    "211":0.0,
    "212":0.0,
    "213":0.0,
    "214":0.0,
    "215":0.0,
    "216":0.0,
    "217":0.0,
    "218":0.0,
    "219":0.0,
    "220":0.0195160031225605,
    "221":0.0,
    "222":0.0,
    "223":0.0,
    "224":0.0,
    "225":0.0,
    "226":0.0,
    "227":0.0,
    "228":0.0,
    "229":0.0,
    "230":0.0,
    "231":0.0,
    "232":0.0,
    "233":0.0,
    "234":0.0,
    "235":0.0,
    "236":0.0,
    "237":0.0,
    "238":0.0,
    "239":0.0,
    "240":0.0195160031225605,
    "241":0.0,
    "242":0.0,
    "243":0.0,
    "244":0.0195160031225605,
    "245":0.0,
    "246":0.0,
    "247":0.0195160031225605,
    "248":0.0195160031225605,
    "249":0.0,
    "250":0.0,
    "251":0.0,
    "252":0.0,
    "253":0.0,
    "254":0.0,
    "255":0.0195160031225605,
    "256":0.0,
    "257":0.0,
    "258":0.0,
    "259":0.0,
    "260":0.0,
    "261":0.0,
    "262":0.0,
    "263":0.0,
    "264":0.0,
    "265":0.0,
    "266":0.0195160031225605,
    "267":0.0,
    "268":0.0,
    "269":0.0,
    "270":0.0195160031225605,
    "271":0.0,
    "272":0.0,
    "273":0.0,
    "274":0.0,
    "275":0.0195160031225605,
    "276":0.078064012490242,
    "277":0.0,
    "278":0.0,
    "279":0.0,
    "280":0.0,
    "281":0.0,
    "282":0.0,
    "283":0.0,
    "284":0.0195160031225605,
    "285":0.0,
    "286":0.0,
    "287":0.0,
    "288":0.0,
    "289":0.0,
    "290":0.0,
    "291":0.0195160031225605,
    "292":0.0,
    "293":0.0,
    "294":0.0,
    "295":0.0,
    "296":0.0,
    "297":0.0,
    "298":0.0,
    "299":0.0,
    "300":0.0,
    "301":0.0,
    "302":0.0,
    "303":0.0,
    "304":0.0,
    "305":0.0,
    "306":0.0,
    "307":0.0,
    "308":0.0,
    "309":0.0,
    "310":0.0,
    "311":0.0,
    "312":0.0,
    "313":0.0,
    "314":0.0,
    "315":0.0,
    "316":0.0195160031225605,
    "317":0.0,
    "318":0.0,
    "319":0.0,
    "320":0.0,
    "321":0.0,
    "322":0.0,
    "323":0.0195160031225605,
    "324":0.0,
    "325":0.0195160031225605,
    "326":0.0,
    "327":0.0,
    "328":0.0,
    "329":0.0,
    "330":0.0,
    "331":0.0,
    "332":0.0,
    "333":0.0,
    "334":0.0,
    "335":0.0,
    "336":0.0,
    "337":0.0,
    "338":0.0,
    "339":0.0,
    "340":0.0,
    "341":0.0,
    "342":0.039032006245121,
    "343":0.0,
    "344":0.0,
    "345":0.0,
    "346":0.0,
    "347":0.0,