{
    "0":9.305555555555555,
    "1":2.2222222222222223,
    "2":0.9375,
    "3":0.625,
    "4":1.3194444444444444,
    "5":1.9444444444444444,
    "6":2.2222222222222223,
    "7":1.6666666666666667,
    "8":1.840277777777778,
    "9":1.6319444444444446,
    "10":1.1458333333333333,
    "11":1.3888888888888888,
    "12":1.284722222222222,
    "13":0.8333333333333334,
    "14":1.840277777777778,
    "15":1.215277777777778,
    "16":1.7708333333333333,
    "17":1.9444444444444444,
    "18":1.4236111111111112,
    "19":1.4236111111111112,
    "20":1.1111111111111112,
    "21":1.1111111111111112,
    "22":1.25,
    "23":1.597222222222222,
    "24":1.7708333333333333,
    "25":1.8055555555555554,
    "26":1.5625,
    "27":1.8055555555555554,
    "28":1.25,
    "29":1.1458333333333333,
    "30":1.3888888888888888,
    "31":1.0416666666666665,
    "32":1.1458333333333333,
    "33":0.8333333333333334,
    "34":1.25,
    "35":1.3541666666666667,
    "36":0.9375,
    "37":0.4861111111111111,
    "38":0.798611111111111,
    "39":0.3819444444444444,
    "40":0.798611111111111,
    "41":0.4166666666666667,
    "42":0.4861111111111111,
    "43":0.6944444444444444,
    "44":0.6597222222222222,
    "45":0.5208333333333333,
    "46":0.2777777777777778,
    "47":0.7638888888888888,
    "48":1.1111111111111112,
    "49":0.625,
    "50":0.3819444444444444,
    "51":0.45138888888888884,
    "52":0.4166666666666667,
    "53":0.3819444444444444,
    "54":0.2777777777777778,
    "55":0.5208333333333333,
    "56":0.5902777777777778,
    "57":0.3472222222222222,
    "58":0.24305555555555555,
    "59":0.5208333333333333,
    "60":0.3819444444444444,
    "61":0.3819444444444444,
    "62":0.3819444444444444,
    "63":0.24305555555555555,
    "64":0.2777777777777778,
    "65":0.3125,
    "66":0.5555555555555556,
    "67":0.2777777777777778,
    "68":0.3472222222222222,
    "69":0.20833333333333334,
    "70":0.45138888888888884,
    "71":0.2777777777777778,
    "72":0.3819444444444444,
    "73":0.24305555555555555,
    "74":0.1736111111111111,
    "75":0.2777777777777778,
    "76":0.45138888888888884,
    "77":0.20833333333333334,
    "78":0.3472222222222222,
    "79":0.3125,
    "80":0.1736111111111111,
    "81":0.20833333333333334,
    "82":0.4861111111111111,
    "83":0.3125,
    "84":0.3819444444444444,
    "85":0.2777777777777778,
    "86":0.4166666666666667,
    "87":0.2777777777777778,
    "88":0.3125,
    "89":0.3819444444444444,
    "90":0.1736111111111111,
    "91":0.3472222222222222,
    "92":0.1388888888888889,
    "93":0.06944444444444445,
    "94":0.034722222222222224,
    "95":0.1388888888888889,
    "96":0.1388888888888889,
    "97":0.10416666666666667,
    "98":0.1388888888888889,
    "99":0.06944444444444445,
    "100":0.10416666666666667,
    "101":0.1736111111111111,
    "102":0.034722222222222224,
    "103":0.1736111111111111,
    "104":0.1388888888888889,
    "105":0.06944444444444445,
    "106":0.1388888888888889,
    "107":0.10416666666666667,
    "108":0.1388888888888889,
    "109":0.06944444444444445,
    "110":0.06944444444444445,
    "111":0.034722222222222224,
    "112":0.1736111111111111,
    "113":0.034722222222222224,
    "114":0.1736111111111111,
    "115":0.2777777777777778,
    "116":0.10416666666666667,
    "117":0.06944444444444445,
    "118":0.20833333333333334,
    "119":0.10416666666666667,
    "120":0.1388888888888889,
    "121":0.1388888888888889,
    "122":0.24305555555555555,
    "123":0.1736111111111111,
    "124":0.20833333333333334,
    "125":0.06944444444444445,
    "126":0.06944444444444445,
    "127":0.1736111111111111,
    "128":0.24305555555555555,
    "129":0.1388888888888889,
    "130":0.1736111111111111,
    "131":0.06944444444444445,
    "132":0.2777777777777778,
    "133":0.1388888888888889,
    "134":0.06944444444444445,
    "135":0.24305555555555555,
    "136":0.24305555555555555,
    "137":0.24305555555555555,
    "138":0.10416666666666667,
    "139":0.20833333333333334,
    "140":0.1736111111111111,
    "141":0.1388888888888889,
    "142":0.1388888888888889,
    "143":0.1736111111111111,
    "144":0.1388888888888889,
    "145":0.2777777777777778,
    "146":0.10416666666666667,
    "147":0.20833333333333334,
    "148":0.06944444444444445,
    "149":0.20833333333333334,
    "150":0.1736111111111111,
    "151":0.1736111111111111,
    "152":0.1388888888888889,
    "153":0.1736111111111111,
    "154":0.10416666666666667,
    "155":0.1388888888888889,
    "156":0.034722222222222224,
    "157":0.06944444444444445,
    "158":0.034722222222222224,
    "159":0.20833333333333334,
    "160":0.1388888888888889,
    "161":0.1388888888888889,
    "162":0.06944444444444445,
    "163":0.10416666666666667,
    "164":0.1388888888888889,
    "165":0.10416666666666667,
    "166":0.034722222222222224,
    "167":0.0,
    "168":0.06944444444444445,
    "169":0.06944444444444445,
    "170":0.1388888888888889,
    "171":0.034722222222222224,
    "172":0.034722222222222224,
    "173":0.06944444444444445,
    "174":0.034722222222222224,
    "175":0.06944444444444445,
    "176":0.1388888888888889,
    "177":0.1736111111111111,
    "178":0.10416666666666667,
    "179":0.10416666666666667,
    "180":0.1388888888888889,
    "181":0.10416666666666667,
    "182":0.10416666666666667,
    "183":0.034722222222222224,
    "184":0.0,
    "185":0.10416666666666667,
    "186":0.10416666666666667,
    "187":0.06944444444444445,
    "188":0.10416666666666667,
    "189":0.10416666666666667,
    "190":0.06944444444444445,
    "191":0.06944444444444445,
    "192":0.24305555555555555,
    "193":0.10416666666666667,
    "194":0.06944444444444445,
    "195":0.10416666666666667,
    "196":0.034722222222222224,
    "197":0.06944444444444445,
    "198":0.10416666666666667,
    "199":0.10416666666666667,
    "200":0.1388888888888889,
    "201":0.06944444444444445,
    "202":0.10416666666666667,
    "203":0.0,
    "204":0.034722222222222224,
    "205":0.06944444444444445,
    "206":0.06944444444444445,
    "207":0.10416666666666667,
    "208":0.06944444444444445,
    "209":0.10416666666666667,
    "210":0.1736111111111111,
    "211":0.034722222222222224,
    "212":0.1736111111111111,
    "213":0.1388888888888889,
    "214":0.1388888888888889,
    "215":0.10416666666666667,
    "216":0.1388888888888889,
    "217":0.10416666666666667,
    "218":0.10416666666666667,
    "219":0.1736111111111111,
    "220":0.1388888888888889,
    "221":0.20833333333333334,
    "222":0.034722222222222224,
    "223":0.0,
    "224":0.034722222222222224,
    "225":0.1388888888888889,
    "226":0.10416666666666667,
    "227":0.10416666666666667,
    "228":0.034722222222222224,
    "229":0.06944444444444445,
    "230":0.06944444444444445,
    "231":0.10416666666666667,
    "232":0.10416666666666667,
    "233":0.034722222222222224,
    "234":0.034722222222222224,
    "235":0.1388888888888889,
    "236":0.06944444444444445,
    "237":0.06944444444444445,
    "238":0.1388888888888889,
    "239":0.20833333333333334,
    "240":0.0,
    "241":0.0,
    "242":0.034722222222222224,
    "243":0.034722222222222224,
    "244":0.0,
    "245":0.20833333333333334,
    "246":0.0,
    "247":0.0,
    "248":0.0,
    "249":0.0,
    "250":0.0,
    "251":0.0,
    "252":0.0,
    "253":0.0,
    "254":0.0
}