{
    "0":11.467116357504215,
    "1":1.981450252951096,
    "2":4.068296795952783,
    "3":3.225126475548061,
    "4":2.1711635750421587,
    "5":2.930016863406408,
    "6":3.1408094435075884,
    "7":3.1829679595278244,
    "8":2.6770657672849913,
    "9":2.761382799325464,
    "10":2.6981450252951094,
    "11":3.0775716694772344,
    "12":2.824620573355818,
    "13":2.2133220910623947,
    "14":2.1500843170320407,
    "15":2.1290050590219227,
    "16":1.6231028667790894,
    "17":1.496627318718381,
    "18":2.0236087689713322,
    "19":1.2858347386172007,
    "20":1.5809443507588532,
    "21":1.2436762225969646,
    "22":1.2436762225969646,
    "23":1.3279932546374367,
    "24":1.1172006745362564,
    "25":1.0539629005059024,
    "26":1.1593591905564924,
    "27":1.0750421585160204,
    "28":1.1172006745362564,
    "29":1.2225969645868466,
    "30":1.1593591905564924,
    "31":0.8431703204047217,
    "32":0.7588532883642496,
    "33":1.2436762225969646,
    "34":0.8010118043844857,
    "35":0.8642495784148397,
    "36":0.927487352445194,
    "37":0.8431703204047217,
    "38":0.5902192242833052,
    "39":0.5059021922428331,
    "40":0.442664418212479,
    "41":0.442664418212479,
    "42":0.7166947723440135,
    "43":0.463743676222597,
    "44":0.33726812816188867,
    "45":0.6745362563237773,
    "46":0.42158516020236086,
    "47":0.463743676222597,
    "48":0.33726812816188867,
    "49":0.5902192242833052,
    "50":0.7166947723440135,
    "51":0.463743676222597,
    "52":0.5480607082630692,
    "53":0.484822934232715,
    "54":0.463743676222597,
    "55":0.31618887015177066,
    "56":0.5269814502529512,
    "57":0.35834738617200673,
    "58":0.16863406408094433,
    "59":0.2740303541315346,
    "60":0.2951096121416526,
    "61":0.40050590219224286,
    "62":0.16863406408094433,
    "63":0.42158516020236086,
    "64":0.1897133220910624,
    "65":0.2740303541315346,
    "66":0.2318718381112985,
    "67":0.21079258010118043,
    "68":0.12647554806070826,
    "69":0.08431703204047217,
    "70":0.1475548060708263,
    "71":0.16863406408094433,
    "72":0.1475548060708263,
    "73":0.1475548060708263,
    "74":0.21079258010118043,
    "75":0.21079258010118043,
    "76":0.2951096121416526,
    "77":0.2318718381112985,
    "78":0.2951096121416526,
    "79":0.35834738617200673,
    "80":0.16863406408094433,
    "81":0.08431703204047217,
    "82":0.1475548060708263,
    "83":0.1475548060708263,
    "84":0.2318718381112985,
    "85":0.21079258010118043,
    "86":0.08431703204047217,
    "87":0.1475548060708263,
    "88":0.2318718381112985,
    "89":0.1475548060708263,
    "90":0.16863406408094433,
    "91":0.08431703204047217,
    "92":0.21079258010118043,
    "93":0.1475548060708263,
    "94":0.25295109612141653,
    "95":0.08431703204047217,
    "96":0.1475548060708263,
    "97":0.1475548060708263,
    "98":0.08431703204047217,
    "99":0.12647554806070826,
    "100":0.021079258010118042,
    "101":0.0,
    "102":0.042158516020236084,
    "103":0.06323777403035413,
    "104":0.042158516020236084,
    "105":0.06323777403035413,
    "106":0.1475548060708263,
    "107":0.042158516020236084,
    "108":0.0,
    "109":0.06323777403035413,
    "110":0.021079258010118042,
    "111":0.0,
    "112":0.021079258010118042,
    "113":0.0,
    "114":0.021079258010118042,
    "115":0.06323777403035413,
    "116":0.021079258010118042,
    "117":0.021079258010118042,
    "118":0.08431703204047217,
    "119":0.021079258010118042,
    "120":0.021079258010118042,
    "121":0.021079258010118042,
    "122":0.021079258010118042,
    "123":0.06323777403035413,
    "124":0.08431703204047217,
    "125":0.0,
    "126":0.021079258010118042,
    "127":0.0,
    "128":0.0,
    "129":0.042158516020236084,
    "130":0.042158516020236084,
    "131":0.0,
    "132":0.0,
    "133":0.0,
    "134":0.0,
    "135":0.0,
    "136":0.08431703204047217,
    "137":0.021079258010118042,
    "138":0.0,
    "139":0.0,
    "140":0.021079258010118042,
    "141":0.042158516020236084,
    "142":0.021079258010118042,
    "143":0.0,
    "144":0.0,
    "145":0.06323777403035413,
    "146":0.0,
    "147":0.06323777403035413,
    "148":0.0,
    "149":0.0,
    "150":0.021079258010118042,
    "151":0.0,
    "152":0.021079258010118042,
    "153":0.0,
    "154":0.021079258010118042,
    "155":0.021079258010118042,
    "156":0.0,
    "157":0.0,
    "158":0.021079258010118042,
    "159":0.0,
    "160":0.0,
    "161":0.0,
    "162":0.021079258010118042,
    "163":0.021079258010118042,
    "164":0.042158516020236084,
    "165":0.021079258010118042,
    "166":0.021079258010118042,
    "167":0.042158516020236084,
    "168":0.0,
    "169":0.021079258010118042,
    "170":0.0,
    "171":0.0,
    "172":0.0,
    "173":0.0,
    "174":0.0,
    "175":0.0,
    "176":0.021079258010118042,
    "177":0.0,
    "178":0.021079258010118042,
    "179":0.0,
    "180":0.021079258010118042,
    "181":0.0,
    "182":0.0,
    "183":0.021079258010118042,
    "184":0.021079258010118042,
    "185":0.0,
    "186":0.0,
    "187":0.0,
    "188":0.021079258010118042,
    "189":0.042158516020236084,
    "190":0.0,
    "191":0.0,
    "192":0.021079258010118042,
    "193":0.0,
    "194":0.021079258010118042,
    "195":0.0,
    "196":0.021079258010118042,
    "197":0.042158516020236084,
    "198":0.021079258010118042,
    "199":0.021079258010118042,
    "200":0.021079258010118042,
    "201":0.0,
    "202":0.042158516020236084,
    "203":0.042158516020236084,
    "204":0.0,
    "205":0.0,
    "206":0.021079258010118042,
    "207":0.021079258010118042,
    "208":0.0,
    "209":0.021079258010118042,
    "210":0.021079258010118042,
    "211":0.0,
    "212":0.0,
    "213":0.0,
    "214":0.021079258010118042,
    "215":0.042158516020236084,
    "216":0.021079258010118042,
    "217":0.0,
    "218":0.0,
    "219":0.0,
    "220":0.0,
    "221":0.0,
    "222":0.0,
    "223":0.021079258010118042,
    "224":0.0,
    "225":0.0,
    "226":0.0,
    "227":0.0,
    "228":0.042158516020236084,
    "229":0.0,
    "230":0.042158516020236084,
    "231":0.021079258010118042,
    "232":0.0,
    "233":0.021079258010118042,
    "234":0.021079258010118042,
    "235":0.0,
    "236":0.021079258010118042,
    "237":0.0,
    "238":0.042158516020236084,
    "239":0.06323777403035413,
    "240":0.0,
    "241":0.021079258010118042,
    "242":0.021079258010118042,
    "243":0.0,
    "244":0.06323777403035413,
    "245":0.06323777403035413,
    "246":0.0,
    "247":0.021079258010118042,
    "248":0.0,
    "249":0.0,
    "250":0.021079258010118042,
    "251":0.021079258010118042,
    "252":0.021079258010118042,
    "253":0.021079258010118042,
    "254":0.0,
    "255":0.0,
    "256":0.0,
    "257":0.021079258010118042,
    "258":0.021079258010118042,
    "259":0.021079258010118042,
    "260":0.021079258010118042,
    "261":0.021079258010118042,
    "262":0.08431703204047217,
    "263":0.0,
    "264":0.06323777403035413,
    "265":0.021079258010118042,
    "266":0.0,
    "267":0.0,
    "268":0.0,
    "269":0.0,
    "270":0.0,
    "271":0.021079258010118042,
    "272":0.021079258010118042,
    "273":0.12647554806070826,
    "274":0.0,
    "275":0.0,
    "276":0.0,
    "277":0.0,
    "278":0.0,
    "279":0.0,
    "280":0.0,
    "281":0.0,
    "282":0.0,
    "283":0.0,
    "284":0.0,
    "285":0.0,
    "286":0.0,
    "287":0.0,
    "288":0.0,
    "289":0.0,
    "290":0.0,
    "291":0.0,
    "292":0.0,
    "293":0.0,
    "294":0.0,
    "295":0.0,
    "296":0.0,
    "297":0.0,
    "298":0.0,
    "299":0.0,
    "300":0.0,
    "301":0.0,
    "302":0.0,
    "303":0.0,
    "304":0.0,
    "305":0.0,
    "306":0.0,
    "307":0.0,
    "308":0.0,
    "309":0.0,
    "310":0.0,
    "311":0.0,
    "312":0.0,
    "313":0.0,
    "314":0.0,
    "315":0.0,
    "316":0.0,
    "317":0.0,
    "318":0.0,
    "319":0.0,
    "320":0.0,
    "321":0.0,
    "322":0.0,
    "323":0.0,
    "324":0.0,
    "325":0.0,
    "326":0.0,
    "327":0.0,
    "328":0.0,
    "329":0.0,
    "330":0.0,
    "331":0.0,
    "332":0.0,