{
    "0":8.853708589856348,
    "1":2.9610085019055994,
    "2":1.6710642040457344,
    "3":3.0196423336265026,
    "4":2.638522427440633,
    "5":2.6678393433010847,
    "6":1.58311345646438,
    "7":1.4365288771621225,
    "8":1.7883318674875404,
    "9":1.58311345646438,
    "10":2.8144239226033423,
    "11":2.3453532688361185,
    "12":3.0782761653474053,
    "13":3.1369099970683085,
    "14":3.781882145998241,
    "15":3.8698328935795954,
    "16":3.37144532395192,
    "17":2.755790090882439,
    "18":2.316036352975667,
    "19":2.1401348578129578,
    "20":2.3453532688361185,
    "21":2.316036352975667,
    "22":2.1108179419525066,
    "23":1.9349164467897977,
    "24":2.16945177367341,
    "25":1.9935502785107009,
    "26":1.7296980357666372,
    "27":2.052184110231604,
    "28":1.4951627088830255,
    "29":1.1726766344180592,
    "30":0.908824391673996,
    "31":0.8795074758135445,
    "32":1.0554089709762533,
    "33":0.79155672823219,
    "34":0.5570214013485781,
    "35":0.9967751392553504,
    "36":0.8795074758135445,
    "37":0.5863383172090296,
    "38":0.7036059806508356,
    "39":0.8208736440926414,
    "40":0.732922896511287,
    "41":0.8501905599530929,
    "42":0.4690706537672237,
    "43":0.43975373790677225,
    "44":0.2638522427440633,
    "45":0.3518029903254178,
    "46":0.20521841102316035,
    "47":0.5863383172090296,
    "48":0.43975373790677225,
    "49":0.5570214013485781,
    "50":0.2931691586045148,
    "51":0.32248607446496624,
    "52":0.3518029903254178,
    "53":0.32248607446496624,
    "54":0.4983875696276752,
    "55":0.6449721489299325,
    "56":0.4104368220463207,
    "57":0.23453532688361184,
    "58":0.3518029903254178,
    "59":0.20521841102316035,
    "60":0.20521841102316035,
    "61":0.2931691586045148,
    "62":0.23453532688361184,
    "63":0.23453532688361184,
    "64":0.23453532688361184,
    "65":0.1465845793022574,
    "66":0.23453532688361184,
    "67":0.1759014951627089,
    "68":0.3518029903254178,
    "69":0.1465845793022574,
    "70":0.2638522427440633,
    "71":0.4104368220463207,
    "72":0.1465845793022574,
    "73":0.05863383172090296,
    "74":0.20521841102316035,
    "75":0.2931691586045148,
    "76":0.05863383172090296,
    "77":0.20521841102316035,
    "78":0.11726766344180592,
    "79":0.05863383172090296,
    "80":0.02931691586045148,
    "81":0.05863383172090296,
    "82":0.0,
    "83":0.0,
    "84":0.11726766344180592,
    "85":0.0,
    "86":0.02931691586045148,
    "87":0.0,
    "88":0.0,
    "89":0.1465845793022574,
    "90":0.0,
    "91":0.02931691586045148,
    "92":0.0,
    "93":0.02931691586045148,
    "94":0.02931691586045148,
    "95":0.02931691586045148,
    "96":0.0,
    "97":0.0,
    "98":0.0,
    "99":0.0,
    "100":0.05863383172090296,
    "101":0.0,
    "102":0.02931691586045148,
    "103":0.05863383172090296,
    "104":0.0,
    "105":0.0,
    "106":0.02931691586045148,
    "107":0.0,
    "108":0.02931691586045148,
    "109":0.02931691586045148,
    "110":0.0,
    "111":0.08795074758135445,
    "112":0.0,
    "113":0.05863383172090296,
    "114":0.05863383172090296,
    "115":0.0,
    "116":0.08795074758135445,
    "117":0.02931691586045148,
    "118":0.05863383172090296,
    "119":0.05863383172090296,
    "120":0.02931691586045148,
    "121":0.0,
    "122":0.0,
    "123":0.0,
    "124":0.0,
    "125":0.05863383172090296,
    "126":0.02931691586045148,
    "127":0.05863383172090296,
    "128":0.0,
    "129":0.08795074758135445,
    "130":0.02931691586045148,
    "131":0.1465845793022574,
    "132":0.0,
    "133":0.02931691586045148,
    "134":0.02931691586045148,
    "135":0.0,
    "136":0.0,
    "137":0.0,
    "138":0.02931691586045148,
    "139":0.02931691586045148,
    "140":0.0,
    "141":0.0,
    "142":0.0,
    "143":0.02931691586045148,
    "144":0.0,
    "145":0.11726766344180592,
    "146":0.0,
    "147":0.0,
    "148":0.0,
    "149":0.0,
    "150":0.0,
    "151":0.11726766344180592,
    "152":0.0,
    "153":0.0,
    "154":0.0,
    "155":0.0,
    "156":0.0,
    "157":0.0,
    "158":0.0,
    "159":0.0,
    "160":0.0,
    "161":0.0,
    "162":0.0,
    "163":0.0,
    "164":0.0,
    "165":0.0,
    "166":0.0,
    "167":0.0,
    "168":0.0,
    "169":0.0,
    "170":0.0,
    "171":0.0,
    "172":0.0,
    "173":0.0,
    "174":0.0,
    "175":0.0,
    "176":0.0,
    "177":0.0,
    "178":0.0,
    "179":0.0,
    "180":0.0,
    "181":0.0,
    "182":0.0,
    "183":0.0,
    "184":0.0,
    "185":0.0,
    "186":0.0,
    "187":0.0,
    "188":0.0,
    "189":0.0,
    "190":0.0,
    "191":0.0,
    "192":0.0,
    "193":0.0,
    "194":0.0,
    "195":0.0,
    "196":0.0,
    "197":0.0,
    "198":0.0,
    "199":0.0,
    "200":0.0,
    "201":0.0,
    "202":0.0,
    "203":0.0,
    "204":0.0,
    "205":0.0,
    "206":0.0,
    "207":0.0,
    "208":0.0,
    "209":0.0,
    "210":0.0,
    "211":0.0,
    "212":0.0,
    "213":0.0,
    "214":0.0,
    "215":0.0,
    "216":0.0,
    "217":0.0,
    "218":0.0,
    "219":0.0,
    "220":0.0,
    "221":0.0,
    "222":0.0,
    "223":0.0,
    "224":0.0,
    "225":0.0,
    "226":0.0,
    "227":0.0,
    "228":0.0,
    "229":0.0,
    "230":0.0,
    "231":0.0,
    "232":0.0,
    "233":0.0,
    "234":0.0,
    "235":0.0,
    "236":0.0,
    "237":0.0,
    "238":0.0,
    "239":0.0,
    "240":0.0,
    "241":0.0,
    "242":0.0,
    "243":0.0,
    "244":0.0,
    "245":0.0,
    "246":0.0,
    "247":0.0,
    "248":0.0,
    "249":0.02931691586045148,
    "250":0.0,
    "251":0.0,
    "252":0.0,
    "253":0.0,
    "254":0.0,
    "255":0.0,
    "256":0.0,
    "257":0.0,
    "258":0.0,
    "259":0.0,
    "260":0.0,
    "261":0.0,
    "262":0.0,
    "263":0.0,
    "264":0.0,
    "265":0.0,
    "266":0.02931691586045148,
    "267":0.0,
    "268":0.0,
    "269":0.0,
    "270":0.02931691586045148,
    "271":0.0,
    "272":0.0,
    "273":0.0,
    "274":0.0,
    "275":0.0,
    "276":0.0,
    "277":0.0,
    "278":0.0
}