{
    "0":[
        [
            -19.92043063507533,
            -43.944569931874184,
            "300000000001",
            "0"
        ]
    ],
    "1":[
        [
            -19.91835663578827,
            -43.941698355700375,
            "300000000002",
            "3"
        ]
    ],
    "10":[
        [
            -19.923301905226445,
            -43.94272582425346,
            "300000000011",
            "3"
        ]
    ],
    "11":[
        [
            -19.91773187780895,
            -43.94498868062756,
            "300000000012",
            "4"
        ]
    ],
    "12":[
        [
            -19.92244653400877,
            -43.94548178525943,
            "300000000013",
            "4"
        ]
    ],
    "13":[
        [
            -19.92106580098034,
            -43.94512993695324,
            "300000000014",
            "1"
        ]
    ],
    "14":[
        [
            -19.921161542615167,
            -43.94722479483648,
            "300000000015",
            "5"
        ]
    ],
    "15":[
        [
            -19.91916738621237,
            -43.939988428492356,
            "300000000016",
            "2"
        ]
    ],
    "16":[
        [
            -19.92078245802663,
            -43.9454613289615,
            "300000000017",
            "1"
        ]
    ],
    "17":[
        [
            -19.920438971127727,
            -43.94147768978693,
            "300000000018",
            "0"
        ]
    ],
    "2":[
        [
            -19.91963302630673,
            -43.941048303461365,
            "300000000003",
            "1"
        ]
    ],
    "3":[
        [
            -19.919530275189175,
            -43.94440950072862,
            "300000000004",
            "4"
        ]
    ],
    "4":[
        [
            -19.921916932526187,
            -43.945569623211405,
            "300000000005",
            "3"
        ]
    ],
    "5":[
        [
            -19.917058209488214,
            -43.94396874825946,
            "300000000006",
            "0"
        ]
    ],
    "6":[
        [
            -19.918885492310583,
            -43.94596311611949,
            "300000000007",
            "3"
        ]
    ],
    "7":[
        [
            -19.91920039735702,
            -43.94415676908717,
            "300000000008",
            "4"
        ]
    ],
    "8":[
        [
            -19.92158969146536,
            -43.945173376725805,
            "300000000009",
            "1"
        ]
    ],
    "9":[
        [
            -19.921605379518212,
            -43.94552118997302,
            "300000000010",
            "0"
        ]
    ],
    "total_length":3494.902682673257,
    "total_time":2.8220341205596924
}