{
    "0":2.517399674218866,
    "1":1.9991115059973346,
    "2":2.9912631423071225,
    "3":1.4067821708870132,
    "4":3.1393454760847033,
    "5":3.909373611728121,
    "6":4.264771212794314,
    "7":3.568784244039686,
    "8":2.680290241374204,
    "9":3.065304309195913,
    "10":3.1837701762179775,
    "11":2.9172219754183324,
    "12":2.0287279727528507,
    "13":2.0287279727528507,
    "14":2.0139197393750927,
    "15":1.8510291722197543,
    "16":2.56182437435214,
    "17":1.7325633051976899,
    "18":1.5696727380423516,
    "19":1.5548645046645935,
    "20":1.5844809714201096,
    "21":1.4067821708870132,
    "22":1.4956315711535613,
    "23":1.5844809714201096,
    "24":1.7325633051976899,
    "25":1.8658374055975122,
    "26":1.6140974381756257,
    "27":1.3771657041314973,
    "28":1.1254257367096105,
    "29":1.2438916037316747,
    "30":1.2735080704871908,
    "31":1.0217681030653043,
    "32":1.1254257367096105,
    "33":1.0365763364430622,
    "34":0.858877535909966,
    "35":1.2290833703539168,
    "36":1.2142751369761589,
    "37":0.9477269361765142,
    "38":1.0365763364430622,
    "39":0.6959869687546275,
    "40":0.888494002665482,
    "41":0.7996446023989338,
    "42":0.8440693025322079,
    "43":0.6959869687546275,
    "44":0.888494002665482,
    "45":0.8440693025322079,
    "46":0.888494002665482,
    "47":0.5923293351103213,
    "48":0.6811787353768696,
    "49":0.5923293351103213,
    "50":0.7552199022656597,
    "51":0.5034799348437732,
    "52":0.48867170146601513,
    "53":0.6811787353768696,
    "54":0.5330964015992893,
    "55":0.4738634680882571,
    "56":0.5775211017325633,
    "57":0.5182881682215311,
    "58":0.6515622686213535,
    "59":0.5034799348437732,
    "60":0.7256034355101437,
    "61":0.7700281356434178,
    "62":0.5479046349770472,
    "63":0.5775211017325633,
    "64":0.444247001332741,
    "65":0.32578113431067673,
    "66":0.3998223011994669,
    "67":0.26654820079964464,
    "68":0.37020583444395083,
    "69":0.37020583444395083,
    "70":0.2221235006663705,
    "71":0.13327410039982232,
    "72":0.1776988005330964,
    "73":0.10365763364430625,
    "74":0.28135643417740264,
    "75":0.14808233377758032,
    "76":0.1776988005330964,
    "77":0.23693173404412854,
    "78":0.19250703391085444,
    "79":0.16289056715533837,
    "80":0.13327410039982232,
    "81":0.2221235006663705,
    "82":0.11846586702206427,
    "83":0.19250703391085444,
    "84":0.0888494002665482,
    "85":0.10365763364430625,
    "86":0.1776988005330964,
    "87":0.23693173404412854,
    "88":0.16289056715533837,
    "89":0.2073152672886125,
    "90":0.26654820079964464,
    "91":0.059232933511032135,
    "92":0.059232933511032135,
    "93":0.11846586702206427,
    "94":0.07404116688879016,
    "95":0.014808233377758034,
    "96":0.07404116688879016,
    "97":0.014808233377758034,
    "98":0.13327410039982232,
    "99":0.014808233377758034,
    "100":0.0444247001332741,
    "101":0.014808233377758034,
    "102":0.029616466755516067,
    "103":0.0444247001332741,
    "104":0.0888494002665482,
    "105":0.0444247001332741,
    "106":0.029616466755516067,
    "107":0.014808233377758034,
    "108":0.07404116688879016,
    "109":0.0444247001332741,
    "110":0.0444247001332741,
    "111":0.029616466755516067,
    "112":0.014808233377758034,
    "113":0.10365763364430625,
    "114":0.029616466755516067,
    "115":0.029616466755516067,
    "116":0.059232933511032135,
    "117":0.0,
    "118":0.0,
    "119":0.0,
    "120":0.0444247001332741,
    "121":0.0,
    "122":0.014808233377758034,
    "123":0.07404116688879016,
    "124":0.0,
    "125":0.0,
    "126":0.0,
    "127":0.0,
    "128":0.0,
    "129":0.0,
    "130":0.0,
    "131":0.0,
    "132":0.0,
    "133":0.0,
    "134":0.0,
    "135":0.0,
    "136":0.0,
    "137":0.0,
    "138":0.0,
    "139":0.0,
    "140":0.0,
    "141":0.0,
    "142":0.0,
    "143":0.0,
    "144":0.0,
    "145":0.0,
    "146":0.014808233377758034,
    "147":0.0,
    "148":0.0,
    "149":0.0,
    "150":0.0,
    "151":0.0,
    "152":0.0,
    "153":0.0,
    "154":0.0,
    "155":0.0,
    "156":0.0,
    "157":0.0,
    "158":0.0,
    "159":0.0,
    "160":0.0,
    "161":0.0,
    "162":0.014808233377758034,
    "163":0.0,
    "164":0.0,
    "165":0.0,
    "166":0.0,
    "167":0.0,
    "168":0.0,
    "169":0.0,
    "170":0.0,
    "171":0.0,
    "172":0.0,
    "173":0.0,
    "174":0.0,
    "175":0.014808233377758034,
    "176":0.0,
    "177":0.0,
    "178":0.0,
    "179":0.0,
    "180":0.0,
    "181":0.0,
    "182":0.0,
    "183":0.0,
    "184":0.0,
    "185":0.0,
    "186":0.0,
    "187":0.0,
    "188":0.0,
    "189":0.0,
    "190":0.0,
    "191":0.0,
    "192":0.0,
    "193":0.0,
    "194":0.0,
    "195":0.0,
    "196":0.0,
    "197":0.0,
    "198":0.0,
    "199":0.0,
    "200":0.0,
    "201":0.0,
    "202":0.0,
    "203":0.0,
    "204":0.014808233377758034,
    "205":0.0,
    "206":0.0,
    "207":0.014808233377758034,
    "208":0.0,
    "209":0.0,
    "210":0.0,
    "211":0.0,
    "212":0.0,
    "213":0.0,
    "214":0.0444247001332741,
    "215":0.0,
    "216":0.0,
    "217":0.0,
    "218":0.0,
    "219":0.0,
    "220":0.0,
    "221":0.0,
    "222":0.0,
    "223":0.0,
    "224":0.0,
    "225":0.0,
    "226":0.0,
    "227":0.0,
    "228":0.0,
    "229":0.0,
    "230":0.0,
    "231":0.0,
    "232":0.0,
    "233":0.0,
    "234":0.0,
    "235":0.0,
    "236":0.0,
    "237":0.0,
    "238":0.0,
    "239":0.0,
    "240":0.0,
    "241":0.0,
    "242":0.0,
    "243":0.0,
    "244":0.0,
    "245":0.029616466755516067,
    "246":0.0,
    "247":0.0,
    "248":0.0,
    "249":0.0,
    "250":0.0,
    "251":0.0,
    "252":0.0,
    "253":0.0,
    "254":0.0,
    "255":0.0,
    "256":0.0,
    "257":0.0,
    "258":0.0,
    "259":0.0,
    "260":0.0,
    "261":0.0,
    "262":0.0,
    "263":0.0,
    "264":0.0,
    "265":0.0,
    "266":0.0,
    "267":0.0,
    "268":0.0,
    "269":0.0,
    "270":0.0,
    "271":0.0,
    "272":0.0,
    "273":0.0,
    "274":0.0,
    "275":0.0,
    "276":0.0,
    "277":0.0,
    "278":0.0,
    "279":0.0,
    "280":0.0,
    "281":0.0,
    "282":0.0,
    "283":0.0,
    "284":0.0,
    "285":0.0,
    "286":0.0,
    "287":0.0,
    "288":0.0,
    "289":0.0,
    "290":0.0,
    "291":0.0,
    "292":0.0,
    "293":0.0,
    "294":0.0,
    "295":0.0,
    "296":0.0,
    "297":0.0,
    "298":0.0,
    "299":0.0,
    "300":0.0,
    "301":0.0,
    "302":0.0,
    "303":0.0,
    "304":0.014808233377758034,
    "305":0.0,
    "306":0.0,
    "307":0.0,
    "308":0.0,
    "309":0.0,
    "310":0.0,
    "311":0.0,
    "312":0.0,
    "313":0.0
}