{
    "0":[
        [
            -19.92290291748337,
            -43.94538313023699,
            "300000000001",
            "0"
        ]
    ],
    "1":[
        [
            -19.91796128258968,
            -43.946264067145016,
            "300000000002",
            "3"
        ]
    ],
    "10":[
        [
            -19.91834063093996,
            -43.94611910346575,
            "300000000011",
            "3"
        ]
    ],
    "11":[
        [
            -19.924667375560656,
            -43.942296992564216,
            "300000000012",
            "4"
        ]
    ],
    "12":[
        [
            -19.91835068364662,
            -43.942260260082676,
            "300000000013",
            "4"
        ]
    ],
    "13":[
        [
            -19.92305565905656,
            -43.94391339385869,
            "300000000014",
            "1"
        ]
    ],
    "14":[
        [
            -19.92208545298623,
            -43.94445914363197,
            "300000000015",
            "5"
        ]
    ],
    "15":[
        [
            -19.919535800727587,
            -43.941085474990324,
            "300000000016",
            "2"
        ]
    ],
    "16":[
        [
            -19.920062069486953,
            -43.94669911226066,
            "300000000017",
            "1"
        ]
    ],
    "17":[
        [
            -19.920176589096364,
            -43.94486731895375,
            "300000000018",
            "0"
        ]
    ],
    "2":[
        [
            -19.92106270729268,
            -43.944909521875644,
            "300000000003",
            "1"
        ]
    ],
    "3":[
        [
            -19.920406000978097,
            -43.9445005460182,
            "29124051",
            "4"
        ]
    ],
    "4":[
        [
            -19.919832116725747,
            -43.94155191002345,
            "300000000005",
            "3"
        ]
    ],
    "5":[
        [
            -19.92298708367776,
            -43.94532411107337,
            "300000000006",
            "0"
        ]
    ],
    "6":[
        [
            -19.915794517360528,
            -43.94485636208661,
            "300000000007",
            "3"
        ]
    ],
    "7":[
        [
            -19.91962997816526,
            -43.94318898767962,
            "300000000008",
            "4"
        ]
    ],
    "8":[
        [
            -19.92029419430833,
            -43.939681046137885,
            "300000000009",
            "1"
        ]
    ],
    "9":[
        [
            -19.922361901747088,
            -43.9431705582059,
            "300000000010",
            "0"
        ]
    ],
    "total_length":4374.921160005187,
    "total_time":0.9978339672088623
}