{
    "0":6.80973122277701,
    "1":4.663762881121853,
    "2":8.796345479655795,
    "3":5.896101136725805,
    "4":1.9759906512270264,
    "5":2.050355890789334,
    "6":1.95474343992351,
    "7":1.4023159460320833,
    "8":1.2960798895145014,
    "9":1.5510464251566982,
    "10":1.7528949325401042,
    "11":2.050355890789334,
    "12":2.1990863699139487,
    "13":2.315946032083289,
    "14":2.66652501859131,
    "15":3.0914692446616385,
    "16":2.9639859768405397,
    "17":2.5921597790290027,
    "18":2.2415807925209816,
    "19":1.7104005099330712,
    "20":2.114097524699883,
    "21":1.7635185381918623,
    "22":1.4660575799426325,
    "23":1.5191756082014236,
    "24":1.4873047912461488,
    "25":1.5191756082014236,
    "26":1.0623605651758206,
    "27":1.1048549877828535,
    "28":1.072984170827579,
    "29":0.924253691702964,
    "30":1.030489748220546,
    "31":0.9561245086582386,
    "32":0.8923828747476893,
    "33":0.7861468182301073,
    "34":0.9348772973547222,
    "35":0.6374163391054924,
    "36":0.7330287899713163,
    "37":0.977371719961755,
    "38":0.924253691702964,
    "39":0.4780622543291193,
    "40":0.6374163391054924,
    "41":0.616169127801976,
    "42":0.6480399447572507,
    "43":0.616169127801976,
    "44":0.6586635504090088,
    "45":0.44619143737384465,
    "46":0.5311802825879103,
    "47":0.4886858599808775,
    "48":0.33995538085626265,
    "49":0.2762137469457134,
    "50":0.3718261978115372,
    "51":0.3718261978115372,
    "52":0.35057898650802083,
    "53":0.3930734091150537,
    "54":0.38244980346329543,
    "55":0.4249442260703283,
    "56":0.361202592159779,
    "57":0.4674386486773611,
    "58":0.28683735259747156,
    "59":0.4036970147668118,
    "60":0.3293317752045044,
    "61":0.23371932433868056,
    "62":0.24434292999043875,
    "63":0.2018485073834059,
    "64":0.19122490173164772,
    "65":0.26559014129395514,
    "66":0.19122490173164772,
    "67":0.1593540847763731,
    "68":0.1806012960798895,
    "69":0.24434292999043875,
    "70":0.19122490173164772,
    "71":0.26559014129395514,
    "72":0.22309571868692232,
    "73":0.25496653564219696,
    "74":0.24434292999043875,
    "75":0.12748326782109848,
    "76":0.22309571868692232,
    "77":0.16997769042813132,
    "78":0.1381068734728567,
    "79":0.2018485073834059,
    "80":0.11685966216934028,
    "81":0.1487304791246149,
    "82":0.16997769042813132,
    "83":0.09561245086582386,
    "84":0.07436523956230745,
    "85":0.1487304791246149,
    "86":0.1381068734728567,
    "87":0.07436523956230745,
    "88":0.06374163391054924,
    "89":0.12748326782109848,
    "90":0.07436523956230745,
    "91":0.11685966216934028,
    "92":0.11685966216934028,
    "93":0.053118028258791035,
    "94":0.07436523956230745,
    "95":0.1487304791246149,
    "96":0.1487304791246149,
    "97":0.07436523956230745,
    "98":0.053118028258791035,
    "99":0.03187081695527462,
    "100":0.021247211303516415,
    "101":0.053118028258791035,
    "102":0.04249442260703283,
    "103":0.03187081695527462,
    "104":0.06374163391054924,
    "105":0.08498884521406566,
    "106":0.04249442260703283,
    "107":0.010623605651758208,
    "108":0.06374163391054924,
    "109":0.03187081695527462,
    "110":0.03187081695527462,
    "111":0.04249442260703283,
    "112":0.053118028258791035,
    "113":0.053118028258791035,
    "114":0.053118028258791035,
    "115":0.021247211303516415,
    "116":0.07436523956230745,
    "117":0.03187081695527462,
    "118":0.04249442260703283,
    "119":0.03187081695527462,
    "120":0.07436523956230745,
    "121":0.010623605651758208,
    "122":0.021247211303516415,
    "123":0.053118028258791035,
    "124":0.0,
    "125":0.010623605651758208,
    "126":0.03187081695527462,
    "127":0.021247211303516415,
    "128":0.010623605651758208,
    "129":0.0,
    "130":0.0,
    "131":0.021247211303516415,
    "132":0.0,
    "133":0.0,
    "134":0.010623605651758208,
    "135":0.010623605651758208,
    "136":0.021247211303516415,
    "137":0.0,
    "138":0.021247211303516415,
    "139":0.010623605651758208,
    "140":0.0,
    "141":0.010623605651758208,
    "142":0.03187081695527462,
    "143":0.010623605651758208,
    "144":0.010623605651758208,
    "145":0.0,
    "146":0.03187081695527462,
    "147":0.0,
    "148":0.010623605651758208,
    "149":0.021247211303516415,
    "150":0.010623605651758208,
    "151":0.021247211303516415,
    "152":0.010623605651758208,
    "153":0.0,
    "154":0.0,
    "155":0.0,
    "156":0.021247211303516415,
    "157":0.021247211303516415,
    "158":0.0,
    "159":0.0,
    "160":0.03187081695527462,
    "161":0.0,
    "162":0.0,
    "163":0.010623605651758208,
    "164":0.010623605651758208,
    "165":0.021247211303516415,
    "166":0.010623605651758208,
    "167":0.04249442260703283,
    "168":0.021247211303516415,
    "169":0.0,
    "170":0.0,
    "171":0.0,
    "172":0.0,
    "173":0.03187081695527462,
    "174":0.021247211303516415,
    "175":0.03187081695527462,
    "176":0.0,
    "177":0.0,
    "178":0.010623605651758208,
    "179":0.0,
    "180":0.0,
    "181":0.0,
    "182":0.021247211303516415,
    "183":0.010623605651758208,
    "184":0.010623605651758208,
    "185":0.021247211303516415,
    "186":0.0,
    "187":0.010623605651758208,
    "188":0.021247211303516415,
    "189":0.0,
    "190":0.0,
    "191":0.010623605651758208,
    "192":0.010623605651758208,
    "193":0.010623605651758208,
    "194":0.0,
    "195":0.021247211303516415,
    "196":0.0,
    "197":0.0,
    "198":0.04249442260703283,
    "199":0.010623605651758208,
    "200":0.0,
    "201":0.0,
    "202":0.010623605651758208,
    "203":0.0,
    "204":0.0,
    "205":0.0,
    "206":0.0,
    "207":0.0,
    "208":0.0,
    "209":0.0,
    "210":0.0,
    "211":0.010623605651758208,
    "212":0.010623605651758208,
    "213":0.0,
    "214":0.0,
    "215":0.0,
    "216":0.0,
    "217":0.0,
    "218":0.0,
    "219":0.0,
    "220":0.0,
    "221":0.0,
    "222":0.0,
    "223":0.0,
    "224":0.0,
    "225":0.0,
    "226":0.0,
    "227":0.0,
    "228":0.010623605651758208,
    "229":0.0,
    "230":0.010623605651758208,
    "231":0.0,
    "232":0.0,
    "233":0.0,
    "234":0.0,
    "235":0.0,
    "236":0.0,
    "237":0.0,
    "238":0.0,
    "239":0.0,
    "240":0.0,
    "241":0.0,
    "242":0.0,
    "243":0.0,
    "244":0.010623605651758208,
    "245":0.0,
    "246":0.0,
    "247":0.0,
    "248":0.0,
    "249":0.0,
    "250":0.0,
    "251":0.0,
    "252":0.0,
    "253":0.0,
    "254":0.0,
    "255":0.0,
    "256":0.0,
    "257":0.010623605651758208,
    "258":0.0,
    "259":0.010623605651758208,
    "260":0.0,
    "261":0.0,
    "262":0.010623605651758208,
    "263":0.0,
    "264":0.0,
    "265":0.010623605651758208,
    "266":0.0,
    "267":0.0,
    "268":0.0,
    "269":0.0,
    "270":0.0,
    "271":0.0,
    "272":0.0,
    "273":0.0,
    "274":0.0,
    "275":0.0,
    "276":0.0,
    "277":0.0,
    "278":0.010623605651758208,
    "279":0.0,
    "280":0.010623605651758208,
    "281":0.0,
    "282":0.0,
    "283":0.0,
    "284":0.0,
    "285":0.010623605651758208,
    "286":0.0,
    "287":0.0,
    "288":0.010623605651758208,
    "289":0.0,
    "290":0.0,
    "291":0.0,
    "292":0.0,
    "293":0.0,
    "294":0.0,
    "295":0.0,
    "296":0.0,
    "297":0.0,
    "298":0.0,
    "299":0.0,
    "300":0.0,
    "301":0.0,
    "302":0.0,
    "303":0.0,
    "304":0.0,
    "305":0.0,
    "306":0.0,
    "307":0.010623605651758208,
    "308":0.0,
    "309":0.0,
    "310":0.0,
    "311":0.0,
    "312":0.0,
    "313":0.0,
    "314":0.010623605651758208,
    "315":0.0,
    "316":0.0,
    "317":0.010623605651758208,
    "318":0.0,
    "319":0.010623605651758208,
    "320":0.0,
    "321":0.0,
    "322":0.0,
    "323":0.0,
    "324":0.0,
    "325":0.0,
    "326":0.0,
    "327":0.0,
    "328":0.0,
    "329":0.0,
    "330":0.0,
    "331":0.010623605651758208,
    "332":0.010623605651758208,
    "333":0.0,
    "334":0.0,
    "335":0.010623605651758208,
    "336":0.010623605651758208,