{
    "0":3.7509819324430484,
    "1":3.868813825608798,
    "2":0.432050274941084,
    "3":0.9426551453260016,
    "4":2.926158680282797,
    "5":3.456402199528672,
    "6":3.3385703063629224,
    "7":2.553024351924588,
    "8":2.16025137470542,
    "9":2.1209740769835035,
    "10":2.3959151610369207,
    "11":2.6904948939512963,
    "12":2.0620581304006285,
    "13":2.8279654359780046,
    "14":2.5726630007855458,
    "15":2.592301649646504,
    "16":2.926158680282797,
    "17":2.5333857030636295,
    "18":2.2780832678711707,
    "19":2.0620581304006285,
    "20":1.8853102906520032,
    "21":1.8460329929300863,
    "22":1.6692851531814612,
    "23":2.0620581304006285,
    "24":2.199528672427337,
    "25":2.140612725844462,
    "26":1.8853102906520032,
    "27":1.6496465043205029,
    "28":1.8460329929300863,
    "29":1.3747054202670856,
    "30":1.512175962293794,
    "31":1.512175962293794,
    "32":1.4532600157109192,
    "33":1.5318146111547526,
    "34":1.4728986645718776,
    "35":0.9426551453260016,
    "36":1.296150824823252,
    "37":1.2568735271013356,
    "38":1.0997643362136684,
    "39":0.8051846032992929,
    "40":1.2568735271013356,
    "41":0.6873527101335428,
    "42":0.7462686567164178,
    "43":0.6677140612725845,
    "44":0.6087981146897093,
    "45":0.4713275726630008,
    "46":0.648075412411626,
    "47":0.5302435192458759,
    "48":0.5106048703849175,
    "49":0.3731343283582089,
    "50":0.5498821681068342,
    "51":0.3534956794972506,
    "52":0.4516889238020424,
    "53":0.4124116260801257,
    "54":0.3927729772191673,
    "55":0.4124116260801257,
    "56":0.589159465828751,
    "57":0.3927729772191673,
    "58":0.2356637863315004,
    "59":0.15710919088766695,
    "60":0.3534956794972506,
    "61":0.1178318931657502,
    "62":0.1767478397486253,
    "63":0.3927729772191673,
    "64":0.25530243519245877,
    "65":0.09819324430479183,
    "66":0.216025137470542,
    "67":0.2749410840534171,
    "68":0.33385703063629224,
    "69":0.1178318931657502,
    "70":0.15710919088766695,
    "71":0.25530243519245877,
    "72":0.1767478397486253,
    "73":0.1767478397486253,
    "74":0.1767478397486253,
    "75":0.19638648860958366,
    "76":0.13747054202670855,
    "77":0.15710919088766695,
    "78":0.1178318931657502,
    "79":0.03927729772191674,
    "80":0.13747054202670855,
    "81":0.19638648860958366,
    "82":0.0589159465828751,
    "83":0.1767478397486253,
    "84":0.07855459544383347,
    "85":0.13747054202670855,
    "86":0.09819324430479183,
    "87":0.2356637863315004,
    "88":0.15710919088766695,
    "89":0.1767478397486253,
    "90":0.15710919088766695,
    "91":0.15710919088766695,
    "92":0.09819324430479183,
    "93":0.0589159465828751,
    "94":0.0589159465828751,
    "95":0.13747054202670855,
    "96":0.07855459544383347,
    "97":0.01963864886095837,
    "98":0.03927729772191674,
    "99":0.0589159465828751,
    "100":0.0589159465828751,
    "101":0.09819324430479183,
    "102":0.07855459544383347,
    "103":0.0589159465828751,
    "104":0.03927729772191674,
    "105":0.0,
    "106":0.01963864886095837,
    "107":0.01963864886095837,
    "108":0.0,
    "109":0.0589159465828751,
    "110":0.01963864886095837,
    "111":0.01963864886095837,
    "112":0.0,
    "113":0.01963864886095837,
    "114":0.07855459544383347,
    "115":0.03927729772191674,
    "116":0.01963864886095837,
    "117":0.0589159465828751,
    "118":0.07855459544383347,
    "119":0.03927729772191674,
    "120":0.0,
    "121":0.0,
    "122":0.01963864886095837,
    "123":0.07855459544383347,
    "124":0.01963864886095837,
    "125":0.0,
    "126":0.0,
    "127":0.01963864886095837,
    "128":0.0,
    "129":0.01963864886095837,
    "130":0.0,
    "131":0.0,
    "132":0.0,
    "133":0.0,
    "134":0.0,
    "135":0.09819324430479183,
    "136":0.0,
    "137":0.0,
    "138":0.03927729772191674,
    "139":0.0,
    "140":0.0,
    "141":0.0,
    "142":0.01963864886095837,
    "143":0.0,
    "144":0.01963864886095837,
    "145":0.0,
    "146":0.0,
    "147":0.0,
    "148":0.0,
    "149":0.0,
    "150":0.0,
    "151":0.0,
    "152":0.0,
    "153":0.01963864886095837,
    "154":0.0,
    "155":0.0589159465828751,
    "156":0.0,
    "157":0.0,
    "158":0.0,
    "159":0.0,
    "160":0.0,
    "161":0.0,
    "162":0.0,
    "163":0.0,
    "164":0.0,
    "165":0.0,
    "166":0.0,
    "167":0.0,
    "168":0.0,
    "169":0.0,
    "170":0.01963864886095837,
    "171":0.0,
    "172":0.0,
    "173":0.0,
    "174":0.0,
    "175":0.0,
    "176":0.0,
    "177":0.0,
    "178":0.0,
    "179":0.0,
    "180":0.0,
    "181":0.0,
    "182":0.01963864886095837,
    "183":0.0,
    "184":0.0,
    "185":0.0,
    "186":0.0,
    "187":0.0,
    "188":0.0,
    "189":0.0,
    "190":0.0,
    "191":0.0,
    "192":0.0,
    "193":0.0,
    "194":0.0,
    "195":0.0,
    "196":0.0,
    "197":0.0,
    "198":0.0,
    "199":0.01963864886095837,
    "200":0.0,
    "201":0.0,
    "202":0.01963864886095837,
    "203":0.0,
    "204":0.0,
    "205":0.0,
    "206":0.07855459544383347,
    "207":0.0,
    "208":0.0,
    "209":0.0,
    "210":0.0,
    "211":0.0,
    "212":0.0,
    "213":0.0,
    "214":0.0,
    "215":0.0
}