{
    "0":7.597868890433171,
    "1":2.1542738012508686,
    "2":2.4554088487375494,
    "3":2.1311095668288162,
    "4":2.9418577716006484,
    "5":1.9457956914523975,
    "6":2.1542738012508686,
    "7":2.177438035672921,
    "8":1.8763029881862403,
    "9":1.320361362056984,
    "10":1.4130182997451934,
    "11":1.5520037062775076,
    "12":1.8068102849200833,
    "13":1.5751679406995598,
    "14":1.5751679406995598,
    "15":2.0616168635626595,
    "16":2.223766504517026,
    "17":1.8068102849200833,
    "18":1.992124160296502,
    "19":1.644660643965717,
    "20":1.5520037062775076,
    "21":2.223766504517026,
    "22":1.5751679406995598,
    "23":1.6909891128098216,
    "24":1.5983321751216122,
    "25":1.8531387537641881,
    "26":1.320361362056984,
    "27":1.250868658790827,
    "28":1.111883252258513,
    "29":1.922631457030345,
    "30":2.223766504517026,
    "31":2.1542738012508686,
    "32":2.3395876766272874,
    "33":1.644660643965717,
    "34":1.9457956914523975,
    "35":1.5056752374334028,
    "36":1.5520037062775076,
    "37":1.18137595552467,
    "38":1.4130182997451934,
    "39":1.2277044243687747,
    "40":1.2971971276349317,
    "41":0.996062080148251,
    "42":1.0887190178364605,
    "43":1.18137595552467,
    "44":1.1350474866805653,
    "45":0.9497336113041464,
    "46":0.7412555015056752,
    "47":0.8339124391938846,
    "48":0.6485985638174658,
    "49":0.9497336113041464,
    "50":0.8107482047718323,
    "51":0.857076673615937,
    "52":0.9728978457261988,
    "53":0.8339124391938846,
    "54":1.18137595552467,
    "55":0.6022700949733611,
    "56":0.4169562195969423,
    "57":0.39379198517488995,
    "58":0.46328468844104703,
    "59":0.3706277507528376,
    "60":0.44012045401899463,
    "61":0.1853138753764188,
    "62":0.16214964095436646,
    "63":0.11582117211026176,
    "64":0.0926569376882094,
    "65":0.1853138753764188,
    "66":0.0463284688441047,
    "67":0.16214964095436646,
    "68":0.06949270326615706,
    "69":0.13898540653231412,
    "70":0.0463284688441047,
    "71":0.0463284688441047,
    "72":0.0463284688441047,
    "73":0.11582117211026176,
    "74":0.0463284688441047,
    "75":0.13898540653231412,
    "76":0.16214964095436646,
    "77":0.11582117211026176,
    "78":0.02316423442205235,
    "79":0.0926569376882094,
    "80":0.0926569376882094,
    "81":0.0463284688441047,
    "82":0.06949270326615706,
    "83":0.0463284688441047,
    "84":0.06949270326615706,
    "85":0.0463284688441047,
    "86":0.06949270326615706,
    "87":0.0463284688441047,
    "88":0.0463284688441047,
    "89":0.0463284688441047,
    "90":0.02316423442205235,
    "91":0.06949270326615706,
    "92":0.0,
    "93":0.06949270326615706,
    "94":0.13898540653231412,
    "95":0.13898540653231412,
    "96":0.02316423442205235,
    "97":0.0463284688441047,
    "98":0.0926569376882094,
    "99":0.0926569376882094,
    "100":0.0463284688441047,
    "101":0.0463284688441047,
    "102":0.06949270326615706,
    "103":0.06949270326615706,
    "104":0.0926569376882094,
    "105":0.0926569376882094,
    "106":0.06949270326615706,
    "107":0.06949270326615706,
    "108":0.02316423442205235,
    "109":0.0926569376882094,
    "110":0.0463284688441047,
    "111":0.11582117211026176,
    "112":0.02316423442205235,
    "113":0.0,
    "114":0.02316423442205235,
    "115":0.06949270326615706,
    "116":0.06949270326615706,
    "117":0.0463284688441047,
    "118":0.06949270326615706,
    "119":0.02316423442205235,
    "120":0.0463284688441047,
    "121":0.0463284688441047,
    "122":0.0,
    "123":0.02316423442205235,
    "124":0.0463284688441047,
    "125":0.0,
    "126":0.13898540653231412,
    "127":0.0,
    "128":0.0926569376882094,
    "129":0.0,
    "130":0.0926569376882094,
    "131":0.0463284688441047,
    "132":0.0926569376882094,
    "133":0.0,
    "134":0.0,
    "135":0.0,
    "136":0.0,
    "137":0.0,
    "138":0.0,
    "139":0.0,
    "140":0.0,
    "141":0.0,
    "142":0.0,
    "143":0.0,
    "144":0.0,
    "145":0.0,
    "146":0.0,
    "147":0.0,
    "148":0.0,
    "149":0.0,
    "150":0.0,
    "151":0.0,
    "152":0.0,
    "153":0.0,
    "154":0.0,
    "155":0.0,
    "156":0.02316423442205235,
    "157":0.0,
    "158":0.0,
    "159":0.0,
    "160":0.02316423442205235,
    "161":0.0,
    "162":0.0,
    "163":0.0,
    "164":0.0,
    "165":0.0,
    "166":0.0,
    "167":0.0,
    "168":0.0,
    "169":0.0,
    "170":0.0,
    "171":0.0,
    "172":0.0,
    "173":0.0,
    "174":0.0,
    "175":0.0,
    "176":0.0,
    "177":0.0,
    "178":0.0,
    "179":0.0,
    "180":0.0,
    "181":0.0,
    "182":0.0,
    "183":0.0,
    "184":0.0,
    "185":0.0,
    "186":0.0,
    "187":0.0,
    "188":0.0,
    "189":0.0,
    "190":0.0,
    "191":0.0,
    "192":0.0,
    "193":0.0,
    "194":0.0,
    "195":0.0,
    "196":0.0,
    "197":0.0,
    "198":0.0,
    "199":0.0,
    "200":0.0,
    "201":0.0,
    "202":0.0,
    "203":0.0,
    "204":0.0,
    "205":0.0,
    "206":0.0,
    "207":0.0,
    "208":0.0,
    "209":0.0,
    "210":0.0,
    "211":0.0,
    "212":0.0,
    "213":0.0,
    "214":0.0,
    "215":0.0,
    "216":0.0,
    "217":0.0,
    "218":0.0,
    "219":0.0,
    "220":0.0,
    "221":0.0,
    "222":0.0,
    "223":0.0,
    "224":0.0,
    "225":0.0,
    "226":0.0,
    "227":0.0,
    "228":0.0,
    "229":0.0,
    "230":0.0,
    "231":0.0,
    "232":0.0,
    "233":0.0,
    "234":0.0,
    "235":0.0,
    "236":0.0,
    "237":0.0,
    "238":0.0,
    "239":0.0,
    "240":0.0,
    "241":0.0,
    "242":0.0,
    "243":0.0,
    "244":0.0,
    "245":0.0,
    "246":0.0,
    "247":0.0,
    "248":0.0,
    "249":0.0,
    "250":0.0,
    "251":0.0,
    "252":0.0,
    "253":0.0,
    "254":0.0,
    "255":0.0,
    "256":0.0,
    "257":0.0,
    "258":0.0,
    "259":0.0,
    "260":0.0,
    "261":0.0,
    "262":0.0,
    "263":0.0,
    "264":0.0,
    "265":0.0,
    "266":0.0,
    "267":0.0,
    "268":0.0,
    "269":0.0,
    "270":0.0,
    "271":0.0,
    "272":0.0,
    "273":0.0,
    "274":0.0,
    "275":0.0,
    "276":0.0,
    "277":0.0,
    "278":0.0,
    "279":0.0,
    "280":0.0,
    "281":0.0,
    "282":0.0,
    "283":0.0,
    "284":0.0,
    "285":0.0,
    "286":0.0,
    "287":0.0,
    "288":0.0,
    "289":0.0,
    "290":0.0,
    "291":0.0,
    "292":0.0,
    "293":0.0,
    "294":0.0,
    "295":0.0,
    "296":0.0,
    "297":0.0,
    "298":0.0,
    "299":0.0,
    "300":0.0,
    "301":0.0,
    "302":0.0,
    "303":0.0,
    "304":0.0,
    "305":0.0,
    "306":0.0,
    "307":0.0,
    "308":0.0,
    "309":0.0,
    "310":0.0,
    "311":0.0,
    "312":0.0,
    "313":0.0,
    "314":0.0,
    "315":0.0,
    "316":0.0,
    "317":0.0,
    "318":0.0,
    "319":0.0,
    "320":0.0,
    "321":0.0,
    "322":0.0,
    "323":0.0,
    "324":0.0,
    "325":0.0,
    "326":0.0,
    "327":0.0,
    "328":0.0,
    "329":0.0,
    "330":0.0,
    "331":0.0,
    "332":0.0,
    "333":0.0,
    "334":0.0,
    "335":0.0,
    "336":0.0,
    "337":0.0,
    "338":0.0,
    "339":0.0,
    "340":0.0,
    "341":0.0,
    "342":0.0,
    "343":0.0,
    "344":0.0,
    "345":0.0,
    "346":0.0,
    "347":0.0,
    "348":0.0,
    "349":0.0,
    "350":0.0,
    "351":0.0,
    "352":0.0,
    "353":0.0,
    "354":0.0,
    "355":0.02316423442205235,
    "356":0.0,
    "357":0.0,
    "358":0.0,
    "359":0.0,
    "360":0.0,
    "361":0.0,
    "362":0.0,
    "363":0.0,
    "364":0.0,
    "365":0.0,
    "366":0.0,
    "367":0.0,
    "368":0.0,
    "369":0.0,
    "370":0.0,
    "371":0.0,
    "372":0.0,
    "373":0.0,
    "374":0.0,
    "375":0.0,
    "376":0.0,
    "377":0.0,
    "378":0.0,
    "379":0.0,
    "380":0.0,
    "381":0.0,
    "382":0.0,
    "383":0.0,
    "384":0.0,
    "385":0.0,
    "386":0.0,
    "387":0.0,
    "388":0.0,
    "389":0.0,
    "390":0.0,
    "391":0.0,
    "392":0.0,
    "393":0.0,
    "394":0.0,
    "395":0.0,
    "396":0.0,
    "397":0.0,
    "398":0.0,
    "399":0.0,
    "400":0.0,
    "401":0.0,
    "402":0.0,
    "403":0.0,
    "404":0.0,
    "405":0.0,
    "406":0.0,
    "407":0.0,
    "408":0.0,