{
    "0":[
        [
            -19.920500284302545,
            -43.94317047487305,
            "300000000001",
            "0"
        ]
    ],
    "1":[
        [
            -19.921291180983214,
            -43.94350194197942,
            "300000000002",
            "3"
        ]
    ],
    "10":[
        [
            -19.921004519532726,
            -43.94073267021614,
            "300000000011",
            "3"
        ]
    ],
    "11":[
        [
            -19.917132207438478,
            -43.943356561910264,
            "300000000012",
            "4"
        ]
    ],
    "12":[
        [
            -19.920590375652345,
            -43.941463259653915,
            "300000000013",
            "4"
        ]
    ],
    "13":[
        [
            -19.921488629716347,
            -43.941451473119564,
            "300000000014",
            "1"
        ]
    ],
    "14":[
        [
            -19.9215117394776,
            -43.94061281703678,
            "300000000015",
            "5"
        ]
    ],
    "15":[
        [
            -19.921887687112612,
            -43.94606313325403,
            "300000000016",
            "2"
        ]
    ],
    "16":[
        [
            -19.92110735551603,
            -43.94574309848179,
            "300000000017",
            "1"
        ]
    ],
    "17":[
        [
            -19.92148421052722,
            -43.946587028981035,
            "300000000018",
            "0"
        ]
    ],
    "2":[
        [
            -19.9207886615465,
            -43.945712993455395,
            "300000000003",
            "1"
        ]
    ],
    "3":[
        [
            -19.9204000439011,
            -43.942741462064596,
            "300000000004",
            "4"
        ]
    ],
    "4":[
        [
            -19.920214969870003,
            -43.94408002809571,
            "300000000005",
            "3"
        ]
    ],
    "5":[
        [
            -19.92001180102465,
            -43.94316023648023,
            "300000000006",
            "0"
        ]
    ],
    "6":[
        [
            -19.91791214929982,
            -43.9427195277151,
            "300000000007",
            "3"
        ]
    ],
    "7":[
        [
            -19.920037455496605,
            -43.94176831481355,
            "300000000008",
            "4"
        ]
    ],
    "8":[
        [
            -19.920879009910564,
            -43.941917602665164,
            "300000000009",
            "1"
        ]
    ],
    "9":[
        [
            -19.91780569707024,
            -43.94230635016821,
            "300000000010",
            "0"
        ]
    ],
    "total_length":4213.405190635473,
    "total_time":3.7849478721618652
}