{
    "0":5.162488393686165,
    "1":3.4726090993500462,
    "2":6.555246053853296,
    "3":3.918291550603528,
    "4":3.2126276694521816,
    "5":3.0826369545032497,
    "6":3.1012070566388115,
    "7":2.785515320334262,
    "8":3.1569173630454963,
    "9":2.8040854224698237,
    "10":3.0269266480965644,
    "11":2.8783658310120708,
    "12":2.8783658310120708,
    "13":1.91272051996286,
    "14":1.8755803156917363,
    "15":1.5041782729805013,
    "16":0.724233983286908,
    "17":1.1327762302692663,
    "18":1.2070566388115136,
    "19":1.2256267409470751,
    "20":1.5970287836583101,
    "21":1.0770659238625813,
    "22":1.2813370473537604,
    "23":1.2999071494893222,
    "24":1.1884865366759516,
    "25":1.0399257195914577,
    "26":1.392757660167131,
    "27":1.2999071494893222,
    "28":1.244196843082637,
    "29":1.2256267409470751,
    "30":1.4298978644382545,
    "31":1.448467966573816,
    "32":1.16991643454039,
    "33":1.3741875580315692,
    "34":0.8913649025069639,
    "35":1.0770659238625813,
    "36":0.5013927576601671,
    "37":0.6685236768802229,
    "38":0.6128133704735376,
    "39":0.6128133704735376,
    "40":0.5013927576601671,
    "41":0.6870937790157846,
    "42":0.5571030640668524,
    "43":0.6685236768802229,
    "44":0.6313834726090993,
    "45":0.5756731662024142,
    "46":0.7985143918291551,
    "47":0.5199628597957289,
    "48":0.7799442896935933,
    "49":0.7799442896935933,
    "50":0.6870937790157846,
    "51":0.6870937790157846,
    "52":0.8542246982358402,
    "53":0.5942432683379758,
    "54":0.48282265552460535,
    "55":0.4642525533890436,
    "56":0.3342618384401114,
    "57":0.2785515320334262,
    "58":0.31569173630454966,
    "59":0.2785515320334262,
    "60":0.3342618384401114,
    "61":0.20427112349117918,
    "62":0.14856081708449395,
    "63":0.18570102135561745,
    "64":0.25998142989786444,
    "65":0.3528319405756732,
    "66":0.18570102135561745,
    "67":0.12999071494893222,
    "68":0.22284122562674097,
    "69":0.1671309192200557,
    "70":0.12999071494893222,
    "71":0.1671309192200557,
    "72":0.18570102135561745,
    "73":0.20427112349117918,
    "74":0.12999071494893222,
    "75":0.14856081708449395,
    "76":0.20427112349117918,
    "77":0.18570102135561745,
    "78":0.25998142989786444,
    "79":0.22284122562674097,
    "80":0.18570102135561745,
    "81":0.20427112349117918,
    "82":0.18570102135561745,
    "83":0.1671309192200557,
    "84":0.09285051067780872,
    "85":0.18570102135561745,
    "86":0.1671309192200557,
    "87":0.03714020427112349,
    "88":0.018570102135561744,
    "89":0.0,
    "90":0.03714020427112349,
    "91":0.018570102135561744,
    "92":0.09285051067780872,
    "93":0.03714020427112349,
    "94":0.05571030640668524,
    "95":0.03714020427112349,
    "96":0.03714020427112349,
    "97":0.12999071494893222,
    "98":0.05571030640668524,
    "99":0.018570102135561744,
    "100":0.03714020427112349,
    "101":0.05571030640668524,
    "102":0.0,
    "103":0.018570102135561744,
    "104":0.07428040854224698,
    "105":0.05571030640668524,
    "106":0.018570102135561744,
    "107":0.05571030640668524,
    "108":0.018570102135561744,
    "109":0.018570102135561744,
    "110":0.03714020427112349,
    "111":0.07428040854224698,
    "112":0.03714020427112349,
    "113":0.03714020427112349,
    "114":0.018570102135561744,
    "115":0.018570102135561744,
    "116":0.11142061281337048,
    "117":0.05571030640668524,
    "118":0.0,
    "119":0.018570102135561744,
    "120":0.0,
    "121":0.018570102135561744,
    "122":0.018570102135561744,
    "123":0.05571030640668524,
    "124":0.07428040854224698,
    "125":0.03714020427112349,
    "126":0.07428040854224698,
    "127":0.018570102135561744,
    "128":0.05571030640668524,
    "129":0.11142061281337048,
    "130":0.07428040854224698,
    "131":0.03714020427112349,
    "132":0.03714020427112349,
    "133":0.018570102135561744,
    "134":0.03714020427112349,
    "135":0.018570102135561744,
    "136":0.018570102135561744,
    "137":0.05571030640668524,
    "138":0.03714020427112349,
    "139":0.018570102135561744,
    "140":0.018570102135561744,
    "141":0.12999071494893222,
    "142":0.018570102135561744,
    "143":0.07428040854224698,
    "144":0.11142061281337048,
    "145":0.05571030640668524,
    "146":0.0,
    "147":0.14856081708449395,
    "148":0.07428040854224698,
    "149":0.05571030640668524,
    "150":0.018570102135561744,
    "151":0.018570102135561744,
    "152":0.018570102135561744,
    "153":0.03714020427112349,
    "154":0.05571030640668524,
    "155":0.05571030640668524,
    "156":0.018570102135561744,
    "157":0.0,
    "158":0.018570102135561744,
    "159":0.03714020427112349,
    "160":0.11142061281337048,
    "161":0.03714020427112349,
    "162":0.03714020427112349,
    "163":0.03714020427112349,
    "164":0.018570102135561744,
    "165":0.018570102135561744,
    "166":0.018570102135561744,
    "167":0.05571030640668524,
    "168":0.018570102135561744,
    "169":0.05571030640668524,
    "170":0.05571030640668524,
    "171":0.018570102135561744,
    "172":0.05571030640668524,
    "173":0.03714020427112349,
    "174":0.018570102135561744,
    "175":0.018570102135561744,
    "176":0.018570102135561744,
    "177":0.05571030640668524,
    "178":0.03714020427112349,
    "179":0.03714020427112349,
    "180":0.018570102135561744,
    "181":0.0,
    "182":0.018570102135561744,
    "183":0.07428040854224698,
    "184":0.05571030640668524,
    "185":0.018570102135561744,
    "186":0.03714020427112349,
    "187":0.0,
    "188":0.03714020427112349,
    "189":0.09285051067780872,
    "190":0.0,
    "191":0.018570102135561744,
    "192":0.018570102135561744,
    "193":0.0,
    "194":0.018570102135561744,
    "195":0.018570102135561744,
    "196":0.03714020427112349,
    "197":0.018570102135561744,
    "198":0.018570102135561744,
    "199":0.0,
    "200":0.03714020427112349,
    "201":0.018570102135561744,
    "202":0.0,
    "203":0.0,
    "204":0.018570102135561744,
    "205":0.018570102135561744,
    "206":0.03714020427112349,
    "207":0.0,
    "208":0.018570102135561744,
    "209":0.018570102135561744,
    "210":0.0,
    "211":0.018570102135561744,
    "212":0.018570102135561744,
    "213":0.018570102135561744,
    "214":0.03714020427112349,
    "215":0.03714020427112349,
    "216":0.0,
    "217":0.03714020427112349,
    "218":0.018570102135561744,
    "219":0.0,
    "220":0.03714020427112349,
    "221":0.018570102135561744,
    "222":0.018570102135561744,
    "223":0.0,
    "224":0.018570102135561744,
    "225":0.0,
    "226":0.03714020427112349,
    "227":0.0,
    "228":0.0,
    "229":0.03714020427112349,
    "230":0.0,
    "231":0.05571030640668524,
    "232":0.0,
    "233":0.018570102135561744,
    "234":0.0,
    "235":0.018570102135561744,
    "236":0.0,
    "237":0.018570102135561744,
    "238":0.03714020427112349,
    "239":0.0,
    "240":0.0,
    "241":0.018570102135561744,
    "242":0.0,
    "243":0.0,
    "244":0.018570102135561744,
    "245":0.0,
    "246":0.0,
    "247":0.0,
    "248":0.07428040854224698,
    "249":0.0,
    "250":0.018570102135561744,
    "251":0.0,
    "252":0.0,
    "253":0.0,
    "254":0.07428040854224698,
    "255":0.0,
    "256":0.0,
    "257":0.0,
    "258":0.0,
    "259":0.0,
    "260":0.0,
    "261":0.0,
    "262":0.0,
    "263":0.0
}