{
    "0":4.851190476190476,
    "1":0.35714285714285715,
    "2":0.744047619047619,
    "3":1.9940476190476188,
    "4":2.232142857142857,
    "5":1.8452380952380953,
    "6":1.7857142857142856,
    "7":1.5178571428571428,
    "8":1.2202380952380953,
    "9":1.636904761904762,
    "10":1.2202380952380953,
    "11":1.8452380952380953,
    "12":2.083333333333333,
    "13":1.8154761904761907,
    "14":1.875,
    "15":1.7857142857142856,
    "16":1.755952380952381,
    "17":1.8154761904761907,
    "18":0.8333333333333334,
    "19":1.398809523809524,
    "20":1.0119047619047619,
    "21":1.488095238095238,
    "22":0.8333333333333334,
    "23":0.7142857142857143,
    "24":1.0119047619047619,
    "25":0.6845238095238095,
    "26":1.130952380952381,
    "27":1.1011904761904763,
    "28":0.625,
    "29":1.1904761904761905,
    "30":1.1011904761904763,
    "31":1.25,
    "32":1.398809523809524,
    "33":1.4583333333333333,
    "34":1.0119047619047619,
    "35":0.9226190476190477,
    "36":1.2797619047619047,
    "37":1.0714285714285714,
    "38":1.1904761904761905,
    "39":0.8928571428571428,
    "40":1.4285714285714286,
    "41":0.9523809523809524,
    "42":1.1904761904761905,
    "43":1.2202380952380953,
    "44":0.8630952380952381,
    "45":0.9226190476190477,
    "46":1.1904761904761905,
    "47":0.8630952380952381,
    "48":1.0119047619047619,
    "49":1.1607142857142858,
    "50":0.8035714285714285,
    "51":0.8035714285714285,
    "52":0.7738095238095238,
    "53":0.6547619047619048,
    "54":0.9821428571428571,
    "55":0.8035714285714285,
    "56":0.7142857142857143,
    "57":0.8630952380952381,
    "58":0.4761904761904762,
    "59":0.5952380952380952,
    "60":0.5952380952380952,
    "61":0.5654761904761905,
    "62":0.4761904761904762,
    "63":0.35714285714285715,
    "64":0.4166666666666667,
    "65":0.26785714285714285,
    "66":0.20833333333333334,
    "67":0.4166666666666667,
    "68":0.26785714285714285,
    "69":0.26785714285714285,
    "70":0.1488095238095238,
    "71":0.2976190476190476,
    "72":0.35714285714285715,
    "73":0.35714285714285715,
    "74":0.4761904761904762,
    "75":0.20833333333333334,
    "76":0.4166666666666667,
    "77":0.4464285714285714,
    "78":0.20833333333333334,
    "79":0.4166666666666667,
    "80":0.3869047619047619,
    "81":0.2976190476190476,
    "82":0.35714285714285715,
    "83":0.26785714285714285,
    "84":0.2380952380952381,
    "85":0.35714285714285715,
    "86":0.17857142857142858,
    "87":0.3869047619047619,
    "88":0.2976190476190476,
    "89":0.3869047619047619,
    "90":0.26785714285714285,
    "91":0.20833333333333334,
    "92":0.26785714285714285,
    "93":0.1488095238095238,
    "94":0.1488095238095238,
    "95":0.2380952380952381,
    "96":0.1488095238095238,
    "97":0.26785714285714285,
    "98":0.20833333333333334,
    "99":0.08928571428571429,
    "100":0.11904761904761905,
    "101":0.20833333333333334,
    "102":0.08928571428571429,
    "103":0.17857142857142858,
    "104":0.08928571428571429,
    "105":0.26785714285714285,
    "106":0.3869047619047619,
    "107":0.1488095238095238,
    "108":0.11904761904761905,
    "109":0.17857142857142858,
    "110":0.26785714285714285,
    "111":0.26785714285714285,
    "112":0.1488095238095238,
    "113":0.20833333333333334,
    "114":0.08928571428571429,
    "115":0.11904761904761905,
    "116":0.17857142857142858,
    "117":0.11904761904761905,
    "118":0.2976190476190476,
    "119":0.4761904761904762,
    "120":0.17857142857142858,
    "121":0.35714285714285715,
    "122":0.11904761904761905,
    "123":0.17857142857142858,
    "124":0.029761904761904764,
    "125":0.11904761904761905,
    "126":0.11904761904761905,
    "127":0.2380952380952381,
    "128":0.26785714285714285,
    "129":0.2976190476190476,
    "130":0.05952380952380953,
    "131":0.2976190476190476,
    "132":0.11904761904761905,
    "133":0.35714285714285715,
    "134":0.2380952380952381,
    "135":0.11904761904761905,
    "136":0.11904761904761905,
    "137":0.2380952380952381,
    "138":0.1488095238095238,
    "139":0.20833333333333334,
    "140":0.08928571428571429,
    "141":0.05952380952380953,
    "142":0.11904761904761905,
    "143":0.08928571428571429,
    "144":0.08928571428571429,
    "145":0.20833333333333334,
    "146":0.3869047619047619,
    "147":0.17857142857142858,
    "148":0.17857142857142858,
    "149":0.2380952380952381,
    "150":0.11904761904761905,
    "151":0.2380952380952381,
    "152":0.05952380952380953,
    "153":0.11904761904761905,
    "154":0.08928571428571429,
    "155":0.1488095238095238,
    "156":0.0,
    "157":0.11904761904761905,
    "158":0.11904761904761905,
    "159":0.029761904761904764,
    "160":0.1488095238095238,
    "161":0.05952380952380953,
    "162":0.05952380952380953,
    "163":0.08928571428571429,
    "164":0.08928571428571429,
    "165":0.05952380952380953,
    "166":0.029761904761904764,
    "167":0.1488095238095238,
    "168":0.08928571428571429,
    "169":0.11904761904761905,
    "170":0.08928571428571429,
    "171":0.2380952380952381,
    "172":0.08928571428571429,
    "173":0.05952380952380953,
    "174":0.05952380952380953,
    "175":0.0,
    "176":0.20833333333333334,
    "177":0.029761904761904764,
    "178":0.05952380952380953,
    "179":0.0,
    "180":0.08928571428571429,
    "181":0.0,
    "182":0.05952380952380953,
    "183":0.05952380952380953,
    "184":0.05952380952380953,
    "185":0.029761904761904764,
    "186":0.05952380952380953,
    "187":0.17857142857142858,
    "188":0.05952380952380953,
    "189":0.029761904761904764,
    "190":0.11904761904761905,
    "191":0.0,
    "192":0.08928571428571429,
    "193":0.029761904761904764,
    "194":0.029761904761904764,
    "195":0.05952380952380953,
    "196":0.0,
    "197":0.05952380952380953,
    "198":0.05952380952380953,
    "199":0.0,
    "200":0.029761904761904764,
    "201":0.0,
    "202":0.11904761904761905,
    "203":0.0,
    "204":0.0,
    "205":0.0,
    "206":0.0,
    "207":0.0,
    "208":0.0,
    "209":0.0,
    "210":0.0,
    "211":0.0,
    "212":0.0,
    "213":0.0,
    "214":0.0,
    "215":0.0,
    "216":0.0,
    "217":0.0,
    "218":0.0,
    "219":0.0,
    "220":0.0,
    "221":0.0,
    "222":0.0,
    "223":0.0,
    "224":0.0,
    "225":0.0,
    "226":0.0,
    "227":0.0,
    "228":0.0,
    "229":0.0,
    "230":0.0,
    "231":0.0,
    "232":0.0,
    "233":0.0,
    "234":0.0,
    "235":0.0,
    "236":0.0,
    "237":0.0,
    "238":0.0,
    "239":0.0,
    "240":0.0,
    "241":0.0,
    "242":0.0,
    "243":0.0,
    "244":0.0,
    "245":0.0,
    "246":0.0,
    "247":0.0,
    "248":0.0,
    "249":0.0,
    "250":0.0,
    "251":0.0,
    "252":0.0,
    "253":0.0,
    "254":0.0,
    "255":0.0,
    "256":0.0,
    "257":0.0,
    "258":0.0,
    "259":0.0,
    "260":0.0,
    "261":0.0,
    "262":0.0,
    "263":0.0,
    "264":0.0,
    "265":0.0,
    "266":0.0,
    "267":0.0,
    "268":0.0,
    "269":0.0,
    "270":0.0,
    "271":0.0,
    "272":0.0,
    "273":0.0,
    "274":0.0,
    "275":0.0,
    "276":0.0,
    "277":0.0,
    "278":0.0,
    "279":0.0,
    "280":0.0,
    "281":0.0,
    "282":0.0,
    "283":0.0,
    "284":0.0,
    "285":0.0,
    "286":0.0,
    "287":0.0,
    "288":0.0,
    "289":0.0,
    "290":0.0,
    "291":0.0,
    "292":0.0,
    "293":0.0,
    "294":0.0,
    "295":0.0,
    "296":0.0,
    "297":0.0,
    "298":0.0,
    "299":0.0,
    "300":0.0,
    "301":0.0,
    "302":0.0,
    "303":0.0,
    "304":0.0,
    "305":0.0,
    "306":0.0,
    "307":0.0,
    "308":0.0,
    "309":0.0,
    "310":0.0,
    "311":0.0,
    "312":0.0,
    "313":0.0,
    "314":0.0,
    "315":0.0,
    "316":0.0,
    "317":0.0,
    "318":0.0,
    "319":0.0,
    "320":0.0,
    "321":0.0,
    "322":0.0,
    "323":0.0,
    "324":0.0,
    "325":0.0,
    "326":0.0,
    "327":0.0,
    "328":0.0,
    "329":0.0,
    "330":0.0,
    "331":0.0,
    "332":0.0,
    "333":0.0,
    "334":0.0,
    "335":0.0,
    "336":0.0,
    "337":0.0,
    "338":0.0,
    "339":0.0,
    "340":0.0,