{
    "0":4.302807179015186,
    "1":5.959502991256327,
    "2":8.191440404970088,
    "3":2.761159687068569,
    "4":2.7841693511274737,
    "5":2.0018407731247123,
    "6":2.047860101242522,
    "7":1.2195121951219512,
    "8":2.3930050621260928,
    "9":1.6336861481822365,
    "10":1.4496088357109986,
    "11":2.531063046479521,
    "12":2.1398987574781407,
    "13":2.1629084215370455,
    "14":2.3930050621260928,
    "15":2.6000920386562356,
    "16":1.79475379659457,
    "17":1.840773124712379,
    "18":1.7717441325356649,
    "19":1.6336861481822365,
    "20":2.093879429360331,
    "21":1.5876668200644273,
    "22":1.403589507593189,
    "23":0.8743672342383801,
    "24":1.6336861481822365,
    "25":1.3575701794753796,
    "26":0.8513575701794753,
    "27":0.7593189139438564,
    "28":0.7593189139438564,
    "29":0.6672802577082374,
    "30":0.7363092498849517,
    "31":0.9894155545329039,
    "32":0.9894155545329039,
    "33":0.9203865623561895,
    "34":0.9433962264150944,
    "35":0.8283479061205707,
    "36":1.150483202945237,
    "37":1.3575701794753796,
    "38":1.2655315232397606,
    "39":1.0814542107685228,
    "40":0.6212609295904279,
    "41":0.6902899217671422,
    "42":0.8513575701794753,
    "43":0.6442705936493327,
    "44":0.7132995858260469,
    "45":0.966405890473999,
    "46":0.8513575701794753,
    "47":0.8283479061205707,
    "48":0.43718361711919007,
    "49":0.5752416014726185,
    "50":0.6442705936493327,
    "51":0.43718361711919007,
    "52":0.6442705936493327,
    "53":0.36815462494247586,
    "54":0.4832029452369995,
    "55":0.36815462494247586,
    "56":0.46019328117809477,
    "57":0.5292222733548091,
    "58":0.6212609295904279,
    "59":0.46019328117809477,
    "60":0.6442705936493327,
    "61":0.5062126092959043,
    "62":0.2991256327657616,
    "63":0.18407731247123793,
    "64":0.5982512655315232,
    "65":0.39116428900138056,
    "66":0.32213529682466635,
    "67":0.20708697653014269,
    "68":0.41417395306028537,
    "69":0.32213529682466635,
    "70":0.23009664058904739,
    "71":0.23009664058904739,
    "72":0.13805798435342845,
    "73":0.23009664058904739,
    "74":0.2991256327657616,
    "75":0.25310630464795214,
    "76":0.23009664058904739,
    "77":0.20708697653014269,
    "78":0.06902899217671422,
    "79":0.0,
    "80":0.09203865623561897,
    "81":0.18407731247123793,
    "82":0.20708697653014269,
    "83":0.04601932811780948,
    "84":0.06902899217671422,
    "85":0.11504832029452369,
    "86":0.06902899217671422,
    "87":0.11504832029452369,
    "88":0.13805798435342845,
    "89":0.13805798435342845,
    "90":0.20708697653014269,
    "91":0.06902899217671422,
    "92":0.13805798435342845,
    "93":0.09203865623561897,
    "94":0.02300966405890474,
    "95":0.13805798435342845,
    "96":0.11504832029452369,
    "97":0.04601932811780948,
    "98":0.06902899217671422,
    "99":0.04601932811780948,
    "100":0.06902899217671422,
    "101":0.06902899217671422,
    "102":0.11504832029452369,
    "103":0.13805798435342845,
    "104":0.04601932811780948,
    "105":0.06902899217671422,
    "106":0.09203865623561897,
    "107":0.06902899217671422,
    "108":0.09203865623561897,
    "109":0.11504832029452369,
    "110":0.06902899217671422,
    "111":0.18407731247123793,
    "112":0.04601932811780948,
    "113":0.06902899217671422,
    "114":0.04601932811780948,
    "115":0.04601932811780948,
    "116":0.02300966405890474,
    "117":0.04601932811780948,
    "118":0.11504832029452369,
    "119":0.04601932811780948,
    "120":0.02300966405890474,
    "121":0.04601932811780948,
    "122":0.11504832029452369,
    "123":0.04601932811780948,
    "124":0.02300966405890474,
    "125":0.06902899217671422,
    "126":0.04601932811780948,
    "127":0.04601932811780948,
    "128":0.0,
    "129":0.11504832029452369,
    "130":0.0,
    "131":0.0,
    "132":0.0,
    "133":0.04601932811780948,
    "134":0.0,
    "135":0.04601932811780948,
    "136":0.09203865623561897,
    "137":0.06902899217671422,
    "138":0.04601932811780948,
    "139":0.06902899217671422,
    "140":0.11504832029452369,
    "141":0.0,
    "142":0.0,
    "143":0.0,
    "144":0.0,
    "145":0.0,
    "146":0.0,
    "147":0.0,
    "148":0.0,
    "149":0.0,
    "150":0.0,
    "151":0.0,
    "152":0.0,
    "153":0.0,
    "154":0.0,
    "155":0.0,
    "156":0.0,
    "157":0.0,
    "158":0.0,
    "159":0.0,
    "160":0.0,
    "161":0.02300966405890474,
    "162":0.0,
    "163":0.02300966405890474,
    "164":0.0,
    "165":0.0,
    "166":0.0,
    "167":0.0,
    "168":0.02300966405890474,
    "169":0.0,
    "170":0.0,
    "171":0.02300966405890474,
    "172":0.0,
    "173":0.0,
    "174":0.0,
    "175":0.0,
    "176":0.02300966405890474,
    "177":0.02300966405890474,
    "178":0.0,
    "179":0.02300966405890474,
    "180":0.0,
    "181":0.0,
    "182":0.0,
    "183":0.02300966405890474,
    "184":0.0,
    "185":0.0,
    "186":0.0,
    "187":0.0,
    "188":0.0,
    "189":0.0,
    "190":0.0,
    "191":0.02300966405890474,
    "192":0.0,
    "193":0.0,
    "194":0.0,
    "195":0.0,
    "196":0.0,
    "197":0.0,
    "198":0.0,
    "199":0.0,
    "200":0.0,
    "201":0.02300966405890474,
    "202":0.0,
    "203":0.0,
    "204":0.02300966405890474,
    "205":0.04601932811780948,
    "206":0.02300966405890474,
    "207":0.02300966405890474,
    "208":0.0,
    "209":0.0,
    "210":0.0,
    "211":0.02300966405890474,
    "212":0.0,
    "213":0.02300966405890474,
    "214":0.0,
    "215":0.0,
    "216":0.0,
    "217":0.02300966405890474,
    "218":0.02300966405890474,
    "219":0.0,
    "220":0.02300966405890474,
    "221":0.0,
    "222":0.0,
    "223":0.0,
    "224":0.0,
    "225":0.02300966405890474,
    "226":0.0,
    "227":0.0,
    "228":0.0,
    "229":0.0,
    "230":0.0,
    "231":0.0,
    "232":0.0,
    "233":0.0,
    "234":0.0,
    "235":0.02300966405890474,
    "236":0.0,
    "237":0.0,
    "238":0.02300966405890474,
    "239":0.0,
    "240":0.02300966405890474,
    "241":0.04601932811780948,
    "242":0.02300966405890474,
    "243":0.0,
    "244":0.0,
    "245":0.0,
    "246":0.0,
    "247":0.0,
    "248":0.0,
    "249":0.0,
    "250":0.0,
    "251":0.0,
    "252":0.0,
    "253":0.02300966405890474,
    "254":0.0,
    "255":0.0,
    "256":0.0,
    "257":0.0,
    "258":0.02300966405890474,
    "259":0.0,
    "260":0.0,
    "261":0.0,
    "262":0.0,
    "263":0.02300966405890474,
    "264":0.02300966405890474,
    "265":0.02300966405890474,
    "266":0.02300966405890474,
    "267":0.02300966405890474,
    "268":0.0,
    "269":0.0,
    "270":0.02300966405890474,
    "271":0.06902899217671422,
    "272":0.02300966405890474,
    "273":0.0,
    "274":0.0,
    "275":0.0,
    "276":0.0,
    "277":0.04601932811780948,
    "278":0.02300966405890474,
    "279":0.0,
    "280":0.0,
    "281":0.0,
    "282":0.0,
    "283":0.0,
    "284":0.02300966405890474,
    "285":0.0,
    "286":0.0,
    "287":0.0,
    "288":0.02300966405890474,
    "289":0.04601932811780948,
    "290":0.0,
    "291":0.0,
    "292":0.02300966405890474,
    "293":0.04601932811780948,
    "294":0.02300966405890474,
    "295":0.0,
    "296":0.02300966405890474,
    "297":0.0,
    "298":0.0,
    "299":0.02300966405890474,
    "300":0.0,
    "301":0.02300966405890474,
    "302":0.0,
    "303":0.0,
    "304":0.0,
    "305":0.0,
    "306":0.02300966405890474,
    "307":0.02300966405890474,
    "308":0.0,
    "309":0.0,
    "310":0.02300966405890474,
    "311":0.0,
    "312":0.0,
    "313":0.0,
    "314":0.02300966405890474,
    "315":0.0,
    "316":0.0,
    "317":0.0,
    "318":0.0,
    "319":0.0,
    "320":0.02300966405890474,
    "321":0.0,
    "322":0.0,
    "323":0.04601932811780948,
    "324":0.0,
    "325":0.0,
    "326":0.0,
    "327":0.02300966405890474,
    "328":0.0,
    "329":0.0,
    "330":0.0,
    "331":0.04601932811780948,
    "332":0.0,
    "333":0.0,
    "334":0.0,
    "335":0.0,
    "336":0.0,
    "337":0.0,
    "338":0.0,
    "339":0.0,
    "340":0.0,
    "341":0.0,
    "342":0.0,