{
    "0":7.533565390353059,
    "1":0.04972650422675286,
    "2":1.04425658876181,
    "3":3.257086026852312,
    "4":3.605171556439582,
    "5":4.201889607160616,
    "6":3.580308304326206,
    "7":3.2819492789656888,
    "8":3.0830432620586774,
    "9":1.4669318746892095,
    "10":1.268025857782198,
    "11":1.9890601690701142,
    "12":1.1685728493286922,
    "13":1.2182993535554452,
    "14":1.7652909000497268,
    "15":1.964196916956738,
    "16":1.6409746394828444,
    "17":1.5415216310293387,
    "18":1.6907011437095973,
    "19":1.5912481352560914,
    "20":1.2431626056688214,
    "21":2.013923421183491,
    "22":1.5166583789159622,
    "23":1.964196916956738,
    "24":1.6409746394828444,
    "25":1.790154152163103,
    "26":1.8150174042764793,
    "27":1.8647439085032322,
    "28":1.5415216310293387,
    "29":1.8647439085032322,
    "30":1.914470412729985,
    "31":1.39234211834908,
    "32":1.0691198408751865,
    "33":1.6658378915962206,
    "34":1.2431626056688214,
    "35":1.1934361014420687,
    "36":1.2182993535554452,
    "37":1.1934361014420687,
    "38":0.870213823968175,
    "39":0.9199403281949279,
    "40":0.9448035803083044,
    "41":1.2431626056688214,
    "42":0.8950770760815515,
    "43":0.8453505718547987,
    "44":0.8453505718547987,
    "45":0.6713078070611637,
    "46":0.69617105917454,
    "47":0.44753853804077576,
    "48":0.6215813028344107,
    "49":0.5469915464942815,
    "50":0.49726504226752855,
    "51":0.39781203381402286,
    "52":0.5718547986076579,
    "53":0.49726504226752855,
    "54":0.34808552958727,
    "55":0.44753853804077576,
    "56":0.42267528592739934,
    "57":0.32322227747389354,
    "58":0.44753853804077576,
    "59":0.37294878170064644,
    "60":0.37294878170064644,
    "61":0.32322227747389354,
    "62":0.32322227747389354,
    "63":0.22376926902038788,
    "64":0.12431626056688214,
    "65":0.24863252113376427,
    "66":0.24863252113376427,
    "67":0.14917951268025859,
    "68":0.14917951268025859,
    "69":0.32322227747389354,
    "70":0.29835902536051717,
    "71":0.12431626056688214,
    "72":0.22376926902038788,
    "73":0.22376926902038788,
    "74":0.22376926902038788,
    "75":0.174042764793635,
    "76":0.24863252113376427,
    "77":0.4724017901541522,
    "78":0.24863252113376427,
    "79":0.09945300845350571,
    "80":0.07458975634012929,
    "81":0.09945300845350571,
    "82":0.09945300845350571,
    "83":0.07458975634012929,
    "84":0.22376926902038788,
    "85":0.12431626056688214,
    "86":0.14917951268025859,
    "87":0.09945300845350571,
    "88":0.19890601690701143,
    "89":0.19890601690701143,
    "90":0.174042764793635,
    "91":0.09945300845350571,
    "92":0.04972650422675286,
    "93":0.22376926902038788,
    "94":0.27349577324714075,
    "95":0.04972650422675286,
    "96":0.0,
    "97":0.02486325211337643,
    "98":0.07458975634012929,
    "99":0.02486325211337643,
    "100":0.19890601690701143,
    "101":0.09945300845350571,
    "102":0.07458975634012929,
    "103":0.04972650422675286,
    "104":0.07458975634012929,
    "105":0.02486325211337643,
    "106":0.174042764793635,
    "107":0.12431626056688214,
    "108":0.02486325211337643,
    "109":0.07458975634012929,
    "110":0.04972650422675286,
    "111":0.02486325211337643,
    "112":0.07458975634012929,
    "113":0.0,
    "114":0.04972650422675286,
    "115":0.04972650422675286,
    "116":0.04972650422675286,
    "117":0.04972650422675286,
    "118":0.09945300845350571,
    "119":0.02486325211337643,
    "120":0.04972650422675286,
    "121":0.07458975634012929,
    "122":0.0,
    "123":0.02486325211337643,
    "124":0.02486325211337643,
    "125":0.0,
    "126":0.07458975634012929,
    "127":0.04972650422675286,
    "128":0.0,
    "129":0.09945300845350571,
    "130":0.04972650422675286,
    "131":0.02486325211337643,
    "132":0.02486325211337643,
    "133":0.02486325211337643,
    "134":0.02486325211337643,
    "135":0.07458975634012929,
    "136":0.12431626056688214,
    "137":0.02486325211337643,
    "138":0.0,
    "139":0.0,
    "140":0.0,
    "141":0.04972650422675286,
    "142":0.04972650422675286,
    "143":0.07458975634012929,
    "144":0.02486325211337643,
    "145":0.07458975634012929,
    "146":0.02486325211337643,
    "147":0.02486325211337643,
    "148":0.02486325211337643,
    "149":0.04972650422675286,
    "150":0.02486325211337643,
    "151":0.02486325211337643,
    "152":0.02486325211337643,
    "153":0.02486325211337643,
    "154":0.0,
    "155":0.04972650422675286,
    "156":0.02486325211337643,
    "157":0.02486325211337643,
    "158":0.04972650422675286,
    "159":0.0,
    "160":0.02486325211337643,
    "161":0.0,
    "162":0.09945300845350571,
    "163":0.02486325211337643,
    "164":0.0,
    "165":0.07458975634012929,
    "166":0.02486325211337643,
    "167":0.04972650422675286,
    "168":0.04972650422675286,
    "169":0.0,
    "170":0.02486325211337643,
    "171":0.04972650422675286,
    "172":0.02486325211337643,
    "173":0.0,
    "174":0.02486325211337643,
    "175":0.02486325211337643,
    "176":0.02486325211337643,
    "177":0.02486325211337643,
    "178":0.04972650422675286,
    "179":0.0,
    "180":0.02486325211337643,
    "181":0.0,
    "182":0.02486325211337643,
    "183":0.0,
    "184":0.04972650422675286,
    "185":0.02486325211337643,
    "186":0.02486325211337643,
    "187":0.02486325211337643,
    "188":0.04972650422675286,
    "189":0.0,
    "190":0.02486325211337643,
    "191":0.0,
    "192":0.0,
    "193":0.04972650422675286,
    "194":0.0,
    "195":0.04972650422675286,
    "196":0.0,
    "197":0.02486325211337643,
    "198":0.04972650422675286,
    "199":0.02486325211337643,
    "200":0.0,
    "201":0.02486325211337643,
    "202":0.0,
    "203":0.0,
    "204":0.0,
    "205":0.0,
    "206":0.0,
    "207":0.0,
    "208":0.0,
    "209":0.0,
    "210":0.0
}