{
    "0":2.494969818913481,
    "1":1.971830985915493,
    "2":4.044265593561368,
    "3":4.1649899396378265,
    "4":4.788732394366197,
    "5":6.478873239436619,
    "6":6.036217303822937,
    "7":4.366197183098591,
    "8":2.977867203219316,
    "9":2.977867203219316,
    "10":1.5694164989939636,
    "11":1.6901408450704223,
    "12":1.5694164989939636,
    "13":1.8309859154929577,
    "14":1.6498993963782695,
    "15":0.9054325955734407,
    "16":1.3480885311871227,
    "17":1.0663983903420522,
    "18":0.9054325955734407,
    "19":1.0865191146881288,
    "20":1.1267605633802817,
    "21":1.1468812877263581,
    "22":0.8651911468812877,
    "23":1.30784708249497,
    "24":1.3682092555331993,
    "25":1.790744466800805,
    "26":1.3883299798792756,
    "27":1.267605633802817,
    "28":0.96579476861167,
    "29":1.1670020120724347,
    "30":1.4084507042253522,
    "31":0.9859154929577465,
    "32":1.1468812877263581,
    "33":1.187122736418511,
    "34":1.267605633802817,
    "35":1.0865191146881288,
    "36":0.9255533199195171,
    "37":0.96579476861167,
    "38":1.0865191146881288,
    "39":0.7042253521126761,
    "40":0.9859154929577465,
    "41":1.0865191146881288,
    "42":0.8450704225352111,
    "43":0.8853118712273641,
    "44":1.0261569416498992,
    "45":0.8048289738430584,
    "46":0.9054325955734407,
    "47":0.744466800804829,
    "48":0.7042253521126761,
    "49":0.7243460764587526,
    "50":0.5835010060362174,
    "51":0.8651911468812877,
    "52":0.6639839034205232,
    "53":0.7243460764587526,
    "54":0.46277665995975853,
    "55":0.5030181086519114,
    "56":0.5835010060362174,
    "57":0.5432595573440644,
    "58":0.5231388329979879,
    "59":0.44265593561368205,
    "60":0.28169014084507044,
    "61":0.3621730382293763,
    "62":0.3420523138832998,
    "63":0.22132796780684103,
    "64":0.3621730382293763,
    "65":0.3420523138832998,
    "66":0.18108651911468815,
    "67":0.3822937625754527,
    "68":0.3621730382293763,
    "69":0.3621730382293763,
    "70":0.32193158953722334,
    "71":0.3420523138832998,
    "72":0.26156941649899396,
    "73":0.22132796780684103,
    "74":0.2414486921529175,
    "75":0.22132796780684103,
    "76":0.14084507042253522,
    "77":0.2012072434607646,
    "78":0.18108651911468815,
    "79":0.2414486921529175,
    "80":0.2012072434607646,
    "81":0.08048289738430583,
    "82":0.16096579476861167,
    "83":0.04024144869215292,
    "84":0.060362173038229376,
    "85":0.16096579476861167,
    "86":0.08048289738430583,
    "87":0.02012072434607646,
    "88":0.1006036217303823,
    "89":0.12072434607645875,
    "90":0.16096579476861167,
    "91":0.04024144869215292,
    "92":0.02012072434607646,
    "93":0.02012072434607646,
    "94":0.04024144869215292,
    "95":0.0,
    "96":0.02012072434607646,
    "97":0.02012072434607646,
    "98":0.0,
    "99":0.0,
    "100":0.02012072434607646,
    "101":0.0,
    "102":0.0,
    "103":0.0,
    "104":0.02012072434607646,
    "105":0.02012072434607646,
    "106":0.02012072434607646,
    "107":0.02012072434607646,
    "108":0.0,
    "109":0.04024144869215292,
    "110":0.02012072434607646,
    "111":0.060362173038229376,
    "112":0.0,
    "113":0.02012072434607646,
    "114":0.0,
    "115":0.0,
    "116":0.0,
    "117":0.02012072434607646,
    "118":0.04024144869215292,
    "119":0.0,
    "120":0.060362173038229376,
    "121":0.0,
    "122":0.0,
    "123":0.0,
    "124":0.0,
    "125":0.02012072434607646,
    "126":0.0,
    "127":0.0,
    "128":0.02012072434607646,
    "129":0.02012072434607646,
    "130":0.0,
    "131":0.02012072434607646,
    "132":0.02012072434607646,
    "133":0.02012072434607646,
    "134":0.0,
    "135":0.0,
    "136":0.02012072434607646,
    "137":0.02012072434607646,
    "138":0.0,
    "139":0.04024144869215292,
    "140":0.02012072434607646,
    "141":0.0,
    "142":0.02012072434607646,
    "143":0.0,
    "144":0.0,
    "145":0.0,
    "146":0.0,
    "147":0.0,
    "148":0.0,
    "149":0.0,
    "150":0.02012072434607646,
    "151":0.04024144869215292,
    "152":0.02012072434607646,
    "153":0.04024144869215292,
    "154":0.02012072434607646,
    "155":0.02012072434607646,
    "156":0.0,
    "157":0.0,
    "158":0.0,
    "159":0.0,
    "160":0.0,
    "161":0.04024144869215292,
    "162":0.02012072434607646,
    "163":0.0,
    "164":0.02012072434607646,
    "165":0.0,
    "166":0.0,
    "167":0.04024144869215292,
    "168":0.04024144869215292,
    "169":0.060362173038229376,
    "170":0.02012072434607646,
    "171":0.0,
    "172":0.0,
    "173":0.0,
    "174":0.0,
    "175":0.0,
    "176":0.0,
    "177":0.02012072434607646,
    "178":0.0,
    "179":0.0,
    "180":0.0,
    "181":0.0,
    "182":0.0,
    "183":0.0,
    "184":0.0,
    "185":0.0,
    "186":0.0,
    "187":0.0,
    "188":0.02012072434607646,
    "189":0.02012072434607646,
    "190":0.0,
    "191":0.0,
    "192":0.0,
    "193":0.0,
    "194":0.04024144869215292,
    "195":0.0,
    "196":0.0,
    "197":0.02012072434607646,
    "198":0.02012072434607646,
    "199":0.02012072434607646,
    "200":0.0,
    "201":0.0,
    "202":0.0,
    "203":0.0,
    "204":0.0,
    "205":0.02012072434607646,
    "206":0.0,
    "207":0.0,
    "208":0.1006036217303823,
    "209":0.02012072434607646,
    "210":0.0,
    "211":0.0,
    "212":0.0,
    "213":0.0,
    "214":0.0,
    "215":0.0,
    "216":0.0,
    "217":0.0,
    "218":0.0,
    "219":0.02012072434607646,
    "220":0.060362173038229376,
    "221":0.0,
    "222":0.0,
    "223":0.0,
    "224":0.0,
    "225":0.0,
    "226":0.0,
    "227":0.0,
    "228":0.0,
    "229":0.0
}