{
    "0":4.092006608209429,
    "1":3.0626509086287967,
    "2":3.863260897191511,
    "3":2.821197102554327,
    "4":1.728300927690939,
    "5":3.0880670987418988,
    "6":3.5963909010039394,
    "7":3.875968992248062,
    "8":2.8974456728936335,
    "9":2.3382894904053884,
    "10":2.5289109162536536,
    "11":2.3891218706315924,
    "12":2.4526623459143475,
    "13":2.2112085398398778,
    "14":2.2874571101791843,
    "15":1.9824628288219595,
    "16":1.9443385436523064,
    "17":2.173084254670225,
    "18":1.9951709238785107,
    "19":1.9824628288219595,
    "20":2.0460033041047145,
    "21":2.2747490151226333,
    "22":2.2747490151226333,
    "23":2.0332952090481635,
    "24":1.8172575930867962,
    "25":1.728300927690939,
    "26":1.8299656881433473,
    "27":1.3089337908247554,
    "28":1.626636167238531,
    "29":1.4868471216164696,
    "30":1.3089337908247554,
    "31":1.3724742661075104,
    "32":1.5885118820688777,
    "33":1.4360147413902655,
    "34":1.3470580759944084,
    "35":1.3343499809378574,
    "36":1.067479984750286,
    "37":0.8260261786758165,
    "38":0.9403990341847758,
    "39":1.067479984750286,
    "40":1.0420637946371838,
    "41":0.8006099885627144,
    "42":0.8260261786758165,
    "43":0.6481128478841022,
    "44":0.5718642775447961,
    "45":0.6354047528275512,
    "46":0.5083238022620409,
    "47":0.6099885627144491,
    "48":0.4701995170923879,
    "49":0.5210318973185919,
    "50":0.5718642775447961,
    "51":0.533739992375143,
    "52":0.4574914220358368,
    "53":0.3939509467530817,
    "54":0.4320752319227347,
    "55":0.36853475663997964,
    "56":0.4447833269792858,
    "57":0.546448087431694,
    "58":0.3431185665268776,
    "59":0.41936713686618377,
    "60":0.36853475663997964,
    "61":0.29228618630067355,
    "62":0.3558266615834286,
    "63":0.2795780912441225,
    "64":0.1779133307917143,
    "65":0.20332952090481637,
    "66":0.15249714067861228,
    "67":0.12708095056551022,
    "68":0.13978904562206124,
    "69":0.12708095056551022,
    "70":0.10166476045240819,
    "71":0.050832380226204094,
    "72":0.03812428516965307,
    "73":0.06354047528275511,
    "74":0.07624857033930614,
    "75":0.03812428516965307,
    "76":0.025416190113102047,
    "77":0.1143728555089592,
    "78":0.07624857033930614,
    "79":0.08895666539585716,
    "80":0.06354047528275511,
    "81":0.07624857033930614,
    "82":0.07624857033930614,
    "83":0.03812428516965307,
    "84":0.07624857033930614,
    "85":0.0,
    "86":0.03812428516965307,
    "87":0.025416190113102047,
    "88":0.012708095056551023,
    "89":0.025416190113102047,
    "90":0.012708095056551023,
    "91":0.06354047528275511,
    "92":0.050832380226204094,
    "93":0.012708095056551023,
    "94":0.03812428516965307,
    "95":0.025416190113102047,
    "96":0.025416190113102047,
    "97":0.0,
    "98":0.03812428516965307,
    "99":0.0,
    "100":0.012708095056551023,
    "101":0.025416190113102047,
    "102":0.03812428516965307,
    "103":0.0,
    "104":0.025416190113102047,
    "105":0.012708095056551023,
    "106":0.0,
    "107":0.0,
    "108":0.012708095056551023,
    "109":0.0,
    "110":0.0,
    "111":0.012708095056551023,
    "112":0.0,
    "113":0.0,
    "114":0.0,
    "115":0.0,
    "116":0.0,
    "117":0.03812428516965307,
    "118":0.0,
    "119":0.0,
    "120":0.050832380226204094,
    "121":0.025416190113102047,
    "122":0.0,
    "123":0.0,
    "124":0.012708095056551023,
    "125":0.012708095056551023,
    "126":0.012708095056551023,
    "127":0.0,
    "128":0.0,
    "129":0.025416190113102047,
    "130":0.0,
    "131":0.012708095056551023,
    "132":0.025416190113102047,
    "133":0.012708095056551023,
    "134":0.025416190113102047,
    "135":0.0,
    "136":0.03812428516965307,
    "137":0.0,
    "138":0.0,
    "139":0.012708095056551023,
    "140":0.012708095056551023,
    "141":0.0,
    "142":0.0,
    "143":0.0,
    "144":0.0,
    "145":0.012708095056551023,
    "146":0.0,
    "147":0.0,
    "148":0.0,
    "149":0.0,
    "150":0.0,
    "151":0.0,
    "152":0.0,
    "153":0.025416190113102047,
    "154":0.012708095056551023,
    "155":0.0,
    "156":0.0,
    "157":0.0,
    "158":0.012708095056551023,
    "159":0.012708095056551023,
    "160":0.012708095056551023,
    "161":0.0,
    "162":0.0,
    "163":0.0,
    "164":0.012708095056551023,
    "165":0.0,
    "166":0.0,
    "167":0.025416190113102047,
    "168":0.0,
    "169":0.0,
    "170":0.0,
    "171":0.0,
    "172":0.0,
    "173":0.0,
    "174":0.0,
    "175":0.012708095056551023,
    "176":0.012708095056551023,
    "177":0.0,
    "178":0.0,
    "179":0.0,
    "180":0.025416190113102047,
    "181":0.0,
    "182":0.0,
    "183":0.025416190113102047,
    "184":0.0,
    "185":0.012708095056551023,
    "186":0.012708095056551023,
    "187":0.0,
    "188":0.012708095056551023,
    "189":0.0,
    "190":0.012708095056551023,
    "191":0.0,
    "192":0.0,
    "193":0.0,
    "194":0.012708095056551023,
    "195":0.0,
    "196":0.012708095056551023,
    "197":0.07624857033930614,
    "198":0.0,
    "199":0.0,
    "200":0.012708095056551023,
    "201":0.0,
    "202":0.0,
    "203":0.0,
    "204":0.0,
    "205":0.025416190113102047,
    "206":0.0,
    "207":0.0,
    "208":0.0,
    "209":0.0,
    "210":0.0,
    "211":0.0,
    "212":0.012708095056551023,
    "213":0.0,
    "214":0.0,
    "215":0.012708095056551023,
    "216":0.0,
    "217":0.012708095056551023,
    "218":0.0,
    "219":0.0,
    "220":0.0,
    "221":0.0,
    "222":0.012708095056551023,
    "223":0.0,
    "224":0.012708095056551023,
    "225":0.0,
    "226":0.025416190113102047,
    "227":0.0,
    "228":0.0,
    "229":0.0,
    "230":0.012708095056551023,
    "231":0.0,
    "232":0.0,
    "233":0.0,
    "234":0.0,
    "235":0.0,
    "236":0.025416190113102047,
    "237":0.0,
    "238":0.0,
    "239":0.0,
    "240":0.0,
    "241":0.012708095056551023,
    "242":0.050832380226204094,
    "243":0.0,
    "244":0.012708095056551023,
    "245":0.0,
    "246":0.012708095056551023,
    "247":0.0,
    "248":0.0,
    "249":0.0,
    "250":0.0,
    "251":0.0,
    "252":0.0,
    "253":0.0,
    "254":0.012708095056551023,
    "255":0.0,
    "256":0.025416190113102047,
    "257":0.03812428516965307,
    "258":0.0,
    "259":0.0,
    "260":0.0,
    "261":0.012708095056551023,
    "262":0.0,
    "263":0.0,
    "264":0.0,
    "265":0.0,
    "266":0.0,
    "267":0.0,
    "268":0.0,
    "269":0.0,
    "270":0.0,
    "271":0.0,
    "272":0.0,
    "273":0.0,
    "274":0.0,
    "275":0.0,
    "276":0.0,
    "277":0.0,
    "278":0.0,
    "279":0.0,
    "280":0.012708095056551023,
    "281":0.0,
    "282":0.0,
    "283":0.0,
    "284":0.0,
    "285":0.0,
    "286":0.012708095056551023,
    "287":0.0,
    "288":0.0,
    "289":0.0,
    "290":0.0,
    "291":0.0,
    "292":0.0,
    "293":0.0,
    "294":0.0,
    "295":0.0,
    "296":0.0,
    "297":0.0,
    "298":0.0,
    "299":0.0,
    "300":0.0,
    "301":0.0,
    "302":0.0,
    "303":0.0,
    "304":0.0,
    "305":0.0,
    "306":0.0,
    "307":0.0,
    "308":0.0,
    "309":0.0,
    "310":0.0,
    "311":0.03812428516965307,
    "312":0.0,
    "313":0.0,
    "314":0.0,
    "315":0.0,
    "316":0.0,
    "317":0.0,
    "318":0.0,
    "319":0.0,
    "320":0.0,
    "321":0.0,
    "322":0.0,
    "323":0.0,
    "324":0.0,
    "325":0.0,
    "326":0.0,
    "327":0.0,
    "328":0.0,
    "329":0.0,
    "330":0.0,
    "331":0.0,
    "332":0.0,
    "333":0.0,
    "334":0.0,
    "335":0.0,
    "336":0.0,
    "337":0.0,
    "338":0.0,
    "339":0.0,
    "340":0.0,
    "341":0.0,
    "342":0.0,
    "343":0.012708095056551023,
    "344":0.0,
    "345":0.0,
    "346":0.0,
    "347":0.0,
    "348":0.0,
    "349":0.0,
    "350":0.0,
    "351":0.0,
    "352":0.0
}