{
    "0":[
        [
            -19.92076042723986,
            -43.93992661117503,
            "300000000001",
            "0"
        ]
    ],
    "1":[
        [
            -19.91848224991159,
            -43.94057755886437,
            "300000000002",
            "3"
        ]
    ],
    "10":[
        [
            -19.919944007332223,
            -43.94364864725697,
            "300000000011",
            "3"
        ]
    ],
    "11":[
        [
            -19.91931479687923,
            -43.943605824168834,
            "300000000012",
            "4"
        ]
    ],
    "12":[
        [
            -19.91620329953535,
            -43.94284360146067,
            "8979076627",
            "4"
        ]
    ],
    "13":[
        [
            -19.920257533582948,
            -43.94571134252435,
            "300000000014",
            "1"
        ]
    ],
    "14":[
        [
            -19.920690611537086,
            -43.94109200478119,
            "300000000015",
            "5"
        ]
    ],
    "15":[
        [
            -19.92092047573203,
            -43.94448394859556,
            "300000000016",
            "2"
        ]
    ],
    "16":[
        [
            -19.91653281835868,
            -43.94293035609503,
            "300000000017",
            "1"
        ]
    ],
    "17":[
        [
            -19.921332175521723,
            -43.940660169705076,
            "300000000018",
            "0"
        ]
    ],
    "2":[
        [
            -19.92118762072462,
            -43.94416632562522,
            "8979076649",
            "1"
        ]
    ],
    "3":[
        [
            -19.92206486096698,
            -43.94449700434823,
            "300000000004",
            "4"
        ]
    ],
    "4":[
        [
            -19.919039712398654,
            -43.945649855471935,
            "300000000005",
            "3"
        ]
    ],
    "5":[
        [
            -19.91989113491708,
            -43.93879805005746,
            "300000000006",
            "0"
        ]
    ],
    "6":[
        [
            -19.914610326057137,
            -43.94532944086979,
            "8984810559",
            "3"
        ]
    ],
    "7":[
        [
            -19.917445308912804,
            -43.94275894402434,
            "300000000008",
            "4"
        ]
    ],
    "8":[
        [
            -19.918823918963476,
            -43.944062964995744,
            "300000000009",
            "1"
        ]
    ],
    "9":[
        [
            -19.921232778606573,
            -43.94379544620542,
            "8979076650",
            "0"
        ]
    ],
    "total_length":4899.372050181464,
    "total_time":75.52018690109253
}