{
    "0":1.3861815031405675,
    "1":0.0,
    "2":0.10829542993285683,
    "3":1.6894087069525665,
    "4":2.5124539744422787,
    "5":3.898635477582846,
    "6":3.075590210093134,
    "7":2.9023175222005633,
    "8":2.599090318388564,
    "9":1.9276586528048516,
    "10":2.05761316872428,
    "11":1.7327268789257093,
    "12":1.9926359107645657,
    "13":1.8843404808317088,
    "14":2.2742040285899936,
    "15":1.7327268789257093,
    "16":1.1046133853151396,
    "17":1.1046133853151396,
    "18":1.4511587611002816,
    "19":1.4294996751137101,
    "20":1.711067792939138,
    "21":1.4511587611002816,
    "22":1.3428633311674247,
    "23":1.7760450508988521,
    "24":1.949317738791423,
    "25":1.646090534979424,
    "26":1.4511587611002816,
    "27":1.7543859649122806,
    "28":1.7327268789257093,
    "29":1.5161360190599957,
    "30":1.0829542993285683,
    "31":1.1912497292614252,
    "32":1.2345679012345678,
    "33":1.2345679012345678,
    "34":1.2562269872211393,
    "35":1.6027723630062811,
    "36":1.1695906432748537,
    "37":1.4944769330734242,
    "38":0.9746588693957114,
    "39":1.3861815031405675,
    "40":1.472817847086853,
    "41":1.4511587611002816,
    "42":0.9746588693957114,
    "43":0.9529997834091402,
    "44":1.1262724713017112,
    "45":0.9746588693957114,
    "46":0.7580680095299979,
    "47":1.061295213341997,
    "48":0.7580680095299979,
    "49":0.7580680095299979,
    "50":0.6714316655837124,
    "51":0.8663634394628547,
    "52":0.649772579597141,
    "53":0.7147498375568551,
    "54":0.7364089235434265,
    "55":0.8880225254494261,
    "56":0.7580680095299979,
    "57":0.6930907515702838,
    "58":0.9313406974225688,
    "59":0.6930907515702838,
    "60":0.6281134936105697,
    "61":0.6064544076239983,
    "62":0.4548408057179987,
    "63":0.5414771496642842,
    "64":0.5198180636777128,
    "65":0.5631362356508556,
    "66":0.3465453757851419,
    "67":0.4981589776911414,
    "68":0.43318171973142733,
    "69":0.1949317738791423,
    "70":0.2599090318388564,
    "71":0.2815681178254278,
    "72":0.21659085986571366,
    "73":0.3898635477582846,
    "74":0.3248862897985705,
    "75":0.2599090318388564,
    "76":0.2815681178254278,
    "77":0.1299545159194282,
    "78":0.1949317738791423,
    "79":0.23824994585228504,
    "80":0.2815681178254278,
    "81":0.10829542993285683,
    "82":0.21659085986571366,
    "83":0.1949317738791423,
    "84":0.17327268789257094,
    "85":0.1949317738791423,
    "86":0.2815681178254278,
    "87":0.10829542993285683,
    "88":0.15161360190599957,
    "89":0.2815681178254278,
    "90":0.15161360190599957,
    "91":0.0649772579597141,
    "92":0.10829542993285683,
    "93":0.043318171973142736,
    "94":0.10829542993285683,
    "95":0.15161360190599957,
    "96":0.17327268789257094,
    "97":0.21659085986571366,
    "98":0.17327268789257094,
    "99":0.08663634394628547,
    "100":0.0649772579597141,
    "101":0.1299545159194282,
    "102":0.043318171973142736,
    "103":0.10829542993285683,
    "104":0.1949317738791423,
    "105":0.043318171973142736,
    "106":0.0649772579597141,
    "107":0.043318171973142736,
    "108":0.043318171973142736,
    "109":0.1299545159194282,
    "110":0.15161360190599957,
    "111":0.0649772579597141,
    "112":0.0649772579597141,
    "113":0.08663634394628547,
    "114":0.043318171973142736,
    "115":0.0649772579597141,
    "116":0.0649772579597141,
    "117":0.1299545159194282,
    "118":0.0649772579597141,
    "119":0.043318171973142736,
    "120":0.0649772579597141,
    "121":0.021659085986571368,
    "122":0.043318171973142736,
    "123":0.0649772579597141,
    "124":0.10829542993285683,
    "125":0.021659085986571368,
    "126":0.043318171973142736,
    "127":0.021659085986571368,
    "128":0.043318171973142736,
    "129":0.043318171973142736,
    "130":0.021659085986571368,
    "131":0.021659085986571368,
    "132":0.1299545159194282,
    "133":0.021659085986571368,
    "134":0.021659085986571368,
    "135":0.043318171973142736,
    "136":0.021659085986571368,
    "137":0.0,
    "138":0.021659085986571368,
    "139":0.0649772579597141,
    "140":0.08663634394628547,
    "141":0.043318171973142736,
    "142":0.0649772579597141,
    "143":0.043318171973142736,
    "144":0.021659085986571368,
    "145":0.0649772579597141,
    "146":0.0,
    "147":0.1299545159194282,
    "148":0.0649772579597141,
    "149":0.15161360190599957,
    "150":0.021659085986571368,
    "151":0.0649772579597141,
    "152":0.0,
    "153":0.0,
    "154":0.0,
    "155":0.0,
    "156":0.021659085986571368,
    "157":0.021659085986571368,
    "158":0.043318171973142736,
    "159":0.021659085986571368,
    "160":0.08663634394628547,
    "161":0.021659085986571368,
    "162":0.0,
    "163":0.043318171973142736,
    "164":0.10829542993285683,
    "165":0.0649772579597141,
    "166":0.0649772579597141,
    "167":0.0,
    "168":0.08663634394628547,
    "169":0.0649772579597141,
    "170":0.021659085986571368,
    "171":0.0649772579597141,
    "172":0.0,
    "173":0.021659085986571368,
    "174":0.043318171973142736,
    "175":0.0649772579597141,
    "176":0.021659085986571368,
    "177":0.08663634394628547,
    "178":0.021659085986571368,
    "179":0.043318171973142736,
    "180":0.0649772579597141,
    "181":0.043318171973142736,
    "182":0.0649772579597141,
    "183":0.021659085986571368,
    "184":0.08663634394628547,
    "185":0.021659085986571368,
    "186":0.043318171973142736,
    "187":0.021659085986571368,
    "188":0.021659085986571368,
    "189":0.043318171973142736,
    "190":0.021659085986571368,
    "191":0.0,
    "192":0.043318171973142736,
    "193":0.0649772579597141,
    "194":0.0,
    "195":0.043318171973142736,
    "196":0.0,
    "197":0.0,
    "198":0.043318171973142736,
    "199":0.0,
    "200":0.021659085986571368,
    "201":0.0,
    "202":0.0,
    "203":0.0,
    "204":0.0,
    "205":0.0,
    "206":0.0,
    "207":0.021659085986571368,
    "208":0.021659085986571368,
    "209":0.0,
    "210":0.0,
    "211":0.043318171973142736,
    "212":0.021659085986571368,
    "213":0.0,
    "214":0.021659085986571368,
    "215":0.021659085986571368,
    "216":0.0,
    "217":0.0,
    "218":0.0,
    "219":0.043318171973142736,
    "220":0.0,
    "221":0.043318171973142736,
    "222":0.08663634394628547,
    "223":0.0,
    "224":0.0,
    "225":0.0,
    "226":0.0,
    "227":0.0,
    "228":0.0,
    "229":0.0,
    "230":0.0,
    "231":0.0,
    "232":0.0,
    "233":0.021659085986571368,
    "234":0.0,
    "235":0.0,
    "236":0.0,
    "237":0.0,
    "238":0.021659085986571368,
    "239":0.0,
    "240":0.021659085986571368,
    "241":0.0,
    "242":0.0,
    "243":0.0,
    "244":0.0,
    "245":0.0,
    "246":0.0,
    "247":0.0,
    "248":0.0,
    "249":0.0,
    "250":0.0,
    "251":0.0,
    "252":0.0,
    "253":0.0,
    "254":0.0,
    "255":0.0,
    "256":0.0,
    "257":0.0,
    "258":0.0,
    "259":0.0,
    "260":0.0,
    "261":0.0,
    "262":0.0,
    "263":0.0,
    "264":0.0,
    "265":0.0,
    "266":0.0,
    "267":0.0,
    "268":0.0,
    "269":0.0,
    "270":0.0,
    "271":0.0,
    "272":0.0,
    "273":0.0,
    "274":0.0,
    "275":0.0,
    "276":0.0,
    "277":0.0,
    "278":0.0,
    "279":0.0,
    "280":0.0,
    "281":0.0,
    "282":0.0,
    "283":0.0,
    "284":0.0,
    "285":0.0,
    "286":0.0,
    "287":0.0,
    "288":0.0,
    "289":0.0,
    "290":0.0,
    "291":0.0,
    "292":0.0,
    "293":0.0,
    "294":0.0,
    "295":0.0,
    "296":0.0,
    "297":0.0,
    "298":0.021659085986571368,
    "299":0.0,
    "300":0.0,
    "301":0.0,
    "302":0.0,
    "303":0.0,
    "304":0.0,
    "305":0.0,
    "306":0.0,
    "307":0.0,
    "308":0.0,
    "309":0.0,
    "310":0.0,
    "311":0.0,
    "312":0.0,
    "313":0.021659085986571368,
    "314":0.0,
    "315":0.0,
    "316":0.021659085986571368,
    "317":0.0,
    "318":0.0,
    "319":0.0,
    "320":0.0,
    "321":0.021659085986571368,
    "322":0.0,
    "323":0.0,
    "324":0.0,
    "325":0.0,
    "326":0.0,