{
    "0":[
        [
            -1.4612406342681445,
            -48.471554418284434,
            "300000000001",
            "0"
        ]
    ],
    "1":[
        [
            -1.4593806135508571,
            -48.4734497052321,
            "300000000002",
            "3"
        ]
    ],
    "10":[
        [
            -1.4605251152125314,
            -48.468832092653585,
            "300000000011",
            "3"
        ]
    ],
    "11":[
        [
            -1.457641249938269,
            -48.46996492501013,
            "300000000012",
            "4"
        ]
    ],
    "12":[
        [
            -1.4580223605185,
            -48.4717415995972,
            "300000000013",
            "4"
        ]
    ],
    "13":[
        [
            -1.4569007719717952,
            -48.47035921108338,
            "9019148987",
            "1"
        ]
    ],
    "14":[
        [
            -1.4613287179242271,
            -48.47272301742207,
            "300000000015",
            "5"
        ]
    ],
    "15":[
        [
            -1.4632445907410423,
            -48.46836070344018,
            "300000000016",
            "2"
        ]
    ],
    "16":[
        [
            -1.459083124147083,
            -48.471337498542624,
            "300000000017",
            "1"
        ]
    ],
    "17":[
        [
            -1.4594202141834973,
            -48.471370500727836,
            "9019493503",
            "3"
        ]
    ],
    "18":[
        [
            -1.455414493665131,
            -48.469986746587324,
            "300000000019",
            "4"
        ]
    ],
    "19":[
        [
            -1.458409781025342,
            -48.467863057971435,
            "3761153426",
            "4"
        ]
    ],
    "2":[
        [
            -1.4604223269720988,
            -48.47122481842607,
            "300000000003",
            "1"
        ]
    ],
    "20":[
        [
            -1.4618870465264289,
            -48.470631649501705,
            "300000000021",
            "5"
        ]
    ],
    "21":[
        [
            -1.4608185409393852,
            -48.46620702210375,
            "300000000022",
            "0"
        ]
    ],
    "22":[
        [
            -1.459244082425765,
            -48.469042103988045,
            "300000000023",
            "3"
        ]
    ],
    "23":[
        [
            -1.4583146314690414,
            -48.46964391569774,
            "3975113584",
            "0"
        ]
    ],
    "3":[
        [
            -1.4599006745530676,
            -48.470952561146994,
            "300000000004",
            "4"
        ]
    ],
    "4":[
        [
            -1.4610699821184225,
            -48.4722413713456,
            "300000000005",
            "3"
        ]
    ],
    "5":[
        [
            -1.4620828326948567,
            -48.472241074119886,
            "300000000006",
            "0"
        ]
    ],
    "6":[
        [
            -1.4626613569442684,
            -48.4673887632653,
            "300000000007",
            "3"
        ]
    ],
    "7":[
        [
            -1.4602685736657088,
            -48.46966659552195,
            "300000000008",
            "4"
        ]
    ],
    "8":[
        [
            -1.4576794949690601,
            -48.47139503395443,
            "300000000009",
            "1"
        ]
    ],
    "9":[
        [
            -1.4613073712276399,
            -48.47222831270366,
            "300000000010",
            "0"
        ]
    ],
    "total_length":6628.308864918473,
    "total_time":0.1808640956878662
}