{
    "0":1.915638239086388,
    "1":1.436728679314791,
    "2":6.02320869405047,
    "3":3.2234297292319027,
    "4":4.070731258058574,
    "5":4.1812488487750965,
    "6":3.9970528642475593,
    "7":2.9839749493461043,
    "8":2.799778964818567,
    "9":2.744520169460306,
    "10":3.628660895192485,
    "11":3.886535273531037,
    "12":3.683919690550746,
    "13":3.8496960766255297,
    "14":3.0944925400626264,
    "15":3.186590532326395,
    "16":3.1681709338736415,
    "17":2.6340025787437833,
    "18":2.6340025787437833,
    "19":2.5603241849327683,
    "20":2.062995026708418,
    "21":1.6761834592005895,
    "22":1.510407073125806,
    "23":1.4551482777675446,
    "24":1.9893166328974028,
    "25":1.6946030576533433,
    "26":1.8051206483698654,
    "27":1.713022656106097,
    "28":1.4735678762202984,
    "29":1.4551482777675446,
    "30":1.2156934978817462,
    "31":0.9946583164487014,
    "32":1.3077914901455148,
    "33":0.9025603241849327,
    "34":1.1788543009762387,
    "35":0.8104623319211641,
    "36":0.7920427334684104,
    "37":0.681525142751888,
    "38":0.5894271504881193,
    "39":0.4420703628660895,
    "40":0.6999447412046418,
    "41":0.5341683551298582,
    "42":0.6999447412046418,
    "43":0.5157487566771045,
    "44":0.40523116596058206,
    "45":0.5894271504881193,
    "46":0.40523116596058206,
    "47":0.4236507644133358,
    "48":0.4420703628660895,
    "49":0.22103518143304474,
    "50":0.25787437833855226,
    "51":0.2394547798857985,
    "52":0.1841959845275373,
    "53":0.25787437833855226,
    "54":0.22103518143304474,
    "55":0.33155277214956713,
    "56":0.20261558298029103,
    "57":0.14735678762202983,
    "58":0.22103518143304474,
    "59":0.1841959845275373,
    "60":0.12893718916927613,
    "61":0.09209799226376865,
    "62":0.12893718916927613,
    "63":0.11051759071652237,
    "64":0.09209799226376865,
    "65":0.14735678762202983,
    "66":0.03683919690550746,
    "67":0.07367839381101492,
    "68":0.07367839381101492,
    "69":0.01841959845275373,
    "70":0.0,
    "71":0.03683919690550746,
    "72":0.0,
    "73":0.01841959845275373,
    "74":0.0,
    "75":0.0,
    "76":0.01841959845275373,
    "77":0.0,
    "78":0.01841959845275373,
    "79":0.0,
    "80":0.0,
    "81":0.01841959845275373,
    "82":0.01841959845275373,
    "83":0.01841959845275373,
    "84":0.0,
    "85":0.01841959845275373,
    "86":0.0,
    "87":0.0,
    "88":0.0,
    "89":0.01841959845275373,
    "90":0.0,
    "91":0.01841959845275373,
    "92":0.0,
    "93":0.01841959845275373,
    "94":0.0,
    "95":0.01841959845275373,
    "96":0.0,
    "97":0.01841959845275373,
    "98":0.01841959845275373,
    "99":0.0,
    "100":0.01841959845275373,
    "101":0.01841959845275373,
    "102":0.0,
    "103":0.0,
    "104":0.0,
    "105":0.07367839381101492,
    "106":0.0,
    "107":0.0,
    "108":0.07367839381101492,
    "109":0.0,
    "110":0.0,
    "111":0.0,
    "112":0.0,
    "113":0.0,
    "114":0.0,
    "115":0.0,
    "116":0.0,
    "117":0.0
}