{
    "0":4.866645414939963,
    "1":9.042609712039102,
    "2":6.173626607161832,
    "3":1.0413346084369355,
    "4":0.48878971416427586,
    "5":1.3601105089788545,
    "6":1.9445329933057058,
    "7":3.2833917755817663,
    "8":4.972904048453937,
    "9":4.962278185102539,
    "10":5.854850706619913,
    "11":4.983529911805334,
    "12":5.334183402401445,
    "13":4.537243651046648,
    "14":4.739135054723196,
    "15":3.0921262352566146,
    "16":2.3483158006588036,
    "17":2.475826160875571,
    "18":1.870151949845925,
    "19":1.657634682817979,
    "20":1.4344915524386357,
    "21":1.2857294655190734,
    "22":1.413239825735841,
    "23":1.8170226330889387,
    "24":1.2432260121134842,
    "25":1.2644777388162787,
    "26":1.168844968653703,
    "27":1.094463925193922,
    "28":0.9669535649771543,
    "29":0.988205291679949,
    "30":0.9775794283285517,
    "31":0.9031983848687706,
    "32":0.7969397513547977,
    "33":0.5844224843268515,
    "34":0.35065349059611095,
    "35":0.4781638508128785,
    "36":0.35065349059611095,
    "37":0.4144086707044948,
    "38":0.5312931675698651,
    "39":0.5100414408670704,
    "40":0.5419190309212624,
    "41":0.456912124110084,
    "42":0.27627244713632987,
    "43":0.2868983104877271,
    "44":0.4037828073530974,
    "45":0.42503453405589203,
    "46":0.3081500371905217,
    "47":0.27627244713632987,
    "48":0.27627244713632987,
    "49":0.22314313037934333,
    "50":0.24439485708213793,
    "51":0.23376899373074062,
    "52":0.14876208691956222,
    "53":0.1593879502709595,
    "54":0.22314313037934333,
    "55":0.29752417383912444,
    "56":0.1275103602167676,
    "57":0.0637551801083838,
    "58":0.19126554032515142,
    "59":0.11688449686537031,
    "60":0.053129316756986504,
    "61":0.07438104345978111,
    "62":0.053129316756986504,
    "63":0.042503453405589205,
    "64":0.07438104345978111,
    "65":0.042503453405589205,
    "66":0.10625863351397301,
    "67":0.07438104345978111,
    "68":0.1275103602167676,
    "69":0.10625863351397301,
    "70":0.1275103602167676,
    "71":0.021251726702794602,
    "72":0.053129316756986504,
    "73":0.0637551801083838,
    "74":0.042503453405589205,
    "75":0.053129316756986504,
    "76":0.0,
    "77":0.0,
    "78":0.0,
    "79":0.0,
    "80":0.0,
    "81":0.0,
    "82":0.0,
    "83":0.0
}