{
    "0":3.200863154108973,
    "1":2.481568063297968,
    "2":5.340766049271714,
    "3":4.927171372055385,
    "4":4.819277108433735,
    "5":3.164898399568423,
    "6":4.279805790325481,
    "7":7.3907570580830795,
    "8":7.085056644488401,
    "9":5.520589821974465,
    "10":5.934184499190793,
    "11":5.736378349217767,
    "12":4.189893903974105,
    "13":3.50656356770365,
    "14":1.9960438770005393,
    "15":1.7263082179464126,
    "16":1.6184139543247618,
    "17":1.6903434634058623,
    "18":1.4745549361625607,
    "19":1.5644668225139362,
    "20":1.2048192771084338,
    "21":1.4385901816220106,
    "22":1.3486782952706347,
    "23":1.0249955044056824,
    "24":0.9890307498651321,
    "25":0.9890307498651321,
    "26":0.8991188635137565,
    "27":0.7372774680812804,
    "28":0.6833303362704549,
    "29":0.5754360726488041,
    "30":0.7372774680812804,
    "31":0.7013127135407301,
    "32":0.8271893544326561,
    "33":0.6833303362704549,
    "34":0.32368279086495233,
    "35":0.557453695378529,
    "36":0.43157705448660316,
    "37":0.34166516813522746,
    "38":0.39561229994605285,
    "39":0.26973565905412694,
    "40":0.35964754540550264,
    "41":0.32368279086495233,
    "42":0.3776299226757777,
    "43":0.16184139543247616,
    "44":0.17982377270275132,
    "45":0.10789426362165079,
    "46":0.26973565905412694,
    "47":0.41359467721632803,
    "48":0.16184139543247616,
    "49":0.3057004135946772,
    "50":0.26973565905412694,
    "51":0.32368279086495233,
    "52":0.14385901816220104,
    "53":0.26973565905412694,
    "54":0.1258766408919259,
    "55":0.28771803632440207,
    "56":0.28771803632440207,
    "57":0.17982377270275132,
    "58":0.14385901816220104,
    "59":0.16184139543247616,
    "60":0.21578852724330158,
    "61":0.34166516813522746,
    "62":0.08991188635137566,
    "63":0.1258766408919259,
    "64":0.14385901816220104,
    "65":0.08991188635137566,
    "66":0.07192950908110052,
    "67":0.053947131810825395,
    "68":0.08991188635137566,
    "69":0.03596475454055026,
    "70":0.03596475454055026,
    "71":0.03596475454055026,
    "72":0.1258766408919259,
    "73":0.053947131810825395,
    "74":0.03596475454055026,
    "75":0.08991188635137566,
    "76":0.01798237727027513,
    "77":0.14385901816220104,
    "78":0.01798237727027513,
    "79":0.01798237727027513,
    "80":0.0,
    "81":0.03596475454055026,
    "82":0.053947131810825395,
    "83":0.03596475454055026,
    "84":0.03596475454055026,
    "85":0.01798237727027513,
    "86":0.0,
    "87":0.10789426362165079,
    "88":0.03596475454055026,
    "89":0.01798237727027513,
    "90":0.0,
    "91":0.0,
    "92":0.0,
    "93":0.0,
    "94":0.01798237727027513,
    "95":0.0,
    "96":0.0,
    "97":0.0,
    "98":0.0,
    "99":0.0,
    "100":0.0,
    "101":0.0,
    "102":0.0,
    "103":0.0,
    "104":0.0,
    "105":0.0,
    "106":0.0,
    "107":0.0,
    "108":0.0,
    "109":0.0,
    "110":0.01798237727027513,
    "111":0.0,
    "112":0.0,
    "113":0.0,
    "114":0.0,
    "115":0.0,
    "116":0.0,
    "117":0.0,
    "118":0.0,
    "119":0.0,
    "120":0.0,
    "121":0.0,
    "122":0.0,
    "123":0.0,
    "124":0.0,
    "125":0.01798237727027513,
    "126":0.0,
    "127":0.0,
    "128":0.0,
    "129":0.0,
    "130":0.0,
    "131":0.0,
    "132":0.0,
    "133":0.0,
    "134":0.0,
    "135":0.0,
    "136":0.0,
    "137":0.0,
    "138":0.0,
    "139":0.0,
    "140":0.0,
    "141":0.01798237727027513,
    "142":0.0,
    "143":0.0,
    "144":0.01798237727027513,
    "145":0.0,
    "146":0.0,
    "147":0.0,
    "148":0.01798237727027513,
    "149":0.0,
    "150":0.0,
    "151":0.0,
    "152":0.0,
    "153":0.0,
    "154":0.0,
    "155":0.0,
    "156":0.0,
    "157":0.01798237727027513,
    "158":0.0,
    "159":0.0,
    "160":0.0,
    "161":0.0,
    "162":0.0,
    "163":0.0,
    "164":0.0,
    "165":0.0,
    "166":0.01798237727027513,
    "167":0.0,
    "168":0.0,
    "169":0.0,
    "170":0.0,
    "171":0.0,
    "172":0.01798237727027513,
    "173":0.0,
    "174":0.0,
    "175":0.0,
    "176":0.0,
    "177":0.0,
    "178":0.0,
    "179":0.0,
    "180":0.0,
    "181":0.0
}