{
    "0":7.136271436474276,
    "1":1.032638760833487,
    "2":6.878111746265904,
    "3":6.583072100313479,
    "4":4.941914069703116,
    "5":1.6411580306103635,
    "6":2.0837174995390004,
    "7":2.4156371012354785,
    "8":2.7106767471879034,
    "9":3.097916282500461,
    "10":2.9503964595242484,
    "11":3.5773557071731514,
    "12":3.7986354416374697,
    "13":3.614235662917205,
    "14":3.097916282500461,
    "15":2.9135165037801953,
    "16":2.563156924211691,
    "17":2.526276968467638,
    "18":2.13903743315508,
    "19":1.7149179420984695,
    "20":2.13903743315508,
    "21":1.4751982297621242,
    "22":1.364558362529965,
    "23":1.1248386501936198,
    "24":1.3829983404019914,
    "25":1.2539184952978055,
    "26":1.364558362529965,
    "27":1.2539184952978055,
    "28":0.9219988936013277,
    "29":1.161718605937673,
    "30":1.0879586944495665,
    "31":0.9957588050894339,
    "32":0.8297990042411949,
    "33":0.7929190484971418,
    "34":1.3829983404019914,
    "35":0.7744790706251152,
    "36":0.663839203392956,
    "37":0.9404388714733543,
    "38":0.8297990042411949,
    "39":0.6085192697768762,
    "40":0.6453992255209293,
    "41":0.6085192697768762,
    "42":0.8297990042411949,
    "43":0.5716393140328232,
    "44":0.36879955744053106,
    "45":0.6453992255209293,
    "46":0.53475935828877,
    "47":0.42411949105661073,
    "48":0.3503595795685045,
    "49":0.18439977872026553,
    "50":0.3503595795685045,
    "51":0.3503595795685045,
    "52":0.165959800848239,
    "53":0.22127973446431862,
    "54":0.2028397565922921,
    "55":0.2028397565922921,
    "56":0.2765996680803983,
    "57":0.11063986723215931,
    "58":0.2950396459524249,
    "59":0.18439977872026553,
    "60":0.2950396459524249,
    "61":0.18439977872026553,
    "62":0.2950396459524249,
    "63":0.12907984510418588,
    "64":0.2028397565922921,
    "65":0.165959800848239,
    "66":0.11063986723215931,
    "67":0.14751982297621244,
    "68":0.12907984510418588,
    "69":0.2028397565922921,
    "70":0.14751982297621244,
    "71":0.14751982297621244,
    "72":0.018439977872026555,
    "73":0.09219988936013276,
    "74":0.055319933616079654,
    "75":0.03687995574405311,
    "76":0.018439977872026555,
    "77":0.018439977872026555,
    "78":0.0,
    "79":0.03687995574405311,
    "80":0.055319933616079654,
    "81":0.055319933616079654,
    "82":0.055319933616079654,
    "83":0.0,
    "84":0.09219988936013276,
    "85":0.0,
    "86":0.0,
    "87":0.0,
    "88":0.0,
    "89":0.0,
    "90":0.0,
    "91":0.0,
    "92":0.0,
    "93":0.0,
    "94":0.0,
    "95":0.0,
    "96":0.0,
    "97":0.0,
    "98":0.0,
    "99":0.0,
    "100":0.0,
    "101":0.0,
    "102":0.0,
    "103":0.0,
    "104":0.0,
    "105":0.0,
    "106":0.0,
    "107":0.0,
    "108":0.0,
    "109":0.0,
    "110":0.0,
    "111":0.0,
    "112":0.0,
    "113":0.0,
    "114":0.0,
    "115":0.0,
    "116":0.0,
    "117":0.0,
    "118":0.0,
    "119":0.0,
    "120":0.0,
    "121":0.0,
    "122":0.0,
    "123":0.0,
    "124":0.0,
    "125":0.0,
    "126":0.0,
    "127":0.0,
    "128":0.0,
    "129":0.0,
    "130":0.0,
    "131":0.0,
    "132":0.0,
    "133":0.018439977872026555,
    "134":0.0,
    "135":0.0,
    "136":0.0,
    "137":0.0,
    "138":0.0,
    "139":0.0,
    "140":0.0,
    "141":0.0
}