{
    "0":5.184615384615385,
    "1":2.876923076923077,
    "2":6.338461538461539,
    "3":5.2615384615384615,
    "4":3.784615384615385,
    "5":4.0,
    "6":4.446153846153846,
    "7":4.092307692307692,
    "8":4.43076923076923,
    "9":4.046153846153846,
    "10":3.2,
    "11":3.430769230769231,
    "12":2.0615384615384613,
    "13":2.0615384615384613,
    "14":2.215384615384615,
    "15":2.0923076923076924,
    "16":2.0153846153846153,
    "17":1.6153846153846154,
    "18":2.0307692307692307,
    "19":2.2615384615384615,
    "20":1.953846153846154,
    "21":2.123076923076923,
    "22":1.9230769230769231,
    "23":2.1999999999999997,
    "24":1.9384615384615385,
    "25":2.123076923076923,
    "26":1.5384615384615385,
    "27":1.4307692307692308,
    "28":1.4461538461538461,
    "29":1.4615384615384615,
    "30":1.2923076923076922,
    "31":1.323076923076923,
    "32":1.123076923076923,
    "33":1.153846153846154,
    "34":1.0153846153846153,
    "35":0.7538461538461538,
    "36":0.5692307692307693,
    "37":0.3692307692307692,
    "38":0.49230769230769234,
    "39":0.5692307692307693,
    "40":0.46153846153846156,
    "41":0.3384615384615385,
    "42":0.3692307692307692,
    "43":0.24615384615384617,
    "44":0.21538461538461537,
    "45":0.3692307692307692,
    "46":0.26153846153846155,
    "47":0.32307692307692304,
    "48":0.2923076923076923,
    "49":0.16923076923076924,
    "50":0.2769230769230769,
    "51":0.1846153846153846,
    "52":0.23076923076923078,
    "53":0.12307692307692308,
    "54":0.0923076923076923,
    "55":0.16923076923076924,
    "56":0.13846153846153844,
    "57":0.06153846153846154,
    "58":0.10769230769230768,
    "59":0.04615384615384615,
    "60":0.04615384615384615,
    "61":0.10769230769230768,
    "62":0.0923076923076923,
    "63":0.07692307692307693,
    "64":0.03076923076923077,
    "65":0.07692307692307693,
    "66":0.04615384615384615,
    "67":0.0923076923076923,
    "68":0.10769230769230768,
    "69":0.03076923076923077,
    "70":0.03076923076923077,
    "71":0.0,
    "72":0.03076923076923077,
    "73":0.06153846153846154,
    "74":0.03076923076923077,
    "75":0.03076923076923077,
    "76":0.10769230769230768,
    "77":0.03076923076923077,
    "78":0.015384615384615385,
    "79":0.015384615384615385,
    "80":0.0,
    "81":0.015384615384615385,
    "82":0.0,
    "83":0.015384615384615385,
    "84":0.015384615384615385,
    "85":0.0,
    "86":0.015384615384615385,
    "87":0.0,
    "88":0.0,
    "89":0.0,
    "90":0.0,
    "91":0.0,
    "92":0.0,
    "93":0.0,
    "94":0.0,
    "95":0.0,
    "96":0.015384615384615385,
    "97":0.0,
    "98":0.015384615384615385,
    "99":0.03076923076923077,
    "100":0.015384615384615385,
    "101":0.0,
    "102":0.015384615384615385,
    "103":0.0,
    "104":0.0,
    "105":0.0,
    "106":0.06153846153846154,
    "107":0.0,
    "108":0.0,
    "109":0.0,
    "110":0.0,
    "111":0.0,
    "112":0.0,
    "113":0.0,
    "114":0.0
}