{
    "0":1.3883104262113009,
    "1":10.231847841177286,
    "2":3.012633624878523,
    "3":0.5553241704845203,
    "4":3.068166041926975,
    "5":4.0538664445369985,
    "6":4.872969596001666,
    "7":4.4425933638761625,
    "8":3.734555046508399,
    "9":3.359711231431348,
    "10":3.4013605442176873,
    "11":2.7488546438983756,
    "12":3.69290573372206,
    "13":2.99875052061641,
    "14":3.054282937664862,
    "15":3.054282937664862,
    "16":2.6377898098014714,
    "17":2.5267249757045676,
    "18":2.3045953075107595,
    "19":2.623906705539359,
    "20":2.4989587671803415,
    "21":2.3045953075107595,
    "22":2.4434263501318894,
    "23":1.9575177009579343,
    "24":1.5965569901429961,
    "25":1.471609051783979,
    "26":1.4854921560460919,
    "27":1.610440094405109,
    "28":1.3050118006386229,
    "29":1.2772455921143966,
    "30":1.0134666111342496,
    "31":0.7635707344162155,
    "32":0.8468693599888935,
    "33":0.5830903790087464,
    "34":0.40261002360127723,
    "35":0.7080383173677633,
    "36":0.5275579619602944,
    "37":0.6108565875329723,
    "38":0.5136748576981813,
    "39":0.5275579619602944,
    "40":0.2915451895043732,
    "41":0.4303762321255033,
    "42":0.1804803554074691,
    "43":0.2915451895043732,
    "44":0.23601277245592112,
    "45":0.23601277245592112,
    "46":0.04164931278633903,
    "47":0.04164931278633903,
    "48":0.12494793835901709,
    "49":0.13883104262113008,
    "50":0.12494793835901709,
    "51":0.20824656393169513,
    "52":0.1804803554074691,
    "53":0.11106483409690407,
    "54":0.30542829376648617,
    "55":0.1804803554074691,
    "56":0.09718172983479105,
    "57":0.055532417048452035,
    "58":0.12494793835901709,
    "59":0.12494793835901709,
    "60":0.09718172983479105,
    "61":0.16659725114535612,
    "62":0.22212966819380814,
    "63":0.12494793835901709,
    "64":0.13883104262113008,
    "65":0.08329862557267806,
    "66":0.11106483409690407,
    "67":0.1804803554074691,
    "68":0.12494793835901709,
    "69":0.13883104262113008,
    "70":0.11106483409690407,
    "71":0.08329862557267806,
    "72":0.09718172983479105,
    "73":0.09718172983479105,
    "74":0.055532417048452035,
    "75":0.08329862557267806,
    "76":0.1943634596695821,
    "77":0.08329862557267806,
    "78":0.1804803554074691,
    "79":0.09718172983479105,
    "80":0.013883104262113009,
    "81":0.08329862557267806,
    "82":0.055532417048452035,
    "83":0.04164931278633903,
    "84":0.08329862557267806,
    "85":0.055532417048452035,
    "86":0.11106483409690407,
    "87":0.055532417048452035,
    "88":0.08329862557267806,
    "89":0.055532417048452035,
    "90":0.06941552131056504,
    "91":0.09718172983479105,
    "92":0.09718172983479105,
    "93":0.09718172983479105,
    "94":0.15271414688324308,
    "95":0.06941552131056504,
    "96":0.06941552131056504,
    "97":0.027766208524226017,
    "98":0.04164931278633903,
    "99":0.04164931278633903,
    "100":0.027766208524226017,
    "101":0.04164931278633903,
    "102":0.055532417048452035,
    "103":0.12494793835901709,
    "104":0.04164931278633903,
    "105":0.013883104262113009,
    "106":0.06941552131056504,
    "107":0.013883104262113009,
    "108":0.0,
    "109":0.0,
    "110":0.0,
    "111":0.0,
    "112":0.0,
    "113":0.0,
    "114":0.0,
    "115":0.0,
    "116":0.0
}