{
    "0":2.9483233435930662,
    "1":7.419407095415519,
    "2":2.0087477725579133,
    "3":1.1339705167665641,
    "4":1.8629515632593554,
    "5":2.624331767374048,
    "6":4.989470273772882,
    "7":5.297262271180949,
    "8":6.4150332091365625,
    "9":7.662400777579783,
    "10":6.9010205734650905,
    "11":6.528430260813218,
    "12":5.11906690426049,
    "13":4.406285436578649,
    "14":3.6611048112749067,
    "15":2.3813380852097845,
    "16":2.0087477725579133,
    "17":1.5065608294184352,
    "18":1.0205734650899076,
    "19":0.8585776769803984,
    "20":0.7937793617365949,
    "21":0.7451806253037421,
    "22":0.6479831524380366,
    "23":0.6803823100599384,
    "24":0.6317835736270857,
    "25":1.1015713591446623,
    "26":0.6803823100599384,
    "27":0.8585776769803984,
    "28":1.0205734650899076,
    "29":0.7451806253037421,
    "30":0.9395755710351531,
    "31":0.9719747286570549,
    "32":0.8585776769803984,
    "33":0.7127814676818403,
    "34":0.8747772557913494,
    "35":0.3401911550299692,
    "36":0.5831848371942329,
    "37":0.48598736432852746,
    "38":0.6155839948161348,
    "39":0.5669852583832821,
    "40":0.37259031265187104,
    "41":0.5021869431394783,
    "42":0.5021869431394783,
    "43":0.4535882067066256,
    "44":0.5669852583832821,
    "45":0.5345861007613802,
    "46":0.388789891462822,
    "47":0.2591932609752146,
    "48":0.2267941033533128,
    "49":0.3563907338409201,
    "50":0.2591932609752146,
    "51":0.2267941033533128,
    "52":0.24299368216426373,
    "53":0.3077919974080674,
    "54":0.17819536692046006,
    "55":0.17819536692046006,
    "56":0.17819536692046006,
    "57":0.16199578810950915,
    "58":0.16199578810950915,
    "59":0.1133970516766564,
    "60":0.1133970516766564,
    "61":0.0971974728657055,
    "62":0.06479831524380365,
    "63":0.1295966304876073,
    "64":0.0971974728657055,
    "65":0.0971974728657055,
    "66":0.08099789405475458,
    "67":0.06479831524380365,
    "68":0.1295966304876073,
    "69":0.04859873643285275,
    "70":0.032399157621901827,
    "71":0.06479831524380365,
    "72":0.04859873643285275,
    "73":0.1133970516766564,
    "74":0.08099789405475458,
    "75":0.06479831524380365,
    "76":0.14579620929855822,
    "77":0.06479831524380365,
    "78":0.0971974728657055,
    "79":0.04859873643285275,
    "80":0.0,
    "81":0.032399157621901827,
    "82":0.0971974728657055,
    "83":0.016199578810950913,
    "84":0.032399157621901827,
    "85":0.032399157621901827,
    "86":0.016199578810950913,
    "87":0.032399157621901827,
    "88":0.032399157621901827,
    "89":0.08099789405475458,
    "90":0.016199578810950913,
    "91":0.032399157621901827,
    "92":0.016199578810950913,
    "93":0.016199578810950913,
    "94":0.032399157621901827,
    "95":0.016199578810950913,
    "96":0.032399157621901827,
    "97":0.0,
    "98":0.0,
    "99":0.0,
    "100":0.0,
    "101":0.0,
    "102":0.0,
    "103":0.0,
    "104":0.0,
    "105":0.0
}