{
    "0":6.117701791114213,
    "1":3.442661083973017,
    "2":5.059316120027914,
    "3":2.7099325424517327,
    "4":2.2447080716445686,
    "5":2.5703652012095835,
    "6":3.1053733426378227,
    "7":4.408001860897883,
    "8":5.396603861363108,
    "9":5.303558967201675,
    "10":5.082577343568271,
    "11":4.58246103745057,
    "12":4.594091649220749,
    "13":2.837869271923703,
    "14":2.837869271923703,
    "15":2.6750407071411955,
    "16":2.465689695277972,
    "17":1.9772040009304488,
    "18":1.9539427773900906,
    "19":2.1051407304024194,
    "20":2.4424284717376135,
    "21":2.000465224470807,
    "22":1.96557338916027,
    "23":1.9539427773900906,
    "24":1.5352407536636425,
    "25":1.5468713654338218,
    "26":1.3607815771109562,
    "27":1.349150965340777,
    "28":1.3142591300302395,
    "29":1.2212142358688067,
    "30":1.0816468946266573,
    "31":0.8839264945336125,
    "32":0.8722958827634334,
    "33":0.7210979297511049,
    "34":0.6396836473598512,
    "35":0.5117469178878808,
    "36":0.5466387531984183,
    "37":0.5466387531984183,
    "38":0.2675040707141195,
    "39":0.5582693649685974,
    "40":0.38381018841591064,
    "41":0.2558734589439404,
    "42":0.17445917655268667,
    "43":0.34891835310537334,
    "44":0.31402651779483604,
    "45":0.18608978832286577,
    "46":0.20935101186322402,
    "47":0.13956734124214934,
    "48":0.10467550593161201,
    "49":0.1279367294719702,
    "50":0.13956734124214934,
    "51":0.11630611770179111,
    "52":0.10467550593161201,
    "53":0.1279367294719702,
    "54":0.09304489416143288,
    "55":0.10467550593161201,
    "56":0.09304489416143288,
    "57":0.13956734124214934,
    "58":0.08141428239125378,
    "59":0.09304489416143288,
    "60":0.10467550593161201,
    "61":0.11630611770179111,
    "62":0.02326122354035822,
    "63":0.08141428239125378,
    "64":0.058153058850895556,
    "65":0.04652244708071644,
    "66":0.09304489416143288,
    "67":0.09304489416143288,
    "68":0.06978367062107467,
    "69":0.034891835310537335,
    "70":0.08141428239125378,
    "71":0.02326122354035822,
    "72":0.034891835310537335,
    "73":0.08141428239125378,
    "74":0.04652244708071644,
    "75":0.01163061177017911,
    "76":0.058153058850895556,
    "77":0.058153058850895556,
    "78":0.02326122354035822,
    "79":0.02326122354035822,
    "80":0.058153058850895556,
    "81":0.06978367062107467,
    "82":0.10467550593161201,
    "83":0.1279367294719702,
    "84":0.01163061177017911,
    "85":0.02326122354035822,
    "86":0.0,
    "87":0.02326122354035822,
    "88":0.04652244708071644,
    "89":0.02326122354035822,
    "90":0.034891835310537335,
    "91":0.04652244708071644,
    "92":0.02326122354035822,
    "93":0.01163061177017911,
    "94":0.0,
    "95":0.0,
    "96":0.0,
    "97":0.0,
    "98":0.01163061177017911,
    "99":0.0,
    "100":0.0,
    "101":0.0,
    "102":0.0,
    "103":0.01163061177017911,
    "104":0.0,
    "105":0.0,
    "106":0.0,
    "107":0.0,
    "108":0.0,
    "109":0.0,
    "110":0.01163061177017911,
    "111":0.0,
    "112":0.0,
    "113":0.0,
    "114":0.0,
    "115":0.01163061177017911,
    "116":0.0,
    "117":0.0,
    "118":0.0,
    "119":0.0,
    "120":0.0,
    "121":0.01163061177017911,
    "122":0.0,
    "123":0.04652244708071644,
    "124":0.0,
    "125":0.0,
    "126":0.0,
    "127":0.0,
    "128":0.0,
    "129":0.0,
    "130":0.0,
    "131":0.0
}