{
    "0":0.9085146841326854,
    "1":0.7606169448552715,
    "2":5.493344601732517,
    "3":5.091907880836679,
    "4":3.866469469680964,
    "5":3.9932389604901752,
    "6":3.8030847242763572,
    "7":3.486160997253328,
    "8":4.267906190576801,
    "9":3.338263257975914,
    "10":3.422776251848722,
    "11":4.542573420663427,
    "12":4.098880202831185,
    "13":4.922881893091063,
    "14":4.267906190576801,
    "15":3.9721107120219736,
    "16":3.760828227339953,
    "17":3.3593915064441155,
    "18":2.87344179167547,
    "19":3.063596027889288,
    "20":2.1762095922248044,
    "21":1.838157616733573,
    "22":1.1831819142193112,
    "23":1.500105641242341,
    "24":1.0564124234100993,
    "25":0.6127192055778576,
    "26":0.7394886963870695,
    "27":0.5493344601732516,
    "28":0.5070779632368476,
    "29":0.46482146630044374,
    "30":0.7183604479188676,
    "31":0.7394886963870695,
    "32":0.6761039509824636,
    "33":0.6972321994506655,
    "34":0.6761039509824636,
    "35":0.6761039509824636,
    "36":0.5915909571096556,
    "37":0.6549757025142616,
    "38":0.6127192055778576,
    "39":0.5704627086414537,
    "40":0.6338474540460596,
    "41":0.6127192055778576,
    "42":0.6338474540460596,
    "43":0.5070779632368476,
    "44":0.7183604479188676,
    "45":0.5704627086414537,
    "46":0.5070779632368476,
    "47":0.4436932178322417,
    "48":0.5493344601732516,
    "49":0.8451299387280795,
    "50":0.38030847242763577,
    "51":0.6338474540460596,
    "52":0.4436932178322417,
    "53":0.3591802239594338,
    "54":0.21128248468201988,
    "55":0.2535389816184238,
    "56":0.04225649693640397,
    "57":0.1267694908092119,
    "58":0.10564124234100994,
    "59":0.1267694908092119,
    "60":0.04225649693640397,
    "61":0.021128248468201986,
    "62":0.021128248468201986,
    "63":0.04225649693640397,
    "64":0.04225649693640397,
    "65":0.0,
    "66":0.10564124234100994,
    "67":0.0,
    "68":0.021128248468201986,
    "69":0.06338474540460595,
    "70":0.0,
    "71":0.021128248468201986,
    "72":0.021128248468201986,
    "73":0.021128248468201986,
    "74":0.0,
    "75":0.04225649693640397,
    "76":0.0,
    "77":0.021128248468201986,
    "78":0.0,
    "79":0.0,
    "80":0.0,
    "81":0.0,
    "82":0.021128248468201986,
    "83":0.0,
    "84":0.0,
    "85":0.0,
    "86":0.0,
    "87":0.04225649693640397,
    "88":0.0,
    "89":0.021128248468201986,
    "90":0.0,
    "91":0.021128248468201986,
    "92":0.0,
    "93":0.0,
    "94":0.0,
    "95":0.04225649693640397,
    "96":0.021128248468201986,
    "97":0.021128248468201986,
    "98":0.08451299387280795,
    "99":0.0,
    "100":0.0,
    "101":0.0,
    "102":0.0,
    "103":0.0,
    "104":0.0,
    "105":0.0,
    "106":0.0
}