{
    "0":6.242295192199933,
    "1":2.588815420822593,
    "2":6.051776308416452,
    "3":6.544884007620755,
    "4":4.819007060405693,
    "5":4.538832231312339,
    "6":4.718144121932085,
    "7":4.471590272329934,
    "8":4.11296649109044,
    "9":3.7095147371960104,
    "10":3.720721730359745,
    "11":3.698307744032276,
    "12":3.205200044827973,
    "13":2.375882550711644,
    "14":1.849153872016138,
    "15":2.1293287011094923,
    "16":1.9948447831446823,
    "17":2.1405356942732263,
    "18":1.9276028241622771,
    "19":1.445702118121708,
    "20":1.7034629608875937,
    "21":1.7482909335425307,
    "22":1.8267398856886699,
    "23":1.7819119130337329,
    "24":1.770704919869999,
    "25":1.6362210019051888,
    "26":1.6250140087414549,
    "27":1.4008741454667712,
    "28":1.5017370839403787,
    "29":0.9525944189174044,
    "30":0.9301804325899362,
    "31":0.7284545556427211,
    "32":0.8741454667712654,
    "33":0.6724195898240503,
    "34":0.7956965146251261,
    "35":0.7508685419701894,
    "36":0.6724195898240503,
    "37":0.593970637677911,
    "38":0.4819007060405693,
    "39":0.6387986103328477,
    "40":0.6948335761515186,
    "41":0.4931076992043035,
    "42":0.392244760730696,
    "43":0.2801748290933543,
    "44":0.1905188837834809,
    "45":0.13448391796481005,
    "46":0.1120699316373417,
    "47":0.05603496581867085,
    "48":0.1568979042922784,
    "49":0.10086293847360753,
    "50":0.10086293847360753,
    "51":0.13448391796481005,
    "52":0.05603496581867085,
    "53":0.12327692480107587,
    "54":0.08965594530987335,
    "55":0.10086293847360753,
    "56":0.044827972654936675,
    "57":0.03362097949120251,
    "58":0.1456909111285442,
    "59":0.10086293847360753,
    "60":0.05603496581867085,
    "61":0.10086293847360753,
    "62":0.011206993163734169,
    "63":0.03362097949120251,
    "64":0.022413986327468337,
    "65":0.06724195898240502,
    "66":0.05603496581867085,
    "67":0.03362097949120251,
    "68":0.03362097949120251,
    "69":0.03362097949120251,
    "70":0.06724195898240502,
    "71":0.044827972654936675,
    "72":0.022413986327468337,
    "73":0.011206993163734169,
    "74":0.011206993163734169,
    "75":0.011206993163734169,
    "76":0.022413986327468337,
    "77":0.044827972654936675,
    "78":0.03362097949120251,
    "79":0.044827972654936675,
    "80":0.044827972654936675,
    "81":0.044827972654936675,
    "82":0.022413986327468337,
    "83":0.011206993163734169,
    "84":0.022413986327468337,
    "85":0.011206993163734169,
    "86":0.0,
    "87":0.022413986327468337,
    "88":0.011206993163734169,
    "89":0.05603496581867085,
    "90":0.03362097949120251,
    "91":0.011206993163734169,
    "92":0.011206993163734169,
    "93":0.0,
    "94":0.011206993163734169,
    "95":0.0,
    "96":0.0,
    "97":0.011206993163734169,
    "98":0.0,
    "99":0.0,
    "100":0.0,
    "101":0.0,
    "102":0.0,
    "103":0.0,
    "104":0.0,
    "105":0.0
}