{
    "0":3.5032183180331327,
    "1":4.779993668882558,
    "2":3.96750026379656,
    "3":3.4293552812071333,
    "4":2.9123140234251346,
    "5":4.009707713411418,
    "6":4.495093383982273,
    "7":5.465864725123985,
    "8":5.392001688297984,
    "9":5.740213147620555,
    "10":5.6769019731982695,
    "11":4.38957475994513,
    "12":4.11522633744856,
    "13":4.252400548696845,
    "14":3.060040097077134,
    "15":2.9439696106362776,
    "16":2.9123140234251346,
    "17":2.342513453624565,
    "18":2.2580985543948504,
    "19":2.068165031127994,
    "20":1.888783370264852,
    "21":1.6777461221905667,
    "22":1.530020048538567,
    "23":1.4561570117125673,
    "24":1.3506383876754247,
    "25":1.3084309380605679,
    "26":1.4139495620977103,
    "27":0.949667616334283,
    "28":1.0235306531602828,
    "29":0.4748338081671415,
    "30":0.5592487073968555,
    "31":0.4431782209559987,
    "32":0.5909042946079983,
    "33":0.5486968449931412,
    "34":0.5486968449931412,
    "35":0.4431782209559987,
    "36":0.7280785058562836,
    "37":0.5592487073968555,
    "38":0.4431782209559987,
    "39":0.4326263585522845,
    "40":0.33765959691885616,
    "41":0.4220744961485702,
    "42":0.35876332172628467,
    "43":0.2849002849002849,
    "44":0.32710773451514197,
    "45":0.2110372480742851,
    "46":0.25324469768914215,
    "47":0.2637965600928564,
    "48":0.1371742112482853,
    "49":0.1371742112482853,
    "50":0.2110372480742851,
    "51":0.11607048644085682,
    "52":0.03165558721114277,
    "53":0.10551862403714254,
    "54":0.05275931201857127,
    "55":0.05275931201857127,
    "56":0.05275931201857127,
    "57":0.04220744961485702,
    "58":0.04220744961485702,
    "59":0.0949667616334283,
    "60":0.0949667616334283,
    "61":0.06331117442228554,
    "62":0.06331117442228554,
    "63":0.010551862403714255,
    "64":0.02110372480742851,
    "65":0.04220744961485702,
    "66":0.010551862403714255,
    "67":0.010551862403714255,
    "68":0.06331117442228554,
    "69":0.0,
    "70":0.0,
    "71":0.0,
    "72":0.0,
    "73":0.0,
    "74":0.0,
    "75":0.0,
    "76":0.0
}