{
    "0":1.5358116836515,
    "1":2.8993828046504952,
    "2":2.770202382661117,
    "3":3.1433902684082105,
    "4":3.2438639299555048,
    "5":3.803645758576145,
    "6":4.951916176259509,
    "7":5.698291947753696,
    "8":5.23898378068035,
    "9":6.143246734606,
    "10":5.224630400459309,
    "11":5.884885890627243,
    "12":5.296397301564518,
    "13":3.8467058992392706,
    "14":3.2869240706186305,
    "15":2.6410219606717384,
    "16":2.0238266111669296,
    "17":1.9951198507248458,
    "18":1.593225204535668,
    "19":1.2056839385675326,
    "20":1.6793454858619206,
    "21":1.6075785847567101,
    "22":1.2343906990096167,
    "23":1.0765035165781542,
    "24":1.1052102770202383,
    "25":1.4496914023252476,
    "26":0.8037892923783551,
    "27":1.1482704176833645,
    "28":1.334864360556911,
    "29":1.0334433759150279,
    "30":0.7607291517152289,
    "31":1.0334433759150279,
    "32":0.9186163341466916,
    "33":0.6889622506100187,
    "34":0.775082531936271,
    "35":0.9042629539256495,
    "36":0.7607291517152289,
    "37":0.8899095737046074,
    "38":0.8899095737046074,
    "39":0.6746088703889765,
    "40":0.8324960528204393,
    "41":0.5310750681785561,
    "42":0.41624802641021963,
    "43":0.41624802641021963,
    "44":0.41624802641021963,
    "45":0.3157743648629252,
    "46":0.30142098464188316,
    "47":0.3301277450839673,
    "48":0.18659394287354672,
    "49":0.17224056265250468,
    "50":0.24400746375771495,
    "51":0.25836084397875697,
    "52":0.18659394287354672,
    "53":0.2153007033156308,
    "54":0.1578871824314626,
    "55":0.11482704176833645,
    "56":0.07176690110521028,
    "57":0.07176690110521028,
    "58":0.05741352088416823,
    "59":0.07176690110521028,
    "60":0.11482704176833645,
    "61":0.028706760442084114,
    "62":0.14353380221042056,
    "63":0.07176690110521028,
    "64":0.04306014066312617,
    "65":0.05741352088416823,
    "66":0.11482704176833645,
    "67":0.05741352088416823,
    "68":0.08612028132625234,
    "69":0.05741352088416823,
    "70":0.0,
    "71":0.11482704176833645,
    "72":0.05741352088416823,
    "73":0.04306014066312617,
    "74":0.05741352088416823,
    "75":0.05741352088416823,
    "76":0.08612028132625234,
    "77":0.05741352088416823,
    "78":0.0,
    "79":0.0,
    "80":0.014353380221042057,
    "81":0.05741352088416823,
    "82":0.0,
    "83":0.0,
    "84":0.028706760442084114,
    "85":0.04306014066312617,
    "86":0.0,
    "87":0.014353380221042057,
    "88":0.028706760442084114,
    "89":0.0,
    "90":0.0,
    "91":0.0,
    "92":0.0,
    "93":0.0,
    "94":0.0,
    "95":0.0,
    "96":0.0
}