{
    "0":[
        [
            -1.4607416145056105,
            -48.469214947953354,
            "300000000001",
            "0"
        ]
    ],
    "1":[
        [
            -1.4626357526114326,
            -48.472053470237626,
            "300000000002",
            "3"
        ]
    ],
    "10":[
        [
            -1.4622024235291096,
            -48.46925804356917,
            "300000000011",
            "3"
        ]
    ],
    "11":[
        [
            -1.462844620265586,
            -48.470537463324554,
            "300000000012",
            "4"
        ]
    ],
    "12":[
        [
            -1.4583439329990922,
            -48.47219406087187,
            "300000000013",
            "4"
        ]
    ],
    "13":[
        [
            -1.4618063971390802,
            -48.4725338776769,
            "300000000014",
            "1"
        ]
    ],
    "14":[
        [
            -1.4569117152700244,
            -48.46949602323433,
            "9019148986",
            "5"
        ]
    ],
    "15":[
        [
            -1.4603138983635047,
            -48.46916957266246,
            "300000000016",
            "2"
        ]
    ],
    "16":[
        [
            -1.4606712756494566,
            -48.46850672446928,
            "300000000017",
            "1"
        ]
    ],
    "17":[
        [
            -1.462142218009568,
            -48.46721514484495,
            "300000000018",
            "3"
        ]
    ],
    "18":[
        [
            -1.4645977964892425,
            -48.468711280652194,
            "300000000019",
            "4"
        ]
    ],
    "19":[
        [
            -1.4626372491896056,
            -48.46774797234987,
            "300000000020",
            "4"
        ]
    ],
    "2":[
        [
            -1.4615518943598014,
            -48.47331846108921,
            "300000000003",
            "1"
        ]
    ],
    "20":[
        [
            -1.4597422688100312,
            -48.46881613527394,
            "300000000021",
            "5"
        ]
    ],
    "21":[
        [
            -1.4647830925032082,
            -48.471994138130725,
            "300000000022",
            "0"
        ]
    ],
    "22":[
        [
            -1.460453958922288,
            -48.469743677989214,
            "300000000023",
            "3"
        ]
    ],
    "23":[
        [
            -1.459706148435894,
            -48.47025477029267,
            "300000000024",
            "0"
        ]
    ],
    "3":[
        [
            -1.458987243580516,
            -48.467993386416985,
            "300000000004",
            "4"
        ]
    ],
    "4":[
        [
            -1.4580407447395176,
            -48.46950052169541,
            "300000000005",
            "3"
        ]
    ],
    "5":[
        [
            -1.460641902738185,
            -48.4734742220191,
            "300000000006",
            "0"
        ]
    ],
    "6":[
        [
            -1.4572423354053787,
            -48.47030650125814,
            "300000000007",
            "3"
        ]
    ],
    "7":[
        [
            -1.454519557163947,
            -48.46853849638036,
            "300000000008",
            "4"
        ]
    ],
    "8":[
        [
            -1.460762950486206,
            -48.470437027458345,
            "300000000009",
            "1"
        ]
    ],
    "9":[
        [
            -1.4607250641101208,
            -48.47371106363388,
            "300000000010",
            "0"
        ]
    ],
    "total_length":6131.450669962167,
    "total_time":0.614248514175415
}