{
    "0":6.062355658198614,
    "1":6.25,
    "2":7.664549653579676,
    "3":10.378175519630485,
    "4":7.087182448036952,
    "5":2.6991916859122402,
    "6":3.2909930715935336,
    "7":3.435334872979215,
    "8":2.93013856812933,
    "9":3.16108545034642,
    "10":3.4642032332563506,
    "11":3.1466512702078524,
    "12":2.8290993071593533,
    "13":3.0744803695150114,
    "14":2.7569284064665127,
    "15":2.020785219399538,
    "16":1.8764434180138567,
    "17":1.8620092378752888,
    "18":1.7898383371824482,
    "19":1.8187066974595842,
    "20":2.136258660508083,
    "21":2.2517321016166285,
    "22":1.7032332563510393,
    "23":1.3568129330254042,
    "24":0.9526558891454965,
    "25":1.2413394919168592,
    "26":1.010392609699769,
    "27":0.7938799076212472,
    "28":0.663972286374134,
    "29":1.0681293302540416,
    "30":0.6784064665127021,
    "31":0.8949191685912241,
    "32":0.880484988452656,
    "33":0.6062355658198615,
    "34":0.6495381062355658,
    "35":0.5340646651270208,
    "36":0.5629330254041571,
    "37":0.3897228637413395,
    "38":0.17321016166281755,
    "39":0.23094688221709006,
    "40":0.2453810623556582,
    "41":0.14434180138568128,
    "42":0.18764434180138567,
    "43":0.20207852193995382,
    "44":0.14434180138568128,
    "45":0.2453810623556582,
    "46":0.10103926096997691,
    "47":0.17321016166281755,
    "48":0.18764434180138567,
    "49":0.12990762124711316,
    "50":0.07217090069284064,
    "51":0.057736720554272515,
    "52":0.08660508083140878,
    "53":0.12990762124711316,
    "54":0.057736720554272515,
    "55":0.057736720554272515,
    "56":0.04330254041570439,
    "57":0.07217090069284064,
    "58":0.04330254041570439,
    "59":0.08660508083140878,
    "60":0.014434180138568129,
    "61":0.04330254041570439,
    "62":0.057736720554272515,
    "63":0.057736720554272515,
    "64":0.028868360277136258,
    "65":0.028868360277136258,
    "66":0.08660508083140878,
    "67":0.028868360277136258,
    "68":0.014434180138568129,
    "69":0.04330254041570439,
    "70":0.057736720554272515,
    "71":0.057736720554272515,
    "72":0.028868360277136258,
    "73":0.07217090069284064,
    "74":0.10103926096997691,
    "75":0.08660508083140878,
    "76":0.057736720554272515,
    "77":0.028868360277136258,
    "78":0.028868360277136258,
    "79":0.0,
    "80":0.057736720554272515,
    "81":0.04330254041570439,
    "82":0.028868360277136258,
    "83":0.028868360277136258,
    "84":0.07217090069284064,
    "85":0.0,
    "86":0.0,
    "87":0.0,
    "88":0.0,
    "89":0.0,
    "90":0.0,
    "91":0.0,
    "92":0.0,
    "93":0.0
}