{
    "0":5.620232838217584,
    "1":0.9634684865515858,
    "2":4.716981132075472,
    "3":5.018065034122842,
    "4":4.857486953030912,
    "5":3.753512645523886,
    "6":2.0473705339221198,
    "7":2.5291047771979125,
    "8":2.4688879967884385,
    "9":3.331995182657567,
    "10":3.1914893617021276,
    "11":2.810116419108792,
    "12":3.4524287434765153,
    "13":3.693295865114412,
    "14":3.2316338819751107,
    "15":2.3685266961059814,
    "16":2.448815736651947,
    "17":2.228020875150542,
    "18":1.947009233239663,
    "19":2.3083099156965075,
    "20":1.8667201926936974,
    "21":1.4853472501003613,
    "22":2.228020875150542,
    "23":2.0875150541951024,
    "24":1.3448414291449218,
    "25":1.6659975913287834,
    "26":1.1641910879164994,
    "27":1.0236852669610599,
    "28":0.8430349257326376,
    "29":1.2244078683259736,
    "30":1.204335608189482,
    "31":1.405058209554396,
    "32":1.3247691690084302,
    "33":0.7627458851866721,
    "34":0.9835407466880771,
    "35":1.1039743075070254,
    "36":1.0839020473705339,
    "37":0.8631071858691288,
    "38":1.0236852669610599,
    "39":0.8028904054596547,
    "40":0.8631071858691288,
    "41":0.8430349257326376,
    "42":1.0236852669610599,
    "43":0.923323966278603,
    "44":0.702529104777198,
    "45":0.5218787635487756,
    "46":0.7426736250501806,
    "47":0.40144520272982737,
    "48":0.4616619831393015,
    "49":0.5218787635487756,
    "50":0.3613006824568446,
    "51":0.4415897230028101,
    "52":0.5018065034122842,
    "53":0.4817342432757929,
    "54":0.22079486150140504,
    "55":0.12043356081894822,
    "56":0.10036130068245684,
    "57":0.08028904054596547,
    "58":0.10036130068245684,
    "59":0.20072260136491368,
    "60":0.12043356081894822,
    "61":0.08028904054596547,
    "62":0.12043356081894822,
    "63":0.20072260136491368,
    "64":0.1806503412284223,
    "65":0.0,
    "66":0.04014452027298274,
    "67":0.02007226013649137,
    "68":0.10036130068245684,
    "69":0.10036130068245684,
    "70":0.0,
    "71":0.04014452027298274,
    "72":0.02007226013649137,
    "73":0.02007226013649137,
    "74":0.04014452027298274,
    "75":0.04014452027298274,
    "76":0.0,
    "77":0.04014452027298274,
    "78":0.04014452027298274,
    "79":0.04014452027298274,
    "80":0.02007226013649137,
    "81":0.06021678040947411,
    "82":0.0,
    "83":0.08028904054596547,
    "84":0.04014452027298274,
    "85":0.04014452027298274,
    "86":0.04014452027298274,
    "87":0.02007226013649137,
    "88":0.04014452027298274,
    "89":0.04014452027298274,
    "90":0.06021678040947411,
    "91":0.04014452027298274,
    "92":0.0,
    "93":0.0,
    "94":0.0,
    "95":0.02007226013649137,
    "96":0.0,
    "97":0.0,
    "98":0.02007226013649137,
    "99":0.0,
    "100":0.0,
    "101":0.0,
    "102":0.02007226013649137,
    "103":0.0,
    "104":0.0,
    "105":0.0,
    "106":0.0,
    "107":0.02007226013649137,
    "108":0.02007226013649137,
    "109":0.0,
    "110":0.0,
    "111":0.02007226013649137,
    "112":0.0,
    "113":0.0,
    "114":0.0,
    "115":0.0,
    "116":0.02007226013649137,
    "117":0.02007226013649137,
    "118":0.0,
    "119":0.02007226013649137,
    "120":0.0,
    "121":0.0,
    "122":0.0,
    "123":0.0,
    "124":0.0,
    "125":0.0,
    "126":0.0,
    "127":0.0
}