{
    "0":2.299854439592431,
    "1":1.2954876273653566,
    "2":3.6681222707423577,
    "3":1.6739446870451238,
    "4":2.3726346433770016,
    "5":3.6390101892285296,
    "6":4.2212518195050945,
    "7":4.541484716157205,
    "8":4.963609898107714,
    "9":4.9490538573508,
    "10":5.312954876273653,
    "11":5.007278020378457,
    "12":4.861717612809316,
    "13":4.410480349344978,
    "14":3.7845705967976713,
    "15":3.5080058224163024,
    "16":3.420669577874818,
    "17":3.0131004366812224,
    "18":2.6637554585152836,
    "19":2.2561863173216885,
    "20":2.1397379912663754,
    "21":1.9505094614264922,
    "22":1.9068413391557497,
    "23":1.1644832605531297,
    "24":1.4119359534206697,
    "25":1.3537117903930131,
    "26":1.1353711790393013,
    "27":0.8733624454148471,
    "28":0.8296943231441047,
    "29":0.7860262008733625,
    "30":0.6550218340611353,
    "31":0.5385735080058224,
    "32":0.4512372634643377,
    "33":0.43668122270742354,
    "34":0.363901018922853,
    "35":0.27656477438136823,
    "36":0.48034934497816595,
    "37":0.5676855895196506,
    "38":0.3056768558951965,
    "39":0.4512372634643377,
    "40":0.363901018922853,
    "41":0.5676855895196506,
    "42":0.40756914119359533,
    "43":0.46579330422125187,
    "44":0.43668122270742354,
    "45":0.40756914119359533,
    "46":0.48034934497816595,
    "47":0.39301310043668125,
    "48":0.2911208151382824,
    "49":0.46579330422125187,
    "50":0.46579330422125187,
    "51":0.43668122270742354,
    "52":0.40756914119359533,
    "53":0.5967976710334789,
    "54":0.363901018922853,
    "55":0.43668122270742354,
    "56":0.4512372634643377,
    "57":0.26200873362445415,
    "58":0.363901018922853,
    "59":0.26200873362445415,
    "60":0.2911208151382824,
    "61":0.23289665211062593,
    "62":0.26200873362445415,
    "63":0.17467248908296942,
    "64":0.11644832605531297,
    "65":0.0727802037845706,
    "66":0.029112081513828242,
    "67":0.0,
    "68":0.029112081513828242,
    "69":0.014556040756914121,
    "70":0.0,
    "71":0.029112081513828242,
    "72":0.058224163027656484,
    "73":0.014556040756914121,
    "74":0.0,
    "75":0.029112081513828242,
    "76":0.0,
    "77":0.014556040756914121,
    "78":0.029112081513828242,
    "79":0.014556040756914121,
    "80":0.0,
    "81":0.029112081513828242,
    "82":0.043668122270742356,
    "83":0.0,
    "84":0.029112081513828242,
    "85":0.029112081513828242,
    "86":0.014556040756914121,
    "87":0.014556040756914121,
    "88":0.014556040756914121,
    "89":0.029112081513828242,
    "90":0.0,
    "91":0.014556040756914121,
    "92":0.014556040756914121,
    "93":0.0,
    "94":0.014556040756914121,
    "95":0.014556040756914121,
    "96":0.0,
    "97":0.058224163027656484,
    "98":0.0,
    "99":0.0,
    "100":0.0,
    "101":0.0,
    "102":0.0,
    "103":0.0,
    "104":0.0,
    "105":0.0,
    "106":0.0
}