{
    "0":0.7946680338374775,
    "1":3.870802358369649,
    "2":5.601127915918995,
    "3":4.280953601640605,
    "4":3.3965649833376057,
    "5":3.2171238144065626,
    "6":3.960522942835171,
    "7":3.3196616252243016,
    "8":3.383747756985388,
    "9":3.7426300948474753,
    "10":3.947705716482953,
    "11":3.2940271725198667,
    "12":3.0120481927710845,
    "13":2.93514483465778,
    "14":3.024865419123302,
    "15":2.999230966418867,
    "16":2.4993591386823892,
    "17":2.665983081261215,
    "18":2.4737246859779543,
    "19":2.4865419123301717,
    "20":2.4096385542168677,
    "21":2.563445270443476,
    "22":2.0635734427069985,
    "23":2.0635734427069985,
    "24":1.8200461420148681,
    "25":1.9097667264803897,
    "26":1.6534221994360423,
    "27":1.5252499359138683,
    "28":1.4739810305049987,
    "29":1.6021532940271728,
    "30":1.4611638041527815,
    "31":1.2304537298128686,
    "32":0.7433991284286081,
    "33":1.012560881825173,
    "34":0.9484747500640862,
    "35":0.7690335811330428,
    "36":0.6536785439630863,
    "37":0.41015124327095615,
    "38":0.4229684696231735,
    "39":0.3845167905665214,
    "40":0.4614201486798257,
    "41":0.43578569597539096,
    "42":0.53832350679313,
    "43":0.4229684696231735,
    "44":0.37169956421430406,
    "45":0.41015124327095615,
    "46":0.23071007433991286,
    "47":0.23071007433991286,
    "48":0.12817226352217378,
    "49":0.25634452704434757,
    "50":0.20507562163547807,
    "51":0.2435273006921302,
    "52":0.2819789797487824,
    "53":0.1922583952832607,
    "54":0.1922583952832607,
    "55":0.1922583952832607,
    "56":0.2435273006921302,
    "57":0.17944116893104334,
    "58":0.11535503716995643,
    "59":0.10253781081773904,
    "60":0.11535503716995643,
    "61":0.16662394257882593,
    "62":0.20507562163547807,
    "63":0.10253781081773904,
    "64":0.16662394257882593,
    "65":0.15380671622660858,
    "66":0.21789284798769548,
    "67":0.16662394257882593,
    "68":0.08972058446552167,
    "69":0.07690335811330429,
    "70":0.08972058446552167,
    "71":0.10253781081773904,
    "72":0.10253781081773904,
    "73":0.12817226352217378,
    "74":0.038451679056652144,
    "75":0.038451679056652144,
    "76":0.01281722635221738,
    "77":0.038451679056652144,
    "78":0.02563445270443476,
    "79":0.0,
    "80":0.05126890540886952,
    "81":0.038451679056652144,
    "82":0.02563445270443476,
    "83":0.05126890540886952,
    "84":0.0,
    "85":0.02563445270443476,
    "86":0.038451679056652144,
    "87":0.038451679056652144,
    "88":0.0,
    "89":0.038451679056652144,
    "90":0.0,
    "91":0.01281722635221738,
    "92":0.01281722635221738,
    "93":0.0,
    "94":0.02563445270443476,
    "95":0.01281722635221738,
    "96":0.02563445270443476,
    "97":0.02563445270443476,
    "98":0.0,
    "99":0.01281722635221738,
    "100":0.05126890540886952,
    "101":0.0,
    "102":0.0,
    "103":0.0,
    "104":0.0,
    "105":0.0,
    "106":0.0,
    "107":0.0,
    "108":0.0,
    "109":0.0,
    "110":0.0,
    "111":0.0,
    "112":0.0,
    "113":0.0,
    "114":0.0,
    "115":0.0,
    "116":0.0,
    "117":0.0,
    "118":0.0,
    "119":0.0,
    "120":0.0,
    "121":0.0,
    "122":0.0,
    "123":0.0,
    "124":0.0,
    "125":0.0,
    "126":0.0,
    "127":0.0,
    "128":0.0,
    "129":0.0,
    "130":0.0,
    "131":0.0,
    "132":0.0,
    "133":0.0,
    "134":0.0,
    "135":0.0,
    "136":0.0,
    "137":0.0,
    "138":0.0,
    "139":0.0,
    "140":0.0,
    "141":0.0,
    "142":0.0,
    "143":0.0,
    "144":0.0,
    "145":0.0,
    "146":0.0,
    "147":0.0,
    "148":0.0,
    "149":0.0,
    "150":0.0,
    "151":0.0,
    "152":0.0,
    "153":0.0,
    "154":0.01281722635221738,
    "155":0.0,
    "156":0.0,
    "157":0.0,
    "158":0.0,
    "159":0.0,
    "160":0.0,
    "161":0.0,
    "162":0.0
}