{
    "0":0.7468123861566485,
    "1":1.912568306010929,
    "2":4.389799635701275,
    "3":2.750455373406193,
    "4":3.879781420765027,
    "5":4.6630236794171225,
    "6":5.136612021857923,
    "7":4.571948998178507,
    "8":4.681238615664845,
    "9":4.954462659380692,
    "10":5.355191256830602,
    "11":4.735883424408015,
    "12":3.843351548269581,
    "13":3.95264116575592,
    "14":3.351548269581057,
    "15":3.114754098360656,
    "16":2.5683060109289615,
    "17":1.6939890710382512,
    "18":2.167577413479053,
    "19":1.7304189435336976,
    "20":1.621129326047359,
    "21":1.3114754098360655,
    "22":1.092896174863388,
    "23":0.9289617486338797,
    "24":1.0382513661202186,
    "25":1.1111111111111112,
    "26":1.0200364298724955,
    "27":0.9653916211293261,
    "28":0.7468123861566485,
    "29":0.45537340619307837,
    "30":0.819672131147541,
    "31":0.47358834244080145,
    "32":0.5282331511839709,
    "33":0.6010928961748634,
    "34":0.7285974499089253,
    "35":0.6010928961748634,
    "36":0.546448087431694,
    "37":0.6557377049180327,
    "38":0.6375227686703097,
    "39":0.7468123861566485,
    "40":0.4189435336976321,
    "41":0.45537340619307837,
    "42":0.5646630236794171,
    "43":0.546448087431694,
    "44":0.47358834244080145,
    "45":0.47358834244080145,
    "46":0.30965391621129323,
    "47":0.47358834244080145,
    "48":0.4189435336976321,
    "49":0.5100182149362478,
    "50":0.4007285974499089,
    "51":0.6010928961748634,
    "52":0.4007285974499089,
    "53":0.4371584699453552,
    "54":0.6010928961748634,
    "55":0.47358834244080145,
    "56":0.3825136612021858,
    "57":0.4189435336976321,
    "58":0.3825136612021858,
    "59":0.49180327868852464,
    "60":0.29143897996357016,
    "61":0.2550091074681239,
    "62":0.16393442622950818,
    "63":0.29143897996357016,
    "64":0.30965391621129323,
    "65":0.18214936247723132,
    "66":0.09107468123861566,
    "67":0.12750455373406194,
    "68":0.12750455373406194,
    "69":0.03642987249544627,
    "70":0.0546448087431694,
    "71":0.09107468123861566,
    "72":0.0546448087431694,
    "73":0.0546448087431694,
    "74":0.12750455373406194,
    "75":0.018214936247723135,
    "76":0.12750455373406194,
    "77":0.03642987249544627,
    "78":0.018214936247723135,
    "79":0.1092896174863388,
    "80":0.09107468123861566,
    "81":0.018214936247723135,
    "82":0.03642987249544627,
    "83":0.1092896174863388,
    "84":0.0546448087431694,
    "85":0.1092896174863388,
    "86":0.07285974499089254,
    "87":0.03642987249544627,
    "88":0.18214936247723132,
    "89":0.0546448087431694,
    "90":0.03642987249544627,
    "91":0.09107468123861566,
    "92":0.12750455373406194,
    "93":0.0546448087431694,
    "94":0.14571948998178508,
    "95":0.1092896174863388,
    "96":0.03642987249544627,
    "97":0.0,
    "98":0.0,
    "99":0.0,
    "100":0.0,
    "101":0.0,
    "102":0.0,
    "103":0.0,
    "104":0.0
}