{
    "0":6.504755434782608,
    "1":3.226902173913043,
    "2":5.536684782608696,
    "3":3.940217391304348,
    "4":2.2248641304347827,
    "5":2.1739130434782608,
    "6":2.1908967391304346,
    "7":3.481657608695652,
    "8":4.144021739130435,
    "9":4.194972826086957,
    "10":5.010190217391304,
    "11":5.281929347826087,
    "12":5.349864130434782,
    "13":3.804347826086957,
    "14":3.4307065217391304,
    "15":2.9721467391304346,
    "16":2.411684782608696,
    "17":2.411684782608696,
    "18":2.275815217391304,
    "19":2.1908967391304346,
    "20":2.2588315217391304,
    "21":1.579483695652174,
    "22":1.188858695652174,
    "23":1.4266304347826086,
    "24":1.2228260869565217,
    "25":1.0869565217391304,
    "26":1.205842391304348,
    "27":1.154891304347826,
    "28":0.9341032608695652,
    "29":0.9001358695652174,
    "30":0.9171195652173914,
    "31":0.8661684782608696,
    "32":0.764266304347826,
    "33":0.8661684782608696,
    "34":0.6283967391304348,
    "35":0.8831521739130435,
    "36":0.6623641304347826,
    "37":0.9341032608695652,
    "38":0.4925271739130435,
    "39":0.594429347826087,
    "40":0.577445652173913,
    "41":0.35665760869565216,
    "42":0.3736413043478261,
    "43":0.35665760869565216,
    "44":0.30570652173913043,
    "45":0.4755434782608696,
    "46":0.2717391304347826,
    "47":0.3736413043478261,
    "48":0.22078804347826086,
    "49":0.2887228260869565,
    "50":0.4076086956521739,
    "51":0.2717391304347826,
    "52":0.18682065217391305,
    "53":0.2717391304347826,
    "54":0.30570652173913043,
    "55":0.2887228260869565,
    "56":0.16983695652173914,
    "57":0.2377717391304348,
    "58":0.06793478260869565,
    "59":0.08491847826086957,
    "60":0.1188858695652174,
    "61":0.1188858695652174,
    "62":0.18682065217391305,
    "63":0.1188858695652174,
    "64":0.06793478260869565,
    "65":0.050951086956521736,
    "66":0.016983695652173912,
    "67":0.016983695652173912,
    "68":0.08491847826086957,
    "69":0.0,
    "70":0.0,
    "71":0.0,
    "72":0.0,
    "73":0.0,
    "74":0.0,
    "75":0.0,
    "76":0.0
}