{
    "0":13.252669039145907,
    "1":1.807829181494662,
    "2":3.5444839857651247,
    "3":2.6476868327402134,
    "4":4.313167259786477,
    "5":4.9537366548042705,
    "6":4.483985765124555,
    "7":4.498220640569395,
    "8":4.185053380782918,
    "9":4.654804270462633,
    "10":4.284697508896797,
    "11":4.042704626334519,
    "12":3.6868327402135233,
    "13":2.889679715302491,
    "14":2.7473309608540926,
    "15":2.263345195729537,
    "16":1.8647686832740213,
    "17":2.135231316725979,
    "18":2.078291814946619,
    "19":1.9359430604982206,
    "20":1.7651245551601424,
    "21":1.4519572953736655,
    "22":1.2384341637010676,
    "23":1.1530249110320285,
    "24":1.3380782918149468,
    "25":1.2669039145907472,
    "26":1.2526690391459074,
    "27":1.4092526690391458,
    "28":1.0391459074733096,
    "29":0.9110320284697508,
    "30":0.896797153024911,
    "31":0.8113879003558718,
    "32":0.6548042704626335,
    "33":0.31316725978647686,
    "34":0.597864768683274,
    "35":0.4128113879003558,
    "36":0.5836298932384342,
    "37":0.5409252669039146,
    "38":0.5551601423487544,
    "39":0.5409252669039146,
    "40":0.5551601423487544,
    "41":0.4555160142348754,
    "42":0.4412811387900356,
    "43":0.3274021352313167,
    "44":0.4555160142348754,
    "45":0.3843416370106762,
    "46":0.2846975088967972,
    "47":0.21352313167259787,
    "48":0.12811387900355872,
    "49":0.1708185053380783,
    "50":0.18505338078291814,
    "51":0.15658362989323843,
    "52":0.08540925266903915,
    "53":0.099644128113879,
    "54":0.08540925266903915,
    "55":0.08540925266903915,
    "56":0.11387900355871886,
    "57":0.099644128113879,
    "58":0.08540925266903915,
    "59":0.0711743772241993,
    "60":0.08540925266903915,
    "61":0.0711743772241993,
    "62":0.08540925266903915,
    "63":0.042704626334519574,
    "64":0.0711743772241993,
    "65":0.05693950177935943,
    "66":0.05693950177935943,
    "67":0.028469750889679714,
    "68":0.014234875444839857,
    "69":0.0,
    "70":0.0,
    "71":0.0,
    "72":0.0,
    "73":0.0,
    "74":0.0,
    "75":0.0,
    "76":0.0
}