{
    "0":1.5605229860818222,
    "1":0.8118937157317587,
    "2":3.911851539434837,
    "3":4.386334879797554,
    "4":4.597216364403205,
    "5":3.0683256010122313,
    "6":3.6693378321383383,
    "7":4.987347110923661,
    "8":4.428511176718684,
    "9":4.723745255166596,
    "10":4.481231547870097,
    "11":3.88021931674399,
    "12":3.5111767186840996,
    "13":3.9223956136651204,
    "14":3.6904259805989033,
    "15":3.205398566005905,
    "16":3.0577815267819486,
    "17":3.163222269084774,
    "18":2.8152678194854492,
    "19":2.309152256431885,
    "20":2.4567692956558416,
    "21":2.4884015183466888,
    "22":2.3724167018135804,
    "23":2.28806410797132,
    "24":1.9190215099114296,
    "25":1.9084774356811471,
    "26":1.3918177983973008,
    "27":1.1176718684099536,
    "28":1.3390974272458878,
    "29":1.3496415014761705,
    "30":1.054407423028258,
    "31":0.9384226064951497,
    "32":0.9805989034162801,
    "33":0.8646140868831717,
    "34":0.6642766765078026,
    "35":0.42176296921130324,
    "36":0.6431885280472375,
    "37":0.727541121889498,
    "38":0.3795866722901729,
    "39":0.5061155630535639,
    "40":0.3374103753690426,
    "41":0.24251370729649938,
    "42":0.2636018557570645,
    "43":0.2636018557570645,
    "44":0.2319696330662168,
    "45":0.25305778152678193,
    "46":0.10544074230282581,
    "47":0.12652889076339097,
    "48":0.1687051876845213,
    "49":0.10544074230282581,
    "50":0.12652889076339097,
    "51":0.12652889076339097,
    "52":0.12652889076339097,
    "53":0.09489666807254322,
    "54":0.09489666807254322,
    "55":0.07380851961197807,
    "56":0.09489666807254322,
    "57":0.10544074230282581,
    "58":0.06326444538169548,
    "59":0.07380851961197807,
    "60":0.04217629692113033,
    "61":0.052720371151412905,
    "62":0.04217629692113033,
    "63":0.03163222269084774,
    "64":0.010544074230282582,
    "65":0.03163222269084774,
    "66":0.021088148460565163,
    "67":0.052720371151412905,
    "68":0.08435259384226065,
    "69":0.04217629692113033,
    "70":0.04217629692113033,
    "71":0.06326444538169548,
    "72":0.12652889076339097,
    "73":0.021088148460565163,
    "74":0.052720371151412905,
    "75":0.010544074230282582,
    "76":0.03163222269084774,
    "77":0.08435259384226065,
    "78":0.010544074230282582,
    "79":0.021088148460565163,
    "80":0.0,
    "81":0.0,
    "82":0.0,
    "83":0.0,
    "84":0.010544074230282582,
    "85":0.0,
    "86":0.0,
    "87":0.04217629692113033,
    "88":0.0,
    "89":0.0,
    "90":0.0,
    "91":0.0,
    "92":0.0,
    "93":0.0,
    "94":0.0,
    "95":0.0,
    "96":0.0
}