{
    "0":3.391572456320658,
    "1":3.305926687221651,
    "2":7.947927372387804,
    "3":8.376156217882837,
    "4":5.00171291538198,
    "5":3.4087016101404592,
    "6":3.168893456663241,
    "7":2.3295649194929773,
    "8":1.9698526892771497,
    "9":2.7064063035286057,
    "10":2.4323398424117846,
    "11":2.1240150736553614,
    "12":2.226789996574169,
    "13":2.1925316889345665,
    "14":2.7577937649880093,
    "15":2.6378896882494005,
    "16":2.1240150736553614,
    "17":1.661527920520726,
    "18":2.038369304556355,
    "19":1.9184652278177456,
    "20":2.0897567660157588,
    "21":2.0897567660157588,
    "22":1.8499486125385407,
    "23":1.9355943816375472,
    "24":1.884206920178143,
    "25":1.9184652278177456,
    "26":1.8328194587187392,
    "27":1.7471736896197325,
    "28":1.6272696128811235,
    "29":1.9355943816375472,
    "30":1.5416238437821173,
    "31":1.2332990750256936,
    "32":1.1305241521068858,
    "33":1.0962658444672833,
    "34":1.1476533059266871,
    "35":0.8564576909900651,
    "36":0.9249743062692704,
    "37":0.6337786913326482,
    "38":0.9078451524494691,
    "39":0.41109969167523125,
    "40":0.6509078451524495,
    "41":0.6337786913326482,
    "42":0.5652620760534429,
    "43":0.5652620760534429,
    "44":0.5823912298732443,
    "45":0.513874614594039,
    "46":0.2740664611168208,
    "47":0.29119561493662216,
    "48":0.1884206920178143,
    "49":0.2740664611168208,
    "50":0.3083247687564234,
    "51":0.2398081534772182,
    "52":0.29119561493662216,
    "53":0.2740664611168208,
    "54":0.2569373072970195,
    "55":0.22267899965741694,
    "56":0.1370332305584104,
    "57":0.20554984583761562,
    "58":0.051387461459403906,
    "59":0.051387461459403906,
    "60":0.10277492291880781,
    "61":0.0171291538198013,
    "62":0.051387461459403906,
    "63":0.0685166152792052,
    "64":0.0342583076396026,
    "65":0.051387461459403906,
    "66":0.10277492291880781,
    "67":0.0,
    "68":0.0171291538198013,
    "69":0.051387461459403906,
    "70":0.0,
    "71":0.0,
    "72":0.051387461459403906,
    "73":0.051387461459403906,
    "74":0.0171291538198013,
    "75":0.0171291538198013,
    "76":0.0,
    "77":0.0342583076396026,
    "78":0.0685166152792052,
    "79":0.0685166152792052,
    "80":0.0171291538198013,
    "81":0.0685166152792052,
    "82":0.0,
    "83":0.0,
    "84":0.0,
    "85":0.0,
    "86":0.0,
    "87":0.0,
    "88":0.0,
    "89":0.0,
    "90":0.0,
    "91":0.0,
    "92":0.0,
    "93":0.0,
    "94":0.0,
    "95":0.0,
    "96":0.0,
    "97":0.0,
    "98":0.0,
    "99":0.0,
    "100":0.0,
    "101":0.0,
    "102":0.0,
    "103":0.0,
    "104":0.0,
    "105":0.0,
    "106":0.0,
    "107":0.0,
    "108":0.0,
    "109":0.0,
    "110":0.0,
    "111":0.0,
    "112":0.0,
    "113":0.0,
    "114":0.0,
    "115":0.0,
    "116":0.0,
    "117":0.0,
    "118":0.0,
    "119":0.0171291538198013,
    "120":0.0,
    "121":0.0,
    "122":0.0,
    "123":0.0,
    "124":0.0,
    "125":0.0,
    "126":0.0,
    "127":0.0,
    "128":0.0
}