{
    "0":4.506621102093122,
    "1":2.926099957283212,
    "2":5.104656129859034,
    "3":3.9085860743272103,
    "4":3.32123024348569,
    "5":4.22896198205895,
    "6":5.286202477573687,
    "7":5.457069628363946,
    "8":5.659974369927381,
    "9":5.64929517300299,
    "10":4.560017086715079,
    "11":3.7483981204613417,
    "12":3.876548483554037,
    "13":3.0435711234515166,
    "14":2.4455360956856045,
    "15":2.167876975651431,
    "16":2.0397266125587357,
    "17":1.5378043571123452,
    "18":1.9222554463904313,
    "19":2.007689021785562,
    "20":1.794105083297736,
    "21":1.9436138402392138,
    "22":1.7834258863733448,
    "23":1.4096539940196497,
    "24":1.4310123878684322,
    "25":1.5057667663391714,
    "26":1.270824434002563,
    "27":1.1319948739854762,
    "28":1.2174284493806067,
    "29":1.0679196924391285,
    "30":1.0252029047415634,
    "31":1.1426740709098675,
    "32":0.7689021785561726,
    "33":0.6727894062366511,
    "34":0.822298163178129,
    "35":0.6087142246903033,
    "36":0.5339598462195643,
    "37":0.3844510892780863,
    "38":0.43784707390004274,
    "39":0.3630926954293037,
    "40":0.25630072618539085,
    "41":0.224263135412217,
    "42":0.2776591200341734,
    "43":0.18154634771465186,
    "44":0.25630072618539085,
    "45":0.224263135412217,
    "46":0.1388295600170867,
    "47":0.26697992310978214,
    "48":0.1388295600170867,
    "49":0.224263135412217,
    "50":0.1601879538658693,
    "51":0.10679196924391286,
    "52":0.149508756941478,
    "53":0.11747116616830414,
    "54":0.12815036309269542,
    "55":0.19222554463904315,
    "56":0.149508756941478,
    "57":0.08543357539513029,
    "58":0.10679196924391286,
    "59":0.224263135412217,
    "60":0.12815036309269542,
    "61":0.11747116616830414,
    "62":0.17086715079026057,
    "63":0.11747116616830414,
    "64":0.09611277231952157,
    "65":0.08543357539513029,
    "66":0.1601879538658693,
    "67":0.021358393848782572,
    "68":0.032037590773173856,
    "69":0.074754378470739,
    "70":0.06407518154634771,
    "71":0.074754378470739,
    "72":0.032037590773173856,
    "73":0.021358393848782572,
    "74":0.042716787697565144,
    "75":0.09611277231952157,
    "76":0.032037590773173856,
    "77":0.010679196924391286,
    "78":0.010679196924391286,
    "79":0.0,
    "80":0.0,
    "81":0.010679196924391286,
    "82":0.0,
    "83":0.0,
    "84":0.010679196924391286,
    "85":0.021358393848782572,
    "86":0.010679196924391286,
    "87":0.021358393848782572,
    "88":0.021358393848782572,
    "89":0.0,
    "90":0.021358393848782572,
    "91":0.032037590773173856,
    "92":0.010679196924391286,
    "93":0.0,
    "94":0.0,
    "95":0.0,
    "96":0.021358393848782572,
    "97":0.010679196924391286,
    "98":0.032037590773173856,
    "99":0.0,
    "100":0.0,
    "101":0.0,
    "102":0.0,
    "103":0.010679196924391286,
    "104":0.0,
    "105":0.0,
    "106":0.0,
    "107":0.0,
    "108":0.0,
    "109":0.0,
    "110":0.0,
    "111":0.0,
    "112":0.010679196924391286,
    "113":0.0,
    "114":0.0,
    "115":0.010679196924391286,
    "116":0.0,
    "117":0.0,
    "118":0.0,
    "119":0.0,
    "120":0.0,
    "121":0.0,
    "122":0.0,
    "123":0.0,
    "124":0.0,
    "125":0.021358393848782572,
    "126":0.010679196924391286,
    "127":0.0,
    "128":0.0,
    "129":0.0,
    "130":0.0,
    "131":0.0,
    "132":0.0,
    "133":0.0,
    "134":0.0
}