{
    "0":3.4936844934157483,
    "1":6.476753560870733,
    "2":5.697393173877989,
    "3":4.367105616769686,
    "4":1.8274657350174683,
    "5":2.2574576726686373,
    "6":2.324643912926633,
    "7":3.157753292125773,
    "8":3.695243214189734,
    "9":4.689599570008062,
    "10":4.367105616769686,
    "11":4.259607632356893,
    "12":3.843052942757323,
    "13":4.488040849234077,
    "14":4.273044880408492,
    "15":3.292125772641763,
    "16":3.0771298038161787,
    "17":2.579951625907014,
    "18":2.2037086804622414,
    "19":2.2037086804622414,
    "20":2.1230851921526472,
    "21":2.0021499596882557,
    "22":1.8543402311206665,
    "23":1.4243482934694973,
    "24":1.4243482934694973,
    "25":1.1018543402311207,
    "26":1.0749798441279226,
    "27":1.1556033324375168,
    "28":1.0212308519215265,
    "29":0.9809191077667294,
    "30":0.9809191077667294,
    "31":0.792797635044343,
    "32":0.7793603869927439,
    "33":0.9002956194571352,
    "34":0.819672131147541,
    "35":0.7793603869927439,
    "36":0.5240526740123622,
    "37":0.6046761623219565,
    "38":0.4971781779091642,
    "39":0.429991937651169,
    "40":0.44342918570276807,
    "41":0.5106154259607633,
    "42":0.38968019349637195,
    "43":0.32249395323837676,
    "44":0.2418704649287826,
    "45":0.2418704649287826,
    "46":0.26874496103198064,
    "47":0.30905670518677775,
    "48":0.41655468959957004,
    "49":0.2418704649287826,
    "50":0.41655468959957004,
    "51":0.22843321687718354,
    "52":0.2149959688255845,
    "53":0.10749798441279225,
    "54":0.16124697661918838,
    "55":0.16124697661918838,
    "56":0.1209352324643913,
    "57":0.14780972856758937,
    "58":0.1209352324643913,
    "59":0.08062348830959419,
    "60":0.13437248051599032,
    "61":0.08062348830959419,
    "62":0.013437248051599031,
    "63":0.06718624025799516,
    "64":0.053748992206396125,
    "65":0.026874496103198062,
    "66":0.06718624025799516,
    "67":0.013437248051599031,
    "68":0.09406073636119323,
    "69":0.040311744154797095,
    "70":0.040311744154797095,
    "71":0.040311744154797095,
    "72":0.053748992206396125,
    "73":0.013437248051599031,
    "74":0.0,
    "75":0.013437248051599031,
    "76":0.013437248051599031,
    "77":0.013437248051599031,
    "78":0.040311744154797095,
    "79":0.040311744154797095,
    "80":0.013437248051599031,
    "81":0.040311744154797095,
    "82":0.0,
    "83":0.013437248051599031,
    "84":0.026874496103198062,
    "85":0.0,
    "86":0.0,
    "87":0.013437248051599031,
    "88":0.013437248051599031,
    "89":0.0,
    "90":0.026874496103198062,
    "91":0.0,
    "92":0.0,
    "93":0.0,
    "94":0.0,
    "95":0.0,
    "96":0.0,
    "97":0.0,
    "98":0.0,
    "99":0.0
}