{
    "0":5.576697892271663,
    "1":1.712529274004684,
    "2":6.045081967213115,
    "3":4.508196721311475,
    "4":1.6100702576112413,
    "5":2.1955503512880563,
    "6":2.8834894613583137,
    "7":3.51288056206089,
    "8":4.259367681498829,
    "9":4.30327868852459,
    "10":4.932669789227166,
    "11":4.537470725995316,
    "12":3.5860655737704916,
    "13":3.454332552693208,
    "14":3.8056206088992974,
    "15":3.395784543325527,
    "16":3.000585480093677,
    "17":2.7956674473067915,
    "18":2.8542154566744733,
    "19":2.1662763466042154,
    "20":2.1662763466042154,
    "21":1.5368852459016393,
    "22":1.5807962529274004,
    "23":1.6832552693208431,
    "24":1.478337236533958,
    "25":1.375878220140515,
    "26":1.375878220140515,
    "27":1.375878220140515,
    "28":1.009953161592506,
    "29":1.214871194379391,
    "30":1.3466042154566744,
    "31":1.214871194379391,
    "32":1.4344262295081966,
    "33":1.1124121779859486,
    "34":0.8050351288056207,
    "35":0.6440281030444965,
    "36":0.7172131147540983,
    "37":0.702576112412178,
    "38":0.4098360655737705,
    "39":0.4537470725995316,
    "40":0.6586651053864169,
    "41":0.3805620608899297,
    "42":0.4537470725995316,
    "43":0.3805620608899297,
    "44":0.3366510538641686,
    "45":0.4244730679156909,
    "46":0.20491803278688525,
    "47":0.234192037470726,
    "48":0.2488290398126464,
    "49":0.19028103044496486,
    "50":0.16100702576112413,
    "51":0.117096018735363,
    "52":0.13173302107728338,
    "53":0.07318501170960189,
    "54":0.0585480093676815,
    "55":0.10245901639344263,
    "56":0.08782201405152225,
    "57":0.07318501170960189,
    "58":0.02927400468384075,
    "59":0.0585480093676815,
    "60":0.02927400468384075,
    "61":0.07318501170960189,
    "62":0.014637002341920375,
    "63":0.0,
    "64":0.0585480093676815,
    "65":0.02927400468384075,
    "66":0.0,
    "67":0.117096018735363,
    "68":0.014637002341920375,
    "69":0.07318501170960189,
    "70":0.0,
    "71":0.014637002341920375,
    "72":0.014637002341920375,
    "73":0.014637002341920375,
    "74":0.014637002341920375,
    "75":0.014637002341920375,
    "76":0.0,
    "77":0.014637002341920375,
    "78":0.043911007025761124,
    "79":0.0,
    "80":0.014637002341920375,
    "81":0.043911007025761124,
    "82":0.0,
    "83":0.02927400468384075,
    "84":0.02927400468384075,
    "85":0.014637002341920375,
    "86":0.02927400468384075,
    "87":0.0,
    "88":0.0585480093676815,
    "89":0.0,
    "90":0.0,
    "91":0.0,
    "92":0.02927400468384075,
    "93":0.0,
    "94":0.014637002341920375,
    "95":0.0,
    "96":0.014637002341920375,
    "97":0.0,
    "98":0.0,
    "99":0.0,
    "100":0.0,
    "101":0.0,
    "102":0.0,
    "103":0.0,
    "104":0.0,
    "105":0.0
}