{
    "0":[
        [
            -1.461356537923885,
            -48.472231957062846,
            "300000000001",
            "0"
        ]
    ],
    "1":[
        [
            -1.4595002533623405,
            -48.47173557938612,
            "300000000002",
            "3"
        ]
    ],
    "10":[
        [
            -1.4619087105513109,
            -48.46829896256468,
            "300000000011",
            "3"
        ]
    ],
    "11":[
        [
            -1.4590770993353805,
            -48.470393269057595,
            "300000000012",
            "4"
        ]
    ],
    "12":[
        [
            -1.4618950262034787,
            -48.46849595019618,
            "300000000013",
            "4"
        ]
    ],
    "13":[
        [
            -1.4578310263221244,
            -48.46812065870227,
            "300000000014",
            "1"
        ]
    ],
    "14":[
        [
            -1.4545187249536344,
            -48.47049807360435,
            "300000000015",
            "5"
        ]
    ],
    "15":[
        [
            -1.460031654539738,
            -48.469734644222754,
            "300000000016",
            "2"
        ]
    ],
    "16":[
        [
            -1.4634789607838883,
            -48.469135051368575,
            "300000000017",
            "1"
        ]
    ],
    "17":[
        [
            -1.462941516049733,
            -48.47092246344006,
            "300000000018",
            "3"
        ]
    ],
    "18":[
        [
            -1.459668821807973,
            -48.472653592255114,
            "300000000019",
            "4"
        ]
    ],
    "19":[
        [
            -1.4617343876049398,
            -48.4652227574897,
            "300000000020",
            "4"
        ]
    ],
    "2":[
        [
            -1.4634200663147403,
            -48.4694073138988,
            "300000000003",
            "1"
        ]
    ],
    "20":[
        [
            -1.4581463159125008,
            -48.466549952658816,
            "3761153426",
            "5"
        ]
    ],
    "21":[
        [
            -1.4611892303493315,
            -48.47216681575993,
            "300000000022",
            "0"
        ]
    ],
    "22":[
        [
            -1.4584665814813638,
            -48.466713545433755,
            "300000000023",
            "3"
        ]
    ],
    "23":[
        [
            -1.4577373732765029,
            -48.46913256732465,
            "300000000024",
            "0"
        ]
    ],
    "3":[
        [
            -1.4604157199374688,
            -48.46935993090288,
            "300000000004",
            "4"
        ]
    ],
    "4":[
        [
            -1.462045806894281,
            -48.470998089086706,
            "300000000005",
            "3"
        ]
    ],
    "5":[
        [
            -1.458535104286637,
            -48.47090135598034,
            "300000000006",
            "0"
        ]
    ],
    "6":[
        [
            -1.4608847008374357,
            -48.46957887987724,
            "300000000007",
            "3"
        ]
    ],
    "7":[
        [
            -1.4593102189348708,
            -48.471495854061295,
            "9019493503",
            "4"
        ]
    ],
    "8":[
        [
            -1.4594228360094663,
            -48.46977813177869,
            "300000000009",
            "1"
        ]
    ],
    "9":[
        [
            -1.4569655416239613,
            -48.46973363390563,
            "9019148986",
            "0"
        ]
    ],
    "total_length":6124.191375457112,
    "total_time":1.9278051853179932
}