{
    "0":2.3471179945712914,
    "1":4.263132684017244,
    "2":6.897652882005429,
    "3":7.472457288839214,
    "4":4.502634520197988,
    "5":1.7882803768162223,
    "6":2.6664537761456173,
    "7":2.091649369311831,
    "8":2.9857895577199427,
    "9":2.5546862525946032,
    "10":3.0975570812709563,
    "11":3.3210921283729844,
    "12":3.76816222257704,
    "13":3.6563946990260257,
    "14":3.273191761136835,
    "15":3.129490659428389,
    "16":2.251317260098994,
    "17":2.3151844164138593,
    "18":2.2832508382564267,
    "19":1.8681143222098036,
    "20":1.7244132205013571,
    "21":1.2613763372185853,
    "22":1.2613763372185853,
    "23":1.1975091809037202,
    "24":1.2134759699824365,
    "25":1.5487785406354782,
    "26":1.4050774389270317,
    "27":1.3412102826121666,
    "28":1.0857416573527063,
    "29":1.1336420245888552,
    "30":1.1496088136675713,
    "31":0.7344722976209485,
    "32":0.9739741338016925,
    "33":0.7664058757783809,
    "34":0.9260737665655436,
    "35":0.94204055564426,
    "36":0.6546383522273671,
    "37":0.9260737665655436,
    "38":0.6706051413060833,
    "39":0.8622066102506786,
    "40":1.0059077119591249,
    "41":0.5588376177550695,
    "42":0.8781733993293949,
    "43":0.7983394539358136,
    "44":0.7185055085422322,
    "45":0.7504390866996646,
    "46":0.5109372505189207,
    "47":0.6546383522273671,
    "48":0.4311033051253393,
    "49":0.2714354143381766,
    "50":0.23950183618074405,
    "51":0.2235350471020278,
    "52":0.1437011017084464,
    "53":0.3193357815743254,
    "54":0.23950183618074405,
    "55":0.2714354143381766,
    "56":0.2235350471020278,
    "57":0.19160146894459523,
    "58":0.2874022034168928,
    "59":0.2235350471020278,
    "60":0.20756825802331152,
    "61":0.17563467986587897,
    "62":0.12773431262973017,
    "63":0.19160146894459523,
    "64":0.19160146894459523,
    "65":0.1596678907871627,
    "66":0.12773431262973017,
    "67":0.1437011017084464,
    "68":0.17563467986587897,
    "69":0.20756825802331152,
    "70":0.20756825802331152,
    "71":0.06386715631486509,
    "72":0.1117675235510139,
    "73":0.1117675235510139,
    "74":0.03193357815743254,
    "75":0.1596678907871627,
    "76":0.01596678907871627,
    "77":0.07983394539358135,
    "78":0.01596678907871627,
    "79":0.01596678907871627,
    "80":0.01596678907871627,
    "81":0.04790036723614881,
    "82":0.0,
    "83":0.04790036723614881,
    "84":0.07983394539358135,
    "85":0.0,
    "86":0.0,
    "87":0.0,
    "88":0.0,
    "89":0.0,
    "90":0.0,
    "91":0.0,
    "92":0.0,
    "93":0.0,
    "94":0.0,
    "95":0.0,
    "96":0.0,
    "97":0.0,
    "98":0.0,
    "99":0.0,
    "100":0.0,
    "101":0.0,
    "102":0.0,
    "103":0.0,
    "104":0.0,
    "105":0.0,
    "106":0.0,
    "107":0.0,
    "108":0.0,
    "109":0.0,
    "110":0.0,
    "111":0.0,
    "112":0.0,
    "113":0.0,
    "114":0.0,
    "115":0.0,
    "116":0.0,
    "117":0.0,
    "118":0.0,
    "119":0.0,
    "120":0.0,
    "121":0.0,
    "122":0.0,
    "123":0.0,
    "124":0.0,
    "125":0.0,
    "126":0.0,
    "127":0.0,
    "128":0.0,
    "129":0.01596678907871627,
    "130":0.0,
    "131":0.0,
    "132":0.0,
    "133":0.01596678907871627,
    "134":0.0,
    "135":0.0,
    "136":0.0,
    "137":0.0,
    "138":0.0,
    "139":0.0,
    "140":0.0,
    "141":0.0
}