{
    "0":2.4424480628860192,
    "1":5.348119034250421,
    "2":6.457046603032005,
    "3":3.3408197641774287,
    "4":1.8528916339135317,
    "5":2.498596294216732,
    "6":3.2285233015160024,
    "7":3.1583380123526106,
    "8":2.8354856822010106,
    "9":3.0881527231892196,
    "10":2.51263335204941,
    "11":2.6670409882088713,
    "12":2.0774845592363844,
    "13":2.2038180797304885,
    "14":2.2599663110612016,
    "15":2.5407074677147667,
    "16":2.5266704098820885,
    "17":2.5407074677147667,
    "18":2.4564851207186975,
    "19":1.9230769230769231,
    "20":2.358225715889949,
    "21":2.1476698483997754,
    "22":2.5407074677147667,
    "23":2.386299831555306,
    "24":2.0494104435710274,
    "25":1.712521055586749,
    "26":1.8107804604154971,
    "27":1.9371139809096014,
    "28":1.2212240314430096,
    "29":0.9545199326221224,
    "30":0.9545199326221224,
    "31":0.9264458169567659,
    "32":1.1510387422796182,
    "33":0.6597417181358787,
    "34":0.8141493542953397,
    "35":0.6457046603032005,
    "36":0.8001122964626615,
    "37":0.617630544637844,
    "38":0.7580011229646266,
    "39":0.9124087591240875,
    "40":0.7158899494665918,
    "41":0.4351487928130264,
    "42":0.5053340819764177,
    "43":0.308815272318922,
    "44":0.5334081976417743,
    "45":0.5334081976417743,
    "46":0.5614823133071308,
    "47":0.3368893879842785,
    "48":0.4772599663110612,
    "49":0.4491858506457047,
    "50":0.5755193711398091,
    "51":0.5193711398090961,
    "52":0.40707467714766987,
    "53":0.39303761931499154,
    "54":0.39303761931499154,
    "55":0.4211117349803481,
    "56":0.4772599663110612,
    "57":0.3790005614823133,
    "58":0.40707467714766987,
    "59":0.35092644581695676,
    "60":0.2386299831555306,
    "61":0.2386299831555306,
    "62":0.26670409882088714,
    "63":0.11229646266142618,
    "64":0.21055586749017405,
    "65":0.1403705783267827,
    "66":0.1403705783267827,
    "67":0.21055586749017405,
    "68":0.16844469399213924,
    "69":0.16844469399213924,
    "70":0.18248175182481752,
    "71":0.1403705783267827,
    "72":0.154407636159461,
    "73":0.12633352049410443,
    "74":0.19651880965749577,
    "75":0.12633352049410443,
    "76":0.12633352049410443,
    "77":0.1403705783267827,
    "78":0.1403705783267827,
    "79":0.12633352049410443,
    "80":0.04211117349803481,
    "81":0.2386299831555306,
    "82":0.11229646266142618,
    "83":0.12633352049410443,
    "84":0.18248175182481752,
    "85":0.25266704098820886,
    "86":0.1403705783267827,
    "87":0.1403705783267827,
    "88":0.08422234699606962,
    "89":0.07018528916339135,
    "90":0.05614823133071309,
    "91":0.07018528916339135,
    "92":0.04211117349803481,
    "93":0.04211117349803481,
    "94":0.11229646266142618,
    "95":0.04211117349803481,
    "96":0.028074115665356544,
    "97":0.07018528916339135,
    "98":0.0,
    "99":0.014037057832678272,
    "100":0.0,
    "101":0.014037057832678272,
    "102":0.0,
    "103":0.014037057832678272,
    "104":0.028074115665356544,
    "105":0.0,
    "106":0.014037057832678272,
    "107":0.0,
    "108":0.014037057832678272,
    "109":0.0,
    "110":0.0,
    "111":0.028074115665356544,
    "112":0.0,
    "113":0.0,
    "114":0.014037057832678272,
    "115":0.014037057832678272,
    "116":0.0,
    "117":0.0,
    "118":0.014037057832678272,
    "119":0.0,
    "120":0.028074115665356544,
    "121":0.09825940482874788,
    "122":0.0,
    "123":0.0,
    "124":0.0,
    "125":0.0,
    "126":0.0,
    "127":0.0,
    "128":0.0,
    "129":0.0,
    "130":0.0
}