{
    "0":4.4008827729456055,
    "1":7.996884330780215,
    "2":9.502791120342724,
    "3":4.439828638192911,
    "4":3.388290276515643,
    "5":2.66130079189926,
    "6":2.8949759833830977,
    "7":4.374918862780735,
    "8":4.959106841490328,
    "9":4.8682331559132805,
    "10":5.062962482149811,
    "11":4.271063222121251,
    "12":3.894586524730624,
    "13":2.9728677138777098,
    "14":3.1286511748669352,
    "15":1.9602752174477476,
    "16":2.025184992859925,
    "17":1.5837985200571205,
    "18":1.531870699727379,
    "19":1.4799428793976372,
    "20":1.3890691938205892,
    "21":1.4280150590678955,
    "22":1.311177463325977,
    "23":1.3890691938205892,
    "24":1.1813579125016227,
    "25":0.9217188108529145,
    "26":0.908736855770479,
    "27":1.0775022718421394,
    "28":0.9606646761002208,
    "29":0.8568090354407374,
    "30":0.8827729456056082,
    "31":0.7529533947812541,
    "32":0.6750616642866416,
    "33":0.7659353498636895,
    "34":0.5841879787095936,
    "35":0.7010255744515124,
    "36":0.7269894846163832,
    "37":0.6490977541217707,
    "38":0.38945865247306244,
    "39":0.4803323380501104,
    "40":0.6490977541217707,
    "41":0.4543684278852395,
    "42":0.5452421134622875,
    "43":0.3375308321433208,
    "44":0.15578346098922496,
    "45":0.19472932623653122,
    "46":0.2596391016487083,
    "47":0.1817473711540958,
    "48":0.15578346098922496,
    "49":0.22069323640140204,
    "50":0.10385564065948333,
    "51":0.1687654160716604,
    "52":0.025963910164870832,
    "53":0.11683759574191872,
    "54":0.15578346098922496,
    "55":0.07789173049461248,
    "56":0.03894586524730624,
    "57":0.07789173049461248,
    "58":0.10385564065948333,
    "59":0.03894586524730624,
    "60":0.012981955082435416,
    "61":0.03894586524730624,
    "62":0.025963910164870832,
    "63":0.012981955082435416,
    "64":0.012981955082435416,
    "65":0.03894586524730624,
    "66":0.025963910164870832,
    "67":0.025963910164870832,
    "68":0.051927820329741664,
    "69":0.025963910164870832,
    "70":0.025963910164870832,
    "71":0.025963910164870832,
    "72":0.012981955082435416,
    "73":0.0,
    "74":0.012981955082435416,
    "75":0.012981955082435416,
    "76":0.0,
    "77":0.051927820329741664,
    "78":0.012981955082435416,
    "79":0.012981955082435416,
    "80":0.0,
    "81":0.012981955082435416,
    "82":0.03894586524730624,
    "83":0.0,
    "84":0.0,
    "85":0.0,
    "86":0.0,
    "87":0.0,
    "88":0.012981955082435416,
    "89":0.0,
    "90":0.0,
    "91":0.0,
    "92":0.0,
    "93":0.0,
    "94":0.0,
    "95":0.0,
    "96":0.0
}