{
    "0":6.112882055128446,
    "1":1.8282392649540595,
    "2":2.915807237952372,
    "3":2.962685167822989,
    "4":5.147196699793737,
    "5":4.46277892368273,
    "6":4.4909056816051,
    "7":3.9471216951059445,
    "8":4.425276579786237,
    "9":4.087755484717795,
    "10":4.247140446277893,
    "11":3.9096193512094506,
    "12":3.6377273579598723,
    "13":3.7408588036752297,
    "14":3.6471029439339957,
    "15":3.4314644665291585,
    "16":3.1220701293830864,
    "17":2.8033002062628913,
    "18":2.8501781361335086,
    "19":2.2595162197637353,
    "20":2.2126382898931185,
    "21":2.568910556909807,
    "22":1.9688730545659103,
    "23":2.1470091880742546,
    "24":1.959497468591787,
    "25":1.5094693418338645,
    "26":1.4250890680667543,
    "27":1.3032064504031502,
    "28":1.2938308644290268,
    "29":1.1344459028689293,
    "30":0.8813050815675979,
    "31":0.8250515657228576,
    "32":0.8625539096193511,
    "33":0.7875492218263641,
    "34":0.6187886742921432,
    "35":0.35627226701668857,
    "36":0.22501406337896118,
    "37":0.23438964935308457,
    "38":0.1687605475342209,
    "39":0.1593849615600975,
    "40":0.2531408213013313,
    "41":0.19688730545659103,
    "42":0.2718919932495781,
    "43":0.2062628914307144,
    "44":0.18751171948246764,
    "45":0.23438964935308457,
    "46":0.14063378961185075,
    "47":0.18751171948246764,
    "48":0.11250703168948059,
    "49":0.12188261766360396,
    "50":0.1031314457153572,
    "51":0.1031314457153572,
    "52":0.018751171948246766,
    "53":0.13125820363772736,
    "54":0.06562910181886368,
    "55":0.06562910181886368,
    "56":0.1031314457153572,
    "57":0.03750234389649353,
    "58":0.08438027376711045,
    "59":0.09375585974123382,
    "60":0.018751171948246766,
    "61":0.018751171948246766,
    "62":0.028126757922370148,
    "63":0.07500468779298707,
    "64":0.04687792987061691,
    "65":0.04687792987061691,
    "66":0.03750234389649353,
    "67":0.03750234389649353,
    "68":0.028126757922370148,
    "69":0.009375585974123383,
    "70":0.009375585974123383,
    "71":0.009375585974123383,
    "72":0.009375585974123383,
    "73":0.0,
    "74":0.009375585974123383,
    "75":0.009375585974123383,
    "76":0.0,
    "77":0.0,
    "78":0.0,
    "79":0.018751171948246766,
    "80":0.009375585974123383,
    "81":0.0,
    "82":0.018751171948246766,
    "83":0.03750234389649353,
    "84":0.0,
    "85":0.009375585974123383,
    "86":0.018751171948246766,
    "87":0.0,
    "88":0.009375585974123383,
    "89":0.0,
    "90":0.009375585974123383,
    "91":0.0,
    "92":0.009375585974123383,
    "93":0.0,
    "94":0.0,
    "95":0.0,
    "96":0.0,
    "97":0.0,
    "98":0.0,
    "99":0.018751171948246766,
    "100":0.0,
    "101":0.0,
    "102":0.009375585974123383,
    "103":0.0,
    "104":0.0,
    "105":0.0,
    "106":0.0,
    "107":0.0,
    "108":0.0,
    "109":0.0,
    "110":0.009375585974123383,
    "111":0.0,
    "112":0.0,
    "113":0.009375585974123383,
    "114":0.0,
    "115":0.0,
    "116":0.009375585974123383,
    "117":0.0,
    "118":0.0,
    "119":0.0,
    "120":0.0,
    "121":0.0,
    "122":0.0,
    "123":0.0,
    "124":0.009375585974123383,
    "125":0.009375585974123383,
    "126":0.0,
    "127":0.0,
    "128":0.0,
    "129":0.0,
    "130":0.0,
    "131":0.0,
    "132":0.0,
    "133":0.0,
    "134":0.0
}