{
    "0":3.0468013820542352,
    "1":4.9523610093183965,
    "2":3.1933828918437857,
    "3":2.586116637001361,
    "4":2.7955187938435766,
    "5":2.8059889016856876,
    "6":3.2562035388964508,
    "7":4.366034970160192,
    "8":4.617317558370851,
    "9":5.402575646529159,
    "10":5.350225107318606,
    "11":5.800439744529369,
    "12":5.025651764213172,
    "13":4.292744215265417,
    "14":3.9158203329494294,
    "15":3.8634697937388753,
    "16":3.0363312742121242,
    "17":2.6803476075803583,
    "18":2.3034237252643703,
    "19":1.8636791958957177,
    "20":1.8113286566851639,
    "21":1.7485080096324994,
    "22":1.6438069312113914,
    "23":1.204062401842739,
    "24":1.1203015391058528,
    "25":0.9946602450005235,
    "26":0.8166684116846403,
    "27":0.785258088158308,
    "28":0.7538477646319758,
    "29":0.5339754999476495,
    "30":0.6282064705266465,
    "31":0.7014972254214219,
    "32":0.7119673332635327,
    "33":0.5653858234739818,
    "34":0.48162496073709554,
    "35":0.6596167940529788,
    "36":0.6072662548424249,
    "37":0.6805570097372003,
    "38":0.5967961470003141,
    "39":0.48162496073709554,
    "40":0.5130352842634279,
    "41":0.30363312742121246,
    "42":0.34551355878965556,
    "43":0.42927442152654166,
    "44":0.35598366663176634,
    "45":0.31410323526332323,
    "46":0.2722228038948801,
    "47":0.2826929117369909,
    "48":0.20940215684221547,
    "49":0.230342372526437,
    "50":0.1256412941053293,
    "51":0.1256412941053293,
    "52":0.0418804313684431,
    "53":0.13611140194744006,
    "54":0.0837608627368862,
    "55":0.05235053921055387,
    "56":0.0418804313684431,
    "57":0.0837608627368862,
    "58":0.15705161763166162,
    "59":0.10470107842110773,
    "60":0.07329075489477542,
    "61":0.10470107842110773,
    "62":0.10470107842110773,
    "63":0.09423097057899697,
    "64":0.0837608627368862,
    "65":0.05235053921055387,
    "66":0.07329075489477542,
    "67":0.1151711862632185,
    "68":0.06282064705266464,
    "69":0.06282064705266464,
    "70":0.06282064705266464,
    "71":0.07329075489477542,
    "72":0.07329075489477542,
    "73":0.0418804313684431,
    "74":0.07329075489477542,
    "75":0.1151711862632185,
    "76":0.010470107842110775,
    "77":0.10470107842110773,
    "78":0.06282064705266464,
    "79":0.07329075489477542,
    "80":0.06282064705266464,
    "81":0.03141032352633232,
    "82":0.03141032352633232,
    "83":0.0418804313684431,
    "84":0.06282064705266464,
    "85":0.0418804313684431,
    "86":0.06282064705266464,
    "87":0.0418804313684431,
    "88":0.0837608627368862,
    "89":0.0418804313684431,
    "90":0.09423097057899697,
    "91":0.09423097057899697,
    "92":0.0418804313684431,
    "93":0.07329075489477542,
    "94":0.06282064705266464,
    "95":0.02094021568422155,
    "96":0.010470107842110775,
    "97":0.02094021568422155,
    "98":0.05235053921055387,
    "99":0.0418804313684431,
    "100":0.0418804313684431,
    "101":0.010470107842110775,
    "102":0.07329075489477542,
    "103":0.010470107842110775,
    "104":0.010470107842110775,
    "105":0.05235053921055387,
    "106":0.0418804313684431,
    "107":0.07329075489477542,
    "108":0.0418804313684431,
    "109":0.010470107842110775,
    "110":0.05235053921055387,
    "111":0.07329075489477542,
    "112":0.010470107842110775,
    "113":0.010470107842110775,
    "114":0.0,
    "115":0.0,
    "116":0.0,
    "117":0.0,
    "118":0.0,
    "119":0.0,
    "120":0.0,
    "121":0.0,
    "122":0.0,
    "123":0.02094021568422155,
    "124":0.0418804313684431,
    "125":0.0,
    "126":0.0,
    "127":0.0,
    "128":0.0,
    "129":0.0,
    "130":0.0,
    "131":0.0,
    "132":0.0,
    "133":0.0
}