{
    "0":1.2676462114664362,
    "1":6.568712186689715,
    "2":4.119850187265917,
    "3":7.288965715932008,
    "4":6.050129645635264,
    "5":3.9469893402477676,
    "6":2.5352924229328724,
    "7":1.3540766349755113,
    "8":1.181215787957361,
    "9":2.2183808700662633,
    "10":1.8726591760299627,
    "11":2.5064822817631804,
    "12":2.5064822817631804,
    "13":1.9014693171996542,
    "14":2.304811293575338,
    "15":2.304811293575338,
    "16":2.564102564102564,
    "17":1.6709881878421202,
    "18":1.6421780466724287,
    "19":1.7862287525208873,
    "20":2.045520023048113,
    "21":1.6421780466724287,
    "22":1.4405070584845865,
    "23":1.7574186113511956,
    "24":1.8150388936905792,
    "25":1.930279458369346,
    "26":2.1319504465571884,
    "27":1.584557764333045,
    "28":1.3540766349755113,
    "29":1.382886776145203,
    "30":0.7490636704119851,
    "31":0.7202535292422932,
    "32":0.8931143762604437,
    "33":0.547392682224143,
    "34":0.7778738115816767,
    "35":0.7490636704119851,
    "36":0.8354940939210601,
    "37":0.8354940939210601,
    "38":0.6338231057332181,
    "39":0.6914433880726015,
    "40":0.7778738115816767,
    "41":0.7490636704119851,
    "42":0.6914433880726015,
    "43":0.6338231057332181,
    "44":0.6338231057332181,
    "45":0.547392682224143,
    "46":0.40334197637568425,
    "47":0.31691155286660905,
    "48":0.5185825410544511,
    "49":0.5762028233938346,
    "50":0.6626332469029098,
    "51":0.2881014116969173,
    "52":0.4609622587150677,
    "53":0.20167098818784213,
    "54":0.17286084701815038,
    "55":0.37453183520599254,
    "56":0.05762028233938346,
    "57":0.17286084701815038,
    "58":0.25929127052722556,
    "59":0.17286084701815038,
    "60":0.17286084701815038,
    "61":0.31691155286660905,
    "62":0.11524056467876692,
    "63":0.2881014116969173,
    "64":0.37453183520599254,
    "65":0.31691155286660905,
    "66":0.20167098818784213,
    "67":0.34572169403630076,
    "68":0.2881014116969173,
    "69":0.08643042350907519,
    "70":0.17286084701815038,
    "71":0.05762028233938346,
    "72":0.14405070584845864,
    "73":0.20167098818784213,
    "74":0.2881014116969173,
    "75":0.23048112935753384,
    "76":0.23048112935753384,
    "77":0.08643042350907519,
    "78":0.05762028233938346,
    "79":0.08643042350907519,
    "80":0.08643042350907519,
    "81":0.25929127052722556,
    "82":0.31691155286660905,
    "83":0.11524056467876692,
    "84":0.08643042350907519,
    "85":0.11524056467876692,
    "86":0.11524056467876692,
    "87":0.05762028233938346,
    "88":0.05762028233938346,
    "89":0.11524056467876692,
    "90":0.14405070584845864,
    "91":0.17286084701815038,
    "92":0.20167098818784213,
    "93":0.14405070584845864,
    "94":0.17286084701815038,
    "95":0.14405070584845864,
    "96":0.11524056467876692,
    "97":0.02881014116969173,
    "98":0.02881014116969173,
    "99":0.05762028233938346,
    "100":0.08643042350907519,
    "101":0.20167098818784213,
    "102":0.08643042350907519,
    "103":0.0,
    "104":0.11524056467876692,
    "105":0.05762028233938346,
    "106":0.11524056467876692,
    "107":0.08643042350907519,
    "108":0.02881014116969173,
    "109":0.08643042350907519,
    "110":0.11524056467876692,
    "111":0.08643042350907519,
    "112":0.08643042350907519,
    "113":0.0,
    "114":0.02881014116969173,
    "115":0.17286084701815038,
    "116":0.0,
    "117":0.11524056467876692,
    "118":0.11524056467876692,
    "119":0.02881014116969173,
    "120":0.02881014116969173,
    "121":0.08643042350907519,
    "122":0.08643042350907519,
    "123":0.02881014116969173,
    "124":0.05762028233938346,
    "125":0.02881014116969173,
    "126":0.17286084701815038,
    "127":0.02881014116969173,
    "128":0.02881014116969173,
    "129":0.05762028233938346,
    "130":0.11524056467876692,
    "131":0.0,
    "132":0.0,
    "133":0.0,
    "134":0.0,
    "135":0.0,
    "136":0.02881014116969173,
    "137":0.05762028233938346,
    "138":0.0,
    "139":0.0,
    "140":0.0,
    "141":0.0,
    "142":0.0,
    "143":0.0,
    "144":0.02881014116969173,
    "145":0.0,
    "146":0.14405070584845864,
    "147":0.0,
    "148":0.0,
    "149":0.0,
    "150":0.0,
    "151":0.0,
    "152":0.0,
    "153":0.0,
    "154":0.0,
    "155":0.0,
    "156":0.0,
    "157":0.0,
    "158":0.0,
    "159":0.0,
    "160":0.0,
    "161":0.0,
    "162":0.0,
    "163":0.0,
    "164":0.0,
    "165":0.0,
    "166":0.0,
    "167":0.0,
    "168":0.0,
    "169":0.0,
    "170":0.0,
    "171":0.0,
    "172":0.0,
    "173":0.0,
    "174":0.0,
    "175":0.0,
    "176":0.0,
    "177":0.0,
    "178":0.0,
    "179":0.0,
    "180":0.0,
    "181":0.0,
    "182":0.0,
    "183":0.0,
    "184":0.0,
    "185":0.0,
    "186":0.0,
    "187":0.0,
    "188":0.0,
    "189":0.0,
    "190":0.0,
    "191":0.0,
    "192":0.0,
    "193":0.0,
    "194":0.0,
    "195":0.0,
    "196":0.0,
    "197":0.0,
    "198":0.0,
    "199":0.0,
    "200":0.0,
    "201":0.0,
    "202":0.0,
    "203":0.0,
    "204":0.0,
    "205":0.0,
    "206":0.0,
    "207":0.0,
    "208":0.0,
    "209":0.0,
    "210":0.0,
    "211":0.0,
    "212":0.0,
    "213":0.0,
    "214":0.0,
    "215":0.0,
    "216":0.0,
    "217":0.0,
    "218":0.0,
    "219":0.0,
    "220":0.0,
    "221":0.0,
    "222":0.0,
    "223":0.0,
    "224":0.0,
    "225":0.0,
    "226":0.0,
    "227":0.0,
    "228":0.0,
    "229":0.0,
    "230":0.0,
    "231":0.0,
    "232":0.0,
    "233":0.0,
    "234":0.0,
    "235":0.0,
    "236":0.0,
    "237":0.0,
    "238":0.0,
    "239":0.0,
    "240":0.0,
    "241":0.0,
    "242":0.0,
    "243":0.0,
    "244":0.0,
    "245":0.02881014116969173,
    "246":0.0,
    "247":0.0,
    "248":0.0,
    "249":0.0,
    "250":0.0,
    "251":0.0,
    "252":0.0,
    "253":0.0,
    "254":0.0
}