{
    "0":[
        [
            -19.92429543268961,
            -43.94579668530963,
            "300000000001",
            "0"
        ]
    ],
    "1":[
        [
            -19.92339044770965,
            -43.94284925573825,
            "300000000002",
            "3"
        ]
    ],
    "10":[
        [
            -19.919399811327363,
            -43.94294243737841,
            "300000000011",
            "3"
        ]
    ],
    "11":[
        [
            -19.918365344423897,
            -43.943511829821794,
            "300000000012",
            "0"
        ]
    ],
    "2":[
        [
            -19.918553160568244,
            -43.94514585303742,
            "300000000003",
            "1"
        ]
    ],
    "3":[
        [
            -19.919660460946638,
            -43.94433140919369,
            "300000000004",
            "4"
        ]
    ],
    "4":[
        [
            -19.91623394741816,
            -43.94114373021255,
            "300000000005",
            "3"
        ]
    ],
    "5":[
        [
            -19.919507713886397,
            -43.94245487777747,
            "300000000006",
            "0"
        ]
    ],
    "6":[
        [
            -19.921708574185885,
            -43.94614064029156,
            "300000000007",
            "3"
        ]
    ],
    "7":[
        [
            -19.917985855606474,
            -43.942674402714,
            "29145509",
            "4"
        ]
    ],
    "8":[
        [
            -19.92250329325612,
            -43.94368135698337,
            "300000000009",
            "1"
        ]
    ],
    "9":[
        [
            -19.91933520609157,
            -43.94351548847787,
            "300000000010",
            "0"
        ]
    ],
    "total_length":3370.693700174042,
    "total_time":0.9502320289611816
}