{
    "0":1.4701951349906441,
    "1":3.1809676557070303,
    "2":0.24057738572574178,
    "3":1.871157444533547,
    "4":5.7203956161454155,
    "5":4.9452018176958035,
    "6":5.025394279604384,
    "7":3.0473135525260626,
    "8":2.6463512429831595,
    "9":3.581929965249933,
    "10":3.421545041432772,
    "11":4.223469660518578,
    "12":3.10077519379845,
    "13":3.020582731889869,
    "14":2.967121090617482,
    "15":2.245388933440257,
    "16":2.0850040096230953,
    "17":1.8978882651697406,
    "18":2.0048115477145148,
    "19":1.1761561079925154,
    "20":1.3365410318096766,
    "21":1.3900026730820636,
    "22":1.1761561079925154,
    "23":1.309810211173483,
    "24":1.256348569901096,
    "25":1.6038492381716118,
    "26":1.3900026730820636,
    "27":1.4167334937182572,
    "28":1.0425020048115476,
    "29":1.015771184175354,
    "30":1.309810211173483,
    "31":0.8286554397219994,
    "32":1.3365410318096766,
    "33":1.1494252873563218,
    "34":0.9355787222667735,
    "35":0.48115477145148355,
    "36":0.5613472333600642,
    "37":0.6415396952686447,
    "38":0.4276931301790965,
    "39":0.7217321571772253,
    "40":0.40096230954290296,
    "41":0.5613472333600642,
    "42":0.40096230954290296,
    "43":0.6682705159048383,
    "44":0.5613472333600642,
    "45":0.6682705159048383,
    "46":0.7217321571772253,
    "47":0.5346164127238706,
    "48":0.32076984763432237,
    "49":0.48115477145148355,
    "50":0.4276931301790965,
    "51":0.48115477145148355,
    "52":0.5613472333600642,
    "53":0.5613472333600642,
    "54":0.45442395081529,
    "55":0.5880780539962577,
    "56":0.7484629778134189,
    "57":0.507885592087677,
    "58":0.48115477145148355,
    "59":0.507885592087677,
    "60":0.40096230954290296,
    "61":0.32076984763432237,
    "62":0.45442395081529,
    "63":0.48115477145148355,
    "64":0.37423148890670943,
    "65":0.32076984763432237,
    "66":0.21384656508954825,
    "67":0.13365410318096765,
    "68":0.32076984763432237,
    "69":0.3475006682705159,
    "70":0.05346164127238706,
    "71":0.21384656508954825,
    "72":0.2673082063619353,
    "73":0.29403902699812884,
    "74":0.37423148890670943,
    "75":0.3475006682705159,
    "76":0.05346164127238706,
    "77":0.2673082063619353,
    "78":0.16038492381716118,
    "79":0.2673082063619353,
    "80":0.21384656508954825,
    "81":0.18711574445335472,
    "82":0.10692328254477412,
    "83":0.10692328254477412,
    "84":0.2673082063619353,
    "85":0.10692328254477412,
    "86":0.02673082063619353,
    "87":0.18711574445335472,
    "88":0.21384656508954825,
    "89":0.08019246190858059,
    "90":0.13365410318096765,
    "91":0.16038492381716118,
    "92":0.10692328254477412,
    "93":0.2673082063619353,
    "94":0.08019246190858059,
    "95":0.08019246190858059,
    "96":0.05346164127238706,
    "97":0.05346164127238706,
    "98":0.10692328254477412,
    "99":0.02673082063619353,
    "100":0.05346164127238706,
    "101":0.02673082063619353,
    "102":0.0,
    "103":0.08019246190858059,
    "104":0.05346164127238706,
    "105":0.10692328254477412,
    "106":0.10692328254477412,
    "107":0.05346164127238706,
    "108":0.05346164127238706,
    "109":0.18711574445335472,
    "110":0.08019246190858059,
    "111":0.08019246190858059,
    "112":0.13365410318096765,
    "113":0.05346164127238706,
    "114":0.0,
    "115":0.08019246190858059,
    "116":0.0,
    "117":0.24057738572574178,
    "118":0.02673082063619353,
    "119":0.0,
    "120":0.08019246190858059,
    "121":0.02673082063619353,
    "122":0.0,
    "123":0.0,
    "124":0.05346164127238706,
    "125":0.05346164127238706,
    "126":0.02673082063619353,
    "127":0.0,
    "128":0.0,
    "129":0.02673082063619353,
    "130":0.02673082063619353,
    "131":0.0,
    "132":0.0,
    "133":0.0,
    "134":0.02673082063619353,
    "135":0.08019246190858059,
    "136":0.0,
    "137":0.08019246190858059,
    "138":0.0,
    "139":0.0,
    "140":0.0,
    "141":0.0,
    "142":0.0,
    "143":0.0,
    "144":0.02673082063619353,
    "145":0.0,
    "146":0.0,
    "147":0.0,
    "148":0.0,
    "149":0.0,
    "150":0.0,
    "151":0.0,
    "152":0.0,
    "153":0.0
}