{
    "0":8.018120045300114,
    "1":1.857304643261608,
    "2":7.768969422423557,
    "3":4.235560588901472,
    "4":2.944507361268403,
    "5":2.4235560588901475,
    "6":2.7180067950169877,
    "7":2.197055492638732,
    "8":2.242355605889015,
    "9":2.6727066817667047,
    "10":3.5787089467723665,
    "11":3.3522083805209513,
    "12":3.261608154020385,
    "13":3.261608154020385,
    "14":2.7406568516421292,
    "15":2.944507361268403,
    "16":2.7180067950169877,
    "17":2.3556058890147225,
    "18":2.491506228765572,
    "19":2.2650056625141564,
    "20":1.9026047565118915,
    "21":1.3816534541336352,
    "22":1.1551528878822197,
    "23":1.291053227633069,
    "24":0.9966024915062288,
    "25":1.0419026047565119,
    "26":0.8380520951302378,
    "27":0.9966024915062288,
    "28":1.0645526613816534,
    "29":0.5662514156285391,
    "30":0.7927519818799547,
    "31":0.4983012457531144,
    "32":0.362400906002265,
    "33":0.5662514156285391,
    "34":0.4530011325028313,
    "35":0.6342015855039638,
    "36":0.362400906002265,
    "37":0.6342015855039638,
    "38":0.4756511891279729,
    "39":0.5436013590033975,
    "40":0.4983012457531144,
    "41":0.5436013590033975,
    "42":0.7927519818799547,
    "43":0.4530011325028313,
    "44":0.7474518686296716,
    "45":0.7474518686296716,
    "46":0.72480181200453,
    "47":0.5436013590033975,
    "48":0.4756511891279729,
    "49":0.362400906002265,
    "50":0.5436013590033975,
    "51":0.4303510758776897,
    "52":0.4983012457531144,
    "53":0.38505096262740657,
    "54":0.5209513023782559,
    "55":0.4303510758776897,
    "56":0.362400906002265,
    "57":0.5209513023782559,
    "58":0.2718006795016987,
    "59":0.4756511891279729,
    "60":0.06795016987542468,
    "61":0.20385050962627407,
    "62":0.2491506228765572,
    "63":0.20385050962627407,
    "64":0.20385050962627407,
    "65":0.2944507361268403,
    "66":0.20385050962627407,
    "67":0.38505096262740657,
    "68":0.13590033975084936,
    "69":0.2718006795016987,
    "70":0.11325028312570783,
    "71":0.20385050962627407,
    "72":0.2491506228765572,
    "73":0.2718006795016987,
    "74":0.11325028312570783,
    "75":0.2718006795016987,
    "76":0.20385050962627407,
    "77":0.15855039637599094,
    "78":0.20385050962627407,
    "79":0.20385050962627407,
    "80":0.15855039637599094,
    "81":0.2718006795016987,
    "82":0.15855039637599094,
    "83":0.06795016987542468,
    "84":0.06795016987542468,
    "85":0.022650056625141562,
    "86":0.022650056625141562,
    "87":0.09060022650056625,
    "88":0.045300113250283124,
    "89":0.0,
    "90":0.13590033975084936,
    "91":0.022650056625141562,
    "92":0.06795016987542468,
    "93":0.022650056625141562,
    "94":0.022650056625141562,
    "95":0.06795016987542468,
    "96":0.045300113250283124,
    "97":0.045300113250283124,
    "98":0.045300113250283124,
    "99":0.022650056625141562,
    "100":0.022650056625141562,
    "101":0.11325028312570783,
    "102":0.022650056625141562,
    "103":0.022650056625141562,
    "104":0.0,
    "105":0.0,
    "106":0.022650056625141562,
    "107":0.022650056625141562,
    "108":0.0,
    "109":0.022650056625141562,
    "110":0.0,
    "111":0.0,
    "112":0.022650056625141562,
    "113":0.06795016987542468,
    "114":0.0,
    "115":0.0,
    "116":0.022650056625141562,
    "117":0.0,
    "118":0.022650056625141562,
    "119":0.0,
    "120":0.022650056625141562,
    "121":0.06795016987542468,
    "122":0.045300113250283124,
    "123":0.0,
    "124":0.022650056625141562,
    "125":0.0,
    "126":0.0,
    "127":0.022650056625141562,
    "128":0.0,
    "129":0.022650056625141562,
    "130":0.022650056625141562,
    "131":0.022650056625141562,
    "132":0.022650056625141562,
    "133":0.022650056625141562,
    "134":0.0,
    "135":0.022650056625141562,
    "136":0.0,
    "137":0.0,
    "138":0.0,
    "139":0.022650056625141562,
    "140":0.045300113250283124,
    "141":0.022650056625141562,
    "142":0.0,
    "143":0.0,
    "144":0.022650056625141562,
    "145":0.0,
    "146":0.022650056625141562,
    "147":0.09060022650056625,
    "148":0.0,
    "149":0.0,
    "150":0.022650056625141562,
    "151":0.0,
    "152":0.0,
    "153":0.022650056625141562,
    "154":0.022650056625141562,
    "155":0.0,
    "156":0.0,
    "157":0.0,
    "158":0.022650056625141562,
    "159":0.0,
    "160":0.022650056625141562,
    "161":0.0,
    "162":0.0,
    "163":0.0,
    "164":0.0,
    "165":0.0,
    "166":0.0,
    "167":0.0,
    "168":0.022650056625141562,
    "169":0.022650056625141562,
    "170":0.0,
    "171":0.0,
    "172":0.0,
    "173":0.0,
    "174":0.0,
    "175":0.0,
    "176":0.0,
    "177":0.0,
    "178":0.0,
    "179":0.0,
    "180":0.0,
    "181":0.0,
    "182":0.022650056625141562,
    "183":0.0,
    "184":0.0,
    "185":0.0,
    "186":0.0,
    "187":0.022650056625141562,
    "188":0.0,
    "189":0.0,
    "190":0.0,
    "191":0.022650056625141562,
    "192":0.0,
    "193":0.0,
    "194":0.0,
    "195":0.022650056625141562,
    "196":0.0,
    "197":0.022650056625141562,
    "198":0.0,
    "199":0.0,
    "200":0.022650056625141562,
    "201":0.0,
    "202":0.0,
    "203":0.0,
    "204":0.0,
    "205":0.0,
    "206":0.0,
    "207":0.022650056625141562,
    "208":0.022650056625141562,
    "209":0.022650056625141562,
    "210":0.0,
    "211":0.0,
    "212":0.0,
    "213":0.0,
    "214":0.0,
    "215":0.0,
    "216":0.0,
    "217":0.0,
    "218":0.0,
    "219":0.0,
    "220":0.0,
    "221":0.0,
    "222":0.0,
    "223":0.0,
    "224":0.045300113250283124,
    "225":0.0,
    "226":0.0,
    "227":0.0,
    "228":0.0,
    "229":0.0,
    "230":0.0,
    "231":0.022650056625141562,
    "232":0.09060022650056625,
    "233":0.0,
    "234":0.0,
    "235":0.0,
    "236":0.0,
    "237":0.0,
    "238":0.0,
    "239":0.0,
    "240":0.0
}