{
    "0":9.883980365908076,
    "1":0.29004908522980816,
    "2":4.953145917001338,
    "3":5.912539045069166,
    "4":5.9348505131637665,
    "5":6.871932173136992,
    "6":4.417670682730924,
    "7":1.6287371709058456,
    "8":0.9817045961624274,
    "9":1.07095046854083,
    "10":1.0486390004462294,
    "11":1.2940651494868363,
    "12":1.3386880856760375,
    "13":1.249442213297635,
    "14":1.8295403837572513,
    "15":2.3203926818384653,
    "16":2.253458277554663,
    "17":2.1642124051762606,
    "18":1.9857206604194555,
    "19":2.030343596608657,
    "20":1.717983043284248,
    "21":2.1642124051762606,
    "22":1.8072289156626504,
    "23":2.208835341365462,
    "24":1.8072289156626504,
    "25":1.717983043284248,
    "26":1.5618027666220438,
    "27":1.5394912985274432,
    "28":1.42793395805444,
    "29":1.07095046854083,
    "30":1.07095046854083,
    "31":0.892458723784025,
    "32":0.892458723784025,
    "33":0.825524319500223,
    "34":0.7585899152164213,
    "35":0.9147701918786256,
    "36":0.6693440428380187,
    "37":0.6247211066488175,
    "38":0.9593931280678268,
    "39":0.9147701918786256,
    "40":0.6247211066488175,
    "41":0.5131637661758144,
    "42":0.6916555109326193,
    "43":0.6693440428380187,
    "44":0.6470325747434181,
    "45":0.4462293618920125,
    "46":0.4908522980812137,
    "47":0.4908522980812137,
    "48":0.31236055332440876,
    "49":0.4239178937974119,
    "50":0.31236055332440876,
    "51":0.33467202141900937,
    "52":0.24542614904060686,
    "53":0.6470325747434181,
    "54":0.4462293618920125,
    "55":0.29004908522980816,
    "56":0.35698348951361,
    "57":0.4462293618920125,
    "58":0.33467202141900937,
    "59":0.15618027666220438,
    "60":0.33467202141900937,
    "61":0.0892458723784025,
    "62":0.178491744756805,
    "63":0.15618027666220438,
    "64":0.178491744756805,
    "65":0.06693440428380187,
    "66":0.15618027666220438,
    "67":0.0892458723784025,
    "68":0.06693440428380187,
    "69":0.022311468094600623,
    "70":0.2008032128514056,
    "71":0.31236055332440876,
    "72":0.178491744756805,
    "73":0.24542614904060686,
    "74":0.178491744756805,
    "75":0.022311468094600623,
    "76":0.06693440428380187,
    "77":0.15618027666220438,
    "78":0.06693440428380187,
    "79":0.0892458723784025,
    "80":0.11155734047300313,
    "81":0.0892458723784025,
    "82":0.13386880856760375,
    "83":0.0892458723784025,
    "84":0.13386880856760375,
    "85":0.35698348951361,
    "86":0.11155734047300313,
    "87":0.0892458723784025,
    "88":0.15618027666220438,
    "89":0.11155734047300313,
    "90":0.11155734047300313,
    "91":0.06693440428380187,
    "92":0.06693440428380187,
    "93":0.24542614904060686,
    "94":0.06693440428380187,
    "95":0.06693440428380187,
    "96":0.11155734047300313,
    "97":0.0892458723784025,
    "98":0.2008032128514056,
    "99":0.022311468094600623,
    "100":0.04462293618920125,
    "101":0.04462293618920125,
    "102":0.11155734047300313,
    "103":0.0892458723784025,
    "104":0.13386880856760375,
    "105":0.13386880856760375,
    "106":0.022311468094600623,
    "107":0.0,
    "108":0.0,
    "109":0.04462293618920125,
    "110":0.0,
    "111":0.0892458723784025,
    "112":0.0,
    "113":0.0,
    "114":0.022311468094600623,
    "115":0.0,
    "116":0.0,
    "117":0.0,
    "118":0.0,
    "119":0.0,
    "120":0.0,
    "121":0.0,
    "122":0.022311468094600623,
    "123":0.0,
    "124":0.0,
    "125":0.0,
    "126":0.022311468094600623,
    "127":0.0,
    "128":0.0,
    "129":0.0,
    "130":0.0,
    "131":0.0,
    "132":0.0,
    "133":0.0,
    "134":0.0,
    "135":0.0,
    "136":0.0,
    "137":0.0,
    "138":0.0,
    "139":0.0,
    "140":0.0,
    "141":0.0,
    "142":0.0,
    "143":0.0,
    "144":0.0,
    "145":0.0,
    "146":0.022311468094600623,
    "147":0.0,
    "148":0.0,
    "149":0.0,
    "150":0.0,
    "151":0.0,
    "152":0.0,
    "153":0.0,
    "154":0.0,
    "155":0.0,
    "156":0.0,
    "157":0.0,
    "158":0.0,
    "159":0.0,
    "160":0.0,
    "161":0.0,
    "162":0.0,
    "163":0.0,
    "164":0.0,
    "165":0.0,
    "166":0.0,
    "167":0.0,
    "168":0.022311468094600623,
    "169":0.0,
    "170":0.0,
    "171":0.0,
    "172":0.0,
    "173":0.0,
    "174":0.0,
    "175":0.0,
    "176":0.0
}