{
    "0":4.8987589810581325,
    "1":0.16329196603527107,
    "2":0.3919007184846506,
    "3":1.2410189418680602,
    "4":1.3716525146962768,
    "5":1.0450685826257349,
    "6":1.3716525146962768,
    "7":0.6531678641410843,
    "8":1.4369693011103852,
    "9":1.3063357282821686,
    "10":2.155453951665578,
    "11":1.9921619856303068,
    "12":2.286087524493795,
    "13":1.7635532331809274,
    "14":2.024820378837361,
    "15":1.6002612671456564,
    "16":0.9797517962116263,
    "17":1.4043109079033311,
    "18":1.1430437622468974,
    "19":1.3389941214892227,
    "20":1.3716525146962768,
    "21":1.2736773350751143,
    "22":1.2410189418680602,
    "23":1.0124101894186806,
    "24":1.2736773350751143,
    "25":1.3389941214892227,
    "26":1.534944480731548,
    "27":1.5676028739386023,
    "28":1.3389941214892227,
    "29":1.2736773350751143,
    "30":1.4043109079033311,
    "31":1.3716525146962768,
    "32":1.2736773350751143,
    "33":1.6982364467668192,
    "34":1.8615284128020901,
    "35":1.6329196603527107,
    "36":1.1757021554539515,
    "37":1.6982364467668192,
    "38":1.6982364467668192,
    "39":1.4696276943174396,
    "40":1.4696276943174396,
    "41":1.6002612671456564,
    "42":1.4369693011103852,
    "43":1.534944480731548,
    "44":1.3389941214892227,
    "45":0.7838014369693012,
    "46":0.8491182233834096,
    "47":1.0124101894186806,
    "48":0.8817766165904637,
    "49":0.6858262573481384,
    "50":0.7838014369693012,
    "51":0.8817766165904637,
    "52":0.5878510777269758,
    "53":0.7838014369693012,
    "54":0.7511430437622469,
    "55":0.8491182233834096,
    "56":0.6531678641410843,
    "57":0.48987589810581317,
    "58":0.3592423252775963,
    "59":0.5878510777269758,
    "60":0.2939255388634879,
    "61":0.4245591116917048,
    "62":0.32658393207054215,
    "63":0.13063357282821686,
    "64":0.22860875244937948,
    "65":0.22860875244937948,
    "66":0.1959503592423253,
    "67":0.22860875244937948,
    "68":0.2612671456564337,
    "69":0.4245591116917048,
    "70":0.22860875244937948,
    "71":0.06531678641410843,
    "72":0.1959503592423253,
    "73":0.13063357282821686,
    "74":0.32658393207054215,
    "75":0.2612671456564337,
    "76":0.13063357282821686,
    "77":0.2939255388634879,
    "78":0.1959503592423253,
    "79":0.1959503592423253,
    "80":0.32658393207054215,
    "81":0.22860875244937948,
    "82":0.22860875244937948,
    "83":0.2612671456564337,
    "84":0.2612671456564337,
    "85":0.22860875244937948,
    "86":0.16329196603527107,
    "87":0.3592423252775963,
    "88":0.2939255388634879,
    "89":0.06531678641410843,
    "90":0.06531678641410843,
    "91":0.2612671456564337,
    "92":0.1959503592423253,
    "93":0.22860875244937948,
    "94":0.22860875244937948,
    "95":0.22860875244937948,
    "96":0.45721750489875895,
    "97":0.2939255388634879,
    "98":0.2612671456564337,
    "99":0.13063357282821686,
    "100":0.032658393207054215,
    "101":0.06531678641410843,
    "102":0.032658393207054215,
    "103":0.09797517962116264,
    "104":0.13063357282821686,
    "105":0.16329196603527107,
    "106":0.2612671456564337,
    "107":0.16329196603527107,
    "108":0.13063357282821686,
    "109":0.032658393207054215,
    "110":0.06531678641410843,
    "111":0.09797517962116264,
    "112":0.16329196603527107,
    "113":0.13063357282821686,
    "114":0.1959503592423253,
    "115":0.16329196603527107,
    "116":0.09797517962116264,
    "117":0.13063357282821686,
    "118":0.09797517962116264,
    "119":0.2939255388634879,
    "120":0.1959503592423253,
    "121":0.13063357282821686,
    "122":0.13063357282821686,
    "123":0.16329196603527107,
    "124":0.2939255388634879,
    "125":0.3592423252775963,
    "126":0.09797517962116264,
    "127":0.22860875244937948,
    "128":0.0,
    "129":0.16329196603527107,
    "130":0.09797517962116264,
    "131":0.09797517962116264,
    "132":0.09797517962116264,
    "133":0.13063357282821686,
    "134":0.09797517962116264,
    "135":0.06531678641410843,
    "136":0.09797517962116264,
    "137":0.13063357282821686,
    "138":0.09797517962116264,
    "139":0.06531678641410843,
    "140":0.13063357282821686,
    "141":0.2612671456564337,
    "142":0.22860875244937948,
    "143":0.09797517962116264,
    "144":0.16329196603527107,
    "145":0.06531678641410843,
    "146":0.06531678641410843,
    "147":0.06531678641410843,
    "148":0.09797517962116264,
    "149":0.09797517962116264,
    "150":0.16329196603527107,
    "151":0.2612671456564337,
    "152":0.16329196603527107,
    "153":0.09797517962116264,
    "154":0.13063357282821686,
    "155":0.09797517962116264,
    "156":0.16329196603527107,
    "157":0.09797517962116264,
    "158":0.09797517962116264,
    "159":0.2612671456564337,
    "160":0.13063357282821686,
    "161":0.1959503592423253,
    "162":0.032658393207054215,
    "163":0.032658393207054215,
    "164":0.16329196603527107,
    "165":0.09797517962116264,
    "166":0.09797517962116264,
    "167":0.09797517962116264,
    "168":0.09797517962116264,
    "169":0.09797517962116264,
    "170":0.22860875244937948,
    "171":0.16329196603527107,
    "172":0.16329196603527107,
    "173":0.2612671456564337,
    "174":0.06531678641410843,
    "175":0.09797517962116264,
    "176":0.0,
    "177":0.16329196603527107,
    "178":0.06531678641410843,
    "179":0.13063357282821686,
    "180":0.06531678641410843,
    "181":0.09797517962116264,
    "182":0.09797517962116264,
    "183":0.1959503592423253,
    "184":0.0,
    "185":0.06531678641410843,
    "186":0.032658393207054215,
    "187":0.032658393207054215,
    "188":0.0,
    "189":0.09797517962116264,
    "190":0.09797517962116264,
    "191":0.16329196603527107,
    "192":0.09797517962116264,
    "193":0.09797517962116264,
    "194":0.13063357282821686,
    "195":0.0,
    "196":0.16329196603527107,
    "197":0.06531678641410843,
    "198":0.032658393207054215,
    "199":0.09797517962116264,
    "200":0.032658393207054215,
    "201":0.0,
    "202":0.0,
    "203":0.06531678641410843,
    "204":0.0,
    "205":0.032658393207054215,
    "206":0.032658393207054215,
    "207":0.0,
    "208":0.0,
    "209":0.0,
    "210":0.0,
    "211":0.0,
    "212":0.0,
    "213":0.0,
    "214":0.0,
    "215":0.032658393207054215,
    "216":0.0,
    "217":0.0,
    "218":0.032658393207054215,
    "219":0.0,
    "220":0.06531678641410843,
    "221":0.0,
    "222":0.0,
    "223":0.0,
    "224":0.06531678641410843,
    "225":0.032658393207054215,
    "226":0.0,
    "227":0.09797517962116264,
    "228":0.0,
    "229":0.06531678641410843,
    "230":0.06531678641410843,
    "231":0.032658393207054215,
    "232":0.032658393207054215,
    "233":0.0,
    "234":0.032658393207054215,
    "235":0.032658393207054215,
    "236":0.0,
    "237":0.16329196603527107,
    "238":0.0,
    "239":0.0,
    "240":0.0,
    "241":0.0,
    "242":0.0,
    "243":0.0,
    "244":0.0,
    "245":0.0,
    "246":0.0,
    "247":0.0,
    "248":0.0,
    "249":0.0,
    "250":0.0,
    "251":0.0,
    "252":0.0,
    "253":0.0,
    "254":0.0,
    "255":0.0,
    "256":0.0,
    "257":0.0,
    "258":0.0,
    "259":0.0,
    "260":0.0,
    "261":0.0,
    "262":0.0,
    "263":0.0,
    "264":0.0,
    "265":0.0,
    "266":0.0,
    "267":0.0,
    "268":0.0,
    "269":0.0,
    "270":0.0,
    "271":0.0,
    "272":0.0,
    "273":0.0,
    "274":0.0,
    "275":0.0,
    "276":0.0,
    "277":0.0,
    "278":0.0,
    "279":0.0,
    "280":0.0,
    "281":0.0,
    "282":0.0,
    "283":0.0,
    "284":0.0,
    "285":0.0,
    "286":0.0,
    "287":0.0,
    "288":0.0,
    "289":0.0,
    "290":0.0,
    "291":0.0,
    "292":0.0,
    "293":0.0,
    "294":0.0,
    "295":0.0,
    "296":0.0,
    "297":0.0,
    "298":0.0,
    "299":0.0,
    "300":0.0,
    "301":0.0,
    "302":0.0,
    "303":0.0,
    "304":0.0,
    "305":0.0,
    "306":0.0,
    "307":0.0,
    "308":0.0,
    "309":0.0,
    "310":0.0,
    "311":0.0,
    "312":0.0,
    "313":0.0,
    "314":0.0,
    "315":0.0,
    "316":0.0,
    "317":0.0,
    "318":0.0,