{
    "0":9.197617379117029,
    "1":1.5942536790469517,
    "2":4.362298528381219,
    "3":1.173791170287316,
    "4":2.0322354590049057,
    "5":2.312543798177996,
    "6":3.258584442887176,
    "7":2.36510161177295,
    "8":1.0861948142957254,
    "9":0.9810791871058164,
    "10":1.4540995094604066,
    "11":1.8395234758234058,
    "12":1.8044849334267694,
    "13":1.9271198318149965,
    "14":2.0497547302032233,
    "15":1.9971969166082693,
    "16":2.0672740014015414,
    "17":2.540294323756132,
    "18":2.697967764540995,
    "19":2.4877365101611773,
    "20":2.2775052557813593,
    "21":2.0672740014015414,
    "22":2.08479327259986,
    "23":1.9621583742116329,
    "24":1.9621583742116329,
    "25":1.6643307638402245,
    "26":1.7168885774351785,
    "27":2.0672740014015414,
    "28":1.278906797477225,
    "29":1.3489838822704976,
    "30":1.2088297126839522,
    "31":1.4891380518570427,
    "32":1.278906797477225,
    "33":1.261387526278907,
    "34":1.278906797477225,
    "35":1.051156271899089,
    "36":1.2088297126839522,
    "37":1.3665031534688157,
    "38":1.0336370007007707,
    "39":0.94604064470918,
    "40":1.068675543097407,
    "41":0.8584442887175893,
    "42":1.156271899088998,
    "43":0.7533286615276804,
    "44":0.7708479327259986,
    "45":0.47302032235459,
    "46":0.43798177995795373,
    "47":0.43798177995795373,
    "48":0.4905395935529082,
    "49":0.42046250875963564,
    "50":0.42046250875963564,
    "51":0.5606166783461808,
    "52":0.31534688156972673,
    "53":0.43798177995795373,
    "54":0.3328661527680449,
    "55":0.45550105115627193,
    "56":0.2452697967764541,
    "57":0.3679046951646811,
    "58":0.43798177995795373,
    "59":0.43798177995795373,
    "60":0.43798177995795373,
    "61":0.3328661527680449,
    "62":0.2803083391730904,
    "63":0.43798177995795373,
    "64":0.42046250875963564,
    "65":0.3679046951646811,
    "66":0.26278906797477225,
    "67":0.08759635599159074,
    "68":0.08759635599159074,
    "69":0.08759635599159074,
    "70":0.15767344078486337,
    "71":0.10511562718990891,
    "72":0.2452697967764541,
    "73":0.1401541695865452,
    "74":0.17519271198318148,
    "75":0.17519271198318148,
    "76":0.1401541695865452,
    "77":0.17519271198318148,
    "78":0.08759635599159074,
    "79":0.0350385423966363,
    "80":0.0350385423966363,
    "81":0.12263489838822705,
    "82":0.052557813594954456,
    "83":0.052557813594954456,
    "84":0.052557813594954456,
    "85":0.12263489838822705,
    "86":0.08759635599159074,
    "87":0.10511562718990891,
    "88":0.052557813594954456,
    "89":0.12263489838822705,
    "90":0.052557813594954456,
    "91":0.10511562718990891,
    "92":0.08759635599159074,
    "93":0.12263489838822705,
    "94":0.0700770847932726,
    "95":0.12263489838822705,
    "96":0.052557813594954456,
    "97":0.1401541695865452,
    "98":0.08759635599159074,
    "99":0.10511562718990891,
    "100":0.10511562718990891,
    "101":0.08759635599159074,
    "102":0.0700770847932726,
    "103":0.052557813594954456,
    "104":0.10511562718990891,
    "105":0.0350385423966363,
    "106":0.08759635599159074,
    "107":0.0350385423966363,
    "108":0.0350385423966363,
    "109":0.0700770847932726,
    "110":0.0700770847932726,
    "111":0.08759635599159074,
    "112":0.0350385423966363,
    "113":0.01751927119831815,
    "114":0.0700770847932726,
    "115":0.01751927119831815,
    "116":0.0350385423966363,
    "117":0.08759635599159074,
    "118":0.052557813594954456,
    "119":0.01751927119831815,
    "120":0.0700770847932726,
    "121":0.0700770847932726,
    "122":0.0350385423966363,
    "123":0.0700770847932726,
    "124":0.0700770847932726,
    "125":0.0,
    "126":0.0350385423966363,
    "127":0.0,
    "128":0.0350385423966363,
    "129":0.08759635599159074,
    "130":0.01751927119831815,
    "131":0.052557813594954456,
    "132":0.10511562718990891,
    "133":0.08759635599159074,
    "134":0.0350385423966363,
    "135":0.12263489838822705,
    "136":0.01751927119831815,
    "137":0.01751927119831815,
    "138":0.10511562718990891,
    "139":0.01751927119831815,
    "140":0.0350385423966363,
    "141":0.0,
    "142":0.01751927119831815,
    "143":0.0,
    "144":0.0,
    "145":0.0,
    "146":0.0,
    "147":0.01751927119831815,
    "148":0.052557813594954456,
    "149":0.01751927119831815,
    "150":0.0,
    "151":0.0,
    "152":0.0350385423966363,
    "153":0.0,
    "154":0.0,
    "155":0.0700770847932726,
    "156":0.01751927119831815,
    "157":0.0,
    "158":0.01751927119831815,
    "159":0.0350385423966363,
    "160":0.0,
    "161":0.0350385423966363,
    "162":0.0350385423966363,
    "163":0.0,
    "164":0.0,
    "165":0.0,
    "166":0.0,
    "167":0.0350385423966363,
    "168":0.0,
    "169":0.01751927119831815,
    "170":0.01751927119831815,
    "171":0.052557813594954456,
    "172":0.0,
    "173":0.0,
    "174":0.0,
    "175":0.0350385423966363,
    "176":0.0350385423966363,
    "177":0.0,
    "178":0.0,
    "179":0.0350385423966363,
    "180":0.0,
    "181":0.01751927119831815,
    "182":0.01751927119831815,
    "183":0.01751927119831815,
    "184":0.0,
    "185":0.01751927119831815,
    "186":0.0,
    "187":0.01751927119831815,
    "188":0.0,
    "189":0.052557813594954456,
    "190":0.0,
    "191":0.0,
    "192":0.0,
    "193":0.01751927119831815,
    "194":0.052557813594954456,
    "195":0.01751927119831815,
    "196":0.0,
    "197":0.0350385423966363,
    "198":0.052557813594954456,
    "199":0.01751927119831815,
    "200":0.01751927119831815,
    "201":0.01751927119831815,
    "202":0.0,
    "203":0.0350385423966363,
    "204":0.0,
    "205":0.0,
    "206":0.01751927119831815,
    "207":0.0,
    "208":0.0350385423966363,
    "209":0.0350385423966363,
    "210":0.01751927119831815,
    "211":0.0,
    "212":0.0,
    "213":0.0,
    "214":0.0,
    "215":0.0,
    "216":0.0,
    "217":0.0,
    "218":0.0
}