{
    "0":1.2366034624896949,
    "1":4.286892003297609,
    "2":4.03957131079967,
    "3":8.944765045342127,
    "4":5.72959604286892,
    "5":0.9480626545754328,
    "6":2.184666117065128,
    "7":2.5968672712283594,
    "8":2.6793075020610058,
    "9":2.5968672712283594,
    "10":3.503709810387469,
    "11":3.0090684253915914,
    "12":1.9373454245671888,
    "13":1.3190436933223413,
    "14":1.3602638087386645,
    "15":1.195383347073372,
    "16":0.9480626545754328,
    "17":0.741962077493817,
    "18":0.8656224237427864,
    "19":0.5358615004122012,
    "20":0.4534212695795548,
    "21":0.5770816158285244,
    "22":0.3709810387469085,
    "23":0.5358615004122012,
    "24":0.4534212695795548,
    "25":0.741962077493817,
    "26":0.4122011541632316,
    "27":0.5770816158285244,
    "28":0.741962077493817,
    "29":0.4534212695795548,
    "30":0.5770816158285244,
    "31":0.7007419620774938,
    "32":0.5770816158285244,
    "33":0.741962077493817,
    "34":0.6595218466611706,
    "35":0.3709810387469085,
    "36":0.6183017312448474,
    "37":0.49464138499587795,
    "38":0.741962077493817,
    "39":0.9480626545754328,
    "40":0.4122011541632316,
    "41":0.49464138499587795,
    "42":0.741962077493817,
    "43":0.6183017312448474,
    "44":0.5770816158285244,
    "45":0.9480626545754328,
    "46":0.9480626545754328,
    "47":1.0717230008244023,
    "48":0.8656224237427864,
    "49":0.7831821929101401,
    "50":0.7831821929101401,
    "51":0.49464138499587795,
    "52":0.8656224237427864,
    "53":0.6595218466611706,
    "54":0.4534212695795548,
    "55":0.6183017312448474,
    "56":0.49464138499587795,
    "57":1.1129431162407255,
    "58":0.9068425391591096,
    "59":0.9068425391591096,
    "60":0.5358615004122012,
    "61":0.5358615004122012,
    "62":0.3297609233305853,
    "63":0.6595218466611706,
    "64":0.7007419620774938,
    "65":0.5358615004122012,
    "66":0.7007419620774938,
    "67":0.6183017312448474,
    "68":0.49464138499587795,
    "69":0.5358615004122012,
    "70":0.8244023083264632,
    "71":0.4534212695795548,
    "72":0.9892827699917559,
    "73":1.030502885408079,
    "74":1.1129431162407255,
    "75":0.5358615004122012,
    "76":0.2885408079142622,
    "77":0.4122011541632316,
    "78":0.49464138499587795,
    "79":0.49464138499587795,
    "80":0.5770816158285244,
    "81":0.6595218466611706,
    "82":0.8656224237427864,
    "83":0.5770816158285244,
    "84":0.4534212695795548,
    "85":0.49464138499587795,
    "86":0.5770816158285244,
    "87":0.4534212695795548,
    "88":0.2061005770816158,
    "89":0.2061005770816158,
    "90":0.16488046166529266,
    "91":0.08244023083264633,
    "92":0.2885408079142622,
    "93":0.16488046166529266,
    "94":0.16488046166529266,
    "95":0.24732069249793898,
    "96":0.08244023083264633,
    "97":0.12366034624896949,
    "98":0.3297609233305853,
    "99":0.12366034624896949,
    "100":0.041220115416323165,
    "101":0.08244023083264633,
    "102":0.08244023083264633,
    "103":0.041220115416323165,
    "104":0.041220115416323165,
    "105":0.0,
    "106":0.041220115416323165,
    "107":0.08244023083264633,
    "108":0.16488046166529266,
    "109":0.041220115416323165,
    "110":0.12366034624896949,
    "111":0.08244023083264633,
    "112":0.16488046166529266,
    "113":0.2061005770816158,
    "114":0.16488046166529266,
    "115":0.16488046166529266,
    "116":0.12366034624896949,
    "117":0.0,
    "118":0.12366034624896949,
    "119":0.0,
    "120":0.24732069249793898,
    "121":0.08244023083264633,
    "122":0.041220115416323165,
    "123":0.16488046166529266,
    "124":0.0,
    "125":0.041220115416323165,
    "126":0.0,
    "127":0.041220115416323165,
    "128":0.041220115416323165,
    "129":0.041220115416323165,
    "130":0.041220115416323165,
    "131":0.0,
    "132":0.0,
    "133":0.041220115416323165,
    "134":0.0,
    "135":0.0,
    "136":0.0,
    "137":0.041220115416323165,
    "138":0.041220115416323165,
    "139":0.12366034624896949,
    "140":0.0,
    "141":0.16488046166529266,
    "142":0.0,
    "143":0.0,
    "144":0.0,
    "145":0.0,
    "146":0.0,
    "147":0.0,
    "148":0.0,
    "149":0.0,
    "150":0.0,
    "151":0.0,
    "152":0.0,
    "153":0.0,
    "154":0.0,
    "155":0.0,
    "156":0.0,
    "157":0.0,
    "158":0.0,
    "159":0.0,
    "160":0.0,
    "161":0.0,
    "162":0.0,
    "163":0.0,
    "164":0.0,
    "165":0.0,
    "166":0.0,
    "167":0.0,
    "168":0.0,
    "169":0.0,
    "170":0.0,
    "171":0.0,
    "172":0.0,
    "173":0.0,
    "174":0.0,
    "175":0.0,
    "176":0.0,
    "177":0.0,
    "178":0.0,
    "179":0.0,
    "180":0.0,
    "181":0.0,
    "182":0.0,
    "183":0.0,
    "184":0.0,
    "185":0.0,
    "186":0.0,
    "187":0.0,
    "188":0.0,
    "189":0.0,
    "190":0.0,
    "191":0.0,
    "192":0.0,
    "193":0.0,
    "194":0.0,
    "195":0.0,
    "196":0.0,
    "197":0.0,
    "198":0.0,
    "199":0.0,
    "200":0.0,
    "201":0.0,
    "202":0.0,
    "203":0.0,
    "204":0.0,
    "205":0.0,
    "206":0.0,
    "207":0.0,
    "208":0.0,
    "209":0.041220115416323165,
    "210":0.0,
    "211":0.0,
    "212":0.0,
    "213":0.0,
    "214":0.0,
    "215":0.0,
    "216":0.0,
    "217":0.0,
    "218":0.0,
    "219":0.0,
    "220":0.0,
    "221":0.0,
    "222":0.0,
    "223":0.0,
    "224":0.0,
    "225":0.0,
    "226":0.0,
    "227":0.0,
    "228":0.0,
    "229":0.0,
    "230":0.0,
    "231":0.0,
    "232":0.0,
    "233":0.0,
    "234":0.0,
    "235":0.0,
    "236":0.0,
    "237":0.0,
    "238":0.0,
    "239":0.0,
    "240":0.0,
    "241":0.0,
    "242":0.0,
    "243":0.0,
    "244":0.0,
    "245":0.0,
    "246":0.0,
    "247":0.0,
    "248":0.0,
    "249":0.0,
    "250":0.0,
    "251":0.041220115416323165,
    "252":0.0,
    "253":0.0,
    "254":0.0,
    "255":0.0,
    "256":0.0,
    "257":0.0,
    "258":0.0,
    "259":0.0,
    "260":0.0,
    "261":0.0,
    "262":0.0,
    "263":0.0,
    "264":0.0,
    "265":0.0,
    "266":0.0,
    "267":0.0,
    "268":0.0,
    "269":0.041220115416323165,
    "270":0.0,
    "271":0.0,
    "272":0.041220115416323165,
    "273":0.0,
    "274":0.0,
    "275":0.0,
    "276":0.0,
    "277":0.0,
    "278":0.0,
    "279":0.0,
    "280":0.0,
    "281":0.0,
    "282":0.0,
    "283":0.041220115416323165,
    "284":0.041220115416323165,
    "285":0.0,
    "286":0.0,
    "287":0.0,
    "288":0.0,
    "289":0.0,
    "290":0.0,
    "291":0.0,
    "292":0.0,
    "293":0.0,
    "294":0.041220115416323165,
    "295":0.0,
    "296":0.0,
    "297":0.0,
    "298":0.0,
    "299":0.0,
    "300":0.0,
    "301":0.0,
    "302":0.0,
    "303":0.041220115416323165,
    "304":0.0,
    "305":0.0,
    "306":0.0,
    "307":0.0,
    "308":0.0,
    "309":0.0,
    "310":0.0,
    "311":0.0,
    "312":0.0,
    "313":0.0,
    "314":0.0,
    "315":0.0,
    "316":0.0,
    "317":0.0,
    "318":0.0,
    "319":0.0,
    "320":0.0,
    "321":0.0,
    "322":0.0,
    "323":0.0,
    "324":0.0,
    "325":0.0,
    "326":0.0,
    "327":0.0,
    "328":0.0,
    "329":0.0,
    "330":0.0,
    "331":0.0,
    "332":0.0,
    "333":0.0,
    "334":0.0,
    "335":0.0,
    "336":0.0,
    "337":0.0,
    "338":0.0,
    "339":0.0,
    "340":0.0,
    "341":0.0,
    "342":0.0,
    "343":0.0,
    "344":0.0,
    "345":0.0,
    "346":0.0,
    "347":0.0,
    "348":0.0,
    "349":0.041220115416323165,
    "350":0.0,
    "351":0.0,
    "352":0.0,
    "353":0.0,
    "354":0.0,
    "355":0.0,
    "356":0.0,
    "357":0.0,
    "358":0.0,
    "359":0.0,
    "360":0.0,
    "361":0.0,
    "362":0.0,
    "363":0.0,
    "364":0.041220115416323165,
    "365":0.0,
    "366":0.041220115416323165,
    "367":0.0,
    "368":0.0,
    "369":0.0,
    "370":0.0,
    "371":0.0,
    "372":0.0,
    "373":0.0,
    "374":0.0,
    "375":0.0,
    "376":0.0,
    "377":0.0,
    "378":0.0,
    "379":0.0,
    "380":0.0,
    "381":0.0,
    "382":0.0,
    "383":0.0,
    "384":0.0,
    "385":0.0,
    "386":0.0,
    "387":0.0,
    "388":0.0,
    "389":0.0,
    "390":0.0,
    "391":0.0,
    "392":0.041220115416323165,