{
    "0":9.122203098106713,
    "1":2.3407917383820998,
    "2":5.748709122203098,
    "3":3.06368330464716,
    "4":1.1703958691910499,
    "5":1.1359724612736661,
    "6":1.2392426850258176,
    "7":0.998278829604131,
    "8":0.6196213425129088,
    "9":0.7573149741824441,
    "10":1.6179001721170396,
    "11":1.9621342512908777,
    "12":1.1703958691910499,
    "13":1.7900172117039586,
    "14":1.8588640275387263,
    "15":2.685025817555938,
    "16":2.547332185886403,
    "17":2.3407917383820998,
    "18":2.547332185886403,
    "19":2.6506024096385543,
    "20":1.8244406196213425,
    "21":1.996557659208262,
    "22":1.5834767641996557,
    "23":1.549053356282272,
    "24":1.549053356282272,
    "25":1.2392426850258176,
    "26":1.1015490533562824,
    "27":1.3080895008605853,
    "28":1.342512908777969,
    "29":0.8605851979345954,
    "30":0.8605851979345954,
    "31":0.6884681583476765,
    "32":0.44750430292598964,
    "33":0.5163511187607573,
    "34":0.5507745266781412,
    "35":0.9638554216867471,
    "36":0.7573149741824441,
    "37":0.7917383820998278,
    "38":1.2048192771084338,
    "39":0.6540447504302926,
    "40":0.8605851979345954,
    "41":0.6540447504302926,
    "42":0.8261617900172116,
    "43":0.6196213425129088,
    "44":0.9294320137693631,
    "45":0.7917383820998278,
    "46":1.1703958691910499,
    "47":0.9638554216867471,
    "48":1.1015490533562824,
    "49":0.9294320137693631,
    "50":0.9294320137693631,
    "51":0.7573149741824441,
    "52":1.1359724612736661,
    "53":0.7228915662650602,
    "54":0.8950086058519793,
    "55":0.5507745266781412,
    "56":0.37865748709122204,
    "57":0.6196213425129088,
    "58":0.6196213425129088,
    "59":0.7917383820998278,
    "60":0.6196213425129088,
    "61":0.5507745266781412,
    "62":0.6884681583476765,
    "63":0.5851979345955249,
    "64":0.7917383820998278,
    "65":0.44750430292598964,
    "66":0.6884681583476765,
    "67":0.7573149741824441,
    "68":0.44750430292598964,
    "69":0.6540447504302926,
    "70":0.6540447504302926,
    "71":0.48192771084337355,
    "72":0.4130808950086058,
    "73":0.3098106712564544,
    "74":0.48192771084337355,
    "75":0.3098106712564544,
    "76":0.5507745266781412,
    "77":0.48192771084337355,
    "78":0.24096385542168677,
    "79":0.4130808950086058,
    "80":0.5163511187607573,
    "81":0.3098106712564544,
    "82":0.1376936316695353,
    "83":0.37865748709122204,
    "84":0.24096385542168677,
    "85":0.24096385542168677,
    "86":0.3098106712564544,
    "87":0.1376936316695353,
    "88":0.34423407917383825,
    "89":0.034423407917383825,
    "90":0.06884681583476765,
    "91":0.24096385542168677,
    "92":0.1376936316695353,
    "93":0.10327022375215145,
    "94":0.2753872633390706,
    "95":0.034423407917383825,
    "96":0.0,
    "97":0.0,
    "98":0.0,
    "99":0.0,
    "100":0.034423407917383825,
    "101":0.0,
    "102":0.034423407917383825,
    "103":0.0,
    "104":0.06884681583476765,
    "105":0.034423407917383825,
    "106":0.06884681583476765,
    "107":0.034423407917383825,
    "108":0.0,
    "109":0.0,
    "110":0.034423407917383825,
    "111":0.034423407917383825,
    "112":0.0,
    "113":0.0,
    "114":0.1376936316695353,
    "115":0.034423407917383825,
    "116":0.0,
    "117":0.0,
    "118":0.0,
    "119":0.0,
    "120":0.0,
    "121":0.0,
    "122":0.0,
    "123":0.0,
    "124":0.0
}