{
    "0":17.42121615623613,
    "1":3.6395916555703502,
    "2":0.24411895250776744,
    "3":1.9529516200621395,
    "4":3.861517976031957,
    "5":4.172214824678207,
    "6":3.9502885042166,
    "7":2.374611628939192,
    "8":0.9098979138925876,
    "9":0.8211273857079449,
    "10":1.1984021304926764,
    "11":0.8433200177541057,
    "12":1.442521083000444,
    "13":1.8863737239236573,
    "14":1.6866400355082114,
    "15":2.0639147802929427,
    "16":1.841988459831336,
    "17":2.396804260985353,
    "18":2.30803373280071,
    "19":1.908566355969818,
    "20":1.575676875277408,
    "21":2.0861074123391035,
    "22":2.108300044385264,
    "23":1.154016866400355,
    "24":1.020861074123391,
    "25":0.8211273857079449,
    "26":0.9320905459387484,
    "27":0.887705281846427,
    "28":0.9320905459387484,
    "29":1.109631602308034,
    "30":1.087438970261873,
    "31":0.9764758100310698,
    "32":0.9098979138925876,
    "33":0.6879715934309809,
    "34":0.5326231691078562,
    "35":0.7323568575233023,
    "36":0.5104305370616955,
    "37":0.554815801154017,
    "38":0.6435863293386596,
    "39":0.554815801154017,
    "40":0.42166000887705285,
    "41":0.8655126498002662,
    "42":0.9098979138925876,
    "43":0.7323568575233023,
    "44":0.7767421216156236,
    "45":0.6879715934309809,
    "46":0.554815801154017,
    "47":0.5104305370616955,
    "48":0.554815801154017,
    "49":0.6879715934309809,
    "50":0.8655126498002662,
    "51":0.554815801154017,
    "52":0.8433200177541057,
    "53":0.5992010652463382,
    "54":0.6879715934309809,
    "55":0.6213936972924988,
    "56":0.3994673768308922,
    "57":0.4438526409232135,
    "58":0.3328894806924101,
    "59":0.5104305370616955,
    "60":0.4660452729693742,
    "61":0.4660452729693742,
    "62":0.3328894806924101,
    "63":0.35508211273857077,
    "64":0.5326231691078562,
    "65":0.37727474478473144,
    "66":0.3106968486462494,
    "67":0.35508211273857077,
    "68":0.3994673768308922,
    "69":0.28850421660008874,
    "70":0.28850421660008874,
    "71":0.4660452729693742,
    "72":0.4660452729693742,
    "73":0.3994673768308922,
    "74":0.35508211273857077,
    "75":0.13315579227696406,
    "76":0.37727474478473144,
    "77":0.3328894806924101,
    "78":0.3328894806924101,
    "79":0.3328894806924101,
    "80":0.3106968486462494,
    "81":0.24411895250776744,
    "82":0.13315579227696406,
    "83":0.17754105636928538,
    "84":0.1997336884154461,
    "85":0.06657789613848203,
    "86":0.3106968486462494,
    "87":0.044385264092321346,
    "88":0.06657789613848203,
    "89":0.06657789613848203,
    "90":0.1553484243231247,
    "91":0.022192632046160673,
    "92":0.044385264092321346,
    "93":0.1997336884154461,
    "94":0.11096316023080338,
    "95":0.11096316023080338,
    "96":0.022192632046160673,
    "97":0.022192632046160673,
    "98":0.022192632046160673,
    "99":0.022192632046160673,
    "100":0.044385264092321346,
    "101":0.044385264092321346,
    "102":0.06657789613848203,
    "103":0.022192632046160673,
    "104":0.06657789613848203,
    "105":0.0,
    "106":0.022192632046160673,
    "107":0.022192632046160673,
    "108":0.0,
    "109":0.0,
    "110":0.022192632046160673,
    "111":0.022192632046160673,
    "112":0.08877052818464269,
    "113":0.022192632046160673,
    "114":0.06657789613848203,
    "115":0.0,
    "116":0.0,
    "117":0.0,
    "118":0.022192632046160673,
    "119":0.022192632046160673,
    "120":0.0,
    "121":0.0,
    "122":0.0,
    "123":0.0,
    "124":0.0,
    "125":0.0,
    "126":0.0,
    "127":0.022192632046160673,
    "128":0.0,
    "129":0.022192632046160673,
    "130":0.0,
    "131":0.0,
    "132":0.0,
    "133":0.022192632046160673,
    "134":0.0,
    "135":0.022192632046160673,
    "136":0.0,
    "137":0.0,
    "138":0.022192632046160673,
    "139":0.0,
    "140":0.022192632046160673,
    "141":0.022192632046160673,
    "142":0.044385264092321346,
    "143":0.0,
    "144":0.0,
    "145":0.022192632046160673,
    "146":0.0,
    "147":0.0,
    "148":0.0,
    "149":0.0,
    "150":0.0,
    "151":0.0,
    "152":0.0,
    "153":0.0,
    "154":0.0,
    "155":0.0,
    "156":0.0,
    "157":0.0,
    "158":0.0,
    "159":0.0,
    "160":0.0,
    "161":0.0,
    "162":0.0,
    "163":0.0,
    "164":0.0,
    "165":0.0,
    "166":0.0,
    "167":0.0,
    "168":0.0,
    "169":0.0,
    "170":0.022192632046160673,
    "171":0.0,
    "172":0.0,
    "173":0.0,
    "174":0.0,
    "175":0.0,
    "176":0.0,
    "177":0.0,
    "178":0.0,
    "179":0.0,
    "180":0.0,
    "181":0.0,
    "182":0.0,
    "183":0.0,
    "184":0.0,
    "185":0.022192632046160673,
    "186":0.0,
    "187":0.0,
    "188":0.0,
    "189":0.0,
    "190":0.0,
    "191":0.0,
    "192":0.0,
    "193":0.0,
    "194":0.0,
    "195":0.0,
    "196":0.0,
    "197":0.0,
    "198":0.0,
    "199":0.0,
    "200":0.0,
    "201":0.0,
    "202":0.022192632046160673,
    "203":0.0,
    "204":0.0,
    "205":0.0,
    "206":0.0,
    "207":0.0,
    "208":0.0,
    "209":0.0,
    "210":0.0,
    "211":0.0,
    "212":0.0,
    "213":0.0,
    "214":0.0,
    "215":0.0,
    "216":0.0,
    "217":0.0,
    "218":0.0,
    "219":0.0,
    "220":0.0,
    "221":0.0,
    "222":0.0,
    "223":0.0,
    "224":0.0,
    "225":0.0,
    "226":0.0,
    "227":0.0,
    "228":0.0,
    "229":0.0,
    "230":0.0,
    "231":0.0,
    "232":0.0,
    "233":0.0,
    "234":0.0,
    "235":0.0,
    "236":0.0,
    "237":0.0,
    "238":0.0,
    "239":0.0,
    "240":0.0,
    "241":0.0,
    "242":0.0,
    "243":0.0,
    "244":0.0,
    "245":0.0,
    "246":0.0,
    "247":0.0,
    "248":0.0,
    "249":0.0,
    "250":0.0,
    "251":0.0,
    "252":0.0,
    "253":0.0,
    "254":0.0,
    "255":0.0,
    "256":0.0,
    "257":0.0,
    "258":0.0,
    "259":0.0,
    "260":0.0,
    "261":0.0,
    "262":0.0,
    "263":0.0,
    "264":0.0,
    "265":0.0,
    "266":0.0,
    "267":0.0,
    "268":0.0,
    "269":0.0,
    "270":0.0,
    "271":0.0,
    "272":0.0,
    "273":0.0,
    "274":0.0,
    "275":0.0,
    "276":0.0,
    "277":0.0,
    "278":0.0,
    "279":0.0,
    "280":0.0,
    "281":0.0,
    "282":0.0,
    "283":0.0,
    "284":0.0,
    "285":0.0,
    "286":0.0,
    "287":0.0,
    "288":0.0,
    "289":0.0,
    "290":0.0,
    "291":0.0,
    "292":0.0,
    "293":0.0,
    "294":0.0,
    "295":0.0,
    "296":0.0,
    "297":0.0,
    "298":0.0,
    "299":0.0,
    "300":0.0,
    "301":0.0,
    "302":0.0,
    "303":0.0,
    "304":0.0,
    "305":0.0,
    "306":0.0,
    "307":0.0,
    "308":0.0,
    "309":0.0,
    "310":0.0,
    "311":0.022192632046160673,
    "312":0.0,
    "313":0.0,
    "314":0.0,
    "315":0.0,
    "316":0.0,
    "317":0.0,
    "318":0.0,
    "319":0.0,
    "320":0.0,
    "321":0.0,
    "322":0.0,
    "323":0.0,
    "324":0.0,
    "325":0.0,
    "326":0.0,
    "327":0.0,
    "328":0.0,
    "329":0.0,
    "330":0.0,
    "331":0.0,
    "332":0.0,
    "333":0.0,
    "334":0.0,
    "335":0.0,
    "336":0.0,
    "337":0.0,
    "338":0.0,
    "339":0.0,
    "340":0.0,
    "341":0.022192632046160673,
    "342":0.0,
    "343":0.0,
    "344":0.0,
    "345":0.0,
    "346":0.0,
    "347":0.0,
    "348":0.0,
    "349":0.0,
    "350":0.0,
    "351":0.0,
    "352":0.0,
    "353":0.0,
    "354":0.0,
    "355":0.0,
    "356":0.0,
    "357":0.0,
    "358":0.0,
    "359":0.0,
    "360":0.0,
    "361":0.0,
    "362":0.0,
    "363":0.0,
    "364":0.0,
    "365":0.0,
    "366":0.0,
    "367":0.0,
    "368":0.0,
    "369":0.0,
    "370":0.0,
    "371":0.0,
    "372":0.0,
    "373":0.0,
    "374":0.0,
    "375":0.0,
    "376":0.0,
    "377":0.0,
    "378":0.0,
    "379":0.0,
    "380":0.0,
    "381":0.0,
    "382":0.0,
    "383":0.0,
    "384":0.0,
    "385":0.0,
    "386":0.0,
    "387":0.0,
    "388":0.0,
    "389":0.0,
    "390":0.0,
    "391":0.0,
    "392":0.0,
    "393":0.0,
    "394":0.0,
    "395":0.0,
    "396":0.0,
    "397":0.0,
    "398":0.0,
    "399":0.0,
    "400":0.0,
    "401":0.0,
    "402":0.0,
    "403":0.0,
    "404":0.0,
    "405":0.0,
    "406":0.0,
    "407":0.0,