{
    "0":2.5042881646655233,
    "1":0.17152658662092624,
    "2":0.34305317324185247,
    "3":0.27444253859348194,
    "4":1.1320754716981132,
    "5":1.0977701543739278,
    "6":1.0634648370497428,
    "7":1.5437392795883362,
    "8":2.0583190394511153,
    "9":2.1269296740994856,
    "10":2.5042881646655233,
    "11":2.3327615780445967,
    "12":2.2984562607204118,
    "13":1.6809605488850772,
    "14":2.0240137221269294,
    "15":1.7495711835334475,
    "16":1.7495711835334475,
    "17":1.7495711835334475,
    "18":1.8867924528301887,
    "19":2.2984562607204118,
    "20":1.921097770154374,
    "21":1.8524871355060035,
    "22":1.9897084048027445,
    "23":1.4065180102915953,
    "24":1.955403087478559,
    "25":1.955403087478559,
    "26":1.955403087478559,
    "27":2.469982847341338,
    "28":2.5385934819897082,
    "29":1.9897084048027445,
    "30":2.7444253859348198,
    "31":2.2298456260720414,
    "32":2.0583190394511153,
    "33":1.4408233276157805,
    "34":1.4751286449399656,
    "35":1.3036020583190395,
    "36":1.646655231560892,
    "37":1.5780445969125214,
    "38":1.5780445969125214,
    "39":1.5780445969125214,
    "40":1.8867924528301887,
    "41":1.509433962264151,
    "42":1.4065180102915953,
    "43":1.3036020583190395,
    "44":1.4065180102915953,
    "45":1.4065180102915953,
    "46":1.1663807890222984,
    "47":0.823327615780446,
    "48":1.0634648370497428,
    "49":0.960548885077187,
    "50":1.0977701543739278,
    "51":0.7547169811320755,
    "52":0.8919382504288165,
    "53":1.1320754716981132,
    "54":0.7204116638078902,
    "55":0.5488850771869639,
    "56":0.5145797598627788,
    "57":0.6861063464837049,
    "58":0.411663807890223,
    "59":0.5488850771869639,
    "60":0.34305317324185247,
    "61":0.44596912521440824,
    "62":0.6174957118353345,
    "63":0.24013722126929676,
    "64":0.24013722126929676,
    "65":0.27444253859348194,
    "66":0.2058319039451115,
    "67":0.34305317324185247,
    "68":0.13722126929674097,
    "69":0.24013722126929676,
    "70":0.34305317324185247,
    "71":0.37735849056603776,
    "72":0.13722126929674097,
    "73":0.30874785591766724,
    "74":0.13722126929674097,
    "75":0.24013722126929676,
    "76":0.30874785591766724,
    "77":0.2058319039451115,
    "78":0.17152658662092624,
    "79":0.30874785591766724,
    "80":0.17152658662092624,
    "81":0.27444253859348194,
    "82":0.06861063464837049,
    "83":0.06861063464837049,
    "84":0.03430531732418524,
    "85":0.2058319039451115,
    "86":0.03430531732418524,
    "87":0.06861063464837049,
    "88":0.06861063464837049,
    "89":0.13722126929674097,
    "90":0.03430531732418524,
    "91":0.13722126929674097,
    "92":0.03430531732418524,
    "93":0.03430531732418524,
    "94":0.03430531732418524,
    "95":0.13722126929674097,
    "96":0.10291595197255575,
    "97":0.06861063464837049,
    "98":0.06861063464837049,
    "99":0.06861063464837049,
    "100":0.13722126929674097,
    "101":0.06861063464837049,
    "102":0.03430531732418524,
    "103":0.06861063464837049,
    "104":0.0,
    "105":0.03430531732418524,
    "106":0.03430531732418524,
    "107":0.06861063464837049,
    "108":0.06861063464837049,
    "109":0.03430531732418524,
    "110":0.06861063464837049,
    "111":0.0,
    "112":0.06861063464837049,
    "113":0.03430531732418524,
    "114":0.10291595197255575,
    "115":0.13722126929674097,
    "116":0.06861063464837049,
    "117":0.10291595197255575,
    "118":0.0,
    "119":0.13722126929674097,
    "120":0.0,
    "121":0.0,
    "122":0.0,
    "123":0.0,
    "124":0.0,
    "125":0.0,
    "126":0.0,
    "127":0.0,
    "128":0.0,
    "129":0.0,
    "130":0.0,
    "131":0.0,
    "132":0.0,
    "133":0.0,
    "134":0.0,
    "135":0.0,
    "136":0.0,
    "137":0.0,
    "138":0.0,
    "139":0.0,
    "140":0.0,
    "141":0.0,
    "142":0.0,
    "143":0.0,
    "144":0.0,
    "145":0.0,
    "146":0.0,
    "147":0.0,
    "148":0.0,
    "149":0.0,
    "150":0.0,
    "151":0.0,
    "152":0.0,
    "153":0.0,
    "154":0.0,
    "155":0.0,
    "156":0.0,
    "157":0.0,
    "158":0.0,
    "159":0.0,
    "160":0.0,
    "161":0.0,
    "162":0.0,
    "163":0.0,
    "164":0.0,
    "165":0.0,
    "166":0.0,
    "167":0.0,
    "168":0.06861063464837049,
    "169":0.0,
    "170":0.0,
    "171":0.0,
    "172":0.0,
    "173":0.0,
    "174":0.0,
    "175":0.0,
    "176":0.0,
    "177":0.0,
    "178":0.0,
    "179":0.0,
    "180":0.0,
    "181":0.0,
    "182":0.0,
    "183":0.0,
    "184":0.0,
    "185":0.0,
    "186":0.0,
    "187":0.0,
    "188":0.0,
    "189":0.0,
    "190":0.0,
    "191":0.0,
    "192":0.0,
    "193":0.0,
    "194":0.0,
    "195":0.0,
    "196":0.0,
    "197":0.0,
    "198":0.0,
    "199":0.0,
    "200":0.0,
    "201":0.0,
    "202":0.0,
    "203":0.0,
    "204":0.0,
    "205":0.0,
    "206":0.0,
    "207":0.03430531732418524,
    "208":0.0,
    "209":0.0,
    "210":0.0,
    "211":0.0,
    "212":0.0,
    "213":0.0,
    "214":0.03430531732418524,
    "215":0.0,
    "216":0.0,
    "217":0.0,
    "218":0.0,
    "219":0.0,
    "220":0.0,
    "221":0.0,
    "222":0.0,
    "223":0.0,
    "224":0.03430531732418524,
    "225":0.0,
    "226":0.0,
    "227":0.0,
    "228":0.0,
    "229":0.0,
    "230":0.0,
    "231":0.0,
    "232":0.0,
    "233":0.03430531732418524,
    "234":0.0,
    "235":0.0,
    "236":0.0,
    "237":0.03430531732418524,
    "238":0.0,
    "239":0.0,
    "240":0.0,
    "241":0.0,
    "242":0.0,
    "243":0.0,
    "244":0.0,
    "245":0.0,
    "246":0.03430531732418524,
    "247":0.0,
    "248":0.03430531732418524,
    "249":0.0,
    "250":0.0,
    "251":0.0,
    "252":0.0,
    "253":0.0,
    "254":0.0,
    "255":0.0,
    "256":0.0,
    "257":0.0,
    "258":0.0,
    "259":0.0,
    "260":0.0,
    "261":0.0,
    "262":0.0,
    "263":0.03430531732418524,
    "264":0.03430531732418524,
    "265":0.0,
    "266":0.0,
    "267":0.0,
    "268":0.0,
    "269":0.0,
    "270":0.0,
    "271":0.0,
    "272":0.0,
    "273":0.0,
    "274":0.0,
    "275":0.0,
    "276":0.03430531732418524,
    "277":0.0,
    "278":0.0,
    "279":0.0,
    "280":0.0,
    "281":0.0,
    "282":0.0,
    "283":0.0,
    "284":0.03430531732418524,
    "285":0.0,
    "286":0.0,
    "287":0.0,
    "288":0.0,
    "289":0.0,
    "290":0.0,
    "291":0.03430531732418524,
    "292":0.0,
    "293":0.0,
    "294":0.0,
    "295":0.0,
    "296":0.0,
    "297":0.0,
    "298":0.03430531732418524,
    "299":0.0,
    "300":0.0,
    "301":0.0,
    "302":0.0,
    "303":0.0,
    "304":0.0,
    "305":0.0,
    "306":0.0,
    "307":0.0,
    "308":0.03430531732418524,
    "309":0.0,
    "310":0.0,
    "311":0.0,
    "312":0.0,
    "313":0.0,
    "314":0.0,
    "315":0.0,
    "316":0.0,
    "317":0.0,
    "318":0.0,
    "319":0.0,
    "320":0.03430531732418524,
    "321":0.0,
    "322":0.0,
    "323":0.0,
    "324":0.0,
    "325":0.0,
    "326":0.03430531732418524,
    "327":0.0,
    "328":0.0,
    "329":0.0,
    "330":0.0,
    "331":0.0,
    "332":0.0,
    "333":0.0,
    "334":0.0,
    "335":0.0,
    "336":0.0,
    "337":0.0,
    "338":0.0,
    "339":0.0,
    "340":0.0,
    "341":0.0,
    "342":0.0,
    "343":0.0,
    "344":0.0,
    "345":0.0,
    "346":0.0,
    "347":0.0,
    "348":0.0,
    "349":0.0,
    "350":0.0,
    "351":0.0,
    "352":0.0,
    "353":0.0,
    "354":0.0,
    "355":0.0,
    "356":0.0,
    "357":0.0,
    "358":0.0,
    "359":0.0,
    "360":0.0,
    "361":0.0,
    "362":0.0,
    "363":0.03430531732418524,
    "364":0.0,
    "365":0.0,
    "366":0.0,
    "367":0.0,
    "368":0.0,
    "369":0.0,
    "370":0.0,
    "371":0.0,
    "372":0.0,
    "373":0.0,
    "374":0.0,
    "375":0.0,
    "376":0.0,
    "377":0.0,
    "378":0.03430531732418524,
    "379":0.0,
    "380":0.0,
    "381":0.0,
    "382":0.0,
    "383":0.0,
    "384":0.0,
    "385":0.0,
    "386":0.0,
    "387":0.0,
    "388":0.0,
    "389":0.0,
    "390":0.0,
    "391":0.0,
    "392":0.0,
    "393":0.0,
    "394":0.0,
    "395":0.0,
    "396":0.03430531732418524,
    "397":0.0,
    "398":0.0,