{
    "0":3.9662447257383966,
    "1":6.441631504922644,
    "2":7.819971870604782,
    "3":4.922644163150492,
    "4":3.909985935302391,
    "5":2.841068917018284,
    "6":1.6877637130801686,
    "7":1.6033755274261603,
    "8":1.1814345991561181,
    "9":0.9563994374120955,
    "10":1.0126582278481013,
    "11":0.7876230661040787,
    "12":0.7876230661040787,
    "13":1.0126582278481013,
    "14":1.2939521800281293,
    "15":1.2658227848101267,
    "16":1.3783403656821378,
    "17":1.5189873417721518,
    "18":1.4908579465541492,
    "19":2.0253164556962027,
    "20":1.4627285513361463,
    "21":1.6033755274261603,
    "22":1.6315049226441631,
    "23":1.5471167369901548,
    "24":1.6033755274261603,
    "25":1.1533052039381153,
    "26":0.5625879043600562,
    "27":1.1251758087201125,
    "28":1.1251758087201125,
    "29":0.6751054852320675,
    "30":0.7876230661040787,
    "31":0.9563994374120955,
    "32":1.0689170182841068,
    "33":0.7594936708860759,
    "34":0.8720112517580872,
    "35":0.9845288326300985,
    "36":1.0970464135021099,
    "37":0.6751054852320675,
    "38":0.9282700421940928,
    "39":0.7313642756680732,
    "40":0.9845288326300985,
    "41":0.9563994374120955,
    "42":0.5625879043600562,
    "43":1.040787623066104,
    "44":0.7313642756680732,
    "45":0.7313642756680732,
    "46":0.7594936708860759,
    "47":0.7594936708860759,
    "48":0.7313642756680732,
    "49":0.8157524613220816,
    "50":0.9282700421940928,
    "51":0.90014064697609,
    "52":0.7032348804500703,
    "53":0.5907172995780591,
    "54":0.5063291139240507,
    "55":0.6188466947960619,
    "56":0.7032348804500703,
    "57":0.39381153305203936,
    "58":0.5344585091420534,
    "59":0.7313642756680732,
    "60":0.6188466947960619,
    "61":0.7594936708860759,
    "62":0.3656821378340366,
    "63":0.5625879043600562,
    "64":0.39381153305203936,
    "65":0.3656821378340366,
    "66":0.47819971870604777,
    "67":0.42194092827004215,
    "68":0.2812939521800281,
    "69":0.5063291139240507,
    "70":0.5625879043600562,
    "71":0.2812939521800281,
    "72":0.42194092827004215,
    "73":0.47819971870604777,
    "74":0.2812939521800281,
    "75":0.450070323488045,
    "76":0.450070323488045,
    "77":0.450070323488045,
    "78":0.3656821378340366,
    "79":0.450070323488045,
    "80":0.39381153305203936,
    "81":0.2250351617440225,
    "82":0.2812939521800281,
    "83":0.08438818565400844,
    "84":0.3656821378340366,
    "85":0.25316455696202533,
    "86":0.30942334739803096,
    "87":0.2812939521800281,
    "88":0.14064697609001406,
    "89":0.3656821378340366,
    "90":0.14064697609001406,
    "91":0.11251758087201125,
    "92":0.08438818565400844,
    "93":0.19690576652601968,
    "94":0.08438818565400844,
    "95":0.14064697609001406,
    "96":0.11251758087201125,
    "97":0.11251758087201125,
    "98":0.16877637130801687,
    "99":0.05625879043600562,
    "100":0.14064697609001406,
    "101":0.19690576652601968,
    "102":0.11251758087201125,
    "103":0.05625879043600562,
    "104":0.05625879043600562,
    "105":0.19690576652601968,
    "106":0.16877637130801687,
    "107":0.05625879043600562,
    "108":0.11251758087201125,
    "109":0.11251758087201125,
    "110":0.14064697609001406,
    "111":0.08438818565400844,
    "112":0.05625879043600562,
    "113":0.11251758087201125,
    "114":0.2250351617440225,
    "115":0.02812939521800281,
    "116":0.02812939521800281,
    "117":0.08438818565400844,
    "118":0.05625879043600562,
    "119":0.11251758087201125,
    "120":0.08438818565400844,
    "121":0.16877637130801687,
    "122":0.0,
    "123":0.08438818565400844,
    "124":0.0,
    "125":0.11251758087201125,
    "126":0.02812939521800281,
    "127":0.11251758087201125,
    "128":0.08438818565400844,
    "129":0.08438818565400844,
    "130":0.02812939521800281,
    "131":0.08438818565400844,
    "132":0.02812939521800281,
    "133":0.16877637130801687,
    "134":0.0,
    "135":0.0,
    "136":0.0,
    "137":0.0,
    "138":0.0,
    "139":0.0,
    "140":0.0,
    "141":0.0
}