{
    "0":6.940138325781063,
    "1":3.553541616980682,
    "2":2.551872167898879,
    "3":2.027188170760792,
    "4":3.1719532554257093,
    "5":3.1719532554257093,
    "6":2.4087765323157644,
    "7":2.027188170760792,
    "8":2.0748867159551634,
    "9":2.1702838063439067,
    "10":2.313379441927021,
    "11":2.2656808967326496,
    "12":2.647269258287622,
    "13":2.647269258287622,
    "14":2.3849272597185784,
    "15":2.337228714524207,
    "16":2.3849272597185784,
    "17":2.2418316241354637,
    "18":1.8840925351776772,
    "19":1.7409968995945622,
    "20":1.764846172191748,
    "21":1.6932983544001907,
    "22":1.7409968995945622,
    "23":1.5025041736227045,
    "24":1.9556403529692346,
    "25":1.5025041736227045,
    "26":1.4071070832339614,
    "27":1.4071070832339614,
    "28":1.4786549010255188,
    "29":1.2401621750536609,
    "30":1.6217505366086336,
    "31":1.1209158120677318,
    "32":0.882423086095874,
    "33":1.1686143572621035,
    "34":1.2401621750536609,
    "35":0.882423086095874,
    "36":1.1686143572621035,
    "37":0.667779632721202,
    "38":0.5962318149296446,
    "39":0.47698545194371567,
    "40":0.7870259957071308,
    "41":0.5962318149296446,
    "42":0.6200810875268304,
    "43":0.47698545194371567,
    "44":0.5962318149296446,
    "45":0.4531361793465299,
    "46":0.4531361793465299,
    "47":0.548533269735273,
    "48":0.26234199856904367,
    "49":0.47698545194371567,
    "50":0.4531361793465299,
    "51":0.6439303601240163,
    "52":0.47698545194371567,
    "53":0.333889816360601,
    "54":0.3100405437634152,
    "55":0.333889816360601,
    "56":0.38158836155497255,
    "57":0.38158836155497255,
    "58":0.333889816360601,
    "59":0.42928690674934417,
    "60":0.21464345337467208,
    "61":0.23849272597185783,
    "62":0.26234199856904367,
    "63":0.14309563558311472,
    "64":0.23849272597185783,
    "65":0.11924636298592892,
    "66":0.333889816360601,
    "67":0.19079418077748628,
    "68":0.26234199856904367,
    "69":0.19079418077748628,
    "70":0.26234199856904367,
    "71":0.21464345337467208,
    "72":0.28619127116622944,
    "73":0.14309563558311472,
    "74":0.333889816360601,
    "75":0.023849272597185785,
    "76":0.3100405437634152,
    "77":0.21464345337467208,
    "78":0.1669449081803005,
    "79":0.1669449081803005,
    "80":0.1669449081803005,
    "81":0.1669449081803005,
    "82":0.04769854519437157,
    "83":0.023849272597185785,
    "84":0.14309563558311472,
    "85":0.28619127116622944,
    "86":0.11924636298592892,
    "87":0.07154781779155736,
    "88":0.07154781779155736,
    "89":0.14309563558311472,
    "90":0.19079418077748628,
    "91":0.07154781779155736,
    "92":0.26234199856904367,
    "93":0.11924636298592892,
    "94":0.14309563558311472,
    "95":0.11924636298592892,
    "96":0.1669449081803005,
    "97":0.09539709038874314,
    "98":0.11924636298592892,
    "99":0.21464345337467208,
    "100":0.09539709038874314,
    "101":0.21464345337467208,
    "102":0.04769854519437157,
    "103":0.07154781779155736,
    "104":0.1669449081803005,
    "105":0.0,
    "106":0.04769854519437157,
    "107":0.023849272597185785,
    "108":0.07154781779155736,
    "109":0.0,
    "110":0.0,
    "111":0.11924636298592892,
    "112":0.07154781779155736,
    "113":0.023849272597185785,
    "114":0.04769854519437157,
    "115":0.04769854519437157,
    "116":0.0,
    "117":0.04769854519437157,
    "118":0.023849272597185785,
    "119":0.09539709038874314,
    "120":0.11924636298592892,
    "121":0.14309563558311472,
    "122":0.04769854519437157,
    "123":0.04769854519437157,
    "124":0.11924636298592892,
    "125":0.0,
    "126":0.0,
    "127":0.09539709038874314,
    "128":0.04769854519437157,
    "129":0.023849272597185785,
    "130":0.07154781779155736,
    "131":0.04769854519437157,
    "132":0.04769854519437157,
    "133":0.04769854519437157,
    "134":0.04769854519437157,
    "135":0.023849272597185785,
    "136":0.023849272597185785,
    "137":0.0,
    "138":0.04769854519437157,
    "139":0.07154781779155736,
    "140":0.04769854519437157,
    "141":0.11924636298592892,
    "142":0.04769854519437157,
    "143":0.04769854519437157,
    "144":0.07154781779155736,
    "145":0.14309563558311472,
    "146":0.0,
    "147":0.09539709038874314,
    "148":0.04769854519437157,
    "149":0.1669449081803005,
    "150":0.04769854519437157,
    "151":0.04769854519437157,
    "152":0.04769854519437157,
    "153":0.07154781779155736,
    "154":0.04769854519437157,
    "155":0.023849272597185785,
    "156":0.04769854519437157,
    "157":0.0,
    "158":0.04769854519437157,
    "159":0.07154781779155736,
    "160":0.04769854519437157,
    "161":0.04769854519437157,
    "162":0.04769854519437157,
    "163":0.04769854519437157,
    "164":0.04769854519437157,
    "165":0.0,
    "166":0.07154781779155736,
    "167":0.023849272597185785,
    "168":0.04769854519437157,
    "169":0.09539709038874314,
    "170":0.0,
    "171":0.0,
    "172":0.023849272597185785,
    "173":0.0,
    "174":0.07154781779155736,
    "175":0.023849272597185785,
    "176":0.023849272597185785,
    "177":0.023849272597185785,
    "178":0.04769854519437157,
    "179":0.09539709038874314,
    "180":0.023849272597185785,
    "181":0.04769854519437157,
    "182":0.023849272597185785,
    "183":0.0,
    "184":0.0,
    "185":0.0,
    "186":0.023849272597185785,
    "187":0.0,
    "188":0.0,
    "189":0.023849272597185785,
    "190":0.0,
    "191":0.023849272597185785,
    "192":0.023849272597185785,
    "193":0.0,
    "194":0.0,
    "195":0.023849272597185785,
    "196":0.0,
    "197":0.0,
    "198":0.0,
    "199":0.023849272597185785,
    "200":0.0,
    "201":0.023849272597185785,
    "202":0.023849272597185785,
    "203":0.0,
    "204":0.0,
    "205":0.0,
    "206":0.0,
    "207":0.023849272597185785,
    "208":0.0,
    "209":0.0,
    "210":0.023849272597185785,
    "211":0.023849272597185785,
    "212":0.0,
    "213":0.023849272597185785,
    "214":0.0,
    "215":0.0,
    "216":0.0,
    "217":0.0,
    "218":0.0,
    "219":0.0,
    "220":0.0,
    "221":0.0,
    "222":0.0,
    "223":0.0,
    "224":0.0,
    "225":0.0,
    "226":0.0,
    "227":0.0,
    "228":0.0,
    "229":0.0,
    "230":0.0,
    "231":0.0,
    "232":0.0,
    "233":0.0,
    "234":0.0,
    "235":0.023849272597185785,
    "236":0.0,
    "237":0.0,
    "238":0.0,
    "239":0.0,
    "240":0.0,
    "241":0.0,
    "242":0.0,
    "243":0.0,
    "244":0.0,
    "245":0.0,
    "246":0.0,
    "247":0.0,
    "248":0.0,
    "249":0.0,
    "250":0.0,
    "251":0.0,
    "252":0.0,
    "253":0.0,
    "254":0.0,
    "255":0.0,
    "256":0.0,
    "257":0.0,
    "258":0.0,
    "259":0.0,
    "260":0.0,
    "261":0.0,
    "262":0.0,
    "263":0.0,
    "264":0.0,
    "265":0.04769854519437157,
    "266":0.023849272597185785,
    "267":0.0,
    "268":0.023849272597185785,
    "269":0.023849272597185785,
    "270":0.0,
    "271":0.0,
    "272":0.0,
    "273":0.0,
    "274":0.0,
    "275":0.0,
    "276":0.0,
    "277":0.0,
    "278":0.023849272597185785,
    "279":0.0,
    "280":0.0,
    "281":0.023849272597185785,
    "282":0.0,
    "283":0.0,
    "284":0.0,
    "285":0.0,
    "286":0.0,
    "287":0.0,
    "288":0.0,
    "289":0.0,
    "290":0.023849272597185785,
    "291":0.023849272597185785,
    "292":0.023849272597185785,
    "293":0.0,
    "294":0.0,
    "295":0.0,
    "296":0.0,
    "297":0.0,
    "298":0.0,
    "299":0.0,
    "300":0.0,
    "301":0.0,
    "302":0.0,
    "303":0.0,
    "304":0.0,
    "305":0.0,
    "306":0.0,
    "307":0.0,
    "308":0.0,
    "309":0.0,
    "310":0.0,
    "311":0.0,
    "312":0.0,
    "313":0.0,
    "314":0.0,
    "315":0.0,
    "316":0.0,
    "317":0.0,
    "318":0.0,
    "319":0.0,
    "320":0.0,
    "321":0.023849272597185785,
    "322":0.0,
    "323":0.0,
    "324":0.0,
    "325":0.0,
    "326":0.0,
    "327":0.0,
    "328":0.0,
    "329":0.0,
    "330":0.023849272597185785,
    "331":0.0,
    "332":0.0,
    "333":0.0,
    "334":0.0,
    "335":0.0,