{
    "0":6.70621614650503,
    "1":5.029662109878772,
    "2":5.416559195254062,
    "3":3.6884188805777667,
    "4":4.152695383028115,
    "5":5.674490585504255,
    "6":5.4681454733041015,
    "7":3.1983492391023987,
    "8":2.115037400051586,
    "9":2.321382512251741,
    "10":2.34717565127676,
    "11":2.6309001805519734,
    "12":2.115037400051586,
    "13":2.1924168171266443,
    "14":2.089244261026567,
    "15":2.089244261026567,
    "16":2.115037400051586,
    "17":2.2697962342017024,
    "18":1.9860717049264893,
    "19":2.0376579829765284,
    "20":2.2955893732267216,
    "21":1.8828991488264124,
    "22":1.496002063451122,
    "23":1.496002063451122,
    "24":1.263863812225948,
    "25":1.3670363683260254,
    "26":1.1348981171008512,
    "27":1.0317255610007738,
    "28":0.748001031725561,
    "29":0.7995873097755997,
    "30":1.1091049780758317,
    "31":1.2380706732009286,
    "32":0.9285530049006964,
    "33":0.6964147536755223,
    "34":0.8769667268506577,
    "35":0.5932421975754449,
    "36":0.7995873097755997,
    "37":0.4900696414753675,
    "38":0.6190353366004643,
    "39":0.5674490585504256,
    "40":0.5416559195254063,
    "41":0.5416559195254063,
    "42":0.6448284756254836,
    "43":0.670621614650503,
    "44":0.6448284756254836,
    "45":0.5932421975754449,
    "46":0.5932421975754449,
    "47":0.4642765024503482,
    "48":0.5158627805003869,
    "49":0.5674490585504256,
    "50":0.5158627805003869,
    "51":0.43848336342532884,
    "52":0.5674490585504256,
    "53":0.43848336342532884,
    "54":0.3868970853752902,
    "55":0.2321382512251741,
    "56":0.20634511220015478,
    "57":0.1805519731751354,
    "58":0.3611039463502708,
    "59":0.41269022440030956,
    "60":0.15475883415011607,
    "61":0.3353108073252515,
    "62":0.12896569512509673,
    "63":0.025793139025019347,
    "64":0.07737941707505804,
    "65":0.07737941707505804,
    "66":0.15475883415011607,
    "67":0.07737941707505804,
    "68":0.10317255610007739,
    "69":0.10317255610007739,
    "70":0.051586278050038695,
    "71":0.025793139025019347,
    "72":0.07737941707505804,
    "73":0.025793139025019347,
    "74":0.051586278050038695,
    "75":0.051586278050038695,
    "76":0.051586278050038695,
    "77":0.051586278050038695,
    "78":0.051586278050038695,
    "79":0.07737941707505804,
    "80":0.07737941707505804,
    "81":0.07737941707505804,
    "82":0.025793139025019347,
    "83":0.025793139025019347,
    "84":0.0,
    "85":0.051586278050038695,
    "86":0.025793139025019347,
    "87":0.0,
    "88":0.0,
    "89":0.051586278050038695,
    "90":0.07737941707505804,
    "91":0.12896569512509673,
    "92":0.051586278050038695,
    "93":0.10317255610007739,
    "94":0.0,
    "95":0.0,
    "96":0.025793139025019347,
    "97":0.07737941707505804,
    "98":0.025793139025019347,
    "99":0.10317255610007739,
    "100":0.025793139025019347,
    "101":0.025793139025019347,
    "102":0.0,
    "103":0.051586278050038695,
    "104":0.051586278050038695,
    "105":0.10317255610007739,
    "106":0.025793139025019347,
    "107":0.051586278050038695,
    "108":0.0,
    "109":0.07737941707505804,
    "110":0.025793139025019347,
    "111":0.0,
    "112":0.0,
    "113":0.07737941707505804,
    "114":0.025793139025019347,
    "115":0.0,
    "116":0.0,
    "117":0.025793139025019347,
    "118":0.0,
    "119":0.0,
    "120":0.025793139025019347,
    "121":0.10317255610007739,
    "122":0.0,
    "123":0.0,
    "124":0.0,
    "125":0.0,
    "126":0.0,
    "127":0.0,
    "128":0.0,
    "129":0.0,
    "130":0.0,
    "131":0.0,
    "132":0.0,
    "133":0.0,
    "134":0.0,
    "135":0.0,
    "136":0.0,
    "137":0.0,
    "138":0.0,
    "139":0.0,
    "140":0.0,
    "141":0.0,
    "142":0.0,
    "143":0.0,
    "144":0.0,
    "145":0.0,
    "146":0.0,
    "147":0.0,
    "148":0.0,
    "149":0.0,
    "150":0.0,
    "151":0.0,
    "152":0.0,
    "153":0.0,
    "154":0.0,
    "155":0.0,
    "156":0.0,
    "157":0.0,
    "158":0.0,
    "159":0.0,
    "160":0.0,
    "161":0.0,
    "162":0.0,
    "163":0.0,
    "164":0.0,
    "165":0.0,
    "166":0.0,
    "167":0.0,
    "168":0.0,
    "169":0.0,
    "170":0.0,
    "171":0.0,
    "172":0.0,
    "173":0.0,
    "174":0.0,
    "175":0.0,
    "176":0.0,
    "177":0.0,
    "178":0.0,
    "179":0.0,
    "180":0.0,
    "181":0.0,
    "182":0.0,
    "183":0.0,
    "184":0.0,
    "185":0.0,
    "186":0.0,
    "187":0.0,
    "188":0.0,
    "189":0.0,
    "190":0.0,
    "191":0.0,
    "192":0.0,
    "193":0.0,
    "194":0.0,
    "195":0.0,
    "196":0.0,
    "197":0.0,
    "198":0.0,
    "199":0.0,
    "200":0.0,
    "201":0.0,
    "202":0.0,
    "203":0.0,
    "204":0.0,
    "205":0.0,
    "206":0.0,
    "207":0.0,
    "208":0.0,
    "209":0.0,
    "210":0.0,
    "211":0.0,
    "212":0.0,
    "213":0.0,
    "214":0.0,
    "215":0.0,
    "216":0.0,
    "217":0.0,
    "218":0.0,
    "219":0.0,
    "220":0.0,
    "221":0.0,
    "222":0.0,
    "223":0.0,
    "224":0.0,
    "225":0.0,
    "226":0.0,
    "227":0.0,
    "228":0.0,
    "229":0.0,
    "230":0.0,
    "231":0.0,
    "232":0.0,
    "233":0.0,
    "234":0.0,
    "235":0.0,
    "236":0.0,
    "237":0.0,
    "238":0.0,
    "239":0.0,
    "240":0.0,
    "241":0.0,
    "242":0.0,
    "243":0.0,
    "244":0.0,
    "245":0.0,
    "246":0.0,
    "247":0.0,
    "248":0.0,
    "249":0.0,
    "250":0.0,
    "251":0.0,
    "252":0.0,
    "253":0.0,
    "254":0.0,
    "255":0.0,
    "256":0.0,
    "257":0.0,
    "258":0.0,
    "259":0.0,
    "260":0.0,
    "261":0.0,
    "262":0.0,
    "263":0.0,
    "264":0.0,
    "265":0.0,
    "266":0.0,
    "267":0.0,
    "268":0.0,
    "269":0.0,
    "270":0.0,
    "271":0.0,
    "272":0.0,
    "273":0.0,
    "274":0.0,
    "275":0.0,
    "276":0.0,
    "277":0.0,
    "278":0.0,
    "279":0.0,
    "280":0.0,
    "281":0.0,
    "282":0.0,
    "283":0.0,
    "284":0.0,
    "285":0.0,
    "286":0.0,
    "287":0.0,
    "288":0.0,
    "289":0.0,
    "290":0.0,
    "291":0.0,
    "292":0.0,
    "293":0.0,
    "294":0.0,
    "295":0.0,
    "296":0.0,
    "297":0.0,
    "298":0.0,
    "299":0.0,
    "300":0.0,
    "301":0.0,
    "302":0.0,
    "303":0.0,
    "304":0.0,
    "305":0.0,
    "306":0.0,
    "307":0.0,
    "308":0.025793139025019347,
    "309":0.0,
    "310":0.0,
    "311":0.0,
    "312":0.0,
    "313":0.0,
    "314":0.0,
    "315":0.0,
    "316":0.0,
    "317":0.0
}