{
    "0":10.155920775389802,
    "1":4.61441213653603,
    "2":2.781289506953224,
    "3":2.2123893805309733,
    "4":4.150863885377159,
    "5":4.993678887484197,
    "6":4.572271386430678,
    "7":3.8769490096923724,
    "8":3.37126000842815,
    "9":2.0859671302149176,
    "10":1.4327855035819637,
    "11":1.8752633796881586,
    "12":1.6224188790560472,
    "13":2.1913190054782974,
    "14":1.748841129372103,
    "15":2.444163506110409,
    "16":1.748841129372103,
    "17":1.580278128950695,
    "18":1.8120522545301307,
    "19":1.9595448798988624,
    "20":1.9595448798988624,
    "21":1.664559629161399,
    "22":1.9595448798988624,
    "23":1.7699115044247788,
    "24":1.4538558786346398,
    "25":1.4959966287399917,
    "26":0.9692372524230931,
    "27":1.1167298777918246,
    "28":0.9903076274757691,
    "29":1.053518752633797,
    "30":1.2220817530552044,
    "31":0.9481668773704173,
    "32":0.7374631268436578,
    "33":0.7796038769490097,
    "34":0.9270965023177412,
    "35":0.7796038769490097,
    "36":0.9903076274757691,
    "37":0.7374631268436578,
    "38":0.7585335018963337,
    "39":0.7374631268436578,
    "40":0.8428150021070375,
    "41":0.7163927517909818,
    "42":0.5689001264222503,
    "43":0.5689001264222503,
    "44":0.4003371260008428,
    "45":0.4003371260008428,
    "46":0.2528445006321113,
    "47":0.31605562579013907,
    "48":0.42140750105351876,
    "49":0.37926675094816686,
    "50":0.48461862621154655,
    "51":0.2949852507374631,
    "52":0.2739148756847872,
    "53":0.5689001264222503,
    "54":0.4635482511588706,
    "55":0.48461862621154655,
    "56":0.2528445006321113,
    "57":0.37926675094816686,
    "58":0.3581963758954909,
    "59":0.18963337547408343,
    "60":0.2739148756847872,
    "61":0.31605562579013907,
    "62":0.14749262536873156,
    "63":0.37926675094816686,
    "64":0.2317741255794353,
    "65":0.14749262536873156,
    "66":0.337126000842815,
    "67":0.14749262536873156,
    "68":0.10535187526337969,
    "69":0.04214075010535188,
    "70":0.06321112515802782,
    "71":0.1685630004214075,
    "72":0.04214075010535188,
    "73":0.08428150021070376,
    "74":0.04214075010535188,
    "75":0.2528445006321113,
    "76":0.04214075010535188,
    "77":0.2528445006321113,
    "78":0.04214075010535188,
    "79":0.04214075010535188,
    "80":0.10535187526337969,
    "81":0.21070375052675938,
    "82":0.08428150021070376,
    "83":0.04214075010535188,
    "84":0.10535187526337969,
    "85":0.08428150021070376,
    "86":0.06321112515802782,
    "87":0.18963337547408343,
    "88":0.10535187526337969,
    "89":0.08428150021070376,
    "90":0.08428150021070376,
    "91":0.10535187526337969,
    "92":0.06321112515802782,
    "93":0.14749262536873156,
    "94":0.14749262536873156,
    "95":0.18963337547408343,
    "96":0.04214075010535188,
    "97":0.08428150021070376,
    "98":0.02107037505267594,
    "99":0.06321112515802782,
    "100":0.08428150021070376,
    "101":0.08428150021070376,
    "102":0.0,
    "103":0.1685630004214075,
    "104":0.10535187526337969,
    "105":0.18963337547408343,
    "106":0.0,
    "107":0.04214075010535188,
    "108":0.0,
    "109":0.0,
    "110":0.02107037505267594,
    "111":0.04214075010535188,
    "112":0.0,
    "113":0.04214075010535188,
    "114":0.04214075010535188,
    "115":0.06321112515802782,
    "116":0.06321112515802782,
    "117":0.0,
    "118":0.0,
    "119":0.0,
    "120":0.02107037505267594,
    "121":0.04214075010535188,
    "122":0.02107037505267594,
    "123":0.04214075010535188,
    "124":0.0,
    "125":0.04214075010535188,
    "126":0.02107037505267594,
    "127":0.10535187526337969,
    "128":0.0,
    "129":0.04214075010535188,
    "130":0.02107037505267594,
    "131":0.02107037505267594,
    "132":0.0,
    "133":0.02107037505267594,
    "134":0.02107037505267594,
    "135":0.02107037505267594,
    "136":0.0,
    "137":0.02107037505267594,
    "138":0.0,
    "139":0.0,
    "140":0.02107037505267594,
    "141":0.0,
    "142":0.0,
    "143":0.0,
    "144":0.0,
    "145":0.02107037505267594,
    "146":0.04214075010535188,
    "147":0.0,
    "148":0.04214075010535188,
    "149":0.0,
    "150":0.0,
    "151":0.0,
    "152":0.02107037505267594,
    "153":0.02107037505267594,
    "154":0.0,
    "155":0.0,
    "156":0.02107037505267594,
    "157":0.02107037505267594,
    "158":0.02107037505267594,
    "159":0.02107037505267594,
    "160":0.02107037505267594,
    "161":0.0,
    "162":0.02107037505267594,
    "163":0.0,
    "164":0.02107037505267594,
    "165":0.0,
    "166":0.0,
    "167":0.0,
    "168":0.0,
    "169":0.0,
    "170":0.0,
    "171":0.02107037505267594,
    "172":0.02107037505267594,
    "173":0.0,
    "174":0.0,
    "175":0.02107037505267594,
    "176":0.0,
    "177":0.02107037505267594,
    "178":0.0,
    "179":0.0,
    "180":0.02107037505267594,
    "181":0.0,
    "182":0.0,
    "183":0.08428150021070376,
    "184":0.0,
    "185":0.0,
    "186":0.0,
    "187":0.0,
    "188":0.0,
    "189":0.0,
    "190":0.0,
    "191":0.0
}