{
    "0":[
        [
            -19.917863259653913,
            -43.94317047487305,
            "300000000001",
            "0"
        ]
    ],
    "1":[
        [
            -19.917851473119565,
            -43.94350194197942,
            "300000000002",
            "3"
        ]
    ],
    "10":[
        [
            -19.920214969870003,
            -43.94073267021614,
            "300000000011",
            "3"
        ]
    ],
    "11":[
        [
            -19.92001180102465,
            -43.943356561910264,
            "300000000012",
            "0"
        ]
    ],
    "2":[
        [
            -19.91701281703678,
            -43.945712993455395,
            "300000000003",
            "1"
        ]
    ],
    "3":[
        [
            -19.922463133254023,
            -43.942741462064596,
            "300000000004",
            "4"
        ]
    ],
    "4":[
        [
            -19.922143098481786,
            -43.94408002809571,
            "300000000005",
            "3"
        ]
    ],
    "5":[
        [
            -19.922987028981037,
            -43.94316023648023,
            "300000000006",
            "0"
        ]
    ],
    "6":[
        [
            -19.920500284302545,
            -43.9427195277151,
            "300000000007",
            "3"
        ]
    ],
    "7":[
        [
            -19.921291180983214,
            -43.94176831481355,
            "300000000008",
            "4"
        ]
    ],
    "8":[
        [
            -19.9207886615465,
            -43.941917602665164,
            "300000000009",
            "1"
        ]
    ],
    "9":[
        [
            -19.9204000439011,
            -43.94230635016821,
            "300000000010",
            "0"
        ]
    ],
    "total_length":3236.8539634561985,
    "total_time":0.3411407470703125
}