{
    "0":8.778108913573558,
    "1":0.541858574911948,
    "2":2.2487130858845843,
    "3":3.4949878081820644,
    "4":7.3421836900568955,
    "5":6.123001896505012,
    "6":4.849634245461934,
    "7":2.546735302086155,
    "8":1.5442969384990517,
    "9":1.5172040097534545,
    "10":1.8694120834462207,
    "11":1.5984827959902466,
    "12":1.4630181522622596,
    "13":1.7339474397182335,
    "14":1.6797615822270389,
    "15":1.896505012191818,
    "16":2.302898943375779,
    "17":2.1945272283933894,
    "18":2.167434299647792,
    "19":2.0048767271742074,
    "20":2.302898943375779,
    "21":1.4359252235166622,
    "22":1.9235979409374153,
    "23":1.4359252235166622,
    "24":1.842319154700623,
    "25":1.7610403684638307,
    "26":1.4088322947710648,
    "27":1.5442969384990517,
    "28":1.219181793551883,
    "29":1.5442969384990517,
    "30":1.0295312923327011,
    "31":1.1108100785694934,
    "32":0.7856949336223246,
    "33":0.6502302898943376,
    "34":0.6773232186399349,
    "35":0.541858574911948,
    "36":1.083717149823896,
    "37":0.4876727174207532,
    "38":0.5960444324031428,
    "39":0.6773232186399349,
    "40":0.6231373611487402,
    "41":0.6231373611487402,
    "42":0.4876727174207532,
    "43":0.7044161473855324,
    "44":0.6502302898943376,
    "45":0.7856949336223246,
    "46":0.5147656461663506,
    "47":0.7044161473855324,
    "48":0.3522080736927662,
    "49":0.6231373611487402,
    "50":0.4334868599295584,
    "51":0.5147656461663506,
    "52":0.3522080736927662,
    "53":0.4876727174207532,
    "54":0.5689515036575453,
    "55":0.1896505012191818,
    "56":0.2438363587103766,
    "57":0.2438363587103766,
    "58":0.4334868599295584,
    "59":0.135464643727987,
    "60":0.2980222162015714,
    "61":0.1625575724735844,
    "62":0.3793010024383636,
    "63":0.135464643727987,
    "64":0.1625575724735844,
    "65":0.1896505012191818,
    "66":0.270929287455974,
    "67":0.135464643727987,
    "68":0.2167434299647792,
    "69":0.135464643727987,
    "70":0.1896505012191818,
    "71":0.1625575724735844,
    "72":0.135464643727987,
    "73":0.1896505012191818,
    "74":0.135464643727987,
    "75":0.2980222162015714,
    "76":0.2438363587103766,
    "77":0.2438363587103766,
    "78":0.270929287455974,
    "79":0.2167434299647792,
    "80":0.135464643727987,
    "81":0.135464643727987,
    "82":0.0541858574911948,
    "83":0.2438363587103766,
    "84":0.0541858574911948,
    "85":0.1083717149823896,
    "86":0.1083717149823896,
    "87":0.0541858574911948,
    "88":0.270929287455974,
    "89":0.0812787862367922,
    "90":0.1625575724735844,
    "91":0.270929287455974,
    "92":0.2438363587103766,
    "93":0.0812787862367922,
    "94":0.1083717149823896,
    "95":0.135464643727987,
    "96":0.1083717149823896,
    "97":0.135464643727987,
    "98":0.1083717149823896,
    "99":0.0812787862367922,
    "100":0.1083717149823896,
    "101":0.135464643727987,
    "102":0.0,
    "103":0.0812787862367922,
    "104":0.0812787862367922,
    "105":0.1625575724735844,
    "106":0.1083717149823896,
    "107":0.0541858574911948,
    "108":0.0270929287455974,
    "109":0.0270929287455974,
    "110":0.0541858574911948,
    "111":0.1083717149823896,
    "112":0.1625575724735844,
    "113":0.135464643727987,
    "114":0.0,
    "115":0.135464643727987,
    "116":0.0,
    "117":0.0,
    "118":0.0,
    "119":0.0,
    "120":0.0,
    "121":0.0,
    "122":0.0270929287455974,
    "123":0.0,
    "124":0.0,
    "125":0.0,
    "126":0.0270929287455974,
    "127":0.0,
    "128":0.0,
    "129":0.0,
    "130":0.0,
    "131":0.0,
    "132":0.0,
    "133":0.0,
    "134":0.0,
    "135":0.0,
    "136":0.0270929287455974,
    "137":0.0,
    "138":0.0,
    "139":0.0,
    "140":0.0,
    "141":0.0,
    "142":0.0,
    "143":0.0,
    "144":0.0,
    "145":0.0,
    "146":0.0,
    "147":0.0,
    "148":0.0,
    "149":0.0,
    "150":0.0,
    "151":0.0,
    "152":0.0,
    "153":0.0,
    "154":0.0,
    "155":0.0,
    "156":0.0,
    "157":0.0,
    "158":0.0270929287455974,
    "159":0.0,
    "160":0.0,
    "161":0.0,
    "162":0.0,
    "163":0.0,
    "164":0.0,
    "165":0.0,
    "166":0.0,
    "167":0.0,
    "168":0.0,
    "169":0.0,
    "170":0.0,
    "171":0.0,
    "172":0.0,
    "173":0.0,
    "174":0.0,
    "175":0.0,
    "176":0.0,
    "177":0.0,
    "178":0.0,
    "179":0.0,
    "180":0.0,
    "181":0.0270929287455974,
    "182":0.0,
    "183":0.0,
    "184":0.0,
    "185":0.0,
    "186":0.0,
    "187":0.0,
    "188":0.0,
    "189":0.0
}