{
    "0":2.3534736365693596,
    "1":4.661688164743154,
    "2":7.060420909708079,
    "3":2.7155465037338766,
    "4":2.0366598778004072,
    "5":2.4439918533604885,
    "6":4.0959493097985975,
    "7":2.896582937316135,
    "8":3.5302104548540396,
    "9":3.9149128762163388,
    "10":3.2586558044806515,
    "11":3.6659877800407332,
    "12":2.489250961756053,
    "13":2.240325865580448,
    "14":1.3125141434713736,
    "15":1.6519574564381083,
    "16":1.1767368182846798,
    "17":1.1088481556913328,
    "18":1.7198461190314551,
    "19":1.3804028060647204,
    "20":0.9504412763068567,
    "21":1.2898845892735913,
    "22":1.2219959266802443,
    "23":1.267255035075809,
    "24":1.2219959266802443,
    "25":1.1541072640868975,
    "26":1.063589047295768,
    "27":0.9957003847024214,
    "28":0.9504412763068567,
    "29":1.1767368182846798,
    "30":1.2898845892735913,
    "31":0.8146639511201629,
    "32":0.7467752885268161,
    "33":0.7015161801312514,
    "34":0.5431093007467752,
    "35":0.7920343969223806,
    "36":0.7467752885268161,
    "37":0.8146639511201629,
    "38":0.5431093007467752,
    "39":0.5657388549445576,
    "40":0.6109979633401221,
    "41":0.5883684091423399,
    "42":0.36207286716451687,
    "43":0.47522063815342835,
    "44":0.47522063815342835,
    "45":0.36207286716451687,
    "46":0.36207286716451687,
    "47":0.520479746548993,
    "48":0.520479746548993,
    "49":0.47522063815342835,
    "50":0.6109979633401221,
    "51":0.47522063815342835,
    "52":0.5657388549445576,
    "53":0.47522063815342835,
    "54":0.38470242136229915,
    "55":0.47522063815342835,
    "56":0.7241457343290337,
    "57":0.40733197556008144,
    "58":0.5657388549445576,
    "59":0.4978501923512107,
    "60":0.40733197556008144,
    "61":0.4978501923512107,
    "62":0.5431093007467752,
    "63":0.40733197556008144,
    "64":0.4525910839556461,
    "65":0.5657388549445576,
    "66":0.5657388549445576,
    "67":0.520479746548993,
    "68":0.4299615297578638,
    "69":0.4299615297578638,
    "70":0.36207286716451687,
    "71":0.38470242136229915,
    "72":0.4525910839556461,
    "73":0.5431093007467752,
    "74":0.29418420457116995,
    "75":0.4299615297578638,
    "76":0.29418420457116995,
    "77":0.4978501923512107,
    "78":0.31681375876895224,
    "79":0.3394433129667346,
    "80":0.2715546503733876,
    "81":0.2715546503733876,
    "82":0.22629554197782306,
    "83":0.29418420457116995,
    "84":0.15840687938447612,
    "85":0.2715546503733876,
    "86":0.24892509617560535,
    "87":0.18103643358225843,
    "88":0.31681375876895224,
    "89":0.40733197556008144,
    "90":0.022629554197782304,
    "91":0.15840687938447612,
    "92":0.18103643358225843,
    "93":0.022629554197782304,
    "94":0.022629554197782304,
    "95":0.09051821679112922,
    "96":0.20366598778004072,
    "97":0.11314777098891153,
    "98":0.1357773251866938,
    "99":0.022629554197782304,
    "100":0.15840687938447612,
    "101":0.11314777098891153,
    "102":0.04525910839556461,
    "103":0.11314777098891153,
    "104":0.09051821679112922,
    "105":0.04525910839556461,
    "106":0.09051821679112922,
    "107":0.11314777098891153,
    "108":0.04525910839556461,
    "109":0.04525910839556461,
    "110":0.11314777098891153,
    "111":0.04525910839556461,
    "112":0.0678886625933469,
    "113":0.11314777098891153,
    "114":0.0678886625933469,
    "115":0.022629554197782304,
    "116":0.04525910839556461,
    "117":0.1357773251866938,
    "118":0.09051821679112922,
    "119":0.04525910839556461,
    "120":0.1357773251866938,
    "121":0.1357773251866938,
    "122":0.09051821679112922,
    "123":0.09051821679112922,
    "124":0.0678886625933469,
    "125":0.20366598778004072,
    "126":0.0,
    "127":0.0,
    "128":0.04525910839556461,
    "129":0.0,
    "130":0.022629554197782304,
    "131":0.022629554197782304,
    "132":0.04525910839556461,
    "133":0.0,
    "134":0.04525910839556461,
    "135":0.022629554197782304,
    "136":0.0,
    "137":0.022629554197782304,
    "138":0.0678886625933469,
    "139":0.09051821679112922,
    "140":0.0,
    "141":0.0,
    "142":0.04525910839556461,
    "143":0.0,
    "144":0.0,
    "145":0.0,
    "146":0.022629554197782304,
    "147":0.022629554197782304,
    "148":0.022629554197782304,
    "149":0.022629554197782304,
    "150":0.0,
    "151":0.022629554197782304,
    "152":0.0,
    "153":0.0,
    "154":0.022629554197782304,
    "155":0.022629554197782304,
    "156":0.04525910839556461,
    "157":0.0,
    "158":0.0,
    "159":0.0,
    "160":0.022629554197782304,
    "161":0.0,
    "162":0.0,
    "163":0.0,
    "164":0.04525910839556461,
    "165":0.11314777098891153,
    "166":0.0,
    "167":0.0,
    "168":0.0,
    "169":0.0,
    "170":0.0,
    "171":0.0,
    "172":0.0,
    "173":0.0,
    "174":0.0
}