{
    "0":4.254840162089149,
    "1":0.18009905447996397,
    "2":2.3638000900495273,
    "3":2.8590724898694284,
    "4":1.0130571814497973,
    "5":0.5628095452498875,
    "6":1.2606933813597478,
    "7":1.0580819450697883,
    "8":1.0805943268797837,
    "9":0.6528590724898694,
    "10":0.9455200360198109,
    "11":1.0130571814497973,
    "12":0.42773525438991444,
    "13":0.6303466906798739,
    "14":1.2156686177397569,
    "15":0.9680324178298064,
    "16":1.2606933813597478,
    "17":1.7559657811796487,
    "18":2.1386762719495724,
    "19":2.2737505628095454,
    "20":2.4763619990995047,
    "21":2.3863124718595228,
    "22":2.003601981089599,
    "23":2.1837010355695634,
    "24":2.5213867627194957,
    "25":2.5664115263394867,
    "26":2.3863124718595228,
    "27":2.296262944619541,
    "28":2.0711391265195855,
    "29":2.0486267447095905,
    "30":1.8685276902296262,
    "31":1.6659162539396668,
    "32":2.0936515083295815,
    "33":1.8235029266096352,
    "34":1.9135524538496171,
    "35":1.5758667266996849,
    "36":1.1031067086897792,
    "37":1.0355695632597928,
    "38":1.35074290859973,
    "39":1.4182800540297165,
    "40":1.1031067086897792,
    "41":0.8104457451598379,
    "42":1.170643854119766,
    "43":0.675371454299865,
    "44":0.9004952723998199,
    "45":0.8779828905898244,
    "46":0.9004952723998199,
    "47":0.6078343088698784,
    "48":0.6528590724898694,
    "49":0.6528590724898694,
    "50":0.47276001800990547,
    "51":0.3376857271499325,
    "52":0.27014858171994593,
    "53":0.40522287257991896,
    "54":0.27014858171994593,
    "55":0.20261143628995948,
    "56":0.22512381809995496,
    "57":0.22512381809995496,
    "58":0.31517334533993696,
    "59":0.3827104907699235,
    "60":0.13507429085997297,
    "61":0.2926609635299415,
    "62":0.20261143628995948,
    "63":0.27014858171994593,
    "64":0.20261143628995948,
    "65":0.22512381809995496,
    "66":0.2926609635299415,
    "67":0.36019810895992793,
    "68":0.18009905447996397,
    "69":0.24763619990995048,
    "70":0.3376857271499325,
    "71":0.5402971634398919,
    "72":0.27014858171994593,
    "73":0.18009905447996397,
    "74":0.3376857271499325,
    "75":0.2926609635299415,
    "76":0.3376857271499325,
    "77":0.40522287257991896,
    "78":0.20261143628995948,
    "79":0.2926609635299415,
    "80":0.3376857271499325,
    "81":0.22512381809995496,
    "82":0.3827104907699235,
    "83":0.47276001800990547,
    "84":0.31517334533993696,
    "85":0.22512381809995496,
    "86":0.27014858171994593,
    "87":0.27014858171994593,
    "88":0.27014858171994593,
    "89":0.22512381809995496,
    "90":0.24763619990995048,
    "91":0.20261143628995948,
    "92":0.11256190904997748,
    "93":0.11256190904997748,
    "94":0.22512381809995496,
    "95":0.2926609635299415,
    "96":0.22512381809995496,
    "97":0.36019810895992793,
    "98":0.2926609635299415,
    "99":0.27014858171994593,
    "100":0.22512381809995496,
    "101":0.18009905447996397,
    "102":0.11256190904997748,
    "103":0.22512381809995496,
    "104":0.18009905447996397,
    "105":0.15758667266996848,
    "106":0.2926609635299415,
    "107":0.22512381809995496,
    "108":0.24763619990995048,
    "109":0.15758667266996848,
    "110":0.2926609635299415,
    "111":0.15758667266996848,
    "112":0.04502476361999099,
    "113":0.24763619990995048,
    "114":0.2926609635299415,
    "115":0.40522287257991896,
    "116":0.3376857271499325,
    "117":0.31517334533993696,
    "118":0.13507429085997297,
    "119":0.24763619990995048,
    "120":0.31517334533993696,
    "121":0.24763619990995048,
    "122":0.36019810895992793,
    "123":0.24763619990995048,
    "124":0.09004952723998198,
    "125":0.09004952723998198,
    "126":0.22512381809995496,
    "127":0.27014858171994593,
    "128":0.31517334533993696,
    "129":0.18009905447996397,
    "130":0.18009905447996397,
    "131":0.04502476361999099,
    "132":0.24763619990995048,
    "133":0.24763619990995048,
    "134":0.15758667266996848,
    "135":0.04502476361999099,
    "136":0.15758667266996848,
    "137":0.13507429085997297,
    "138":0.27014858171994593,
    "139":0.06753714542998648,
    "140":0.022512381809995496,
    "141":0.18009905447996397,
    "142":0.022512381809995496,
    "143":0.09004952723998198,
    "144":0.022512381809995496,
    "145":0.09004952723998198,
    "146":0.06753714542998648,
    "147":0.09004952723998198,
    "148":0.13507429085997297,
    "149":0.022512381809995496,
    "150":0.022512381809995496,
    "151":0.04502476361999099,
    "152":0.06753714542998648,
    "153":0.11256190904997748,
    "154":0.04502476361999099,
    "155":0.04502476361999099,
    "156":0.04502476361999099,
    "157":0.022512381809995496,
    "158":0.04502476361999099,
    "159":0.022512381809995496,
    "160":0.022512381809995496,
    "161":0.06753714542998648,
    "162":0.022512381809995496,
    "163":0.09004952723998198,
    "164":0.0,
    "165":0.04502476361999099,
    "166":0.11256190904997748,
    "167":0.06753714542998648,
    "168":0.0,
    "169":0.04502476361999099,
    "170":0.0,
    "171":0.0,
    "172":0.022512381809995496,
    "173":0.04502476361999099,
    "174":0.0,
    "175":0.022512381809995496,
    "176":0.0,
    "177":0.04502476361999099,
    "178":0.022512381809995496,
    "179":0.0,
    "180":0.022512381809995496,
    "181":0.04502476361999099,
    "182":0.06753714542998648,
    "183":0.022512381809995496,
    "184":0.0,
    "185":0.022512381809995496,
    "186":0.0,
    "187":0.022512381809995496,
    "188":0.0,
    "189":0.0,
    "190":0.022512381809995496,
    "191":0.0,
    "192":0.022512381809995496,
    "193":0.0,
    "194":0.022512381809995496,
    "195":0.022512381809995496,
    "196":0.0,
    "197":0.022512381809995496,
    "198":0.0,
    "199":0.022512381809995496,
    "200":0.022512381809995496,
    "201":0.0,
    "202":0.0,
    "203":0.022512381809995496,
    "204":0.04502476361999099,
    "205":0.0,
    "206":0.0,
    "207":0.09004952723998198,
    "208":0.0,
    "209":0.0,
    "210":0.0,
    "211":0.0,
    "212":0.0,
    "213":0.0,
    "214":0.0,
    "215":0.0,
    "216":0.0,
    "217":0.0,
    "218":0.0,
    "219":0.0,
    "220":0.0,
    "221":0.0,
    "222":0.0,
    "223":0.0,
    "224":0.0,
    "225":0.022512381809995496,
    "226":0.0,
    "227":0.0,
    "228":0.0,
    "229":0.0,
    "230":0.0,
    "231":0.0,
    "232":0.0,
    "233":0.0,
    "234":0.0,
    "235":0.0,
    "236":0.0,
    "237":0.0,
    "238":0.0,
    "239":0.0,
    "240":0.0,
    "241":0.0,
    "242":0.0,
    "243":0.0,
    "244":0.0,
    "245":0.0,
    "246":0.0,
    "247":0.0,
    "248":0.0,
    "249":0.0,
    "250":0.0,
    "251":0.0,
    "252":0.0,
    "253":0.0,
    "254":0.0,
    "255":0.0,
    "256":0.0,
    "257":0.0,
    "258":0.0,
    "259":0.0,
    "260":0.0,
    "261":0.0,
    "262":0.0,
    "263":0.0,
    "264":0.0,
    "265":0.0,
    "266":0.0,
    "267":0.0,
    "268":0.0,
    "269":0.0,
    "270":0.0,
    "271":0.0,
    "272":0.0,
    "273":0.0,
    "274":0.0,
    "275":0.0,
    "276":0.0,
    "277":0.0,
    "278":0.0,
    "279":0.0,
    "280":0.0,
    "281":0.0,
    "282":0.0,
    "283":0.0,
    "284":0.0,
    "285":0.0,
    "286":0.0,
    "287":0.0,
    "288":0.0,
    "289":0.0,
    "290":0.0,
    "291":0.0,
    "292":0.0,
    "293":0.0,
    "294":0.0,
    "295":0.0,
    "296":0.0,
    "297":0.0,
    "298":0.0,
    "299":0.0,
    "300":0.0,
    "301":0.0,
    "302":0.0,
    "303":0.0,
    "304":0.0,
    "305":0.0,
    "306":0.0,
    "307":0.0,
    "308":0.0,
    "309":0.0,
    "310":0.0,
    "311":0.0,
    "312":0.0,
    "313":0.0,
    "314":0.0,
    "315":0.0,
    "316":0.0,
    "317":0.0,
    "318":0.0,
    "319":0.0,
    "320":0.0,
    "321":0.0,
    "322":0.0,
    "323":0.0,
    "324":0.0,
    "325":0.0,
    "326":0.0,
    "327":0.0,
    "328":0.0,
    "329":0.0,
    "330":0.0,
    "331":0.0,
    "332":0.0,
    "333":0.0,
    "334":0.0,
    "335":0.0,
    "336":0.0,
    "337":0.0,
    "338":0.0,
    "339":0.0,
    "340":0.0,