{
    "0":4.371709773403524,
    "1":2.746623941405356,
    "2":0.9613183794918746,
    "3":3.685053788052186,
    "4":7.415884641794461,
    "5":4.98970016021973,
    "6":5.333028152895399,
    "7":3.7766079194323643,
    "8":2.0141908903639276,
    "9":2.9068436713206682,
    "10":2.9526207370107573,
    "11":3.0212863355458914,
    "12":2.861066605630579,
    "13":2.243076218814374,
    "14":2.2659647516594186,
    "15":1.9913023575188828,
    "16":1.7624170290684367,
    "17":1.4419775692378118,
    "18":1.5793087663080796,
    "19":1.2817578393224993,
    "20":1.2588693064774548,
    "21":1.2359807736324102,
    "22":0.8926527809567406,
    "23":1.5106431677729457,
    "24":1.1902037079423209,
    "25":1.0986495765621425,
    "26":1.2359807736324102,
    "27":1.556420233463035,
    "28":1.5106431677729457,
    "29":1.0299839780270084,
    "30":1.487754634927901,
    "31":1.1902037079423209,
    "32":1.121538109407187,
    "33":1.121538109407187,
    "34":0.6179903868162051,
    "35":0.9155413138017854,
    "36":0.7782101167315175,
    "37":0.5722133211261158,
    "38":0.8468757152666514,
    "39":0.8010986495765621,
    "40":0.4806591897459373,
    "41":0.5722133211261158,
    "42":0.6179903868162051,
    "43":0.6408789196612497,
    "44":0.6408789196612497,
    "45":0.5722133211261158,
    "46":0.5264362554360266,
    "47":0.5951018539711604,
    "48":0.43488212405584803,
    "49":0.2975509269855802,
    "50":0.4577706569008927,
    "51":0.4119935912108034,
    "52":0.2746623941405356,
    "53":0.4119935912108034,
    "54":0.4806591897459373,
    "55":0.38910505836575876,
    "56":0.22888532845044635,
    "57":0.2746623941405356,
    "58":0.5264362554360266,
    "59":0.4577706569008927,
    "60":0.32043945983062483,
    "61":0.38910505836575876,
    "62":0.2975509269855802,
    "63":0.16021972991531241,
    "64":0.2975509269855802,
    "65":0.4577706569008927,
    "66":0.2975509269855802,
    "67":0.3662165255207141,
    "68":0.38910505836575876,
    "69":0.2746623941405356,
    "70":0.38910505836575876,
    "71":0.16021972991531241,
    "72":0.2059967956054017,
    "73":0.16021972991531241,
    "74":0.22888532845044635,
    "75":0.22888532845044635,
    "76":0.1373311970702678,
    "77":0.11444266422522317,
    "78":0.16021972991531241,
    "79":0.4119935912108034,
    "80":0.18310826276035705,
    "81":0.22888532845044635,
    "82":0.09155413138017852,
    "83":0.02288853284504463,
    "84":0.09155413138017852,
    "85":0.11444266422522317,
    "86":0.02288853284504463,
    "87":0.04577706569008926,
    "88":0.04577706569008926,
    "89":0.04577706569008926,
    "90":0.02288853284504463,
    "91":0.02288853284504463,
    "92":0.04577706569008926,
    "93":0.02288853284504463,
    "94":0.02288853284504463,
    "95":0.0686655985351339,
    "96":0.0686655985351339,
    "97":0.0,
    "98":0.09155413138017852,
    "99":0.04577706569008926,
    "100":0.02288853284504463,
    "101":0.04577706569008926,
    "102":0.09155413138017852,
    "103":0.0686655985351339,
    "104":0.11444266422522317,
    "105":0.04577706569008926,
    "106":0.0686655985351339,
    "107":0.0686655985351339,
    "108":0.04577706569008926,
    "109":0.0686655985351339,
    "110":0.04577706569008926,
    "111":0.04577706569008926,
    "112":0.0686655985351339,
    "113":0.04577706569008926,
    "114":0.0,
    "115":0.0686655985351339,
    "116":0.02288853284504463,
    "117":0.04577706569008926,
    "118":0.09155413138017852,
    "119":0.02288853284504463,
    "120":0.09155413138017852,
    "121":0.02288853284504463,
    "122":0.09155413138017852,
    "123":0.04577706569008926,
    "124":0.0686655985351339,
    "125":0.04577706569008926,
    "126":0.04577706569008926,
    "127":0.04577706569008926,
    "128":0.0,
    "129":0.04577706569008926,
    "130":0.0,
    "131":0.11444266422522317,
    "132":0.0686655985351339,
    "133":0.0,
    "134":0.09155413138017852,
    "135":0.0,
    "136":0.02288853284504463,
    "137":0.0,
    "138":0.02288853284504463,
    "139":0.02288853284504463,
    "140":0.0,
    "141":0.02288853284504463,
    "142":0.04577706569008926,
    "143":0.02288853284504463,
    "144":0.0,
    "145":0.02288853284504463,
    "146":0.02288853284504463,
    "147":0.02288853284504463,
    "148":0.0,
    "149":0.02288853284504463,
    "150":0.0,
    "151":0.04577706569008926,
    "152":0.02288853284504463,
    "153":0.02288853284504463,
    "154":0.09155413138017852,
    "155":0.0,
    "156":0.0,
    "157":0.0,
    "158":0.0,
    "159":0.0,
    "160":0.0,
    "161":0.0,
    "162":0.0,
    "163":0.0,
    "164":0.0,
    "165":0.0,
    "166":0.0,
    "167":0.0,
    "168":0.0,
    "169":0.02288853284504463,
    "170":0.0,
    "171":0.0,
    "172":0.0,
    "173":0.0,
    "174":0.0,
    "175":0.0,
    "176":0.0,
    "177":0.0,
    "178":0.0,
    "179":0.0,
    "180":0.0,
    "181":0.02288853284504463,
    "182":0.0,
    "183":0.0,
    "184":0.0,
    "185":0.0,
    "186":0.0,
    "187":0.0,
    "188":0.0,
    "189":0.0,
    "190":0.0,
    "191":0.0,
    "192":0.0,
    "193":0.0,
    "194":0.0,
    "195":0.0,
    "196":0.0,
    "197":0.0,
    "198":0.0,
    "199":0.0,
    "200":0.0,
    "201":0.0,
    "202":0.0,
    "203":0.02288853284504463,
    "204":0.0,
    "205":0.0,
    "206":0.0,
    "207":0.0,
    "208":0.0,
    "209":0.0,
    "210":0.0,
    "211":0.0
}