{
    "0":7.600308641975309,
    "1":3.4915123456790127,
    "2":3.877314814814815,
    "3":1.6589506172839508,
    "4":2.2376543209876543,
    "5":2.391975308641975,
    "6":3.0671296296296298,
    "7":2.314814814814815,
    "8":2.044753086419753,
    "9":2.006172839506173,
    "10":1.9483024691358024,
    "11":1.8904320987654322,
    "12":1.8132716049382718,
    "13":1.8904320987654322,
    "14":1.6589506172839508,
    "15":1.9097222222222223,
    "16":2.2183641975308643,
    "17":2.256944444444444,
    "18":2.4691358024691357,
    "19":2.5462962962962963,
    "20":2.314814814814815,
    "21":1.9097222222222223,
    "22":2.2376543209876543,
    "23":1.871141975308642,
    "24":1.8518518518518516,
    "25":1.5817901234567902,
    "26":1.6396604938271604,
    "27":1.5046296296296295,
    "28":1.2345679012345678,
    "29":1.5625,
    "30":1.2924382716049383,
    "31":1.6589506172839508,
    "32":1.5239197530864197,
    "33":1.0223765432098766,
    "34":1.1574074074074074,
    "35":0.9645061728395061,
    "36":1.1574074074074074,
    "37":0.9259259259259258,
    "38":1.099537037037037,
    "39":1.1381172839506173,
    "40":0.7908950617283951,
    "41":0.8294753086419754,
    "42":0.9837962962962963,
    "43":0.9066358024691359,
    "44":1.0030864197530864,
    "45":1.1381172839506173,
    "46":0.6365740740740741,
    "47":0.7330246913580246,
    "48":0.5208333333333333,
    "49":0.6751543209876543,
    "50":0.6365740740740741,
    "51":0.40509259259259256,
    "52":0.6365740740740741,
    "53":0.5401234567901234,
    "54":0.48225308641975306,
    "55":0.30864197530864196,
    "56":0.4243827160493827,
    "57":0.2700617283950617,
    "58":0.21219135802469136,
    "59":0.23148148148148145,
    "60":0.2700617283950617,
    "61":0.30864197530864196,
    "62":0.38580246913580246,
    "63":0.28935185185185186,
    "64":0.11574074074074073,
    "65":0.11574074074074073,
    "66":0.32793209876543206,
    "67":0.2507716049382716,
    "68":0.11574074074074073,
    "69":0.11574074074074073,
    "70":0.23148148148148145,
    "71":0.11574074074074073,
    "72":0.1736111111111111,
    "73":0.11574074074074073,
    "74":0.15432098765432098,
    "75":0.057870370370370364,
    "76":0.13503086419753085,
    "77":0.09645061728395062,
    "78":0.15432098765432098,
    "79":0.057870370370370364,
    "80":0.057870370370370364,
    "81":0.057870370370370364,
    "82":0.07716049382716049,
    "83":0.038580246913580245,
    "84":0.11574074074074073,
    "85":0.09645061728395062,
    "86":0.11574074074074073,
    "87":0.07716049382716049,
    "88":0.057870370370370364,
    "89":0.07716049382716049,
    "90":0.057870370370370364,
    "91":0.057870370370370364,
    "92":0.15432098765432098,
    "93":0.038580246913580245,
    "94":0.057870370370370364,
    "95":0.057870370370370364,
    "96":0.1736111111111111,
    "97":0.057870370370370364,
    "98":0.057870370370370364,
    "99":0.09645061728395062,
    "100":0.019290123456790122,
    "101":0.019290123456790122,
    "102":0.057870370370370364,
    "103":0.09645061728395062,
    "104":0.07716049382716049,
    "105":0.038580246913580245,
    "106":0.019290123456790122,
    "107":0.038580246913580245,
    "108":0.057870370370370364,
    "109":0.038580246913580245,
    "110":0.057870370370370364,
    "111":0.057870370370370364,
    "112":0.038580246913580245,
    "113":0.038580246913580245,
    "114":0.0,
    "115":0.057870370370370364,
    "116":0.0,
    "117":0.038580246913580245,
    "118":0.038580246913580245,
    "119":0.057870370370370364,
    "120":0.019290123456790122,
    "121":0.038580246913580245,
    "122":0.0,
    "123":0.038580246913580245,
    "124":0.0,
    "125":0.0,
    "126":0.038580246913580245,
    "127":0.057870370370370364,
    "128":0.0,
    "129":0.0,
    "130":0.0,
    "131":0.038580246913580245,
    "132":0.0,
    "133":0.0,
    "134":0.0,
    "135":0.0,
    "136":0.0,
    "137":0.0,
    "138":0.038580246913580245,
    "139":0.0,
    "140":0.0,
    "141":0.019290123456790122,
    "142":0.0,
    "143":0.019290123456790122,
    "144":0.0,
    "145":0.019290123456790122,
    "146":0.0,
    "147":0.0,
    "148":0.0,
    "149":0.038580246913580245,
    "150":0.0,
    "151":0.019290123456790122,
    "152":0.0,
    "153":0.0,
    "154":0.0,
    "155":0.0,
    "156":0.0,
    "157":0.019290123456790122,
    "158":0.0,
    "159":0.0,
    "160":0.0,
    "161":0.0,
    "162":0.019290123456790122,
    "163":0.019290123456790122,
    "164":0.0,
    "165":0.0,
    "166":0.0,
    "167":0.0,
    "168":0.038580246913580245,
    "169":0.019290123456790122,
    "170":0.0,
    "171":0.09645061728395062,
    "172":0.0,
    "173":0.0,
    "174":0.0,
    "175":0.0,
    "176":0.0,
    "177":0.0,
    "178":0.0,
    "179":0.0,
    "180":0.0,
    "181":0.0,
    "182":0.0,
    "183":0.0,
    "184":0.0,
    "185":0.0,
    "186":0.0,
    "187":0.0,
    "188":0.0,
    "189":0.0,
    "190":0.0,
    "191":0.0,
    "192":0.0,
    "193":0.0,
    "194":0.0,
    "195":0.0,
    "196":0.0,
    "197":0.0,
    "198":0.019290123456790122,
    "199":0.0,
    "200":0.0,
    "201":0.0,
    "202":0.0,
    "203":0.0,
    "204":0.0,
    "205":0.0,
    "206":0.0,
    "207":0.0,
    "208":0.0,
    "209":0.0,
    "210":0.0,
    "211":0.0,
    "212":0.0,
    "213":0.0,
    "214":0.0,
    "215":0.0,
    "216":0.0,
    "217":0.0,
    "218":0.0,
    "219":0.0,
    "220":0.0,
    "221":0.0,
    "222":0.0,
    "223":0.0,
    "224":0.0,
    "225":0.0,
    "226":0.0,
    "227":0.0,
    "228":0.0,
    "229":0.0,
    "230":0.0,
    "231":0.0,
    "232":0.0,
    "233":0.0,
    "234":0.0,
    "235":0.0,
    "236":0.0,
    "237":0.0,
    "238":0.0,
    "239":0.0,
    "240":0.0,
    "241":0.0,
    "242":0.0,
    "243":0.0,
    "244":0.0,
    "245":0.0,
    "246":0.0,
    "247":0.0,
    "248":0.0,
    "249":0.0,
    "250":0.0,
    "251":0.0,
    "252":0.0,
    "253":0.0,
    "254":0.0,
    "255":0.0,
    "256":0.0,
    "257":0.0,
    "258":0.0,
    "259":0.057870370370370364,
    "260":0.0,
    "261":0.0,
    "262":0.0,
    "263":0.0,
    "264":0.0,
    "265":0.0,
    "266":0.0,
    "267":0.0
}