{
    "0":6.625766871165645,
    "1":1.7177914110429449,
    "2":3.7730061349693247,
    "3":5.674846625766871,
    "4":9.417177914110429,
    "5":8.742331288343557,
    "6":5.214723926380368,
    "7":2.4846625766871164,
    "8":2.4539877300613497,
    "9":2.4539877300613497,
    "10":2.4233128834355826,
    "11":2.1779141104294477,
    "12":1.6564417177914113,
    "13":1.6564417177914113,
    "14":1.8098159509202454,
    "15":1.7484662576687116,
    "16":1.7177914110429449,
    "17":1.3803680981595092,
    "18":1.7177914110429449,
    "19":1.012269938650307,
    "20":0.7975460122699387,
    "21":1.2269938650306749,
    "22":0.7668711656441718,
    "23":0.9202453987730062,
    "24":1.165644171779141,
    "25":1.3190184049079754,
    "26":0.7668711656441718,
    "27":1.3803680981595092,
    "28":0.7668711656441718,
    "29":0.6441717791411044,
    "30":0.6134969325153374,
    "31":1.196319018404908,
    "32":0.6441717791411044,
    "33":0.7975460122699387,
    "34":0.9202453987730062,
    "35":1.165644171779141,
    "36":0.6441717791411044,
    "37":0.7055214723926381,
    "38":0.5214723926380368,
    "39":0.6441717791411044,
    "40":0.7055214723926381,
    "41":0.7361963190184049,
    "42":0.7361963190184049,
    "43":0.98159509202454,
    "44":0.4601226993865031,
    "45":0.5828220858895705,
    "46":0.4294478527607362,
    "47":0.5521472392638037,
    "48":0.8588957055214724,
    "49":0.5521472392638037,
    "50":0.5521472392638037,
    "51":0.3374233128834356,
    "52":0.5214723926380368,
    "53":0.4294478527607362,
    "54":0.5828220858895705,
    "55":0.245398773006135,
    "56":0.18404907975460122,
    "57":0.245398773006135,
    "58":0.36809815950920244,
    "59":0.49079754601227,
    "60":0.3067484662576687,
    "61":0.27607361963190186,
    "62":0.18404907975460122,
    "63":0.27607361963190186,
    "64":0.27607361963190186,
    "65":0.3374233128834356,
    "66":0.15337423312883436,
    "67":0.3374233128834356,
    "68":0.27607361963190186,
    "69":0.2147239263803681,
    "70":0.030674846625766874,
    "71":0.0,
    "72":0.0,
    "73":0.030674846625766874,
    "74":0.030674846625766874,
    "75":0.06134969325153375,
    "76":0.030674846625766874,
    "77":0.030674846625766874,
    "78":0.030674846625766874,
    "79":0.030674846625766874,
    "80":0.030674846625766874,
    "81":0.18404907975460122,
    "82":0.030674846625766874,
    "83":0.030674846625766874,
    "84":0.1226993865030675,
    "85":0.09202453987730061,
    "86":0.030674846625766874,
    "87":0.09202453987730061,
    "88":0.15337423312883436,
    "89":0.030674846625766874,
    "90":0.030674846625766874,
    "91":0.09202453987730061,
    "92":0.06134969325153375,
    "93":0.0,
    "94":0.1226993865030675,
    "95":0.09202453987730061,
    "96":0.06134969325153375,
    "97":0.030674846625766874,
    "98":0.09202453987730061,
    "99":0.030674846625766874,
    "100":0.06134969325153375,
    "101":0.030674846625766874,
    "102":0.030674846625766874,
    "103":0.1226993865030675,
    "104":0.06134969325153375,
    "105":0.09202453987730061,
    "106":0.0,
    "107":0.09202453987730061,
    "108":0.1226993865030675,
    "109":0.0,
    "110":0.09202453987730061,
    "111":0.030674846625766874,
    "112":0.06134969325153375,
    "113":0.06134969325153375,
    "114":0.1226993865030675,
    "115":0.030674846625766874,
    "116":0.0,
    "117":0.0,
    "118":0.030674846625766874,
    "119":0.030674846625766874,
    "120":0.0,
    "121":0.06134969325153375,
    "122":0.0,
    "123":0.15337423312883436,
    "124":0.0,
    "125":0.030674846625766874,
    "126":0.0,
    "127":0.030674846625766874,
    "128":0.0,
    "129":0.0,
    "130":0.0,
    "131":0.1226993865030675,
    "132":0.0,
    "133":0.0,
    "134":0.0,
    "135":0.0,
    "136":0.0,
    "137":0.0,
    "138":0.0,
    "139":0.0,
    "140":0.030674846625766874,
    "141":0.0,
    "142":0.0,
    "143":0.0,
    "144":0.0,
    "145":0.0,
    "146":0.0,
    "147":0.0,
    "148":0.0,
    "149":0.0,
    "150":0.0,
    "151":0.0,
    "152":0.030674846625766874,
    "153":0.0,
    "154":0.0,
    "155":0.0,
    "156":0.09202453987730061,
    "157":0.0,
    "158":0.0,
    "159":0.0,
    "160":0.0,
    "161":0.0,
    "162":0.0,
    "163":0.0,
    "164":0.0,
    "165":0.0,
    "166":0.0,
    "167":0.0,
    "168":0.0,
    "169":0.0,
    "170":0.0,
    "171":0.0,
    "172":0.0,
    "173":0.0,
    "174":0.0,
    "175":0.0,
    "176":0.0,
    "177":0.0,
    "178":0.0,
    "179":0.0,
    "180":0.0,
    "181":0.0,
    "182":0.0,
    "183":0.0,
    "184":0.0,
    "185":0.0,
    "186":0.0,
    "187":0.0,
    "188":0.0,
    "189":0.0,
    "190":0.0,
    "191":0.0,
    "192":0.0,
    "193":0.0,
    "194":0.0,
    "195":0.0,
    "196":0.0,
    "197":0.0,
    "198":0.0,
    "199":0.0,
    "200":0.0,
    "201":0.0,
    "202":0.0,
    "203":0.0,
    "204":0.0,
    "205":0.0,
    "206":0.0,
    "207":0.0,
    "208":0.0,
    "209":0.0,
    "210":0.0,
    "211":0.0,
    "212":0.0,
    "213":0.0,
    "214":0.0,
    "215":0.0,
    "216":0.0,
    "217":0.0,
    "218":0.0,
    "219":0.0,
    "220":0.0,
    "221":0.0,
    "222":0.0,
    "223":0.0,
    "224":0.0,
    "225":0.0,
    "226":0.0,
    "227":0.0,
    "228":0.0,
    "229":0.0,
    "230":0.0,
    "231":0.0,
    "232":0.0,
    "233":0.0,
    "234":0.0,
    "235":0.0,
    "236":0.0,
    "237":0.0,
    "238":0.0,
    "239":0.0,
    "240":0.0,
    "241":0.0,
    "242":0.0,
    "243":0.0,
    "244":0.0,
    "245":0.0,
    "246":0.0,
    "247":0.0,
    "248":0.0,
    "249":0.0,
    "250":0.0,
    "251":0.0,
    "252":0.0,
    "253":0.0,
    "254":0.0,
    "255":0.0,
    "256":0.0,
    "257":0.0,
    "258":0.0,
    "259":0.0,
    "260":0.0,
    "261":0.0,
    "262":0.0,
    "263":0.0,
    "264":0.0,
    "265":0.0,
    "266":0.0,
    "267":0.0,
    "268":0.0,
    "269":0.0,
    "270":0.0,
    "271":0.0,
    "272":0.0,
    "273":0.0,
    "274":0.0,
    "275":0.0,
    "276":0.0,
    "277":0.0,
    "278":0.0,
    "279":0.0,
    "280":0.0,
    "281":0.0,
    "282":0.0,
    "283":0.0,
    "284":0.0,
    "285":0.0,
    "286":0.0,
    "287":0.0,
    "288":0.0,
    "289":0.0,
    "290":0.0,
    "291":0.0,
    "292":0.0,
    "293":0.0,
    "294":0.0,
    "295":0.0,
    "296":0.0,
    "297":0.0,
    "298":0.0,
    "299":0.0,
    "300":0.0,
    "301":0.0,
    "302":0.0,
    "303":0.0,
    "304":0.0,
    "305":0.0,
    "306":0.0,
    "307":0.0,
    "308":0.0,
    "309":0.0,
    "310":0.0,
    "311":0.0,
    "312":0.0,
    "313":0.0,
    "314":0.0,
    "315":0.0,
    "316":0.0,
    "317":0.0,
    "318":0.0,
    "319":0.0,
    "320":0.0,
    "321":0.0,
    "322":0.0,
    "323":0.0,
    "324":0.0,
    "325":0.0,
    "326":0.0,
    "327":0.0,
    "328":0.0,
    "329":0.0,
    "330":0.0,
    "331":0.0,
    "332":0.0,
    "333":0.0,
    "334":0.0,
    "335":0.0,
    "336":0.0,
    "337":0.0,
    "338":0.0,
    "339":0.0,
    "340":0.0,
    "341":0.0,
    "342":0.0,
    "343":0.0,
    "344":0.0,
    "345":0.0,
    "346":0.0,
    "347":0.0,
    "348":0.0,
    "349":0.0,
    "350":0.0,
    "351":0.0,
    "352":0.0,
    "353":0.0,
    "354":0.0,
    "355":0.0,
    "356":0.0,
    "357":0.0,
    "358":0.0,
    "359":0.0,
    "360":0.0,
    "361":0.0,
    "362":0.0,
    "363":0.0,
    "364":0.0,
    "365":0.0,
    "366":0.0,
    "367":0.0,
    "368":0.0,
    "369":0.0,
    "370":0.0,
    "371":0.0,
    "372":0.0,
    "373":0.0,
    "374":0.0,
    "375":0.0,
    "376":0.0,
    "377":0.0,
    "378":0.0,
    "379":0.0,
    "380":0.0,
    "381":0.0,
    "382":0.0,
    "383":0.0,
    "384":0.0,
    "385":0.0,
    "386":0.0,
    "387":0.0,
    "388":0.0,
    "389":0.0,
    "390":0.0,
    "391":0.0,
    "392":0.0,
    "393":0.0,
    "394":0.0,
    "395":0.0,
    "396":0.0,
    "397":0.0,
    "398":0.0,
    "399":0.0,
    "400":0.0,
    "401":0.0,
    "402":0.0,
    "403":0.0,
    "404":0.0,
    "405":0.0,
    "406":0.0,
    "407":0.0,
    "408":0.0,
    "409":0.0,
    "410":0.0,
    "411":0.0,
    "412":0.0,
    "413":0.0,
    "414":0.0,