{
    "0":[
        [
            -19.921881785259426,
            -43.944569931874184,
            "300000000001",
            "0"
        ]
    ],
    "1":[
        [
            -19.921529936953245,
            -43.941698355700375,
            "300000000002",
            "3"
        ]
    ],
    "10":[
        [
            -19.921916932526187,
            -43.94272582425346,
            "300000000011",
            "3"
        ]
    ],
    "11":[
        [
            -19.917058209488214,
            -43.94498868062756,
            "300000000012",
            "0"
        ]
    ],
    "2":[
        [
            -19.923624794836474,
            -43.941048303461365,
            "300000000003",
            "1"
        ]
    ],
    "3":[
        [
            -19.916388428492354,
            -43.94440950072862,
            "300000000004",
            "4"
        ]
    ],
    "4":[
        [
            -19.9218613289615,
            -43.945569623211405,
            "300000000005",
            "3"
        ]
    ],
    "5":[
        [
            -19.91787768978693,
            -43.94396874825946,
            "300000000006",
            "0"
        ]
    ],
    "6":[
        [
            -19.92043063507533,
            -43.94596311611949,
            "300000000007",
            "3"
        ]
    ],
    "7":[
        [
            -19.91835663578827,
            -43.94415676908717,
            "8979076623",
            "4"
        ]
    ],
    "8":[
        [
            -19.91963302630673,
            -43.945173376725805,
            "8979076638",
            "1"
        ]
    ],
    "9":[
        [
            -19.919530275189175,
            -43.94552118997302,
            "8979076640",
            "0"
        ]
    ],
    "total_length":3021.298563671518,
    "total_time":4.856544017791748
}