{
    "0":5.550373134328359,
    "1":0.6063432835820896,
    "2":6.343283582089552,
    "3":2.6352611940298507,
    "4":1.189365671641791,
    "5":2.4720149253731343,
    "6":3.0083955223880596,
    "7":3.194962686567164,
    "8":2.5186567164179103,
    "9":1.7024253731343284,
    "10":1.4925373134328357,
    "11":1.585820895522388,
    "12":0.9794776119402986,
    "13":1.3526119402985073,
    "14":1.515858208955224,
    "15":1.8423507462686568,
    "16":1.7957089552238805,
    "17":1.5625,
    "18":1.8190298507462688,
    "19":1.3992537313432836,
    "20":1.4692164179104479,
    "21":1.5625,
    "22":1.6791044776119404,
    "23":1.7024253731343284,
    "24":1.4225746268656716,
    "25":1.8190298507462688,
    "26":1.7257462686567164,
    "27":1.7723880597014925,
    "28":1.912313432835821,
    "29":1.7490671641791042,
    "30":1.189365671641791,
    "31":1.6091417910447763,
    "32":1.096082089552239,
    "33":1.2593283582089552,
    "34":1.2593283582089552,
    "35":1.3526119402985073,
    "36":1.096082089552239,
    "37":0.9794776119402986,
    "38":0.9328358208955223,
    "39":1.0261194029850746,
    "40":1.096082089552239,
    "41":0.8395522388059702,
    "42":0.9328358208955223,
    "43":0.816231343283582,
    "44":0.6063432835820896,
    "45":0.792910447761194,
    "46":0.8395522388059702,
    "47":0.6996268656716418,
    "48":0.7229477611940298,
    "49":0.792910447761194,
    "50":0.6763059701492536,
    "51":0.5597014925373134,
    "52":0.5130597014925373,
    "53":0.6063432835820896,
    "54":0.5830223880597015,
    "55":0.5130597014925373,
    "56":0.6063432835820896,
    "57":0.6996268656716418,
    "58":0.5597014925373134,
    "59":0.5130597014925373,
    "60":0.5597014925373134,
    "61":0.396455223880597,
    "62":0.396455223880597,
    "63":0.1632462686567164,
    "64":0.2798507462686567,
    "65":0.4197761194029851,
    "66":0.396455223880597,
    "67":0.3031716417910448,
    "68":0.4197761194029851,
    "69":0.3264925373134328,
    "70":0.25652985074626866,
    "71":0.3498134328358209,
    "72":0.3031716417910448,
    "73":0.3731343283582089,
    "74":0.23320895522388058,
    "75":0.3264925373134328,
    "76":0.18656716417910446,
    "77":0.23320895522388058,
    "78":0.20988805970149255,
    "79":0.23320895522388058,
    "80":0.18656716417910446,
    "81":0.06996268656716417,
    "82":0.06996268656716417,
    "83":0.18656716417910446,
    "84":0.25652985074626866,
    "85":0.13992537313432835,
    "86":0.13992537313432835,
    "87":0.11660447761194029,
    "88":0.11660447761194029,
    "89":0.06996268656716417,
    "90":0.18656716417910446,
    "91":0.09328358208955223,
    "92":0.06996268656716417,
    "93":0.09328358208955223,
    "94":0.11660447761194029,
    "95":0.11660447761194029,
    "96":0.046641791044776115,
    "97":0.20988805970149255,
    "98":0.13992537313432835,
    "99":0.1632462686567164,
    "100":0.06996268656716417,
    "101":0.1632462686567164,
    "102":0.18656716417910446,
    "103":0.1632462686567164,
    "104":0.1632462686567164,
    "105":0.046641791044776115,
    "106":0.09328358208955223,
    "107":0.09328358208955223,
    "108":0.06996268656716417,
    "109":0.09328358208955223,
    "110":0.11660447761194029,
    "111":0.06996268656716417,
    "112":0.046641791044776115,
    "113":0.13992537313432835,
    "114":0.023320895522388058,
    "115":0.023320895522388058,
    "116":0.11660447761194029,
    "117":0.06996268656716417,
    "118":0.046641791044776115,
    "119":0.046641791044776115,
    "120":0.11660447761194029,
    "121":0.046641791044776115,
    "122":0.18656716417910446,
    "123":0.046641791044776115,
    "124":0.06996268656716417,
    "125":0.06996268656716417,
    "126":0.023320895522388058,
    "127":0.023320895522388058,
    "128":0.06996268656716417,
    "129":0.023320895522388058,
    "130":0.11660447761194029,
    "131":0.09328358208955223,
    "132":0.1632462686567164,
    "133":0.13992537313432835,
    "134":0.046641791044776115,
    "135":0.046641791044776115,
    "136":0.023320895522388058,
    "137":0.023320895522388058,
    "138":0.09328358208955223,
    "139":0.023320895522388058,
    "140":0.0,
    "141":0.023320895522388058,
    "142":0.023320895522388058,
    "143":0.046641791044776115,
    "144":0.0,
    "145":0.06996268656716417,
    "146":0.046641791044776115,
    "147":0.046641791044776115,
    "148":0.023320895522388058,
    "149":0.023320895522388058,
    "150":0.06996268656716417,
    "151":0.0,
    "152":0.023320895522388058,
    "153":0.0,
    "154":0.023320895522388058,
    "155":0.023320895522388058,
    "156":0.0,
    "157":0.023320895522388058,
    "158":0.023320895522388058,
    "159":0.023320895522388058,
    "160":0.09328358208955223,
    "161":0.0,
    "162":0.0,
    "163":0.0,
    "164":0.0,
    "165":0.0,
    "166":0.0,
    "167":0.0,
    "168":0.0
}