{
    "0":2.442781690140845,
    "1":9.066901408450704,
    "2":8.97887323943662,
    "3":4.709507042253521,
    "4":3.2570422535211265,
    "5":3.587147887323944,
    "6":4.313380281690141,
    "7":3.2570422535211265,
    "8":2.7288732394366195,
    "9":2.618838028169014,
    "10":1.9586267605633805,
    "11":1.8485915492957745,
    "12":1.034330985915493,
    "13":1.1663732394366197,
    "14":1.3644366197183098,
    "15":1.056338028169014,
    "16":1.1003521126760563,
    "17":1.1883802816901408,
    "18":0.9022887323943662,
    "19":1.034330985915493,
    "20":1.3644366197183098,
    "21":0.9022887323943662,
    "22":1.034330985915493,
    "23":1.2544014084507042,
    "24":1.1883802816901408,
    "25":1.1663732394366197,
    "26":1.2764084507042255,
    "27":1.0783450704225352,
    "28":0.7262323943661971,
    "29":0.9242957746478873,
    "30":1.1003521126760563,
    "31":1.056338028169014,
    "32":1.012323943661972,
    "33":0.9683098591549295,
    "34":0.8362676056338028,
    "35":0.8362676056338028,
    "36":0.5721830985915494,
    "37":1.034330985915493,
    "38":0.6822183098591549,
    "39":0.46214788732394363,
    "40":0.6161971830985915,
    "41":0.7702464788732395,
    "42":0.528169014084507,
    "43":0.7482394366197183,
    "44":0.6822183098591549,
    "45":0.8802816901408451,
    "46":0.6161971830985915,
    "47":0.5941901408450704,
    "48":0.5941901408450704,
    "49":0.506161971830986,
    "50":0.7042253521126761,
    "51":0.5501760563380281,
    "52":0.48415492957746475,
    "53":0.5941901408450704,
    "54":0.5941901408450704,
    "55":0.35211267605633806,
    "56":0.528169014084507,
    "57":0.2860915492957747,
    "58":0.48415492957746475,
    "59":0.24207746478873238,
    "60":0.46214788732394363,
    "61":0.35211267605633806,
    "62":0.4181338028169014,
    "63":0.37411971830985913,
    "64":0.3301056338028169,
    "65":0.39612676056338025,
    "66":0.2860915492957747,
    "67":0.2640845070422535,
    "68":0.4181338028169014,
    "69":0.2640845070422535,
    "70":0.2640845070422535,
    "71":0.46214788732394363,
    "72":0.35211267605633806,
    "73":0.24207746478873238,
    "74":0.37411971830985913,
    "75":0.3301056338028169,
    "76":0.15404929577464788,
    "77":0.22007042253521128,
    "78":0.37411971830985913,
    "79":0.22007042253521128,
    "80":0.24207746478873238,
    "81":0.2860915492957747,
    "82":0.3301056338028169,
    "83":0.2860915492957747,
    "84":0.39612676056338025,
    "85":0.19806338028169013,
    "86":0.19806338028169013,
    "87":0.08802816901408451,
    "88":0.19806338028169013,
    "89":0.13204225352112675,
    "90":0.22007042253521128,
    "91":0.17605633802816903,
    "92":0.15404929577464788,
    "93":0.08802816901408451,
    "94":0.15404929577464788,
    "95":0.04401408450704226,
    "96":0.11003521126760564,
    "97":0.22007042253521128,
    "98":0.08802816901408451,
    "99":0.06602112676056338,
    "100":0.06602112676056338,
    "101":0.04401408450704226,
    "102":0.04401408450704226,
    "103":0.04401408450704226,
    "104":0.02200704225352113,
    "105":0.02200704225352113,
    "106":0.0,
    "107":0.06602112676056338,
    "108":0.02200704225352113,
    "109":0.0,
    "110":0.06602112676056338,
    "111":0.04401408450704226,
    "112":0.13204225352112675,
    "113":0.0,
    "114":0.0,
    "115":0.0,
    "116":0.0,
    "117":0.02200704225352113,
    "118":0.0,
    "119":0.0,
    "120":0.0,
    "121":0.0,
    "122":0.0,
    "123":0.0,
    "124":0.0,
    "125":0.0,
    "126":0.0,
    "127":0.0,
    "128":0.0,
    "129":0.0,
    "130":0.0,
    "131":0.0,
    "132":0.0,
    "133":0.0,
    "134":0.0,
    "135":0.0,
    "136":0.02200704225352113,
    "137":0.0,
    "138":0.0,
    "139":0.0,
    "140":0.0,
    "141":0.0,
    "142":0.0,
    "143":0.0,
    "144":0.0,
    "145":0.0,
    "146":0.02200704225352113,
    "147":0.02200704225352113,
    "148":0.02200704225352113,
    "149":0.0,
    "150":0.0,
    "151":0.0,
    "152":0.0,
    "153":0.0,
    "154":0.0,
    "155":0.0,
    "156":0.02200704225352113,
    "157":0.0,
    "158":0.0,
    "159":0.0,
    "160":0.0,
    "161":0.0,
    "162":0.0,
    "163":0.02200704225352113,
    "164":0.0,
    "165":0.0,
    "166":0.0,
    "167":0.0,
    "168":0.0,
    "169":0.0,
    "170":0.0,
    "171":0.0,
    "172":0.0,
    "173":0.0,
    "174":0.0,
    "175":0.02200704225352113,
    "176":0.0,
    "177":0.0,
    "178":0.0,
    "179":0.0,
    "180":0.0,
    "181":0.0,
    "182":0.0,
    "183":0.0,
    "184":0.02200704225352113,
    "185":0.0,
    "186":0.0,
    "187":0.0,
    "188":0.0,
    "189":0.0,
    "190":0.0,
    "191":0.0,
    "192":0.02200704225352113,
    "193":0.0,
    "194":0.0,
    "195":0.02200704225352113,
    "196":0.0,
    "197":0.0,
    "198":0.0,
    "199":0.0,
    "200":0.0,
    "201":0.0,
    "202":0.0,
    "203":0.0,
    "204":0.0,
    "205":0.0,
    "206":0.0,
    "207":0.0,
    "208":0.0,
    "209":0.02200704225352113,
    "210":0.02200704225352113,
    "211":0.0,
    "212":0.02200704225352113,
    "213":0.0,
    "214":0.0,
    "215":0.0,
    "216":0.0,
    "217":0.0,
    "218":0.0,
    "219":0.0,
    "220":0.0,
    "221":0.0,
    "222":0.02200704225352113,
    "223":0.0,
    "224":0.0,
    "225":0.0,
    "226":0.02200704225352113,
    "227":0.02200704225352113,
    "228":0.02200704225352113,
    "229":0.0,
    "230":0.0,
    "231":0.0,
    "232":0.02200704225352113,
    "233":0.0,
    "234":0.0,
    "235":0.0,
    "236":0.02200704225352113,
    "237":0.02200704225352113,
    "238":0.0,
    "239":0.0,
    "240":0.0,
    "241":0.02200704225352113,
    "242":0.0,
    "243":0.0,
    "244":0.0,
    "245":0.0,
    "246":0.02200704225352113,
    "247":0.02200704225352113,
    "248":0.0,
    "249":0.0,
    "250":0.0,
    "251":0.0,
    "252":0.0,
    "253":0.0,
    "254":0.0,
    "255":0.0,
    "256":0.0,
    "257":0.0,
    "258":0.0,
    "259":0.0,
    "260":0.0,
    "261":0.0,
    "262":0.0,
    "263":0.0,
    "264":0.02200704225352113,
    "265":0.0,
    "266":0.0,
    "267":0.02200704225352113,
    "268":0.0,
    "269":0.02200704225352113,
    "270":0.0,
    "271":0.02200704225352113,
    "272":0.02200704225352113,
    "273":0.0,
    "274":0.02200704225352113,
    "275":0.0,
    "276":0.08802816901408451,
    "277":0.0,
    "278":0.0,
    "279":0.0,
    "280":0.0,
    "281":0.0,
    "282":0.0,
    "283":0.0,
    "284":0.0,
    "285":0.0
}