{
    "0":3.9160839160839163,
    "1":0.13986013986013987,
    "2":0.1864801864801865,
    "3":0.9790209790209791,
    "4":3.5897435897435894,
    "5":3.6363636363636362,
    "6":4.801864801864801,
    "7":1.5384615384615385,
    "8":2.937062937062937,
    "9":2.6107226107226107,
    "10":2.7039627039627043,
    "11":2.237762237762238,
    "12":1.9114219114219115,
    "13":1.7715617715617717,
    "14":1.3053613053613053,
    "15":0.2331002331002331,
    "16":0.2331002331002331,
    "17":0.32634032634032634,
    "18":0.6060606060606061,
    "19":0.6993006993006993,
    "20":0.6526806526806527,
    "21":0.9324009324009324,
    "22":1.0722610722610724,
    "23":0.9324009324009324,
    "24":1.724941724941725,
    "25":2.0046620046620047,
    "26":1.1655011655011656,
    "27":1.724941724941725,
    "28":1.7715617715617717,
    "29":2.5174825174825175,
    "30":2.097902097902098,
    "31":1.8648018648018647,
    "32":1.3053613053613053,
    "33":2.051282051282051,
    "34":1.7715617715617717,
    "35":1.5384615384615385,
    "36":2.191142191142191,
    "37":1.724941724941725,
    "38":2.0046620046620047,
    "39":1.3986013986013985,
    "40":2.0046620046620047,
    "41":1.2587412587412588,
    "42":1.118881118881119,
    "43":1.4452214452214454,
    "44":1.0256410256410255,
    "45":0.745920745920746,
    "46":1.118881118881119,
    "47":0.8391608391608392,
    "48":0.745920745920746,
    "49":1.118881118881119,
    "50":0.7925407925407926,
    "51":1.0722610722610724,
    "52":0.6526806526806527,
    "53":0.5594405594405595,
    "54":0.5594405594405595,
    "55":0.745920745920746,
    "56":0.4195804195804196,
    "57":0.4195804195804196,
    "58":0.8391608391608392,
    "59":0.6526806526806527,
    "60":0.5128205128205128,
    "61":0.5128205128205128,
    "62":0.4195804195804196,
    "63":0.32634032634032634,
    "64":0.6526806526806527,
    "65":0.5128205128205128,
    "66":0.372960372960373,
    "67":0.372960372960373,
    "68":0.5128205128205128,
    "69":0.27972027972027974,
    "70":0.32634032634032634,
    "71":0.372960372960373,
    "72":0.5128205128205128,
    "73":0.5594405594405595,
    "74":0.372960372960373,
    "75":0.1864801864801865,
    "76":0.2331002331002331,
    "77":0.09324009324009325,
    "78":0.13986013986013987,
    "79":0.046620046620046623,
    "80":0.0,
    "81":0.09324009324009325,
    "82":0.2331002331002331,
    "83":0.13986013986013987,
    "84":0.0,
    "85":0.09324009324009325,
    "86":0.13986013986013987,
    "87":0.0,
    "88":0.046620046620046623,
    "89":0.09324009324009325,
    "90":0.1864801864801865,
    "91":0.13986013986013987,
    "92":0.046620046620046623,
    "93":0.046620046620046623,
    "94":0.13986013986013987,
    "95":0.0,
    "96":0.27972027972027974,
    "97":0.0,
    "98":0.0,
    "99":0.0,
    "100":0.0,
    "101":0.0,
    "102":0.0,
    "103":0.0,
    "104":0.0,
    "105":0.0,
    "106":0.0,
    "107":0.0,
    "108":0.0,
    "109":0.0,
    "110":0.0,
    "111":0.0,
    "112":0.0,
    "113":0.13986013986013987,
    "114":0.09324009324009325,
    "115":0.09324009324009325,
    "116":0.046620046620046623,
    "117":0.0,
    "118":0.046620046620046623,
    "119":0.046620046620046623,
    "120":0.046620046620046623,
    "121":0.0,
    "122":0.046620046620046623,
    "123":0.0,
    "124":0.0,
    "125":0.0,
    "126":0.0,
    "127":0.046620046620046623,
    "128":0.046620046620046623,
    "129":0.0,
    "130":0.0,
    "131":0.0,
    "132":0.0,
    "133":0.0,
    "134":0.0,
    "135":0.046620046620046623,
    "136":0.0,
    "137":0.13986013986013987,
    "138":0.046620046620046623,
    "139":0.0,
    "140":0.09324009324009325,
    "141":0.046620046620046623,
    "142":0.046620046620046623,
    "143":0.046620046620046623,
    "144":0.046620046620046623,
    "145":0.046620046620046623,
    "146":0.0,
    "147":0.09324009324009325,
    "148":0.046620046620046623,
    "149":0.0,
    "150":0.0,
    "151":0.046620046620046623,
    "152":0.0,
    "153":0.0,
    "154":0.0,
    "155":0.0,
    "156":0.046620046620046623,
    "157":0.0,
    "158":0.0,
    "159":0.046620046620046623,
    "160":0.0,
    "161":0.0,
    "162":0.0,
    "163":0.0,
    "164":0.0,
    "165":0.0,
    "166":0.046620046620046623,
    "167":0.0,
    "168":0.0,
    "169":0.0,
    "170":0.0,
    "171":0.0,
    "172":0.0,
    "173":0.09324009324009325,
    "174":0.0,
    "175":0.046620046620046623,
    "176":0.0,
    "177":0.046620046620046623,
    "178":0.046620046620046623,
    "179":0.0,
    "180":0.0,
    "181":0.0,
    "182":0.0,
    "183":0.046620046620046623,
    "184":0.0,
    "185":0.0,
    "186":0.09324009324009325,
    "187":0.0,
    "188":0.0,
    "189":0.046620046620046623,
    "190":0.0,
    "191":0.046620046620046623,
    "192":0.046620046620046623,
    "193":0.0,
    "194":0.0,
    "195":0.0,
    "196":0.0,
    "197":0.0,
    "198":0.046620046620046623,
    "199":0.046620046620046623,
    "200":0.046620046620046623,
    "201":0.046620046620046623,
    "202":0.0,
    "203":0.0,
    "204":0.0,
    "205":0.046620046620046623,
    "206":0.0,
    "207":0.0,
    "208":0.09324009324009325,
    "209":0.046620046620046623,
    "210":0.0,
    "211":0.0,
    "212":0.0,
    "213":0.0,
    "214":0.046620046620046623,
    "215":0.0,
    "216":0.0,
    "217":0.0,
    "218":0.0,
    "219":0.046620046620046623,
    "220":0.046620046620046623,
    "221":0.1864801864801865,
    "222":0.046620046620046623,
    "223":0.0,
    "224":0.046620046620046623,
    "225":0.0,
    "226":0.0,
    "227":0.0,
    "228":0.0,
    "229":0.0,
    "230":0.0,
    "231":0.0,
    "232":0.0,
    "233":0.046620046620046623,
    "234":0.0,
    "235":0.0,
    "236":0.0,
    "237":0.0,
    "238":0.0,
    "239":0.0,
    "240":0.0,
    "241":0.0,
    "242":0.0,
    "243":0.0,
    "244":0.0,
    "245":0.0,
    "246":0.0,
    "247":0.0,
    "248":0.0,
    "249":0.0,
    "250":0.0,
    "251":0.0,
    "252":0.0,
    "253":0.0,
    "254":0.0,
    "255":0.0,
    "256":0.0,
    "257":0.0,
    "258":0.0,
    "259":0.0,
    "260":0.0,
    "261":0.0,
    "262":0.0,
    "263":0.0,
    "264":0.0,
    "265":0.046620046620046623,
    "266":0.0,
    "267":0.0,
    "268":0.0,
    "269":0.0,
    "270":0.0,
    "271":0.0,
    "272":0.046620046620046623,
    "273":0.0,
    "274":0.0,
    "275":0.0,
    "276":0.0,
    "277":0.0,
    "278":0.0,
    "279":0.0,
    "280":0.0,
    "281":0.046620046620046623,
    "282":0.0,
    "283":0.046620046620046623,
    "284":0.0,
    "285":0.0,
    "286":0.0,
    "287":0.0,
    "288":0.046620046620046623,
    "289":0.0,
    "290":0.0,
    "291":0.0,
    "292":0.0,
    "293":0.0,
    "294":0.0,
    "295":0.0,
    "296":0.0,
    "297":0.0,
    "298":0.0,
    "299":0.0,
    "300":0.0,
    "301":0.0,
    "302":0.0,
    "303":0.0,
    "304":0.0,
    "305":0.0,
    "306":0.0,
    "307":0.0,
    "308":0.0,
    "309":0.0,
    "310":0.0,
    "311":0.0,
    "312":0.0,
    "313":0.0,
    "314":0.046620046620046623,
    "315":0.0,
    "316":0.0,
    "317":0.0,
    "318":0.0,
    "319":0.0,
    "320":0.0,
    "321":0.0,
    "322":0.0,
    "323":0.0,
    "324":0.0,
    "325":0.0,
    "326":0.046620046620046623,
    "327":0.0,
    "328":0.0,
    "329":0.0,
    "330":0.0,
    "331":0.0,
    "332":0.0,
    "333":0.0,
    "334":0.0,
    "335":0.0,
    "336":0.0,
    "337":0.046620046620046623,
    "338":0.0,
    "339":0.0,
    "340":0.0,
    "341":0.0,
    "342":0.0,
    "343":0.0,
    "344":0.0,
    "345":0.0,
    "346":0.0,
    "347":0.0,
    "348":0.0,
    "349":0.0,
    "350":0.0,
    "351":0.0,
    "352":0.0,
    "353":0.0,
    "354":0.0,
    "355":0.0,
    "356":0.0,
    "357":0.0,
    "358":0.0,
    "359":0.0,
    "360":0.0,
    "361":0.0,
    "362":0.0,
    "363":0.0,
    "364":0.0,
    "365":0.0,
    "366":0.046620046620046623,
    "367":0.0,
    "368":0.0,
    "369":0.0,
    "370":0.0,
    "371":0.0,
    "372":0.0,
    "373":0.0,
    "374":0.0,
    "375":0.0,
    "376":0.0,
    "377":0.0,
    "378":0.0,
    "379":0.0,
    "380":0.0,
    "381":0.0,
    "382":0.0,