{
    "0":5.423663385446825,
    "1":4.342790966994789,
    "2":4.8832271762208075,
    "3":5.1148426944605285,
    "4":5.23065045358039,
    "5":4.613009071607798,
    "6":3.7058482918355526,
    "7":2.0845396641574987,
    "8":1.949430611850994,
    "9":2.219648716464003,
    "10":2.296853889210577,
    "11":2.3740590619571513,
    "12":2.335456475583864,
    "13":1.9687319050376375,
    "14":2.181046130090716,
    "15":1.988033198224281,
    "16":2.3933603551437943,
    "17":2.3740590619571513,
    "18":1.988033198224281,
    "19":2.1231422505307855,
    "20":2.2389500096506465,
    "21":1.949430611850994,
    "22":1.563404748118124,
    "23":2.0459370777842114,
    "24":2.0652383709708553,
    "25":1.9687319050376375,
    "26":1.910828025477707,
    "27":1.795020266357846,
    "28":1.3896931094383325,
    "29":1.833622852731133,
    "30":1.0422698320787493,
    "31":1.48619957537155,
    "32":1.2159814707585408,
    "33":0.9071607797722447,
    "34":0.6948465547191662,
    "35":0.8492569002123143,
    "36":1.0036672457054623,
    "37":0.9843659525188188,
    "38":1.177378884385254,
    "39":0.6369426751592357,
    "40":0.7141478479058097,
    "41":0.5790387955993052,
    "42":0.2895193977996526,
    "43":0.42462845010615713,
    "44":0.5404362092260182,
    "45":0.4439297432928006,
    "46":0.48253232966608767,
    "47":0.3860258637328701,
    "48":0.25091681142636557,
    "49":0.3474232773595831,
    "50":0.17371163867979156,
    "51":0.30882069098629605,
    "52":0.2702181046130091,
    "53":0.13510905230650455,
    "54":0.07720517274657401,
    "55":0.019301293186643503,
    "56":0.019301293186643503,
    "57":0.07720517274657401,
    "58":0.05790387955993051,
    "59":0.07720517274657401,
    "60":0.09650646593321753,
    "61":0.07720517274657401,
    "62":0.03860258637328701,
    "63":0.11580775911986102,
    "64":0.17371163867979156,
    "65":0.13510905230650455,
    "66":0.09650646593321753,
    "67":0.05790387955993051,
    "68":0.03860258637328701,
    "69":0.05790387955993051,
    "70":0.03860258637328701,
    "71":0.05790387955993051,
    "72":0.05790387955993051,
    "73":0.23161551823972204,
    "74":0.09650646593321753,
    "75":0.13510905230650455,
    "76":0.03860258637328701,
    "77":0.0,
    "78":0.07720517274657401,
    "79":0.11580775911986102,
    "80":0.07720517274657401,
    "81":0.11580775911986102,
    "82":0.09650646593321753,
    "83":0.09650646593321753,
    "84":0.03860258637328701,
    "85":0.11580775911986102,
    "86":0.13510905230650455,
    "87":0.03860258637328701,
    "88":0.019301293186643503,
    "89":0.05790387955993051,
    "90":0.09650646593321753,
    "91":0.05790387955993051,
    "92":0.07720517274657401,
    "93":0.019301293186643503,
    "94":0.03860258637328701,
    "95":0.03860258637328701,
    "96":0.05790387955993051,
    "97":0.019301293186643503,
    "98":0.11580775911986102,
    "99":0.05790387955993051,
    "100":0.03860258637328701,
    "101":0.05790387955993051,
    "102":0.13510905230650455,
    "103":0.03860258637328701,
    "104":0.03860258637328701,
    "105":0.05790387955993051,
    "106":0.07720517274657401,
    "107":0.019301293186643503,
    "108":0.07720517274657401,
    "109":0.03860258637328701,
    "110":0.0,
    "111":0.05790387955993051,
    "112":0.019301293186643503,
    "113":0.07720517274657401,
    "114":0.05790387955993051,
    "115":0.019301293186643503,
    "116":0.0,
    "117":0.0,
    "118":0.03860258637328701,
    "119":0.019301293186643503,
    "120":0.0,
    "121":0.0,
    "122":0.0,
    "123":0.0,
    "124":0.0,
    "125":0.0,
    "126":0.0,
    "127":0.0
}