{
    "0":2.6401111625752662,
    "1":7.665585919407134,
    "2":11.069939786938397,
    "3":5.187586845761927,
    "4":6.206577119036591,
    "5":4.12227883279296,
    "6":3.520148216767022,
    "7":4.075961093098657,
    "8":4.168596572487263,
    "9":3.149606299212598,
    "10":3.7517369152385363,
    "11":4.654932839277444,
    "12":4.423344140805929,
    "13":3.543307086614173,
    "14":3.2422417786012043,
    "15":2.663270032422418,
    "16":2.871699861046781,
    "17":1.8758684576192681,
    "18":2.3390458545622974,
    "19":1.574803149606299,
    "20":1.5284854099119962,
    "21":1.922186197313571,
    "22":1.3432144511347845,
    "23":1.2274201018990274,
    "24":0.7874015748031495,
    "25":0.6484483557202408,
    "26":0.4631773969430292,
    "27":0.7874015748031495,
    "28":0.6484483557202408,
    "29":0.6947660954145438,
    "30":0.7410838351088467,
    "31":0.8568781843446039,
    "32":0.4631773969430292,
    "33":0.3473830477072719,
    "34":0.2547475683186661,
    "35":0.5094951366373321,
    "36":0.2779064381658175,
    "37":0.2547475683186661,
    "38":0.3242241778601204,
    "39":0.2779064381658175,
    "40":0.18527095877721167,
    "41":0.18527095877721167,
    "42":0.3242241778601204,
    "43":0.1621120889300602,
    "44":0.2779064381658175,
    "45":0.13895321908290875,
    "46":0.1621120889300602,
    "47":0.1157943492357573,
    "48":0.09263547938860583,
    "49":0.1621120889300602,
    "50":0.09263547938860583,
    "51":0.18527095877721167,
    "52":0.1157943492357573,
    "53":0.2547475683186661,
    "54":0.04631773969430292,
    "55":0.06947660954145438,
    "56":0.04631773969430292,
    "57":0.09263547938860583,
    "58":0.1621120889300602,
    "59":0.0,
    "60":0.0,
    "61":0.0,
    "62":0.0,
    "63":0.02315886984715146,
    "64":0.0,
    "65":0.0,
    "66":0.0,
    "67":0.0,
    "68":0.0,
    "69":0.0,
    "70":0.0,
    "71":0.0
}