{
    "0":1.6085489313835772,
    "1":4.735658042744657,
    "2":8.267716535433072,
    "3":4.263217097862767,
    "4":1.4623172103487065,
    "5":2.7559055118110236,
    "6":4.600674915635546,
    "7":5.466816647919011,
    "8":6.265466816647919,
    "9":6.074240719910011,
    "10":5.219347581552306,
    "11":4.645669291338582,
    "12":4.094488188976378,
    "13":4.296962879640045,
    "14":3.644544431946007,
    "15":3.5208098987626544,
    "16":2.9133858267716537,
    "17":2.5871766029246346,
    "18":2.564679415073116,
    "19":2.294713160854893,
    "20":1.799775028121485,
    "21":1.6085489313835772,
    "22":1.6310461192350956,
    "23":1.1923509561304837,
    "24":1.0573678290213724,
    "25":1.079865016872891,
    "26":1.158605174353206,
    "27":0.8098987626546681,
    "28":1.001124859392576,
    "29":0.9336332958380202,
    "30":0.8098987626546681,
    "31":0.48368953880764903,
    "32":0.4161979752530934,
    "33":0.6074240719910011,
    "34":0.4161979752530934,
    "35":0.3712035995500562,
    "36":0.4161979752530934,
    "37":0.21372328458942633,
    "38":0.14623172103487064,
    "39":0.281214848143982,
    "40":0.17997750281214847,
    "41":0.23622047244094488,
    "42":0.20247469066366702,
    "43":0.08998875140607424,
    "44":0.13498312710911137,
    "45":0.10123734533183351,
    "46":0.06749156355455568,
    "47":0.07874015748031496,
    "48":0.12373453318335209,
    "49":0.05624296962879641,
    "50":0.10123734533183351,
    "51":0.05624296962879641,
    "52":0.06749156355455568,
    "53":0.06749156355455568,
    "54":0.07874015748031496,
    "55":0.11248593925759282,
    "56":0.07874015748031496,
    "57":0.07874015748031496,
    "58":0.04499437570303712,
    "59":0.03374578177727784,
    "60":0.01124859392575928,
    "61":0.0,
    "62":0.01124859392575928,
    "63":0.04499437570303712,
    "64":0.0,
    "65":0.02249718785151856,
    "66":0.01124859392575928,
    "67":0.01124859392575928,
    "68":0.0,
    "69":0.02249718785151856,
    "70":0.01124859392575928,
    "71":0.01124859392575928,
    "72":0.01124859392575928,
    "73":0.0,
    "74":0.0,
    "75":0.0,
    "76":0.0,
    "77":0.0,
    "78":0.0,
    "79":0.0,
    "80":0.0,
    "81":0.0,
    "82":0.0,
    "83":0.0,
    "84":0.01124859392575928,
    "85":0.0,
    "86":0.01124859392575928,
    "87":0.0,
    "88":0.01124859392575928,
    "89":0.0,
    "90":0.01124859392575928,
    "91":0.0,
    "92":0.03374578177727784,
    "93":0.0,
    "94":0.0,
    "95":0.0,
    "96":0.0,
    "97":0.0,
    "98":0.01124859392575928,
    "99":0.0,
    "100":0.0,
    "101":0.0,
    "102":0.0,
    "103":0.0,
    "104":0.0,
    "105":0.0,
    "106":0.0,
    "107":0.0,
    "108":0.0,
    "109":0.01124859392575928,
    "110":0.0,
    "111":0.01124859392575928,
    "112":0.01124859392575928,
    "113":0.0,
    "114":0.0,
    "115":0.0,
    "116":0.0,
    "117":0.0,
    "118":0.0,
    "119":0.0,
    "120":0.0,
    "121":0.0
}