{
    "0":8.28002842928216,
    "1":6.734186211798152,
    "2":7.977967306325515,
    "3":4.14001421464108,
    "4":4.495380241648898,
    "5":4.193319118692253,
    "6":4.8685145700071075,
    "7":7.000710732054016,
    "8":5.294953802416489,
    "9":4.299928926794598,
    "10":4.12224591329069,
    "11":3.6780383795309164,
    "12":2.327647476901208,
    "13":2.007818052594172,
    "14":1.9012082444918266,
    "15":2.025586353944563,
    "16":2.0433546552949537,
    "17":1.8834399431414357,
    "18":1.7057569296375266,
    "19":1.7590618336886994,
    "20":1.7590618336886994,
    "21":1.3681592039800996,
    "22":1.5280739161336176,
    "23":1.634683724235963,
    "24":1.7412935323383085,
    "25":1.4036958066808813,
    "26":1.3148542999289268,
    "27":1.5280739161336176,
    "28":1.0305614783226724,
    "29":0.7285003553660271,
    "30":0.5152807391613362,
    "31":0.5863539445628998,
    "32":0.5508173418621181,
    "33":0.3731343283582089,
    "34":0.5508173418621181,
    "35":0.5330490405117271,
    "36":0.28429282160625446,
    "37":0.21321961620469082,
    "38":0.15991471215351813,
    "39":0.12437810945273632,
    "40":0.14214641080312723,
    "41":0.12437810945273632,
    "42":0.07107320540156362,
    "43":0.15991471215351813,
    "44":0.12437810945273632,
    "45":0.15991471215351813,
    "46":0.15991471215351813,
    "47":0.053304904051172705,
    "48":0.07107320540156362,
    "49":0.10660980810234541,
    "50":0.07107320540156362,
    "51":0.07107320540156362,
    "52":0.0,
    "53":0.0,
    "54":0.0,
    "55":0.0,
    "56":0.0,
    "57":0.0,
    "58":0.017768301350390904,
    "59":0.0,
    "60":0.0,
    "61":0.0,
    "62":0.0,
    "63":0.0,
    "64":0.0,
    "65":0.0,
    "66":0.0,
    "67":0.0
}