{
    "0":1.9774974428912375,
    "1":2.8128196385952946,
    "2":2.9321513808387314,
    "3":3.579952267303103,
    "4":5.608591885441527,
    "5":6.358677122400273,
    "6":5.318786225707467,
    "7":6.4268666893965225,
    "8":6.76781452437777,
    "9":6.4268666893965225,
    "10":6.34162973065121,
    "11":6.563245823389022,
    "12":4.875554040231844,
    "13":4.05727923627685,
    "14":3.511762700306853,
    "15":2.113876576883737,
    "16":1.8922604841459256,
    "17":1.4660756904193657,
    "18":1.2785543811796796,
    "19":1.5683600409137404,
    "20":1.5854074326628025,
    "21":1.431980906921241,
    "22":0.9546539379474941,
    "23":0.8523695874531197,
    "24":0.5796113194681214,
    "25":0.34094783498124787,
    "26":0.5625639277190589,
    "27":0.4602795772246846,
    "28":0.4261847937265599,
    "29":0.4943743607228094,
    "30":0.5796113194681214,
    "31":0.4602795772246846,
    "32":0.5966587112171837,
    "33":0.4943743607228094,
    "34":0.6307534947153085,
    "35":0.47732696897374705,
    "36":0.3239004432321855,
    "37":0.4943743607228094,
    "38":0.5796113194681214,
    "39":0.20456870098874871,
    "40":0.3068530514831231,
    "41":0.15342652574156154,
    "42":0.2216160927378111,
    "43":0.15342652574156154,
    "44":0.06818956699624958,
    "45":0.15342652574156154,
    "46":0.13637913399249915,
    "47":0.10228435049437436,
    "48":0.11933174224343676,
    "49":0.11933174224343676,
    "50":0.10228435049437436,
    "51":0.15342652574156154,
    "52":0.10228435049437436,
    "53":0.10228435049437436,
    "54":0.2216160927378111,
    "55":0.18752130923968632,
    "56":0.18752130923968632,
    "57":0.10228435049437436,
    "58":0.13637913399249915,
    "59":0.13637913399249915,
    "60":0.11933174224343676,
    "61":0.11933174224343676,
    "62":0.15342652574156154,
    "63":0.2216160927378111,
    "64":0.13637913399249915,
    "65":0.18752130923968632,
    "66":0.10228435049437436,
    "67":0.08523695874531197,
    "68":0.05114217524718718,
    "69":0.017047391749062394,
    "70":0.10228435049437436,
    "71":0.13637913399249915,
    "72":0.08523695874531197,
    "73":0.08523695874531197,
    "74":0.017047391749062394,
    "75":0.06818956699624958,
    "76":0.05114217524718718,
    "77":0.03409478349812479,
    "78":0.10228435049437436,
    "79":0.15342652574156154,
    "80":0.11933174224343676,
    "81":0.06818956699624958,
    "82":0.08523695874531197,
    "83":0.05114217524718718,
    "84":0.08523695874531197,
    "85":0.03409478349812479,
    "86":0.06818956699624958,
    "87":0.06818956699624958,
    "88":0.017047391749062394,
    "89":0.0,
    "90":0.0,
    "91":0.0,
    "92":0.0,
    "93":0.0,
    "94":0.0,
    "95":0.0,
    "96":0.0
}