{
    "0":3.9816385590260452,
    "1":2.9338389382297176,
    "2":5.039417223829957,
    "3":4.660213551541762,
    "4":3.01367129029039,
    "5":3.273126434487576,
    "6":3.742141502844028,
    "7":4.600339287496258,
    "8":5.209060971958887,
    "9":5.209060971958887,
    "10":4.41073745135216,
    "11":4.390779363336993,
    "12":4.58038119948109,
    "13":3.9916176030336294,
    "14":2.7442371020856204,
    "15":3.2631473904799924,
    "16":2.564614309949107,
    "17":2.7442371020856204,
    "18":2.6045304859794434,
    "19":2.4149286498353457,
    "20":2.2752220337291686,
    "21":1.6864584372817084,
    "22":1.636563217243788,
    "23":1.337191897016266,
    "24":1.2573595449555932,
    "25":1.217443368925257,
    "26":1.2473805009480092,
    "27":1.1775271928949207,
    "28":1.1974852809100889,
    "29":0.668595948508133,
    "30":0.9579882247280711,
    "31":0.688554036523301,
    "32":0.41911984831853105,
    "33":0.5089312443867877,
    "34":0.5688055084322922,
    "35":0.5189102883943718,
    "36":0.4989522003792037,
    "37":0.42909889232611514,
    "38":0.5089312443867877,
    "39":0.4889731563716196,
    "40":0.41911984831853105,
    "41":0.3792036722881948,
    "42":0.30935036423510626,
    "43":0.45903602434886737,
    "44":0.42909889232611514,
    "45":0.1896018361440974,
    "46":0.2893922762199381,
    "47":0.21953896816684962,
    "48":0.23949705618201778,
    "49":0.2594551441971859,
    "50":0.19958088015168146,
    "51":0.1896018361440974,
    "52":0.10976948408342481,
    "53":0.24947610018960184,
    "54":0.15966470412134517,
    "55":0.1496856601137611,
    "56":0.1496856601137611,
    "57":0.13970661610617702,
    "58":0.1796227921365133,
    "59":0.15966470412134517,
    "60":0.11974852809100889,
    "61":0.09979044007584073,
    "62":0.029937132022752222,
    "63":0.06985330805308851,
    "64":0.06985330805308851,
    "65":0.019958088015168147,
    "66":0.029937132022752222,
    "67":0.009979044007584073,
    "68":0.0,
    "69":0.0,
    "70":0.0,
    "71":0.0,
    "72":0.009979044007584073,
    "73":0.0,
    "74":0.0,
    "75":0.0,
    "76":0.0,
    "77":0.0,
    "78":0.0,
    "79":0.0,
    "80":0.0
}