{
    "0":0.6645335958651243,
    "1":1.5505783903519568,
    "2":10.460251046025103,
    "3":5.267044056116171,
    "4":2.288949052424317,
    "5":1.7474772335712527,
    "6":4.134875707605218,
    "7":5.070145212896874,
    "8":6.571498892444007,
    "9":6.325375338419886,
    "10":6.202313561407827,
    "11":4.6271228156534585,
    "12":3.174993846911149,
    "13":2.6335220280580853,
    "14":1.944376076790549,
    "15":1.6736401673640167,
    "16":1.6244154565591928,
    "17":1.5505783903519568,
    "18":1.3290671917302486,
    "19":1.5751907457543686,
    "20":1.8705390105833128,
    "21":1.4275166133398967,
    "22":1.8705390105833128,
    "23":1.772089588973665,
    "24":1.4767413241447207,
    "25":1.4521289687423087,
    "26":1.8705390105833128,
    "27":1.5013536795471327,
    "28":1.5259660349495445,
    "29":1.3782919025350726,
    "30":0.8122077282795964,
    "31":0.9352695052916564,
    "32":0.8368200836820083,
    "33":0.9106571498892444,
    "34":0.9598818606940683,
    "35":0.49224710804824023,
    "36":0.7137583066699483,
    "37":0.7383706620723604,
    "38":0.6645335958651243,
    "39":0.8614324390844204,
    "40":0.44302239724341624,
    "41":0.8122077282795964,
    "42":0.6645335958651243,
    "43":0.27073590942653214,
    "44":0.44302239724341624,
    "45":0.34457297563376815,
    "46":0.27073590942653214,
    "47":0.14767413241447205,
    "48":0.24612355402412012,
    "49":0.14767413241447205,
    "50":0.24612355402412012,
    "51":0.12306177701206006,
    "52":0.14767413241447205,
    "53":0.04922471080482402,
    "54":0.09844942160964804,
    "55":0.04922471080482402,
    "56":0.09844942160964804,
    "57":0.04922471080482402,
    "58":0.04922471080482402,
    "59":0.19689884321929607,
    "60":0.09844942160964804,
    "61":0.04922471080482402,
    "62":0.07383706620723603,
    "63":0.12306177701206006,
    "64":0.0,
    "65":0.04922471080482402,
    "66":0.14767413241447205,
    "67":0.0,
    "68":0.0,
    "69":0.0,
    "70":0.0,
    "71":0.0,
    "72":0.07383706620723603,
    "73":0.0,
    "74":0.0,
    "75":0.0,
    "76":0.0,
    "77":0.0,
    "78":0.0,
    "79":0.0,
    "80":0.0,
    "81":0.0
}