{
    "0":9.67741935483871,
    "1":1.2823081546784212,
    "2":0.5009016229212583,
    "3":1.4826688038469245,
    "4":3.846924464035263,
    "5":7.31316369465037,
    "6":7.233019434982969,
    "7":6.371468643558405,
    "8":6.531757162893208,
    "9":5.289521138048487,
    "10":4.147465437788019,
    "11":3.7267080745341614,
    "12":2.9252654778601483,
    "13":2.5646163093568424,
    "14":3.5463834902825084,
    "15":2.8250851532758965,
    "16":2.624724504107393,
    "17":1.9234622320176316,
    "18":1.7832097775996794,
    "19":1.7631737126828293,
    "20":1.3624524143458225,
    "21":1.5427769985974753,
    "22":1.4826688038469245,
    "23":1.3223802845121218,
    "24":1.342416349428972,
    "25":1.4225606090963734,
    "26":1.081947505509918,
    "27":1.1019835704267682,
    "28":0.9216589861751152,
    "29":1.262272089761571,
    "30":0.8415147265077139,
    "31":0.7413344019234622,
    "32":0.6010819475055099,
    "33":0.20036064916850332,
    "34":0.2604688439190543,
    "35":0.1402524544179523,
    "36":0.20036064916850332,
    "37":0.2805049088359046,
    "38":0.3205770386696053,
    "39":0.30054097375275496,
    "40":0.2805049088359046,
    "41":0.04007212983370066,
    "42":0.20036064916850332,
    "43":0.1402524544179523,
    "44":0.24043277900220394,
    "45":0.1402524544179523,
    "46":0.180324584251653,
    "47":0.1402524544179523,
    "48":0.2604688439190543,
    "49":0.16028851933480265,
    "50":0.24043277900220394,
    "51":0.04007212983370066,
    "52":0.16028851933480265,
    "53":0.2805049088359046,
    "54":0.04007212983370066,
    "55":0.180324584251653,
    "56":0.08014425966740132,
    "57":0.08014425966740132,
    "58":0.08014425966740132,
    "59":0.10018032458425166,
    "60":0.180324584251653,
    "61":0.12021638950110197,
    "62":0.24043277900220394,
    "63":0.12021638950110197,
    "64":0.02003606491685033,
    "65":0.12021638950110197,
    "66":0.04007212983370066,
    "67":0.1402524544179523,
    "68":0.10018032458425166,
    "69":0.060108194750550986,
    "70":0.180324584251653,
    "71":0.060108194750550986,
    "72":0.08014425966740132,
    "73":0.02003606491685033,
    "74":0.060108194750550986,
    "75":0.08014425966740132,
    "76":0.180324584251653,
    "77":0.180324584251653,
    "78":0.04007212983370066,
    "79":0.08014425966740132,
    "80":0.16028851933480265,
    "81":0.04007212983370066,
    "82":0.08014425966740132,
    "83":0.12021638950110197,
    "84":0.1402524544179523,
    "85":0.08014425966740132,
    "86":0.10018032458425166,
    "87":0.02003606491685033,
    "88":0.0,
    "89":0.0,
    "90":0.0,
    "91":0.0,
    "92":0.0,
    "93":0.0,
    "94":0.0,
    "95":0.0
}