{
    "0":9.095763616945533,
    "1":4.254182983268067,
    "2":4.307582769668921,
    "3":5.179779280882876,
    "4":4.076183695265219,
    "5":3.346386614453542,
    "6":2.9547881808472765,
    "7":4.271982912068352,
    "8":5.0373798504805976,
    "9":4.788180847276611,
    "10":3.542185831256675,
    "11":3.542185831256675,
    "12":3.0259878960484157,
    "13":3.2395870416518333,
    "14":2.2249911000355995,
    "15":2.082591669633321,
    "16":1.2281950872196512,
    "17":1.423994304022784,
    "18":1.6019935920256319,
    "19":1.9223923104307583,
    "20":1.3705945176219294,
    "21":1.3883944464222144,
    "22":1.1391954432182272,
    "23":1.245995016019936,
    "24":1.7443930224279103,
    "25":1.7087931648273407,
    "26":1.1747953008187968,
    "27":1.1391954432182272,
    "28":1.1213955144179424,
    "29":1.3705945176219294,
    "30":1.0323958704165184,
    "31":0.622997508009968,
    "32":0.9611961552153792,
    "33":0.8721965112139551,
    "34":0.9077963688145247,
    "35":0.8009967960128159,
    "36":0.9433962264150944,
    "37":0.622997508009968,
    "38":0.5161979352082592,
    "39":0.4805980776076896,
    "40":0.5161979352082592,
    "41":0.4805980776076896,
    "42":0.3737985048059808,
    "43":0.533997864008544,
    "44":0.5873976504093984,
    "45":0.533997864008544,
    "46":0.3025987896048416,
    "47":0.1957992168031328,
    "48":0.3381986472054112,
    "49":0.177999288002848,
    "50":0.266998932004272,
    "51":0.3737985048059808,
    "52":0.2313990744037024,
    "53":0.2313990744037024,
    "54":0.1601993592025632,
    "55":0.1423994304022784,
    "56":0.2847988608045568,
    "57":0.177999288002848,
    "58":0.1423994304022784,
    "59":0.21359914560341758,
    "60":0.1245995016019936,
    "61":0.1245995016019936,
    "62":0.088999644001424,
    "63":0.2313990744037024,
    "64":0.088999644001424,
    "65":0.0177999288002848,
    "66":0.0177999288002848,
    "67":0.0711997152011392,
    "68":0.0177999288002848,
    "69":0.053399786400854396,
    "70":0.0355998576005696,
    "71":0.0711997152011392,
    "72":0.0355998576005696,
    "73":0.0355998576005696,
    "74":0.053399786400854396,
    "75":0.088999644001424,
    "76":0.053399786400854396,
    "77":0.053399786400854396,
    "78":0.0711997152011392,
    "79":0.0,
    "80":0.0,
    "81":0.0,
    "82":0.0,
    "83":0.053399786400854396,
    "84":0.0,
    "85":0.0,
    "86":0.0177999288002848,
    "87":0.0,
    "88":0.0,
    "89":0.0,
    "90":0.0,
    "91":0.0,
    "92":0.0177999288002848,
    "93":0.0,
    "94":0.0,
    "95":0.0,
    "96":0.0,
    "97":0.0,
    "98":0.0,
    "99":0.0,
    "100":0.0
}