{
    "0":9.724929607970543,
    "1":3.227203811999134,
    "2":3.292181069958848,
    "3":4.635044401126272,
    "4":4.158544509421702,
    "5":3.4871128438379904,
    "6":2.230885856616851,
    "7":1.9059995668182803,
    "8":2.100931340697423,
    "9":3.313840155945419,
    "10":3.443794671864847,
    "11":3.7686809616634176,
    "12":3.378817413905133,
    "13":3.01061295213342,
    "14":3.075590210093134,
    "15":3.660385531730561,
    "16":2.750703920294564,
    "17":2.750703920294564,
    "18":2.7073857483214208,
    "19":2.4907948884557074,
    "20":2.599090318388564,
    "21":2.2525449426034223,
    "22":2.1659085986571367,
    "23":1.6677496209659952,
    "24":1.8410223088585662,
    "25":1.6894087069525665,
    "26":2.014294996751137,
    "27":1.1479315572882824,
    "28":0.9313406974225688,
    "29":1.4511587611002816,
    "30":1.3428633311674247,
    "31":1.061295213341997,
    "32":1.0396361273554255,
    "33":0.8447043534762833,
    "34":0.8663634394628547,
    "35":0.5631362356508556,
    "36":0.6714316655837124,
    "37":0.4548408057179987,
    "38":0.3898635477582846,
    "39":0.3898635477582846,
    "40":0.3898635477582846,
    "41":0.43318171973142733,
    "42":0.36820446177171323,
    "43":0.3465453757851419,
    "44":0.30322720381199914,
    "45":0.3248862897985705,
    "46":0.1949317738791423,
    "47":0.3465453757851419,
    "48":0.3465453757851419,
    "49":0.2599090318388564,
    "50":0.1949317738791423,
    "51":0.1299545159194282,
    "52":0.1949317738791423,
    "53":0.17327268789257094,
    "54":0.1949317738791423,
    "55":0.30322720381199914,
    "56":0.15161360190599957,
    "57":0.10829542993285683,
    "58":0.0649772579597141,
    "59":0.021659085986571368,
    "60":0.021659085986571368,
    "61":0.043318171973142736,
    "62":0.043318171973142736,
    "63":0.021659085986571368,
    "64":0.021659085986571368,
    "65":0.0649772579597141,
    "66":0.10829542993285683,
    "67":0.043318171973142736,
    "68":0.021659085986571368,
    "69":0.021659085986571368,
    "70":0.021659085986571368,
    "71":0.021659085986571368,
    "72":0.0649772579597141,
    "73":0.0,
    "74":0.0,
    "75":0.021659085986571368,
    "76":0.021659085986571368,
    "77":0.08663634394628547,
    "78":0.0,
    "79":0.0,
    "80":0.0,
    "81":0.0,
    "82":0.0,
    "83":0.0,
    "84":0.0,
    "85":0.0,
    "86":0.0
}