{
    "0":3.578387953941541,
    "1":5.757307351638618,
    "2":9.867139061116031,
    "3":4.038972542072631,
    "4":2.8520814880425154,
    "5":2.9760850310008857,
    "6":4.853852967227635,
    "7":6.554472984942426,
    "8":6.359610274579273,
    "9":5.190434012400354,
    "10":5.066430469441984,
    "11":4.1275465013286095,
    "12":3.596102745792737,
    "13":3.1178033658104516,
    "14":2.6395039858281666,
    "15":1.8777679362267492,
    "16":1.966341895482728,
    "17":1.9131975199291409,
    "18":1.9131975199291409,
    "19":1.5589016829052258,
    "20":1.6829052258635961,
    "21":1.5766164747564215,
    "22":1.54118689105403,
    "23":1.5589016829052258,
    "24":1.4703277236492471,
    "25":1.5234720992028343,
    "26":1.0806023029229406,
    "27":0.8325952170062002,
    "28":0.566873339238264,
    "29":0.44286979627989376,
    "30":0.5845881310894597,
    "31":0.354295837023915,
    "32":0.5845881310894597,
    "33":0.283436669619132,
    "34":0.19486271036315322,
    "35":0.10628875110717448,
    "36":0.23029229406554474,
    "37":0.21257750221434896,
    "38":0.15943312666076173,
    "39":0.12400354295837024,
    "40":0.070859167404783,
    "41":0.070859167404783,
    "42":0.0354295837023915,
    "43":0.0354295837023915,
    "44":0.10628875110717448,
    "45":0.12400354295837024,
    "46":0.10628875110717448,
    "47":0.15943312666076173,
    "48":0.15943312666076173,
    "49":0.283436669619132,
    "50":0.24800708591674048,
    "51":0.141718334809566,
    "52":0.141718334809566,
    "53":0.15943312666076173,
    "54":0.08857395925597875,
    "55":0.08857395925597875,
    "56":0.12400354295837024,
    "57":0.1771479185119575,
    "58":0.141718334809566,
    "59":0.070859167404783,
    "60":0.15943312666076173,
    "61":0.10628875110717448,
    "62":0.08857395925597875,
    "63":0.08857395925597875,
    "64":0.12400354295837024,
    "65":0.15943312666076173,
    "66":0.05314437555358724,
    "67":0.05314437555358724,
    "68":0.12400354295837024,
    "69":0.08857395925597875,
    "70":0.10628875110717448,
    "71":0.0354295837023915,
    "72":0.070859167404783,
    "73":0.05314437555358724,
    "74":0.070859167404783,
    "75":0.12400354295837024,
    "76":0.070859167404783,
    "77":0.10628875110717448,
    "78":0.070859167404783,
    "79":0.070859167404783,
    "80":0.08857395925597875,
    "81":0.10628875110717448,
    "82":0.070859167404783,
    "83":0.070859167404783,
    "84":0.070859167404783,
    "85":0.070859167404783,
    "86":0.0354295837023915,
    "87":0.05314437555358724,
    "88":0.070859167404783,
    "89":0.05314437555358724,
    "90":0.0354295837023915,
    "91":0.0,
    "92":0.0,
    "93":0.0,
    "94":0.0,
    "95":0.0,
    "96":0.0,
    "97":0.0,
    "98":0.0
}