{
    "0":3.4493704369907943,
    "1":2.8885832187070153,
    "2":6.179240292032588,
    "3":5.57612951010475,
    "4":4.560363982647339,
    "5":4.232356364405883,
    "6":4.073643000740662,
    "7":4.51804041900328,
    "8":5.131732091842133,
    "9":5.703100201036928,
    "10":5.713681091947942,
    "11":5.184636546397207,
    "12":4.33816527351603,
    "13":3.4070468733467356,
    "14":2.994392127817162,
    "15":2.4653475822664266,
    "16":2.2219870913130886,
    "17":2.2854724367791768,
    "18":1.957464818537721,
    "19":1.4601629457200296,
    "20":1.0369273092794413,
    "21":1.1427362183895884,
    "22":1.4178393820759707,
    "23":1.121574436567559,
    "24":1.0580890911014706,
    "25":0.7195005819490001,
    "26":1.0792508729235002,
    "27":0.9946037456353826,
    "28":0.9628610729023385,
    "29":0.6665961273939266,
    "30":0.7406623637710296,
    "31":0.7512432546820442,
    "32":0.5078827637287059,
    "33":0.6242725637498677,
    "34":0.7089196910379854,
    "35":0.4549783091736324,
    "36":0.3914929637075442,
    "37":0.4973018728176913,
    "38":0.5396254364617501,
    "39":0.6348534546608825,
    "40":0.4443974182626177,
    "41":0.3809120727965295,
    "42":0.26452227277536766,
    "43":0.3914929637075442,
    "44":0.25394138186435294,
    "45":0.2962649455084118,
    "46":0.2751031636863824,
    "47":0.2962649455084118,
    "48":0.26452227277536766,
    "49":0.20103692730927947,
    "50":0.20103692730927947,
    "51":0.10580890911014706,
    "52":0.19045603639826475,
    "53":0.16929425457623534,
    "54":0.10580890911014706,
    "55":0.06348534546608824,
    "56":0.03174267273304412,
    "57":0.12697069093217647,
    "58":0.07406623637710295,
    "59":0.16929425457623534,
    "60":0.09522801819913237,
    "61":0.06348534546608824,
    "62":0.042323563644058836,
    "63":0.042323563644058836,
    "64":0.1481324727542059,
    "65":0.12697069093217647,
    "66":0.11638980002116178,
    "67":0.010580890911014709,
    "68":0.07406623637710295,
    "69":0.07406623637710295,
    "70":0.07406623637710295,
    "71":0.010580890911014709,
    "72":0.03174267273304412,
    "73":0.042323563644058836,
    "74":0.010580890911014709,
    "75":0.07406623637710295,
    "76":0.0,
    "77":0.010580890911014709,
    "78":0.03174267273304412,
    "79":0.010580890911014709,
    "80":0.03174267273304412,
    "81":0.06348534546608824,
    "82":0.06348534546608824,
    "83":0.05290445455507353,
    "84":0.0,
    "85":0.0,
    "86":0.0,
    "87":0.0,
    "88":0.0,
    "89":0.0,
    "90":0.0,
    "91":0.0
}