{
    "0":6.889242183359831,
    "1":2.808691043985162,
    "2":3.1619855149266916,
    "3":2.137431549196255,
    "4":3.2856385797562266,
    "5":3.9392333509980566,
    "6":3.7979155626214447,
    "7":6.553612435965377,
    "8":7.224871930754285,
    "9":6.412294647588765,
    "10":6.253312135665076,
    "11":6.606606606606606,
    "12":4.751810634163575,
    "13":4.009892245186363,
    "14":3.6036036036036037,
    "15":2.172760996290408,
    "16":1.6251545663310367,
    "17":1.6604840134251901,
    "18":1.5368309485956544,
    "19":1.4308426073131957,
    "20":1.2895248189365838,
    "21":1.3071895424836601,
    "22":1.1835364776541246,
    "23":1.1658717541070482,
    "24":1.3071895424836601,
    "25":0.971559795089207,
    "26":0.8655714538067479,
    "27":0.6535947712418301,
    "28":0.5122769828652182,
    "29":0.8302420067125951,
    "30":0.38862391803568275,
    "31":0.759583112524289,
    "32":0.5652711535064476,
    "33":0.38862391803568275,
    "34":0.7419183889772125,
    "35":0.35329447094152977,
    "36":0.38862391803568275,
    "37":0.3003003003003003,
    "38":0.24730612965907084,
    "39":0.3003003003003003,
    "40":0.38862391803568275,
    "41":0.24730612965907084,
    "42":0.4239533651298357,
    "43":0.24730612965907084,
    "44":0.1413177883766119,
    "45":0.22964140611199435,
    "46":0.22964140611199435,
    "47":0.21197668256491786,
    "48":0.1413177883766119,
    "49":0.10598834128245893,
    "50":0.07065889418830595,
    "51":0.1589825119236884,
    "52":0.052994170641229466,
    "53":0.03532944709415298,
    "54":0.10598834128245893,
    "55":0.12365306482953542,
    "56":0.12365306482953542,
    "57":0.03532944709415298,
    "58":0.10598834128245893,
    "59":0.1589825119236884,
    "60":0.03532944709415298,
    "61":0.052994170641229466,
    "62":0.07065889418830595,
    "63":0.12365306482953542,
    "64":0.10598834128245893,
    "65":0.052994170641229466,
    "66":0.12365306482953542,
    "67":0.08832361773538244,
    "68":0.1413177883766119,
    "69":0.08832361773538244,
    "70":0.03532944709415298,
    "71":0.12365306482953542,
    "72":0.12365306482953542,
    "73":0.08832361773538244,
    "74":0.08832361773538244,
    "75":0.03532944709415298,
    "76":0.07065889418830595,
    "77":0.01766472354707649,
    "78":0.03532944709415298,
    "79":0.08832361773538244,
    "80":0.10598834128245893,
    "81":0.07065889418830595,
    "82":0.07065889418830595,
    "83":0.10598834128245893,
    "84":0.03532944709415298,
    "85":0.07065889418830595,
    "86":0.07065889418830595,
    "87":0.052994170641229466,
    "88":0.07065889418830595,
    "89":0.01766472354707649,
    "90":0.0,
    "91":0.0,
    "92":0.0,
    "93":0.0,
    "94":0.0,
    "95":0.0,
    "96":0.0,
    "97":0.0,
    "98":0.0,
    "99":0.0,
    "100":0.0,
    "101":0.0,
    "102":0.0,
    "103":0.0,
    "104":0.0,
    "105":0.0,
    "106":0.0,
    "107":0.0,
    "108":0.0,
    "109":0.0,
    "110":0.0,
    "111":0.0,
    "112":0.0,
    "113":0.0,
    "114":0.0,
    "115":0.0,
    "116":0.0,
    "117":0.0,
    "118":0.0,
    "119":0.0,
    "120":0.0,
    "121":0.0,
    "122":0.0,
    "123":0.0,
    "124":0.0,
    "125":0.0,
    "126":0.0,
    "127":0.0,
    "128":0.0,
    "129":0.0,
    "130":0.0,
    "131":0.0,
    "132":0.0,
    "133":0.0,
    "134":0.0,
    "135":0.0,
    "136":0.0,
    "137":0.0,
    "138":0.0,
    "139":0.0,
    "140":0.0,
    "141":0.0,
    "142":0.0,
    "143":0.0,
    "144":0.0,
    "145":0.0,
    "146":0.0,
    "147":0.0,
    "148":0.0,
    "149":0.0,
    "150":0.0,
    "151":0.0,
    "152":0.0,
    "153":0.0,
    "154":0.0,
    "155":0.0,
    "156":0.0,
    "157":0.0,
    "158":0.0,
    "159":0.0,
    "160":0.0,
    "161":0.0,
    "162":0.0,
    "163":0.0,
    "164":0.0,
    "165":0.0,
    "166":0.0,
    "167":0.0,
    "168":0.0,
    "169":0.01766472354707649,
    "170":0.0,
    "171":0.0,
    "172":0.0,
    "173":0.0,
    "174":0.0,
    "175":0.0,
    "176":0.0,
    "177":0.0
}