{
    "0":[
        [
            -1.4603002843025417,
            -48.469370474873045,
            "300000000001",
            "0"
        ]
    ],
    "1":[
        [
            -1.4610911809832146,
            -48.469701941979416,
            "300000000002",
            "3"
        ]
    ],
    "10":[
        [
            -1.4608045195327244,
            -48.46693267021614,
            "300000000011",
            "3"
        ]
    ],
    "11":[
        [
            -1.4569322074384767,
            -48.46955656191026,
            "9019148986",
            "4"
        ]
    ],
    "12":[
        [
            -1.4603903756523444,
            -48.46766325965391,
            "300000000013",
            "4"
        ]
    ],
    "13":[
        [
            -1.461288629716347,
            -48.46765147311956,
            "300000000014",
            "1"
        ]
    ],
    "14":[
        [
            -1.461311739477599,
            -48.466812817036775,
            "300000000015",
            "5"
        ]
    ],
    "15":[
        [
            -1.4616876871126092,
            -48.472263133254025,
            "300000000016",
            "2"
        ]
    ],
    "16":[
        [
            -1.460907355516028,
            -48.47194309848179,
            "300000000017",
            "1"
        ]
    ],
    "17":[
        [
            -1.4612842105272177,
            -48.47278702898103,
            "300000000018",
            "0"
        ]
    ],
    "2":[
        [
            -1.4605886615464991,
            -48.47191299345539,
            "300000000003",
            "1"
        ]
    ],
    "3":[
        [
            -1.4602000439011007,
            -48.46894146206459,
            "300000000004",
            "4"
        ]
    ],
    "4":[
        [
            -1.460014969870001,
            -48.47028002809571,
            "300000000005",
            "3"
        ]
    ],
    "5":[
        [
            -1.4598118010246501,
            -48.46936023648023,
            "300000000006",
            "0"
        ]
    ],
    "6":[
        [
            -1.4577121492998197,
            -48.468919527715094,
            "300000000007",
            "3"
        ]
    ],
    "7":[
        [
            -1.459837455496605,
            -48.46796831481355,
            "300000000008",
            "4"
        ]
    ],
    "8":[
        [
            -1.460679009910562,
            -48.46811760266516,
            "300000000009",
            "1"
        ]
    ],
    "9":[
        [
            -1.4576056970702396,
            -48.468506350168205,
            "300000000010",
            "0"
        ]
    ],
    "total_length":4706.862394890857,
    "total_time":2.1581153869628906
}