{
    "0":1.80547466511357,
    "1":5.7270432925645505,
    "2":3.6886041545331003,
    "3":4.309842748980781,
    "4":6.96952048145991,
    "5":5.4940788196466706,
    "6":3.5138807998446904,
    "7":2.4072995534847603,
    "8":2.7179188507086,
    "9":3.125606678314891,
    "10":2.9120559114735003,
    "11":3.8050863909920407,
    "12":2.69850514463211,
    "13":2.7373325567850904,
    "14":2.9120559114735003,
    "15":3.20326150262085,
    "16":3.4556396816152204,
    "17":2.9702970297029703,
    "18":2.4267132595612506,
    "19":2.2714036109493305,
    "20":2.3878858474082705,
    "21":2.5820229081731703,
    "22":1.5336827800427102,
    "23":1.82488837119006,
    "24":1.3395457192778102,
    "25":1.5336827800427102,
    "26":1.3201320132013201,
    "27":1.41720054358377,
    "28":1.3201320132013201,
    "29":0.7765482430596,
    "30":0.89303047951854,
    "31":0.6600660066006601,
    "32":0.6018248883711901,
    "33":0.7571345369831101,
    "34":0.3882741215298,
    "35":0.25237817899437004,
    "36":0.6600660066006601,
    "37":0.5629974762182101,
    "38":0.3882741215298,
    "39":0.6018248883711901,
    "40":0.54358377014172,
    "41":0.42710153368278003,
    "42":0.62123859444768,
    "43":0.5824111822947,
    "44":0.52417006406523,
    "45":0.27179188507086,
    "46":0.5824111822947,
    "47":0.23296447291788003,
    "48":0.1941370607649,
    "49":0.31061929722384,
    "50":0.29120559114735,
    "51":0.25237817899437004,
    "52":0.33003300330033003,
    "53":0.17472335468841002,
    "54":0.31061929722384,
    "55":0.17472335468841002,
    "56":0.17472335468841002,
    "57":0.13589594253543,
    "58":0.17472335468841002,
    "59":0.13589594253543,
    "60":0.15530964861192,
    "61":0.27179188507086,
    "62":0.17472335468841002,
    "63":0.15530964861192,
    "64":0.23296447291788003,
    "65":0.25237817899437004,
    "66":0.17472335468841002,
    "67":0.17472335468841002,
    "68":0.03882741215298,
    "69":0.05824111822947001,
    "70":0.15530964861192,
    "71":0.05824111822947001,
    "72":0.15530964861192,
    "73":0.05824111822947001,
    "74":0.05824111822947001,
    "75":0.05824111822947001,
    "76":0.03882741215298,
    "77":0.03882741215298,
    "78":0.0,
    "79":0.0,
    "80":0.01941370607649,
    "81":0.01941370607649,
    "82":0.03882741215298,
    "83":0.03882741215298,
    "84":0.03882741215298,
    "85":0.01941370607649,
    "86":0.01941370607649,
    "87":0.09706853038245,
    "88":0.0,
    "89":0.0,
    "90":0.0,
    "91":0.0,
    "92":0.0,
    "93":0.0,
    "94":0.0,
    "95":0.0
}