{
    "0":3.8237738985868663,
    "1":5.284408027550172,
    "2":8.003800023750149,
    "3":2.3037643985274907,
    "4":3.408146300914381,
    "5":4.8687804298776864,
    "6":5.189407433796461,
    "7":5.011281320508253,
    "8":4.714404465027906,
    "9":4.393777461109132,
    "10":4.4769029806436285,
    "11":3.83564897280608,
    "12":3.1943949649685313,
    "13":3.2775204845030284,
    "14":2.778767367296046,
    "15":2.7906424415152595,
    "16":2.5887661797886237,
    "17":2.2800142500890628,
    "18":2.196888730554566,
    "19":2.101888136800855,
    "20":2.0187626172663578,
    "21":1.7931362071012944,
    "22":2.0781379883624274,
    "23":1.6862605391283696,
    "24":1.4843842774017337,
    "25":1.2943830898943118,
    "26":1.4250089063056643,
    "27":1.1400071250445314,
    "28":0.8787554922218264,
    "29":0.8906305664410403,
    "30":0.7956299726873293,
    "31":0.6887543047144045,
    "32":0.5106281914261964,
    "33":0.4868780429877687,
    "34":0.5343783398646241,
    "35":0.4393777461109132,
    "36":0.36812730079563,
    "37":0.3325020781379884,
    "38":0.36812730079563,
    "39":0.28500178126113285,
    "40":0.5106281914261964,
    "41":0.22562641016506355,
    "42":0.24937655860349126,
    "43":0.20187626172663578,
    "44":0.17812611328820804,
    "45":0.17812611328820804,
    "46":0.14250089063056642,
    "47":0.13062581641135257,
    "48":0.22562641016506355,
    "49":0.22562641016506355,
    "50":0.13062581641135257,
    "51":0.14250089063056642,
    "52":0.10687566797292483,
    "53":0.11875074219213869,
    "54":0.19000118750742193,
    "55":0.10687566797292483,
    "56":0.15437596484978033,
    "57":0.07125044531528321,
    "58":0.07125044531528321,
    "59":0.11875074219213869,
    "60":0.10687566797292483,
    "61":0.035625222657641606,
    "62":0.07125044531528321,
    "63":0.04750029687685548,
    "64":0.09500059375371096,
    "65":0.09500059375371096,
    "66":0.04750029687685548,
    "67":0.0,
    "68":0.0,
    "69":0.0,
    "70":0.0,
    "71":0.0,
    "72":0.0,
    "73":0.0,
    "74":0.0
}