{
    "0":1.5043708070746087,
    "1":12.441553161211628,
    "2":4.858711120146371,
    "3":3.618621671071356,
    "4":4.4927830859930875,
    "5":2.4191908924578165,
    "6":2.5005082333807684,
    "7":2.3378735515348645,
    "8":2.8867656027647897,
    "9":2.764789591380362,
    "10":2.68347225045741,
    "11":2.7241309209188858,
    "12":2.5614962390729823,
    "13":3.130717625533645,
    "14":2.846106932303314,
    "15":2.480178898150031,
    "16":2.7241309209188858,
    "17":1.78898150030494,
    "18":2.68347225045741,
    "19":2.256556210611913,
    "20":2.8867656027647897,
    "21":2.4395202276885546,
    "22":1.6466761536897745,
    "23":2.0329335230737953,
    "24":1.5653588127668225,
    "25":1.2197601138442773,
    "26":1.6466761536897745,
    "27":1.809310835535678,
    "28":1.5247001423053468,
    "29":1.4637121366131327,
    "30":1.5856881479975604,
    "31":1.3214067899979671,
    "32":1.6263468184590364,
    "33":1.423053466151657,
    "34":1.0774547672291115,
    "35":1.2197601138442773,
    "36":0.935149420613946,
    "37":0.7115267330758285,
    "38":0.5082333807684488,
    "39":0.5895507216914007,
    "40":0.5692213864606628,
    "41":0.5692213864606628,
    "42":0.5895507216914007,
    "43":0.48790404553771094,
    "44":0.34559869892254524,
    "45":0.20329335230737955,
    "46":0.1423053466151657,
    "47":0.2236226875381175,
    "48":0.1829640170766416,
    "49":0.1829640170766416,
    "50":0.04065867046147591,
    "51":0.12197601138442773,
    "52":0.04065867046147591,
    "53":0.06098800569221387,
    "54":0.04065867046147591,
    "55":0.10164667615368977,
    "56":0.12197601138442773,
    "57":0.08131734092295181,
    "58":0.06098800569221387,
    "59":0.08131734092295181,
    "60":0.06098800569221387,
    "61":0.1423053466151657,
    "62":0.10164667615368977,
    "63":0.06098800569221387,
    "64":0.06098800569221387,
    "65":0.08131734092295181,
    "66":0.020329335230737954,
    "67":0.06098800569221387,
    "68":0.04065867046147591,
    "69":0.06098800569221387,
    "70":0.04065867046147591,
    "71":0.020329335230737954,
    "72":0.0,
    "73":0.0,
    "74":0.0,
    "75":0.0,
    "76":0.0,
    "77":0.020329335230737954,
    "78":0.0,
    "79":0.0,
    "80":0.0,
    "81":0.0,
    "82":0.020329335230737954,
    "83":0.0,
    "84":0.0,
    "85":0.020329335230737954,
    "86":0.0,
    "87":0.0,
    "88":0.0,
    "89":0.0,
    "90":0.0,
    "91":0.0,
    "92":0.0,
    "93":0.0
}