{
    "0":1.5672205438066467,
    "1":3.757552870090634,
    "2":6.457703927492448,
    "3":5.777945619335347,
    "4":4.040785498489425,
    "5":1.7938066465256797,
    "6":2.0959214501510575,
    "7":3.3987915407854987,
    "8":4.02190332326284,
    "9":2.9456193353474323,
    "10":2.7567975830815707,
    "11":3.7386706948640485,
    "12":2.90785498489426,
    "13":2.6246223564954683,
    "14":2.719033232628399,
    "15":2.3036253776435043,
    "16":1.812688821752266,
    "17":2.2847432024169185,
    "18":2.171450151057402,
    "19":2.0203927492447127,
    "20":2.1525679758308156,
    "21":2.2847432024169185,
    "22":2.22809667673716,
    "23":2.1336858006042294,
    "24":1.9448640483383688,
    "25":2.001510574018127,
    "26":1.5672205438066467,
    "27":1.283987915407855,
    "28":1.4350453172205437,
    "29":1.321752265861027,
    "30":1.5483383685800605,
    "31":1.3406344410876132,
    "32":1.0385196374622356,
    "33":1.3595166163141994,
    "34":1.3595166163141994,
    "35":1.0574018126888218,
    "36":1.2651057401812689,
    "37":1.11404833836858,
    "38":0.8874622356495468,
    "39":0.9818731117824773,
    "40":0.7930513595166163,
    "41":0.4154078549848943,
    "42":0.5853474320241692,
    "43":0.5664652567975831,
    "44":0.4342900302114804,
    "45":0.4531722054380665,
    "46":0.39652567975830816,
    "47":0.26435045317220546,
    "48":0.24546827794561932,
    "49":0.32099697885196377,
    "50":0.24546827794561932,
    "51":0.22658610271903326,
    "52":0.35876132930513593,
    "53":0.13217522658610273,
    "54":0.35876132930513593,
    "55":0.24546827794561932,
    "56":0.1510574018126888,
    "57":0.1510574018126888,
    "58":0.20770392749244715,
    "59":0.33987915407854985,
    "60":0.13217522658610273,
    "61":0.18882175226586104,
    "62":0.056646525679758315,
    "63":0.0755287009063444,
    "64":0.0377643504531722,
    "65":0.0755287009063444,
    "66":0.0755287009063444,
    "67":0.0377643504531722,
    "68":0.056646525679758315,
    "69":0.056646525679758315,
    "70":0.09441087613293052,
    "71":0.0755287009063444,
    "72":0.0377643504531722,
    "73":0.0188821752265861,
    "74":0.0188821752265861,
    "75":0.0188821752265861,
    "76":0.0188821752265861,
    "77":0.0377643504531722,
    "78":0.0377643504531722,
    "79":0.0188821752265861,
    "80":0.0,
    "81":0.0,
    "82":0.0,
    "83":0.0188821752265861,
    "84":0.0188821752265861,
    "85":0.0,
    "86":0.0188821752265861,
    "87":0.0377643504531722,
    "88":0.0188821752265861,
    "89":0.0,
    "90":0.0188821752265861,
    "91":0.056646525679758315,
    "92":0.0188821752265861,
    "93":0.0188821752265861,
    "94":0.0,
    "95":0.0188821752265861,
    "96":0.0,
    "97":0.0,
    "98":0.0,
    "99":0.0,
    "100":0.056646525679758315,
    "101":0.0188821752265861,
    "102":0.0188821752265861,
    "103":0.0188821752265861,
    "104":0.0755287009063444,
    "105":0.0,
    "106":0.0,
    "107":0.0,
    "108":0.0,
    "109":0.0,
    "110":0.0,
    "111":0.0,
    "112":0.0
}