{
    "0":5.634448007329363,
    "1":1.1910215300045808,
    "2":1.4658726523133303,
    "3":3.8250114521300964,
    "4":3.2524049473202017,
    "5":2.313330279431974,
    "6":2.863032524049473,
    "7":4.306000916170408,
    "8":4.8327989005955105,
    "9":3.6417773705909298,
    "10":3.7792029317453046,
    "11":3.618873110398534,
    "12":3.344021988089785,
    "13":2.6110856619331195,
    "14":1.8781493357764543,
    "15":2.633989922125515,
    "16":2.244617498854787,
    "17":1.3971598717361429,
    "18":1.603298213467705,
    "19":1.5574896930829134,
    "20":1.7407237746220796,
    "21":1.809436555199267,
    "22":1.5345854328905177,
    "23":1.832340815391663,
    "24":1.7407237746220796,
    "25":2.130096197892808,
    "26":1.8552450755840586,
    "27":1.7407237746220796,
    "28":0.9619789280806231,
    "29":1.1223087494273936,
    "30":1.3971598717361429,
    "31":1.488776912505726,
    "32":1.282638570774164,
    "33":1.3055428309665598,
    "34":1.488776912505726,
    "35":0.8703618873110398,
    "36":1.0306917086578102,
    "37":1.0077874484654146,
    "38":1.4658726523133303,
    "39":0.9390746678882271,
    "40":1.2139257901969767,
    "41":1.0535959688502061,
    "42":0.8245533669262484,
    "43":0.8016491067338525,
    "44":0.6642235455794777,
    "45":0.641319285387082,
    "46":0.9390746678882271,
    "47":0.38937242327072835,
    "48":0.3435639028859368,
    "49":0.1832340815391663,
    "50":0.25194686211635364,
    "51":0.2748511223087494,
    "52":0.3664681630783326,
    "53":0.3435639028859368,
    "54":0.320659642693541,
    "55":0.2977553825011452,
    "56":0.2977553825011452,
    "57":0.1832340815391663,
    "58":0.1374255611543747,
    "59":0.2748511223087494,
    "60":0.38937242327072835,
    "61":0.1832340815391663,
    "62":0.22904260192395787,
    "63":0.22904260192395787,
    "64":0.25194686211635364,
    "65":0.2748511223087494,
    "66":0.22904260192395787,
    "67":0.2061383417315621,
    "68":0.1603298213467705,
    "69":0.2061383417315621,
    "70":0.1374255611543747,
    "71":0.1603298213467705,
    "72":0.06871278057718735,
    "73":0.1374255611543747,
    "74":0.1603298213467705,
    "75":0.2748511223087494,
    "76":0.022904260192395786,
    "77":0.11452130096197893,
    "78":0.0,
    "79":0.0,
    "80":0.022904260192395786,
    "81":0.0,
    "82":0.0,
    "83":0.0,
    "84":0.0,
    "85":0.0,
    "86":0.0,
    "87":0.0,
    "88":0.0,
    "89":0.0
}