{
    "0":4.70450555880632,
    "1":4.388531304856641,
    "2":6.471620830895261,
    "3":3.861907548273844,
    "4":2.761849034523113,
    "5":3.276770040959626,
    "6":4.22469280280866,
    "7":4.306612053832651,
    "8":4.903452311293154,
    "9":4.9385605617320065,
    "10":3.885313048566413,
    "11":3.2650672908133416,
    "12":3.487419543592744,
    "13":3.464014043300175,
    "14":3.0661205383265067,
    "15":3.2650672908133416,
    "16":2.8905792861322412,
    "17":3.10122878876536,
    "18":2.7267407840842597,
    "19":2.8320655354008193,
    "20":2.6682270333528377,
    "21":2.480983031012288,
    "22":2.4458747805734347,
    "23":2.012873025160913,
    "24":1.7788180222352252,
    "25":1.486249268578116,
    "26":1.3107080163838503,
    "27":1.1702750146284377,
    "28":0.9128145114101813,
    "29":0.9128145114101813,
    "30":0.7840842598010532,
    "31":0.7372732592159158,
    "32":0.40959625511995323,
    "33":0.37448800468110005,
    "34":0.3042715038033938,
    "35":0.4212990052662376,
    "36":0.2574605032182563,
    "37":0.3510825043885313,
    "38":0.32767700409596257,
    "39":0.1989467524868344,
    "40":0.31597425394967815,
    "41":0.2106495026331188,
    "42":0.2574605032182563,
    "43":0.18724400234055003,
    "44":0.1404330017554125,
    "45":0.08191925102399064,
    "46":0.1404330017554125,
    "47":0.09362200117027501,
    "48":0.058513750731421885,
    "49":0.1053247513165594,
    "50":0.1521357519016969,
    "51":0.07021650087770626,
    "52":0.08191925102399064,
    "53":0.09362200117027501,
    "54":0.08191925102399064,
    "55":0.07021650087770626,
    "56":0.1521357519016969,
    "57":0.08191925102399064,
    "58":0.058513750731421885,
    "59":0.011702750146284377,
    "60":0.023405500292568753,
    "61":0.046811000585137506,
    "62":0.0,
    "63":0.0,
    "64":0.03510825043885313,
    "65":0.058513750731421885,
    "66":0.03510825043885313,
    "67":0.0,
    "68":0.023405500292568753,
    "69":0.046811000585137506,
    "70":0.058513750731421885,
    "71":0.058513750731421885,
    "72":0.0,
    "73":0.0,
    "74":0.0,
    "75":0.0,
    "76":0.0,
    "77":0.0,
    "78":0.0,
    "79":0.0,
    "80":0.0
}