{
    "0":6.252024619371559,
    "1":1.5873015873015872,
    "2":0.9880142533203757,
    "3":1.5387107223841918,
    "4":2.818270165208941,
    "5":2.397149335924846,
    "6":2.5429219306770325,
    "7":1.8788467768059605,
    "8":2.5267249757045676,
    "9":2.672497570456754,
    "10":2.9964366699060574,
    "11":3.158406219630709,
    "12":3.709102688694525,
    "13":2.9964366699060574,
    "14":3.530936183997409,
    "15":3.320375769355361,
    "16":3.0288305798509882,
    "17":3.3365727243278265,
    "18":3.0774214447683836,
    "19":2.9964366699060574,
    "20":2.6401036605118238,
    "21":2.7858762552640104,
    "22":2.9802397149335924,
    "23":3.0450275348234532,
    "24":2.494331065759637,
    "25":2.672497570456754,
    "26":2.7858762552640104,
    "27":2.4457402008422413,
    "28":1.7978620019436347,
    "29":1.7330741820537738,
    "30":1.7654680919987045,
    "31":1.7006802721088436,
    "32":1.279559442824749,
    "33":1.5873015873015872,
    "34":1.0366051182377714,
    "35":0.7774538386783284,
    "36":0.8746355685131195,
    "37":0.7450599287333981,
    "38":0.8422416585681892,
    "39":0.7774538386783284,
    "40":0.7774538386783284,
    "41":0.6802721088435374,
    "42":0.5021056041464205,
    "43":0.25915127955944284,
    "44":0.275348234531908,
    "45":0.12957563977972142,
    "46":0.16196954972465177,
    "47":0.17816650469711692,
    "48":0.1943634596695821,
    "49":0.17816650469711692,
    "50":0.11337868480725624,
    "51":0.2105604146420473,
    "52":0.08098477486232589,
    "53":0.048590864917395525,
    "54":0.048590864917395525,
    "55":0.1457725947521866,
    "56":0.08098477486232589,
    "57":0.048590864917395525,
    "58":0.032393909944930355,
    "59":0.09718172983479105,
    "60":0.11337868480725624,
    "61":0.06478781988986071,
    "62":0.08098477486232589,
    "63":0.048590864917395525,
    "64":0.08098477486232589,
    "65":0.032393909944930355,
    "66":0.032393909944930355,
    "67":0.08098477486232589,
    "68":0.016196954972465177,
    "69":0.048590864917395525,
    "70":0.06478781988986071,
    "71":0.016196954972465177,
    "72":0.06478781988986071,
    "73":0.08098477486232589,
    "74":0.11337868480725624,
    "75":0.048590864917395525,
    "76":0.048590864917395525,
    "77":0.08098477486232589,
    "78":0.032393909944930355,
    "79":0.032393909944930355,
    "80":0.032393909944930355,
    "81":0.048590864917395525,
    "82":0.016196954972465177,
    "83":0.0,
    "84":0.016196954972465177,
    "85":0.032393909944930355,
    "86":0.06478781988986071,
    "87":0.016196954972465177,
    "88":0.016196954972465177,
    "89":0.032393909944930355,
    "90":0.06478781988986071,
    "91":0.048590864917395525,
    "92":0.06478781988986071,
    "93":0.0,
    "94":0.0,
    "95":0.0,
    "96":0.0,
    "97":0.0,
    "98":0.0,
    "99":0.0,
    "100":0.0
}