{
    "0":[
        [
            -1.4591859710226667,
            -48.47365584572687,
            "300000000001",
            "0"
        ]
    ],
    "1":[
        [
            -1.45750978459487,
            -48.468622842752495,
            "300000000002",
            "3"
        ]
    ],
    "10":[
        [
            -1.4587707924644013,
            -48.46896242837846,
            "300000000011",
            "3"
        ]
    ],
    "11":[
        [
            -1.4621998890711874,
            -48.47105069961936,
            "300000000012",
            "4"
        ]
    ],
    "12":[
        [
            -1.4600490384234317,
            -48.469006173470234,
            "300000000013",
            "4"
        ]
    ],
    "13":[
        [
            -1.4610380964468774,
            -48.469378376960975,
            "300000000014",
            "1"
        ]
    ],
    "14":[
        [
            -1.4604639596601001,
            -48.46806633515103,
            "300000000015",
            "5"
        ]
    ],
    "15":[
        [
            -1.4570582219179353,
            -48.47049093463393,
            "300000000016",
            "2"
        ]
    ],
    "16":[
        [
            -1.457906606578062,
            -48.471989042916526,
            "300000000017",
            "1"
        ]
    ],
    "17":[
        [
            -1.458288365139175,
            -48.47030471654266,
            "300000000018",
            "0"
        ]
    ],
    "2":[
        [
            -1.4580199825092186,
            -48.47013936085523,
            "300000000003",
            "1"
        ]
    ],
    "3":[
        [
            -1.4593200530135222,
            -48.47190818763175,
            "300000000004",
            "4"
        ]
    ],
    "4":[
        [
            -1.4576575318995941,
            -48.471372170986726,
            "300000000005",
            "3"
        ]
    ],
    "5":[
        [
            -1.4616257642993238,
            -48.46992811413479,
            "300000000006",
            "0"
        ]
    ],
    "6":[
        [
            -1.461011080024322,
            -48.470547270760584,
            "300000000007",
            "3"
        ]
    ],
    "7":[
        [
            -1.4601570254471061,
            -48.47198999931787,
            "300000000008",
            "4"
        ]
    ],
    "8":[
        [
            -1.4570907644213298,
            -48.46865203887714,
            "300000000009",
            "1"
        ]
    ],
    "9":[
        [
            -1.461846123671872,
            -48.470148407789026,
            "300000000010",
            "0"
        ]
    ],
    "total_length":4019.8555539340605,
    "total_time":2.5150327682495117
}