{
    "0":5.264423076923077,
    "1":4.423076923076923,
    "2":7.127403846153846,
    "3":3.5576923076923075,
    "4":1.1658653846153846,
    "5":2.487980769230769,
    "6":5.649038461538462,
    "7":5.46875,
    "8":6.634615384615385,
    "9":6.7668269230769225,
    "10":5.264423076923077,
    "11":3.978365384615384,
    "12":3.6418269230769234,
    "13":3.329326923076923,
    "14":3.581730769230769,
    "15":2.7764423076923075,
    "16":2.355769230769231,
    "17":2.355769230769231,
    "18":2.4399038461538463,
    "19":2.4158653846153846,
    "20":2.2235576923076925,
    "21":2.331730769230769,
    "22":2.0913461538461537,
    "23":1.4903846153846154,
    "24":0.9254807692307693,
    "25":0.8173076923076924,
    "26":0.9375,
    "27":0.7451923076923077,
    "28":0.6610576923076923,
    "29":0.4807692307692308,
    "30":0.6850961538461539,
    "31":0.4567307692307693,
    "32":0.4086538461538462,
    "33":0.3245192307692308,
    "34":0.4086538461538462,
    "35":0.25240384615384615,
    "36":0.2644230769230769,
    "37":0.22836538461538464,
    "38":0.37259615384615385,
    "39":0.18028846153846154,
    "40":0.2403846153846154,
    "41":0.2043269230769231,
    "42":0.08413461538461539,
    "43":0.21634615384615385,
    "44":0.14423076923076925,
    "45":0.19230769230769232,
    "46":0.1201923076923077,
    "47":0.16826923076923078,
    "48":0.14423076923076925,
    "49":0.06009615384615385,
    "50":0.13221153846153846,
    "51":0.14423076923076925,
    "52":0.10817307692307693,
    "53":0.08413461538461539,
    "54":0.08413461538461539,
    "55":0.09615384615384616,
    "56":0.08413461538461539,
    "57":0.07211538461538462,
    "58":0.03605769230769231,
    "59":0.14423076923076925,
    "60":0.09615384615384616,
    "61":0.02403846153846154,
    "62":0.03605769230769231,
    "63":0.04807692307692308,
    "64":0.02403846153846154,
    "65":0.02403846153846154,
    "66":0.03605769230769231,
    "67":0.01201923076923077,
    "68":0.01201923076923077,
    "69":0.01201923076923077,
    "70":0.01201923076923077,
    "71":0.0,
    "72":0.0,
    "73":0.02403846153846154,
    "74":0.04807692307692308,
    "75":0.01201923076923077,
    "76":0.04807692307692308,
    "77":0.0,
    "78":0.0,
    "79":0.0,
    "80":0.0,
    "81":0.0,
    "82":0.0,
    "83":0.0,
    "84":0.0
}