{
    "0":17.701290719114933,
    "1":2.8477770948576113,
    "2":3.64679368981766,
    "3":3.9336201598033185,
    "4":4.589223519770539,
    "5":4.568735914771564,
    "6":3.7492317148125385,
    "7":5.080926039745954,
    "8":3.5238680598238066,
    "9":3.728744109813563,
    "10":3.278016799836099,
    "11":3.810694529809465,
    "12":2.601925834869904,
    "13":1.7414464249129278,
    "14":2.1716861298914156,
    "15":2.048760499897562,
    "16":1.7004712149149763,
    "17":1.9872976849006352,
    "18":1.3931571399303422,
    "19":1.5775455849211226,
    "20":1.4546199549272691,
    "21":1.4955951649252204,
    "22":1.290719114935464,
    "23":1.6594960049170253,
    "24":1.0448678549477566,
    "25":0.921942224953903,
    "26":1.0858430649457078,
    "27":1.024380249948781,
    "28":0.7990165949600493,
    "29":0.9014546199549273,
    "30":0.7170661749641467,
    "31":0.9014546199549273,
    "32":1.1677934849416103,
    "33":0.8399918049580004,
    "34":0.8399918049580004,
    "35":0.9424298299528785,
    "36":0.9014546199549273,
    "37":0.7170661749641467,
    "38":0.4917025199754148,
    "39":0.6351157549682442,
    "40":0.594140544970293,
    "41":0.3892644949805368,
    "42":0.32780167998360993,
    "43":0.2663388649866831,
    "44":0.2458512599877074,
    "45":0.22536365498873182,
    "46":0.2048760499897562,
    "47":0.2458512599877074,
    "48":0.32780167998360993,
    "49":0.30731407498463426,
    "50":0.1229256299938537,
    "51":0.1229256299938537,
    "52":0.22536365498873182,
    "53":0.18438844499078058,
    "54":0.1229256299938537,
    "55":0.22536365498873182,
    "56":0.2048760499897562,
    "57":0.02048760499897562,
    "58":0.06146281499692685,
    "59":0.06146281499692685,
    "60":0.0,
    "61":0.0,
    "62":0.0,
    "63":0.0,
    "64":0.0,
    "65":0.0,
    "66":0.0,
    "67":0.0,
    "68":0.0
}