{
    "0":0.42791795779843583,
    "1":2.1691013722886234,
    "2":4.072598494909252,
    "3":5.061236535340121,
    "4":2.508484580197728,
    "5":2.685554079976391,
    "6":3.4823668289803744,
    "7":3.6741921204072594,
    "8":3.21676257931238,
    "9":3.379076287442821,
    "10":2.597019330087059,
    "11":2.995425704589051,
    "12":3.3052973292017116,
    "13":3.5118784122768183,
    "14":3.6446805371108155,
    "15":3.21676257931238,
    "16":3.246274162608824,
    "17":3.21676257931238,
    "18":3.098716246126605,
    "19":3.467611037332153,
    "20":3.0101814962372733,
    "21":2.8921351630514978,
    "22":2.7740888298657222,
    "23":2.3314150804190645,
    "24":2.036299247454626,
    "25":1.4755791648221928,
    "26":1.1804633318577542,
    "27":1.401800206581083,
    "28":1.5493581230633025,
    "29":1.2985096650435295,
    "30":1.3870444149328611,
    "31":1.1804633318577542,
    "32":1.239486498450642,
    "33":0.811568540652206,
    "34":0.7820569573557621,
    "35":0.7230337907628744,
    "36":0.6344990408735428,
    "37":0.5902316659288771,
    "38":0.7377895824110964,
    "39":0.8263243323004279,
    "40":0.7673011657075403,
    "41":0.7230337907628744,
    "42":0.44267374944665777,
    "43":0.619743249225321,
    "44":0.5902316659288771,
    "45":0.5459642909842113,
    "46":0.5459642909842113,
    "47":0.398406374501992,
    "48":0.45742954109487977,
    "49":0.42791795779843583,
    "50":0.35413899955732625,
    "51":0.35413899955732625,
    "52":0.22133687472332889,
    "53":0.1623137081304412,
    "54":0.20658108307510697,
    "55":0.20658108307510697,
    "56":0.20658108307510697,
    "57":0.20658108307510697,
    "58":0.14755791648221928,
    "59":0.10329054153755349,
    "60":0.10329054153755349,
    "61":0.04426737494466578,
    "62":0.029511583296443857,
    "63":0.029511583296443857,
    "64":0.07377895824110964,
    "65":0.04426737494466578,
    "66":0.04426737494466578,
    "67":0.029511583296443857,
    "68":0.04426737494466578,
    "69":0.014755791648221928,
    "70":0.0,
    "71":0.0,
    "72":0.014755791648221928,
    "73":0.0,
    "74":0.0,
    "75":0.0,
    "76":0.0,
    "77":0.0,
    "78":0.0,
    "79":0.0,
    "80":0.0,
    "81":0.0
}