{
    "0":1.5330485046494096,
    "1":3.5059060065343055,
    "2":8.720784116612213,
    "3":6.019100276451369,
    "4":2.1236491580799197,
    "5":3.040965066599648,
    "6":4.976124654435788,
    "7":5.403367680321689,
    "8":6.220155818044735,
    "9":5.327971852224176,
    "10":5.164614224679568,
    "11":4.536315657200301,
    "12":3.6064337773309876,
    "13":3.254586579542599,
    "14":3.380246293038452,
    "15":3.6818296054284994,
    "16":2.8650414677054536,
    "17":2.4001005277707965,
    "18":2.802211610957527,
    "19":2.2116109575270166,
    "20":2.0105554159336516,
    "21":1.834631817039457,
    "22":1.7215380748931892,
    "23":1.6210103040965067,
    "24":1.1560693641618496,
    "25":1.3571249057552148,
    "26":1.0555415933651673,
    "27":0.7916561950238753,
    "28":0.77909022367429,
    "29":0.8042221663734606,
    "30":0.7036943955767782,
    "31":0.389545111837145,
    "32":0.5403367680321689,
    "33":0.43980899723548633,
    "34":0.42724302588590096,
    "35":0.2764513696908771,
    "36":0.30158331239004776,
    "37":0.2638853983412918,
    "38":0.15079165619502388,
    "39":0.1633576275446092,
    "40":0.13822568484543854,
    "41":0.20105554159336514,
    "42":0.18848957024377985,
    "43":0.17592359889419454,
    "44":0.18848957024377985,
    "45":0.15079165619502388,
    "46":0.10052777079668257,
    "47":0.17592359889419454,
    "48":0.13822568484543854,
    "49":0.10052777079668257,
    "50":0.06282985674792661,
    "51":0.025131942699170642,
    "52":0.03769791404875597,
    "53":0.06282985674792661,
    "54":0.050263885398341285,
    "55":0.10052777079668257,
    "56":0.07539582809751194,
    "57":0.13822568484543854,
    "58":0.03769791404875597,
    "59":0.025131942699170642,
    "60":0.0,
    "61":0.025131942699170642,
    "62":0.06282985674792661,
    "63":0.08796179944709727,
    "64":0.0,
    "65":0.012565971349585321,
    "66":0.0,
    "67":0.0,
    "68":0.025131942699170642,
    "69":0.012565971349585321,
    "70":0.012565971349585321,
    "71":0.025131942699170642,
    "72":0.0,
    "73":0.0,
    "74":0.0,
    "75":0.0,
    "76":0.0,
    "77":0.0,
    "78":0.0,
    "79":0.0,
    "80":0.0
}