{
    "0":4.8997772828507795,
    "1":5.634743875278397,
    "2":12.538975501113587,
    "3":7.4387527839643655,
    "4":3.9198218262806237,
    "5":4.743875278396437,
    "6":3.162583518930958,
    "7":3.407572383073497,
    "8":4.142538975501114,
    "9":2.89532293986637,
    "10":2.0044543429844097,
    "11":2.071269487750557,
    "12":2.5612472160356345,
    "13":2.3608017817371936,
    "14":2.3830734966592426,
    "15":2.293986636971047,
    "16":2.605790645879733,
    "17":2.048997772828508,
    "18":2.093541202672606,
    "19":1.670378619153675,
    "20":1.7594654788418707,
    "21":1.670378619153675,
    "22":1.447661469933185,
    "23":1.6481069042316259,
    "24":1.091314031180401,
    "25":0.7572383073496659,
    "26":0.8017817371937639,
    "27":0.8463251670378619,
    "28":0.9354120267260578,
    "29":0.8017817371937639,
    "30":0.734966592427617,
    "31":0.8240534521158129,
    "32":0.7126948775055679,
    "33":0.779510022271715,
    "34":0.42316258351893093,
    "35":0.5567928730512249,
    "36":0.6013363028953229,
    "37":0.48997772828507796,
    "38":0.289532293986637,
    "39":0.40089086859688194,
    "40":0.26726057906458794,
    "41":0.42316258351893093,
    "42":0.22271714922048996,
    "43":0.20044543429844097,
    "44":0.48997772828507796,
    "45":0.4454342984409799,
    "46":0.33407572383073497,
    "47":0.24498886414253898,
    "48":0.22271714922048996,
    "49":0.33407572383073497,
    "50":0.24498886414253898,
    "51":0.33407572383073497,
    "52":0.33407572383073497,
    "53":0.22271714922048996,
    "54":0.48997772828507796,
    "55":0.35634743875278396,
    "56":0.155902004454343,
    "57":0.311804008908686,
    "58":0.26726057906458794,
    "59":0.08908685968819599,
    "60":0.26726057906458794,
    "61":0.06681514476614699,
    "62":0.13363028953229397,
    "63":0.022271714922048998,
    "64":0.044543429844097995,
    "65":0.17817371937639198,
    "66":0.022271714922048998,
    "67":0.08908685968819599,
    "68":0.0,
    "69":0.044543429844097995,
    "70":0.0,
    "71":0.0,
    "72":0.022271714922048998,
    "73":0.0,
    "74":0.0,
    "75":0.022271714922048998,
    "76":0.0,
    "77":0.0,
    "78":0.022271714922048998,
    "79":0.06681514476614699,
    "80":0.06681514476614699,
    "81":0.06681514476614699,
    "82":0.08908685968819599,
    "83":0.022271714922048998,
    "84":0.022271714922048998,
    "85":0.044543429844097995,
    "86":0.044543429844097995,
    "87":0.022271714922048998,
    "88":0.0,
    "89":0.022271714922048998,
    "90":0.022271714922048998,
    "91":0.044543429844097995,
    "92":0.08908685968819599,
    "93":0.0,
    "94":0.0,
    "95":0.0,
    "96":0.0,
    "97":0.0,
    "98":0.0,
    "99":0.0,
    "100":0.0
}