{
    "0":1.0426723305657464,
    "1":8.592392353736242,
    "2":8.437922378837612,
    "3":6.642208920641051,
    "4":6.4105039582931065,
    "5":1.3709210272253332,
    "6":2.432902104653408,
    "7":3.1666344854218957,
    "8":3.0314732573855956,
    "9":4.0934543348136705,
    "10":3.3211044603205253,
    "11":2.838385788762309,
    "12":2.471519598378065,
    "13":2.529445838965051,
    "14":2.374975864066422,
    "15":2.2591233828924504,
    "16":2.2591233828924504,
    "17":1.8922571925082061,
    "18":2.12396215485615,
    "19":2.12396215485615,
    "20":2.54875458582738,
    "21":1.7377872176095772,
    "22":1.5640084958486196,
    "23":1.4674647615369762,
    "24":1.5253910021239623,
    "25":1.5253910021239623,
    "26":1.3516122803630044,
    "27":1.27437729291369,
    "28":1.7957134581965633,
    "29":1.4481560146746475,
    "30":1.1585248117397182,
    "31":0.9654373431164317,
    "32":1.3323035335006759,
    "33":1.119907318015061,
    "34":0.9654373431164317,
    "35":0.5985711527321876,
    "36":0.8688936088047886,
    "37":0.8302761150801313,
    "38":0.30893994979725814,
    "39":0.2510137092102723,
    "40":0.2510137092102723,
    "41":0.42479243097122993,
    "42":0.30893994979725814,
    "43":0.36686619038424406,
    "44":0.3282486966595868,
    "45":0.23170496234794363,
    "46":0.3475574435219154,
    "47":0.21239621548561496,
    "48":0.36686619038424406,
    "49":0.40548368410890134,
    "50":0.11585248117397182,
    "51":0.27032245607260086,
    "52":0.13516122803630043,
    "53":0.27032245607260086,
    "54":0.19308746862328635,
    "55":0.13516122803630043,
    "56":0.11585248117397182,
    "57":0.11585248117397182,
    "58":0.19308746862328635,
    "59":0.15446997489862907,
    "60":0.07723498744931453,
    "61":0.07723498744931453,
    "62":0.13516122803630043,
    "63":0.03861749372465727,
    "64":0.05792624058698591,
    "65":0.03861749372465727,
    "66":0.09654373431164318,
    "67":0.03861749372465727,
    "68":0.07723498744931453,
    "69":0.05792624058698591,
    "70":0.05792624058698591,
    "71":0.03861749372465727,
    "72":0.019308746862328634,
    "73":0.09654373431164318,
    "74":0.03861749372465727,
    "75":0.019308746862328634,
    "76":0.0,
    "77":0.019308746862328634,
    "78":0.019308746862328634,
    "79":0.0,
    "80":0.0,
    "81":0.0,
    "82":0.0,
    "83":0.0,
    "84":0.0,
    "85":0.0,
    "86":0.0,
    "87":0.0
}