{
    "0":4.739174906239345,
    "1":6.205250596658711,
    "2":9.989771564950562,
    "3":5.915444936924651,
    "4":4.6539379474940334,
    "5":3.869757927037163,
    "6":4.636890555744971,
    "7":4.960790998977156,
    "8":5.097170132969656,
    "9":4.05727923627685,
    "10":2.949198772587794,
    "11":3.000340947834981,
    "12":2.7105352881009206,
    "13":1.943402659393113,
    "14":2.301397886123423,
    "15":2.386634844868735,
    "16":2.233208319127174,
    "17":2.130923968632799,
    "18":1.8922604841459256,
    "19":1.8240709171496763,
    "20":1.8240709171496763,
    "21":1.5342652574156155,
    "22":1.4660756904193657,
    "23":1.3467439481759291,
    "24":1.0910330719399932,
    "25":1.1592226389362428,
    "26":1.0569382884418685,
    "27":1.2785543811796796,
    "28":0.9717013296965565,
    "29":0.7159904534606205,
    "30":0.5966587112171837,
    "31":0.5625639277190589,
    "32":0.5625639277190589,
    "33":0.4261847937265599,
    "34":0.6648482782134334,
    "35":0.37504261847937265,
    "36":0.7330378452096828,
    "37":0.40913740197749743,
    "38":0.5284691442209343,
    "39":0.23866348448687352,
    "40":0.3239004432321855,
    "41":0.2898056597340607,
    "42":0.10228435049437436,
    "43":0.20456870098874871,
    "44":0.15342652574156154,
    "45":0.2557108762359359,
    "46":0.15342652574156154,
    "47":0.34094783498124787,
    "48":0.20456870098874871,
    "49":0.23866348448687352,
    "50":0.10228435049437436,
    "51":0.20456870098874871,
    "52":0.17047391749062393,
    "53":0.18752130923968632,
    "54":0.17047391749062393,
    "55":0.2216160927378111,
    "56":0.20456870098874871,
    "57":0.10228435049437436,
    "58":0.11933174224343676,
    "59":0.06818956699624958,
    "60":0.06818956699624958,
    "61":0.03409478349812479,
    "62":0.11933174224343676,
    "63":0.03409478349812479,
    "64":0.06818956699624958,
    "65":0.05114217524718718,
    "66":0.03409478349812479,
    "67":0.05114217524718718,
    "68":0.10228435049437436,
    "69":0.0,
    "70":0.017047391749062394,
    "71":0.08523695874531197,
    "72":0.05114217524718718,
    "73":0.03409478349812479,
    "74":0.03409478349812479,
    "75":0.08523695874531197,
    "76":0.017047391749062394,
    "77":0.017047391749062394,
    "78":0.03409478349812479,
    "79":0.06818956699624958,
    "80":0.05114217524718718,
    "81":0.0,
    "82":0.0,
    "83":0.017047391749062394,
    "84":0.0,
    "85":0.0,
    "86":0.017047391749062394,
    "87":0.017047391749062394,
    "88":0.0,
    "89":0.0,
    "90":0.0,
    "91":0.0,
    "92":0.0,
    "93":0.0,
    "94":0.0,
    "95":0.0,
    "96":0.0,
    "97":0.0,
    "98":0.0,
    "99":0.017047391749062394,
    "100":0.0,
    "101":0.0,
    "102":0.0,
    "103":0.0,
    "104":0.0,
    "105":0.0,
    "106":0.017047391749062394,
    "107":0.0,
    "108":0.0,
    "109":0.0,
    "110":0.0,
    "111":0.0,
    "112":0.0,
    "113":0.0,
    "114":0.0
}