{
    "0":0.48684010345352197,
    "1":4.366347177848776,
    "2":6.344135098128708,
    "3":5.233531112125362,
    "4":2.6928343222272932,
    "5":2.4950555301993003,
    "6":3.9099345808610986,
    "7":5.537806176783812,
    "8":5.568233683249658,
    "9":5.248744865358284,
    "10":5.263958618591206,
    "11":3.940362087326944,
    "12":4.092499619656169,
    "13":2.921040620721132,
    "14":1.977787920279933,
    "15":2.5102692834322227,
    "16":2.601551802829758,
    "17":2.297276738171307,
    "18":2.4950555301993003,
    "19":2.4037730108017645,
    "20":2.616765556062681,
    "21":2.221207972006694,
    "22":2.3581317511029973,
    "23":2.327704244637152,
    "24":1.673512855621482,
    "25":1.7495816217860944,
    "26":1.5974440894568689,
    "27":1.3692377909630304,
    "28":1.4453065571276433,
    "29":1.1258177392362696,
    "30":1.2323140118667275,
    "31":0.8823976875095085,
    "32":0.6846188954815152,
    "33":0.6694051422485927,
    "34":0.6085501293169024,
    "35":0.7606876616461281,
    "36":0.6694051422485927,
    "37":0.5476951163852123,
    "38":0.39555758405598657,
    "39":0.3499163243572189,
    "40":0.16735128556214818,
    "41":0.33470257112429636,
    "42":0.3499163243572189,
    "43":0.27384755819260614,
    "44":0.18256503879507074,
    "45":0.0760687661646128,
    "46":0.015213753232922561,
    "47":0.060855012931690246,
    "48":0.0,
    "49":0.0760687661646128,
    "50":0.045641259698767686,
    "51":0.060855012931690246,
    "52":0.0760687661646128,
    "53":0.015213753232922561,
    "54":0.060855012931690246,
    "55":0.0,
    "56":0.045641259698767686,
    "57":0.030427506465845123,
    "58":0.045641259698767686,
    "59":0.030427506465845123,
    "60":0.09128251939753537,
    "61":0.060855012931690246,
    "62":0.060855012931690246,
    "63":0.09128251939753537,
    "64":0.0,
    "65":0.0,
    "66":0.0,
    "67":0.0,
    "68":0.015213753232922561,
    "69":0.0,
    "70":0.0,
    "71":0.0,
    "72":0.0,
    "73":0.0,
    "74":0.0,
    "75":0.0,
    "76":0.0,
    "77":0.0,
    "78":0.0,
    "79":0.0,
    "80":0.0,
    "81":0.0,
    "82":0.0,
    "83":0.0,
    "84":0.0,
    "85":0.0,
    "86":0.0,
    "87":0.0,
    "88":0.0,
    "89":0.060855012931690246,
    "90":0.0,
    "91":0.0,
    "92":0.0,
    "93":0.0,
    "94":0.0,
    "95":0.0,
    "96":0.0,
    "97":0.0,
    "98":0.0
}