{
    "0":10.779006825135326,
    "1":5.365968463167804,
    "2":1.0590727229936456,
    "3":3.2948929159802307,
    "4":4.471640385973171,
    "5":2.7535890797834783,
    "6":2.165215344787009,
    "7":2.588844433984467,
    "8":2.7771240291833372,
    "9":3.130148270181219,
    "10":4.095081195575429,
    "11":3.5537773593786772,
    "12":3.247823017180513,
    "13":3.0830783713815015,
    "14":2.9418686749823486,
    "15":2.91833372558249,
    "16":2.73005413038362,
    "17":2.4240997881854556,
    "18":2.3299599905860204,
    "19":2.14168039538715,
    "20":2.4240997881854556,
    "21":2.4476347375853145,
    "22":1.4356319133913862,
    "23":1.8827959519887032,
    "24":1.5533066603906802,
    "25":1.6239115085902565,
    "26":1.788656154389268,
    "27":1.5062367615909626,
    "28":1.9063309013885619,
    "29":1.6003765591903978,
    "30":1.1767474699929397,
    "31":1.247352318192516,
    "32":1.0826076723935045,
    "33":0.7531183807954813,
    "34":0.682513532595905,
    "35":0.5413038361967523,
    "36":0.40009413979759945,
    "37":0.3530242409978819,
    "38":0.4942339373970346,
    "39":0.447164038597317,
    "40":0.5177688867968934,
    "41":0.564838785596611,
    "42":0.4706989879971758,
    "43":0.40009413979759945,
    "44":0.3530242409978819,
    "45":0.447164038597317,
    "46":0.2588844433984467,
    "47":0.16474464579901155,
    "48":0.3294892915980231,
    "49":0.16474464579901155,
    "50":0.18827959519887033,
    "51":0.2588844433984467,
    "52":0.16474464579901155,
    "53":0.11767474699929395,
    "54":0.3294892915980231,
    "55":0.07060484819957638,
    "56":0.14120969639915276,
    "57":0.07060484819957638,
    "58":0.11767474699929395,
    "59":0.14120969639915276,
    "60":0.09413979759943517,
    "61":0.11767474699929395,
    "62":0.09413979759943517,
    "63":0.0,
    "64":0.07060484819957638,
    "65":0.18827959519887033,
    "66":0.04706989879971758,
    "67":0.07060484819957638,
    "68":0.04706989879971758,
    "69":0.02353494939985879,
    "70":0.07060484819957638,
    "71":0.07060484819957638,
    "72":0.11767474699929395,
    "73":0.04706989879971758,
    "74":0.04706989879971758,
    "75":0.07060484819957638,
    "76":0.14120969639915276,
    "77":0.02353494939985879,
    "78":0.02353494939985879,
    "79":0.0,
    "80":0.0,
    "81":0.0,
    "82":0.0,
    "83":0.0,
    "84":0.0,
    "85":0.02353494939985879,
    "86":0.02353494939985879,
    "87":0.0,
    "88":0.0,
    "89":0.0,
    "90":0.11767474699929395,
    "91":0.0,
    "92":0.0,
    "93":0.0,
    "94":0.0,
    "95":0.0,
    "96":0.0,
    "97":0.0,
    "98":0.0,
    "99":0.0
}