{
    "0":5.3742802303262955,
    "1":10.52709286874354,
    "2":3.4253654215266502,
    "3":0.5462867267089916,
    "4":1.9489148087996455,
    "5":4.385058319799202,
    "6":6.8950243614351105,
    "7":8.253358925143955,
    "8":7.8990107780894725,
    "9":6.629263251144249,
    "10":5.935331463162558,
    "11":4.4441163443082825,
    "12":3.1448398051085196,
    "13":2.362320980363207,
    "14":1.8750922781632955,
    "15":1.742211723017865,
    "16":1.742211723017865,
    "17":1.6388601801269749,
    "18":1.727447216890595,
    "19":1.4321570943451942,
    "20":1.7569762291451352,
    "21":1.5355086372360844,
    "22":1.697918204636055,
    "23":1.2845120330724937,
    "24":1.1959249963088736,
    "25":1.3140410453270337,
    "26":1.4912151188542742,
    "27":1.0482799350361731,
    "28":0.8415768492543925,
    "29":0.8120478369998524,
    "30":0.5758157389635317,
    "31":0.6053447512180719,
    "32":0.5610512328362617,
    "33":0.32481913479994096,
    "34":0.2509966041635907,
    "35":0.22146759190905066,
    "36":0.28052561641813084,
    "37":0.17717407352724052,
    "38":0.16240956739997048,
    "39":0.22146759190905066,
    "40":0.35434814705448103,
    "41":0.07382253063635022,
    "42":0.07382253063635022,
    "43":0.029529012254540087,
    "44":0.04429351838181013,
    "45":0.08858703676362026,
    "46":0.11811604901816035,
    "47":0.11811604901816035,
    "48":0.059058024509080174,
    "49":0.014764506127270044,
    "50":0.014764506127270044,
    "51":0.014764506127270044,
    "52":0.059058024509080174,
    "53":0.0,
    "54":0.029529012254540087,
    "55":0.04429351838181013,
    "56":0.029529012254540087,
    "57":0.04429351838181013,
    "58":0.0,
    "59":0.029529012254540087,
    "60":0.014764506127270044,
    "61":0.029529012254540087,
    "62":0.014764506127270044,
    "63":0.0,
    "64":0.014764506127270044,
    "65":0.0,
    "66":0.029529012254540087,
    "67":0.014764506127270044,
    "68":0.029529012254540087,
    "69":0.0,
    "70":0.014764506127270044,
    "71":0.059058024509080174,
    "72":0.0,
    "73":0.014764506127270044,
    "74":0.014764506127270044,
    "75":0.029529012254540087,
    "76":0.08858703676362026,
    "77":0.014764506127270044,
    "78":0.04429351838181013,
    "79":0.029529012254540087,
    "80":0.0,
    "81":0.0,
    "82":0.0,
    "83":0.0,
    "84":0.0,
    "85":0.0,
    "86":0.0,
    "87":0.0,
    "88":0.0,
    "89":0.014764506127270044,
    "90":0.0,
    "91":0.0,
    "92":0.0,
    "93":0.0,
    "94":0.0,
    "95":0.0,
    "96":0.0,
    "97":0.0
}