{
    "0":7.617678763923823,
    "1":7.761408551922385,
    "2":5.623427955443766,
    "3":8.156665468918433,
    "4":3.7908731584620914,
    "5":2.1200143729787997,
    "6":2.9823931009701763,
    "7":3.6112109234638883,
    "8":3.3776500179662237,
    "9":3.467481135465325,
    "10":3.988501616960115,
    "11":3.3956162414660436,
    "12":2.2996766079770032,
    "13":1.760689902982393,
    "14":1.742723679482573,
    "15":2.245777937477542,
    "16":2.623068630973769,
    "17":2.1918792669780816,
    "18":2.8386633129716135,
    "19":2.2996766079770032,
    "20":1.9762845849802373,
    "21":1.9942508084800574,
    "22":1.9762845849802373,
    "23":1.4552641034854474,
    "24":1.3474667624865253,
    "25":1.2396694214876034,
    "26":1.2576356449874238,
    "27":1.7247574559827523,
    "28":1.0600071864893998,
    "29":1.0959396334890408,
    "30":1.0779734099892202,
    "31":0.7545813869924541,
    "32":1.006108515989939,
    "33":0.4850880344951491,
    "34":0.37729069349622707,
    "35":0.37729069349622707,
    "36":0.5389867049946101,
    "37":0.32339202299676606,
    "38":0.5749191519942508,
    "39":0.32339202299676606,
    "40":0.26949335249730505,
    "41":0.23356090549766442,
    "42":0.21559468199784404,
    "43":0.3952569169960474,
    "44":0.1976284584980237,
    "45":0.2874595759971254,
    "46":0.1976284584980237,
    "47":0.3413582464965864,
    "48":0.3952569169960474,
    "49":0.23356090549766442,
    "50":0.035932446999640676,
    "51":0.10779734099892202,
    "52":0.1437297879985627,
    "53":0.12576356449874238,
    "54":0.10779734099892202,
    "55":0.17966223499820336,
    "56":0.1976284584980237,
    "57":0.035932446999640676,
    "58":0.05389867049946101,
    "59":0.017966223499820338,
    "60":0.07186489399928135,
    "61":0.07186489399928135,
    "62":0.10779734099892202,
    "63":0.07186489399928135,
    "64":0.05389867049946101,
    "65":0.05389867049946101,
    "66":0.0,
    "67":0.07186489399928135,
    "68":0.035932446999640676,
    "69":0.08983111749910168,
    "70":0.07186489399928135,
    "71":0.05389867049946101,
    "72":0.035932446999640676,
    "73":0.035932446999640676,
    "74":0.05389867049946101,
    "75":0.07186489399928135,
    "76":0.05389867049946101,
    "77":0.08983111749910168,
    "78":0.07186489399928135,
    "79":0.035932446999640676,
    "80":0.07186489399928135,
    "81":0.05389867049946101,
    "82":0.017966223499820338,
    "83":0.017966223499820338,
    "84":0.0,
    "85":0.0,
    "86":0.0,
    "87":0.0,
    "88":0.0,
    "89":0.0,
    "90":0.0,
    "91":0.0
}