{
    "0":1.1636057759708396,
    "1":4.247862049628488,
    "2":8.103182391700548,
    "3":4.135707276040936,
    "4":2.7898499929903267,
    "5":3.168372353848311,
    "6":3.364643207626525,
    "7":4.668442450581803,
    "8":4.682461797280247,
    "9":4.850693957661573,
    "10":4.177765316136268,
    "11":4.023552502453385,
    "12":3.8272816486751715,
    "13":3.3786625543249684,
    "14":3.308565820832749,
    "15":3.252488434038974,
    "16":3.168372353848311,
    "17":2.8178886863872146,
    "18":2.930043459974765,
    "19":2.4954437123230058,
    "20":2.845927379784102,
    "21":2.4954437123230058,
    "22":2.327211551941679,
    "23":2.3412308986401236,
    "24":2.3412308986401236,
    "25":1.89261180428992,
    "26":1.7383989906070378,
    "27":1.5421281368288238,
    "28":1.0093929622879574,
    "29":0.7290060283190803,
    "30":0.5747932146361979,
    "31":0.6308706014299734,
    "32":0.5467545212393102,
    "33":0.49067713444553485,
    "34":0.40656105425487177,
    "35":0.49067713444553485,
    "36":0.6448899481284173,
    "37":0.44861909435020325,
    "38":0.2663675872704332,
    "39":0.23832889387354547,
    "40":0.3504836674610963,
    "41":0.1822515070797701,
    "42":0.14019346698443852,
    "43":0.09813542688910697,
    "44":0.07009673349221926,
    "45":0.08411608019066312,
    "46":0.11215477358755081,
    "47":0.056077386793775406,
    "48":0.12617412028599467,
    "49":0.014019346698443852,
    "50":0.028038693396887703,
    "51":0.0,
    "52":0.014019346698443852,
    "53":0.0,
    "54":0.014019346698443852,
    "55":0.028038693396887703,
    "56":0.0,
    "57":0.0,
    "58":0.0,
    "59":0.0,
    "60":0.0,
    "61":0.0,
    "62":0.0,
    "63":0.0,
    "64":0.0,
    "65":0.0,
    "66":0.014019346698443852,
    "67":0.056077386793775406,
    "68":0.0,
    "69":0.0,
    "70":0.0,
    "71":0.0,
    "72":0.0,
    "73":0.0,
    "74":0.056077386793775406,
    "75":0.0,
    "76":0.0,
    "77":0.0,
    "78":0.0,
    "79":0.0,
    "80":0.0,
    "81":0.0,
    "82":0.0
}