{
    "0":9.119897959183673,
    "1":2.7848639455782314,
    "2":4.060374149659864,
    "3":2.2746598639455784,
    "4":2.9124149659863945,
    "5":3.188775510204082,
    "6":3.8052721088435373,
    "7":4.591836734693878,
    "8":4.379251700680272,
    "9":4.230442176870748,
    "10":3.52891156462585,
    "11":3.4438775510204076,
    "12":3.869047619047619,
    "13":3.784013605442177,
    "14":3.125,
    "15":2.3171768707482996,
    "16":2.083333333333333,
    "17":2.0408163265306123,
    "18":2.2108843537414966,
    "19":1.7431972789115644,
    "20":2.083333333333333,
    "21":2.1045918367346936,
    "22":1.530612244897959,
    "23":1.9557823129251701,
    "24":1.3818027210884354,
    "25":0.8503401360544218,
    "26":0.8503401360544218,
    "27":0.8503401360544218,
    "28":1.1479591836734695,
    "29":0.9141156462585034,
    "30":1.0841836734693877,
    "31":0.9991496598639457,
    "32":0.7227891156462585,
    "33":0.7653061224489796,
    "34":0.9141156462585034,
    "35":0.6164965986394557,
    "36":0.8290816326530612,
    "37":0.7865646258503401,
    "38":0.744047619047619,
    "39":0.744047619047619,
    "40":0.4464285714285714,
    "41":0.48894557823129253,
    "42":0.7227891156462585,
    "43":0.6164965986394557,
    "44":0.6164965986394557,
    "45":0.36139455782312924,
    "46":0.36139455782312924,
    "47":0.1488095238095238,
    "48":0.21258503401360546,
    "49":0.4251700680272109,
    "50":0.21258503401360546,
    "51":0.31887755102040816,
    "52":0.233843537414966,
    "53":0.233843537414966,
    "54":0.1913265306122449,
    "55":0.2976190476190476,
    "56":0.10629251700680273,
    "57":0.10629251700680273,
    "58":0.12755102040816327,
    "59":0.08503401360544217,
    "60":0.04251700680272109,
    "61":0.1913265306122449,
    "62":0.12755102040816327,
    "63":0.1913265306122449,
    "64":0.10629251700680273,
    "65":0.12755102040816327,
    "66":0.12755102040816327,
    "67":0.10629251700680273,
    "68":0.0,
    "69":0.10629251700680273,
    "70":0.10629251700680273,
    "71":0.06377551020408163,
    "72":0.12755102040816327,
    "73":0.08503401360544217,
    "74":0.10629251700680273,
    "75":0.04251700680272109,
    "76":0.06377551020408163,
    "77":0.06377551020408163,
    "78":0.04251700680272109,
    "79":0.10629251700680273,
    "80":0.08503401360544217,
    "81":0.1488095238095238,
    "82":0.1488095238095238,
    "83":0.0,
    "84":0.0,
    "85":0.0,
    "86":0.0,
    "87":0.0,
    "88":0.0,
    "89":0.0,
    "90":0.0,
    "91":0.0
}