{
    "0":4.343206269092841,
    "1":4.329924292734759,
    "2":10.678708991897995,
    "3":9.934918315845398,
    "4":5.9636073847788555,
    "5":3.347058042236685,
    "6":4.582281843538318,
    "7":4.27679638730243,
    "8":4.39633417452517,
    "9":4.4361801035994155,
    "10":4.502589985389826,
    "11":3.1212644441492894,
    "12":1.6868109974764245,
    "13":1.3680435648824545,
    "14":1.8196307610572453,
    "15":1.3680435648824545,
    "16":1.461017399389029,
    "17":1.7133749501925886,
    "18":1.4477354230309472,
    "19":0.969584274139992,
    "20":1.567273210253686,
    "21":1.5141453048213576,
    "22":1.4211714703147829,
    "23":1.288351706733962,
    "24":1.3547615885243725,
    "25":1.27506973037588,
    "26":1.27506973037588,
    "27":1.5008633284632753,
    "28":0.9164563687076638,
    "29":0.9961482268561562,
    "30":1.3946075175986186,
    "31":1.1820958958693053,
    "32":0.8500464869172534,
    "33":0.8234825342010891,
    "34":0.7969185814849249,
    "35":0.7039447469783504,
    "36":0.9430203214238277,
    "37":0.6906627706202684,
    "38":0.5578430070394474,
    "39":0.4515871961747908,
    "40":0.25235755080355954,
    "41":0.23907557444547747,
    "42":0.13281976358082084,
    "43":0.06640988179041042,
    "44":0.10625581086465667,
    "45":0.10625581086465667,
    "46":0.11953778722273874,
    "47":0.13281976358082084,
    "48":0.053127905432328336,
    "49":0.11953778722273874,
    "50":0.0796918581484925,
    "51":0.1461017399389029,
    "52":0.11953778722273874,
    "53":0.10625581086465667,
    "54":0.13281976358082084,
    "55":0.11953778722273874,
    "56":0.0796918581484925,
    "57":0.06640988179041042,
    "58":0.10625581086465667,
    "59":0.053127905432328336,
    "60":0.026563952716164168,
    "61":0.013281976358082084,
    "62":0.053127905432328336,
    "63":0.013281976358082084,
    "64":0.09297383450657458,
    "65":0.013281976358082084,
    "66":0.026563952716164168,
    "67":0.053127905432328336,
    "68":0.013281976358082084,
    "69":0.026563952716164168,
    "70":0.026563952716164168,
    "71":0.026563952716164168,
    "72":0.0,
    "73":0.0,
    "74":0.0,
    "75":0.0,
    "76":0.0,
    "77":0.013281976358082084,
    "78":0.0,
    "79":0.0,
    "80":0.0,
    "81":0.0,
    "82":0.0,
    "83":0.0,
    "84":0.0,
    "85":0.0,
    "86":0.0,
    "87":0.0,
    "88":0.0,
    "89":0.0,
    "90":0.0,
    "91":0.0,
    "92":0.0,
    "93":0.0,
    "94":0.0,
    "95":0.0,
    "96":0.0,
    "97":0.0,
    "98":0.0,
    "99":0.0,
    "100":0.0,
    "101":0.0,
    "102":0.013281976358082084,
    "103":0.0,
    "104":0.0,
    "105":0.0,
    "106":0.0,
    "107":0.0,
    "108":0.0,
    "109":0.0,
    "110":0.0,
    "111":0.0
}