{
    "0":7.517166606432959,
    "1":2.620166245030719,
    "2":6.34260932417781,
    "3":2.963498373689917,
    "4":1.734730755330683,
    "5":2.0961329960245756,
    "6":2.168413444163354,
    "7":1.7889410914347668,
    "8":2.0961329960245756,
    "9":2.222623780267438,
    "10":1.8431514275388508,
    "11":1.698590531261294,
    "12":1.8431514275388508,
    "13":1.7528008673653777,
    "14":2.041922659920491,
    "15":1.7889410914347668,
    "16":2.4213950126490786,
    "17":2.132273220093965,
    "18":1.8431514275388508,
    "19":2.0057824358511023,
    "20":2.041922659920491,
    "21":1.7708709794000723,
    "22":1.8973617636429345,
    "23":2.168413444163354,
    "24":2.0780628839898805,
    "25":1.8431514275388508,
    "26":1.9154318756776292,
    "27":1.6263100831225155,
    "28":1.7528008673653777,
    "29":1.5359595229490424,
    "30":1.3191181785327069,
    "31":1.0661366100469825,
    "32":0.9215757137694254,
    "33":0.6324539212143115,
    "34":0.9396458258041199,
    "35":0.9938561619082038,
    "36":0.9035056017347307,
    "37":1.1203469461510662,
    "38":0.9396458258041199,
    "39":1.0661366100469825,
    "40":0.9757860498735091,
    "41":0.7770148174918685,
    "42":0.7228044813877845,
    "43":0.7228044813877845,
    "44":0.7408745934224793,
    "45":0.5059631369714492,
    "46":0.5963136971449223,
    "47":0.5059631369714492,
    "48":0.46982291290205996,
    "49":0.5059631369714492,
    "50":0.6324539212143115,
    "51":0.32526201662450305,
    "52":0.34333212865919766,
    "53":0.41561257679797614,
    "54":0.5059631369714492,
    "55":0.45175280086736536,
    "56":0.43368268883267075,
    "57":0.2529815684857246,
    "58":0.2529815684857246,
    "59":0.43368268883267075,
    "60":0.34333212865919766,
    "61":0.34333212865919766,
    "62":0.30719190458980844,
    "63":0.2710516805204192,
    "64":0.16263100831225152,
    "65":0.16263100831225152,
    "66":0.2710516805204192,
    "67":0.30719190458980844,
    "68":0.19877123238164077,
    "69":0.2529815684857246,
    "70":0.16263100831225152,
    "71":0.19877123238164077,
    "72":0.21684134441633537,
    "73":0.18070112034694613,
    "74":0.19877123238164077,
    "75":0.1264907842428623,
    "76":0.07228044813877846,
    "77":0.16263100831225152,
    "78":0.21684134441633537,
    "79":0.10842067220816769,
    "80":0.19877123238164077,
    "81":0.23491145645102998,
    "82":0.1264907842428623,
    "83":0.2529815684857246,
    "84":0.09035056017347307,
    "85":0.16263100831225152,
    "86":0.1264907842428623,
    "87":0.14456089627755692,
    "88":0.14456089627755692,
    "89":0.07228044813877846,
    "90":0.03614022406938923,
    "91":0.07228044813877846,
    "92":0.10842067220816769,
    "93":0.07228044813877846,
    "94":0.07228044813877846,
    "95":0.09035056017347307,
    "96":0.018070112034694615,
    "97":0.018070112034694615,
    "98":0.09035056017347307,
    "99":0.09035056017347307,
    "100":0.054210336104083844,
    "101":0.09035056017347307,
    "102":0.07228044813877846,
    "103":0.054210336104083844,
    "104":0.054210336104083844,
    "105":0.03614022406938923,
    "106":0.054210336104083844,
    "107":0.03614022406938923,
    "108":0.018070112034694615,
    "109":0.07228044813877846,
    "110":0.10842067220816769,
    "111":0.07228044813877846,
    "112":0.03614022406938923,
    "113":0.10842067220816769,
    "114":0.054210336104083844,
    "115":0.0,
    "116":0.03614022406938923,
    "117":0.03614022406938923,
    "118":0.054210336104083844,
    "119":0.0,
    "120":0.018070112034694615,
    "121":0.018070112034694615,
    "122":0.09035056017347307,
    "123":0.018070112034694615,
    "124":0.018070112034694615,
    "125":0.03614022406938923,
    "126":0.07228044813877846,
    "127":0.07228044813877846,
    "128":0.09035056017347307,
    "129":0.018070112034694615,
    "130":0.03614022406938923,
    "131":0.03614022406938923,
    "132":0.018070112034694615,
    "133":0.018070112034694615,
    "134":0.054210336104083844,
    "135":0.018070112034694615,
    "136":0.054210336104083844,
    "137":0.03614022406938923,
    "138":0.018070112034694615,
    "139":0.03614022406938923,
    "140":0.018070112034694615,
    "141":0.03614022406938923,
    "142":0.054210336104083844,
    "143":0.10842067220816769,
    "144":0.03614022406938923,
    "145":0.03614022406938923,
    "146":0.03614022406938923,
    "147":0.03614022406938923,
    "148":0.018070112034694615,
    "149":0.018070112034694615,
    "150":0.018070112034694615,
    "151":0.018070112034694615,
    "152":0.0,
    "153":0.03614022406938923,
    "154":0.054210336104083844,
    "155":0.018070112034694615,
    "156":0.018070112034694615,
    "157":0.054210336104083844,
    "158":0.0,
    "159":0.054210336104083844,
    "160":0.03614022406938923,
    "161":0.03614022406938923,
    "162":0.07228044813877846,
    "163":0.0,
    "164":0.018070112034694615,
    "165":0.03614022406938923,
    "166":0.0,
    "167":0.0,
    "168":0.0,
    "169":0.0,
    "170":0.03614022406938923,
    "171":0.018070112034694615,
    "172":0.018070112034694615,
    "173":0.018070112034694615,
    "174":0.018070112034694615,
    "175":0.018070112034694615,
    "176":0.0,
    "177":0.0,
    "178":0.0,
    "179":0.0,
    "180":0.018070112034694615,
    "181":0.0,
    "182":0.018070112034694615,
    "183":0.018070112034694615,
    "184":0.0,
    "185":0.0,
    "186":0.018070112034694615,
    "187":0.0,
    "188":0.0,
    "189":0.0,
    "190":0.018070112034694615,
    "191":0.018070112034694615,
    "192":0.0,
    "193":0.018070112034694615,
    "194":0.018070112034694615,
    "195":0.0,
    "196":0.018070112034694615,
    "197":0.0,
    "198":0.0,
    "199":0.0,
    "200":0.018070112034694615,
    "201":0.0,
    "202":0.018070112034694615,
    "203":0.018070112034694615,
    "204":0.0,
    "205":0.018070112034694615,
    "206":0.07228044813877846,
    "207":0.018070112034694615,
    "208":0.0,
    "209":0.0,
    "210":0.018070112034694615,
    "211":0.018070112034694615,
    "212":0.0,
    "213":0.0,
    "214":0.0,
    "215":0.0,
    "216":0.0,
    "217":0.0,
    "218":0.0,
    "219":0.0,
    "220":0.018070112034694615,
    "221":0.018070112034694615,
    "222":0.03614022406938923,
    "223":0.0,
    "224":0.0,
    "225":0.018070112034694615,
    "226":0.0,
    "227":0.0,
    "228":0.03614022406938923,
    "229":0.018070112034694615,
    "230":0.0,
    "231":0.018070112034694615,
    "232":0.0,
    "233":0.0,
    "234":0.0,
    "235":0.054210336104083844,
    "236":0.0,
    "237":0.0,
    "238":0.0,
    "239":0.0,
    "240":0.0,
    "241":0.0,
    "242":0.0,
    "243":0.0,
    "244":0.0,
    "245":0.0,
    "246":0.0,
    "247":0.0,
    "248":0.0,
    "249":0.0,
    "250":0.0,
    "251":0.0,
    "252":0.0,
    "253":0.0,
    "254":0.0,
    "255":0.0,
    "256":0.0,
    "257":0.0,
    "258":0.0,
    "259":0.0,
    "260":0.0,
    "261":0.0,
    "262":0.0,
    "263":0.0,
    "264":0.0,
    "265":0.0,
    "266":0.0,
    "267":0.0,
    "268":0.0,
    "269":0.0,
    "270":0.0,
    "271":0.0,
    "272":0.0,
    "273":0.0,
    "274":0.0,
    "275":0.0,
    "276":0.0,
    "277":0.0,
    "278":0.0,
    "279":0.0,
    "280":0.0,
    "281":0.0,
    "282":0.0,
    "283":0.0,
    "284":0.0,
    "285":0.0,
    "286":0.0,
    "287":0.0,
    "288":0.0,
    "289":0.0,
    "290":0.0,
    "291":0.0,
    "292":0.0,
    "293":0.0,
    "294":0.0,
    "295":0.0,
    "296":0.0,
    "297":0.0,
    "298":0.0,
    "299":0.0,
    "300":0.0,
    "301":0.0,
    "302":0.0,
    "303":0.0,
    "304":0.0,
    "305":0.0,
    "306":0.0,
    "307":0.0,
    "308":0.0,
    "309":0.0,
    "310":0.0,
    "311":0.0,
    "312":0.0,
    "313":0.0,
    "314":0.0,
    "315":0.0,
    "316":0.0,
    "317":0.0,
    "318":0.0,
    "319":0.0,
    "320":0.0,
    "321":0.0,
    "322":0.0,
    "323":0.0,
    "324":0.0,
    "325":0.0,
    "326":0.0,
    "327":0.0,
    "328":0.0,
    "329":0.0,
    "330":0.0,
    "331":0.0,
    "332":0.0,
    "333":0.0,
    "334":0.0,
    "335":0.0,