{
    "0":2.613042490343104,
    "1":0.7157464212678937,
    "2":0.8066348557146102,
    "3":0.408997955010225,
    "4":1.5905476028175416,
    "5":2.43126562144967,
    "6":2.6244035446489433,
    "7":2.658486707566462,
    "8":1.8064076346284936,
    "9":1.7268802544876165,
    "10":1.6246307657350603,
    "11":1.738241308793456,
    "12":1.9541013406044079,
    "13":1.8632129061576914,
    "14":2.2381276982503975,
    "15":2.044989775051125,
    "16":2.5675982731197458,
    "17":2.43126562144967,
    "18":2.3971824585321517,
    "19":2.5675982731197458,
    "20":2.44262667575551,
    "21":2.1586003181095204,
    "22":1.738241308793456,
    "23":1.772324471710975,
    "24":1.8064076346284936,
    "25":1.465576005453306,
    "26":1.5337423312883436,
    "27":1.442853896841627,
    "28":1.8745739604635312,
    "29":1.5451033855941831,
    "30":1.6019086571233812,
    "31":1.7496023630992956,
    "32":1.4201317882299478,
    "33":1.3178822994773916,
    "34":1.4314928425357873,
    "35":1.2837991365598729,
    "36":1.3178822994773916,
    "37":1.1361054305839582,
    "38":1.056578050443081,
    "39":1.1361054305839582,
    "40":0.9543285616905249,
    "41":0.9202453987730062,
    "42":0.8520790729379687,
    "43":0.6362190411270165,
    "44":0.9770506703022039,
    "45":0.8748011815496478,
    "46":0.7498295841854125,
    "47":0.7839127471029312,
    "48":0.7271074755737332,
    "49":0.897523290161327,
    "50":0.8748011815496478,
    "51":0.9202453987730062,
    "52":0.8520790729379687,
    "53":0.7952738014087708,
    "54":0.6475800954328562,
    "55":0.6703022040445353,
    "56":0.5566916609861394,
    "57":0.6134969325153374,
    "58":0.6589411497386958,
    "59":0.4203590093160645,
    "60":0.4203590093160645,
    "61":0.5907748239036582,
    "62":0.5907748239036582,
    "63":0.5794137695978187,
    "64":0.46580322653942285,
    "65":0.4317200636219041,
    "66":0.6134969325153374,
    "67":0.3862758463985458,
    "68":0.3294705748693479,
    "69":0.37491479209270623,
    "70":0.352192683481027,
    "71":0.2953874119518291,
    "72":0.27266530334015,
    "73":0.27266530334015,
    "74":0.23858214042263123,
    "75":0.1931379231992729,
    "76":0.1817768688934333,
    "77":0.2953874119518291,
    "78":0.27266530334015,
    "79":0.22722108611679162,
    "80":0.23858214042263123,
    "81":0.21586003181095206,
    "82":0.2953874119518291,
    "83":0.28402635764598955,
    "84":0.4317200636219041,
    "85":0.21586003181095206,
    "86":0.2953874119518291,
    "87":0.44308111792774374,
    "88":0.2953874119518291,
    "89":0.14769370597591455,
    "90":0.17041581458759372,
    "91":0.136332651670075,
    "92":0.1817768688934333,
    "93":0.1817768688934333,
    "94":0.10224948875255625,
    "95":0.022722108611679163,
    "96":0.1249715973642354,
    "97":0.04544421722335833,
    "98":0.136332651670075,
    "99":0.10224948875255625,
    "100":0.0681663258350375,
    "101":0.10224948875255625,
    "102":0.11361054305839581,
    "103":0.07952738014087707,
    "104":0.11361054305839581,
    "105":0.04544421722335833,
    "106":0.07952738014087707,
    "107":0.0681663258350375,
    "108":0.0681663258350375,
    "109":0.0681663258350375,
    "110":0.0681663258350375,
    "111":0.09088843444671665,
    "112":0.022722108611679163,
    "113":0.0681663258350375,
    "114":0.03408316291751875,
    "115":0.07952738014087707,
    "116":0.056805271529197905,
    "117":0.11361054305839581,
    "118":0.0681663258350375,
    "119":0.1249715973642354,
    "120":0.022722108611679163,
    "121":0.03408316291751875,
    "122":0.09088843444671665,
    "123":0.011361054305839582,
    "124":0.0681663258350375,
    "125":0.04544421722335833,
    "126":0.07952738014087707,
    "127":0.056805271529197905,
    "128":0.03408316291751875,
    "129":0.056805271529197905,
    "130":0.04544421722335833,
    "131":0.03408316291751875,
    "132":0.03408316291751875,
    "133":0.022722108611679163,
    "134":0.10224948875255625,
    "135":0.04544421722335833,
    "136":0.056805271529197905,
    "137":0.022722108611679163,
    "138":0.0681663258350375,
    "139":0.022722108611679163,
    "140":0.011361054305839582,
    "141":0.022722108611679163,
    "142":0.03408316291751875,
    "143":0.03408316291751875,
    "144":0.0,
    "145":0.0,
    "146":0.011361054305839582,
    "147":0.011361054305839582,
    "148":0.011361054305839582,
    "149":0.022722108611679163,
    "150":0.0,
    "151":0.03408316291751875,
    "152":0.0,
    "153":0.011361054305839582,
    "154":0.0,
    "155":0.0,
    "156":0.011361054305839582,
    "157":0.011361054305839582,
    "158":0.011361054305839582,
    "159":0.0,
    "160":0.0,
    "161":0.011361054305839582,
    "162":0.0,
    "163":0.0,
    "164":0.011361054305839582,
    "165":0.0,
    "166":0.022722108611679163,
    "167":0.022722108611679163,
    "168":0.03408316291751875,
    "169":0.011361054305839582,
    "170":0.011361054305839582,
    "171":0.0,
    "172":0.022722108611679163,
    "173":0.0,
    "174":0.0,
    "175":0.0,
    "176":0.022722108611679163,
    "177":0.011361054305839582,
    "178":0.0,
    "179":0.022722108611679163,
    "180":0.0,
    "181":0.022722108611679163,
    "182":0.011361054305839582,
    "183":0.022722108611679163,
    "184":0.011361054305839582,
    "185":0.022722108611679163,
    "186":0.011361054305839582,
    "187":0.011361054305839582,
    "188":0.011361054305839582,
    "189":0.011361054305839582,
    "190":0.0,
    "191":0.011361054305839582,
    "192":0.04544421722335833,
    "193":0.0,
    "194":0.0,
    "195":0.0,
    "196":0.0,
    "197":0.0,
    "198":0.0,
    "199":0.0,
    "200":0.0
}