{
    "0":8.90847711927982,
    "1":8.270817704426106,
    "2":5.2700675168792195,
    "3":2.4943735933983495,
    "4":2.0442610652663165,
    "5":1.1252813203300824,
    "6":1.4628657164291075,
    "7":1.406601650412603,
    "8":1.6879219804951238,
    "9":1.9692423105776444,
    "10":1.8754688672168043,
    "11":1.8004501125281318,
    "12":1.9317329332333082,
    "13":1.5378844711177795,
    "14":1.4253563390847712,
    "15":1.275318829707427,
    "16":1.4441110277569393,
    "17":1.4441110277569393,
    "18":1.5378844711177795,
    "19":1.5191297824456114,
    "20":1.8192048012003001,
    "21":1.4441110277569393,
    "22":1.312828207051763,
    "23":1.5753938484621155,
    "24":1.2940735183795948,
    "25":1.1440360090022506,
    "26":1.1252813203300824,
    "27":0.9564891222805701,
    "28":0.86271567891973,
    "29":1.0502625656414104,
    "30":0.7126781695423856,
    "31":0.6751687921980495,
    "32":0.7126781695423856,
    "33":0.7501875468867216,
    "34":0.7314328582145537,
    "35":0.7876969242310577,
    "36":0.46886721680420107,
    "37":0.7126781695423856,
    "38":0.431357839459865,
    "39":0.3938484621155289,
    "40":0.6376594148537135,
    "41":0.5063765941485371,
    "42":0.3563390847711928,
    "43":0.5438859714928732,
    "44":0.33758439609902474,
    "45":0.48762190547636913,
    "46":0.5438859714928732,
    "47":0.5251312828207052,
    "48":0.46886721680420107,
    "49":0.31882970742685673,
    "50":0.3563390847711928,
    "51":0.6751687921980495,
    "52":0.41260315078769694,
    "53":0.5438859714928732,
    "54":0.5438859714928732,
    "55":0.45011252813203295,
    "56":0.5438859714928732,
    "57":0.48762190547636913,
    "58":0.45011252813203295,
    "59":0.41260315078769694,
    "60":0.41260315078769694,
    "61":0.41260315078769694,
    "62":0.41260315078769694,
    "63":0.3563390847711928,
    "64":0.48762190547636913,
    "65":0.5063765941485371,
    "66":0.30007501875468867,
    "67":0.46886721680420107,
    "68":0.48762190547636913,
    "69":0.5813953488372093,
    "70":0.6001500375093773,
    "71":0.3750937734433608,
    "72":0.33758439609902474,
    "73":0.3938484621155289,
    "74":0.5251312828207052,
    "75":0.3938484621155289,
    "76":0.41260315078769694,
    "77":0.2625656414103526,
    "78":0.3563390847711928,
    "79":0.46886721680420107,
    "80":0.31882970742685673,
    "81":0.41260315078769694,
    "82":0.31882970742685673,
    "83":0.30007501875468867,
    "84":0.46886721680420107,
    "85":0.2625656414103526,
    "86":0.3563390847711928,
    "87":0.22505626406601648,
    "88":0.24381095273818457,
    "89":0.24381095273818457,
    "90":0.2813203300825206,
    "91":0.15003750937734434,
    "92":0.20630157539384847,
    "93":0.16879219804951237,
    "94":0.15003750937734434,
    "95":0.20630157539384847,
    "96":0.0937734433608402,
    "97":0.1312828207051763,
    "98":0.20630157539384847,
    "99":0.0937734433608402,
    "100":0.16879219804951237,
    "101":0.22505626406601648,
    "102":0.15003750937734434,
    "103":0.2813203300825206,
    "104":0.15003750937734434,
    "105":0.1312828207051763,
    "106":0.1875468867216804,
    "107":0.11252813203300824,
    "108":0.037509377344336084,
    "109":0.1312828207051763,
    "110":0.1312828207051763,
    "111":0.16879219804951237,
    "112":0.037509377344336084,
    "113":0.037509377344336084,
    "114":0.11252813203300824,
    "115":0.037509377344336084,
    "116":0.07501875468867217,
    "117":0.05626406601650412,
    "118":0.037509377344336084,
    "119":0.15003750937734434,
    "120":0.15003750937734434,
    "121":0.05626406601650412,
    "122":0.1312828207051763,
    "123":0.037509377344336084,
    "124":0.0,
    "125":0.037509377344336084,
    "126":0.0937734433608402,
    "127":0.05626406601650412,
    "128":0.0937734433608402,
    "129":0.07501875468867217,
    "130":0.0937734433608402,
    "131":0.07501875468867217,
    "132":0.037509377344336084,
    "133":0.07501875468867217,
    "134":0.16879219804951237,
    "135":0.037509377344336084,
    "136":0.05626406601650412,
    "137":0.0937734433608402,
    "138":0.037509377344336084,
    "139":0.037509377344336084,
    "140":0.15003750937734434,
    "141":0.11252813203300824,
    "142":0.018754688672168042,
    "143":0.037509377344336084,
    "144":0.07501875468867217,
    "145":0.018754688672168042,
    "146":0.07501875468867217,
    "147":0.037509377344336084,
    "148":0.05626406601650412,
    "149":0.0937734433608402,
    "150":0.018754688672168042,
    "151":0.0,
    "152":0.05626406601650412,
    "153":0.1312828207051763,
    "154":0.037509377344336084,
    "155":0.05626406601650412,
    "156":0.05626406601650412,
    "157":0.07501875468867217,
    "158":0.018754688672168042,
    "159":0.018754688672168042,
    "160":0.07501875468867217,
    "161":0.0,
    "162":0.05626406601650412,
    "163":0.07501875468867217,
    "164":0.0,
    "165":0.07501875468867217,
    "166":0.05626406601650412,
    "167":0.018754688672168042,
    "168":0.05626406601650412,
    "169":0.07501875468867217,
    "170":0.0937734433608402,
    "171":0.037509377344336084,
    "172":0.018754688672168042,
    "173":0.0937734433608402,
    "174":0.0,
    "175":0.0,
    "176":0.05626406601650412,
    "177":0.018754688672168042,
    "178":0.0,
    "179":0.018754688672168042,
    "180":0.018754688672168042,
    "181":0.05626406601650412,
    "182":0.0,
    "183":0.05626406601650412,
    "184":0.0,
    "185":0.018754688672168042,
    "186":0.018754688672168042,
    "187":0.018754688672168042,
    "188":0.0937734433608402,
    "189":0.018754688672168042,
    "190":0.07501875468867217,
    "191":0.0,
    "192":0.018754688672168042,
    "193":0.037509377344336084,
    "194":0.05626406601650412,
    "195":0.018754688672168042,
    "196":0.018754688672168042,
    "197":0.018754688672168042,
    "198":0.018754688672168042,
    "199":0.0,
    "200":0.037509377344336084,
    "201":0.0,
    "202":0.037509377344336084,
    "203":0.07501875468867217,
    "204":0.0,
    "205":0.07501875468867217,
    "206":0.018754688672168042,
    "207":0.018754688672168042,
    "208":0.0,
    "209":0.018754688672168042,
    "210":0.018754688672168042,
    "211":0.0,
    "212":0.0,
    "213":0.0,
    "214":0.0,
    "215":0.0,
    "216":0.0,
    "217":0.018754688672168042,
    "218":0.0,
    "219":0.0,
    "220":0.0,
    "221":0.018754688672168042,
    "222":0.018754688672168042,
    "223":0.0,
    "224":0.0,
    "225":0.018754688672168042,
    "226":0.0,
    "227":0.0,
    "228":0.0,
    "229":0.0,
    "230":0.0,
    "231":0.0,
    "232":0.018754688672168042,
    "233":0.0,
    "234":0.018754688672168042,
    "235":0.0,
    "236":0.0,
    "237":0.0,
    "238":0.0,
    "239":0.0,
    "240":0.0,
    "241":0.0,
    "242":0.018754688672168042,
    "243":0.0,
    "244":0.0,
    "245":0.018754688672168042,
    "246":0.0,
    "247":0.037509377344336084,
    "248":0.0,
    "249":0.0,
    "250":0.0,
    "251":0.0,
    "252":0.0,
    "253":0.0,
    "254":0.018754688672168042,
    "255":0.018754688672168042,
    "256":0.018754688672168042,
    "257":0.0,
    "258":0.018754688672168042,
    "259":0.0,
    "260":0.0,
    "261":0.0,
    "262":0.0,
    "263":0.0,
    "264":0.0,
    "265":0.0,
    "266":0.0,
    "267":0.0,
    "268":0.018754688672168042,
    "269":0.018754688672168042,
    "270":0.0,
    "271":0.0,
    "272":0.018754688672168042,
    "273":0.0,
    "274":0.018754688672168042,
    "275":0.0,
    "276":0.037509377344336084,
    "277":0.018754688672168042,
    "278":0.0,
    "279":0.0,
    "280":0.0,
    "281":0.0,
    "282":0.0,
    "283":0.018754688672168042,
    "284":0.0,
    "285":0.0,
    "286":0.0,
    "287":0.0,
    "288":0.0,
    "289":0.0,
    "290":0.0,
    "291":0.0,
    "292":0.0,
    "293":0.0,
    "294":0.0,
    "295":0.0,
    "296":0.018754688672168042,
    "297":0.0,
    "298":0.0,
    "299":0.0,
    "300":0.0,
    "301":0.0,
    "302":0.0,
    "303":0.0,
    "304":0.0,
    "305":0.0,
    "306":0.0,
    "307":0.0,
    "308":0.0,