{
    "0":5.20997375328084,
    "1":2.6509186351706036,
    "2":1.5879265091863517,
    "3":3.2152230971128613,
    "4":4.7506561679790025,
    "5":4.081364829396326,
    "6":3.5170603674540684,
    "7":2.664041994750656,
    "8":2.2965879265091864,
    "9":1.4173228346456692,
    "10":2.020997375328084,
    "11":1.942257217847769,
    "12":1.7191601049868765,
    "13":1.3385826771653544,
    "14":1.4566929133858268,
    "15":1.6535433070866141,
    "16":1.9947506561679789,
    "17":2.0341207349081363,
    "18":2.0603674540682415,
    "19":2.1128608923884515,
    "20":1.6666666666666667,
    "21":2.020997375328084,
    "22":1.6404199475065617,
    "23":2.0078740157480315,
    "24":1.6666666666666667,
    "25":1.9028871391076114,
    "26":1.8503937007874016,
    "27":1.627296587926509,
    "28":1.9553805774278215,
    "29":1.5354330708661417,
    "30":1.4829396325459316,
    "31":1.246719160104987,
    "32":1.167979002624672,
    "33":1.2860892388451444,
    "34":1.2335958005249343,
    "35":1.0236220472440944,
    "36":1.0892388451443569,
    "37":1.2860892388451444,
    "38":1.0761154855643045,
    "39":0.8398950131233596,
    "40":1.010498687664042,
    "41":0.905511811023622,
    "42":0.931758530183727,
    "43":1.036745406824147,
    "44":0.6692913385826772,
    "45":0.5774278215223096,
    "46":0.6955380577427821,
    "47":0.6167979002624672,
    "48":0.5511811023622047,
    "49":0.6036745406824147,
    "50":0.5118110236220472,
    "51":0.5118110236220472,
    "52":0.23622047244094488,
    "53":0.34120734908136485,
    "54":0.3543307086614173,
    "55":0.32808398950131235,
    "56":0.4068241469816273,
    "57":0.4461942257217848,
    "58":0.34120734908136485,
    "59":0.4199475065616798,
    "60":0.23622047244094488,
    "61":0.26246719160104987,
    "62":0.24934383202099736,
    "63":0.2887139107611548,
    "64":0.32808398950131235,
    "65":0.3674540682414698,
    "66":0.2230971128608924,
    "67":0.24934383202099736,
    "68":0.23622047244094488,
    "69":0.1837270341207349,
    "70":0.2755905511811024,
    "71":0.1837270341207349,
    "72":0.11811023622047244,
    "73":0.11811023622047244,
    "74":0.24934383202099736,
    "75":0.11811023622047244,
    "76":0.06561679790026247,
    "77":0.09186351706036745,
    "78":0.07874015748031496,
    "79":0.07874015748031496,
    "80":0.09186351706036745,
    "81":0.09186351706036745,
    "82":0.05249343832020997,
    "83":0.07874015748031496,
    "84":0.026246719160104987,
    "85":0.05249343832020997,
    "86":0.05249343832020997,
    "87":0.13123359580052493,
    "88":0.05249343832020997,
    "89":0.09186351706036745,
    "90":0.09186351706036745,
    "91":0.03937007874015748,
    "92":0.03937007874015748,
    "93":0.11811023622047244,
    "94":0.07874015748031496,
    "95":0.10498687664041995,
    "96":0.07874015748031496,
    "97":0.06561679790026247,
    "98":0.09186351706036745,
    "99":0.05249343832020997,
    "100":0.026246719160104987,
    "101":0.09186351706036745,
    "102":0.05249343832020997,
    "103":0.07874015748031496,
    "104":0.06561679790026247,
    "105":0.03937007874015748,
    "106":0.06561679790026247,
    "107":0.03937007874015748,
    "108":0.06561679790026247,
    "109":0.06561679790026247,
    "110":0.07874015748031496,
    "111":0.03937007874015748,
    "112":0.026246719160104987,
    "113":0.03937007874015748,
    "114":0.06561679790026247,
    "115":0.05249343832020997,
    "116":0.013123359580052493,
    "117":0.026246719160104987,
    "118":0.026246719160104987,
    "119":0.013123359580052493,
    "120":0.013123359580052493,
    "121":0.05249343832020997,
    "122":0.026246719160104987,
    "123":0.026246719160104987,
    "124":0.026246719160104987,
    "125":0.03937007874015748,
    "126":0.05249343832020997,
    "127":0.06561679790026247,
    "128":0.06561679790026247,
    "129":0.07874015748031496,
    "130":0.07874015748031496,
    "131":0.0,
    "132":0.026246719160104987,
    "133":0.026246719160104987,
    "134":0.07874015748031496,
    "135":0.0,
    "136":0.013123359580052493,
    "137":0.05249343832020997,
    "138":0.026246719160104987,
    "139":0.09186351706036745,
    "140":0.013123359580052493,
    "141":0.03937007874015748,
    "142":0.026246719160104987,
    "143":0.03937007874015748,
    "144":0.05249343832020997,
    "145":0.09186351706036745,
    "146":0.013123359580052493,
    "147":0.013123359580052493,
    "148":0.013123359580052493,
    "149":0.013123359580052493,
    "150":0.013123359580052493,
    "151":0.013123359580052493,
    "152":0.03937007874015748,
    "153":0.026246719160104987,
    "154":0.03937007874015748,
    "155":0.0,
    "156":0.026246719160104987,
    "157":0.013123359580052493,
    "158":0.06561679790026247,
    "159":0.013123359580052493,
    "160":0.026246719160104987,
    "161":0.0,
    "162":0.026246719160104987,
    "163":0.026246719160104987,
    "164":0.0,
    "165":0.026246719160104987,
    "166":0.013123359580052493,
    "167":0.013123359580052493,
    "168":0.013123359580052493,
    "169":0.06561679790026247,
    "170":0.013123359580052493,
    "171":0.0,
    "172":0.026246719160104987,
    "173":0.05249343832020997,
    "174":0.0,
    "175":0.013123359580052493,
    "176":0.0,
    "177":0.013123359580052493,
    "178":0.0,
    "179":0.0,
    "180":0.013123359580052493,
    "181":0.0,
    "182":0.013123359580052493,
    "183":0.03937007874015748,
    "184":0.0,
    "185":0.013123359580052493,
    "186":0.013123359580052493,
    "187":0.026246719160104987,
    "188":0.013123359580052493,
    "189":0.0,
    "190":0.013123359580052493,
    "191":0.0,
    "192":0.013123359580052493,
    "193":0.0,
    "194":0.0,
    "195":0.026246719160104987,
    "196":0.0,
    "197":0.0,
    "198":0.026246719160104987,
    "199":0.013123359580052493,
    "200":0.0,
    "201":0.0,
    "202":0.0,
    "203":0.013123359580052493,
    "204":0.013123359580052493,
    "205":0.0,
    "206":0.0,
    "207":0.0,
    "208":0.0,
    "209":0.026246719160104987,
    "210":0.013123359580052493,
    "211":0.013123359580052493,
    "212":0.0,
    "213":0.013123359580052493,
    "214":0.013123359580052493,
    "215":0.0,
    "216":0.0,
    "217":0.013123359580052493,
    "218":0.0,
    "219":0.0,
    "220":0.0,
    "221":0.0,
    "222":0.0,
    "223":0.0,
    "224":0.0,
    "225":0.013123359580052493,
    "226":0.0,
    "227":0.0,
    "228":0.013123359580052493,
    "229":0.0,
    "230":0.0,
    "231":0.03937007874015748,
    "232":0.0,
    "233":0.013123359580052493,
    "234":0.013123359580052493,
    "235":0.0,
    "236":0.0,
    "237":0.0,
    "238":0.0,
    "239":0.0,
    "240":0.0,
    "241":0.0,
    "242":0.013123359580052493,
    "243":0.0,
    "244":0.013123359580052493,
    "245":0.013123359580052493,
    "246":0.0,
    "247":0.0,
    "248":0.0,
    "249":0.013123359580052493,
    "250":0.0,
    "251":0.0,
    "252":0.0,
    "253":0.013123359580052493,
    "254":0.0,
    "255":0.0,
    "256":0.0,
    "257":0.0,
    "258":0.026246719160104987,
    "259":0.0,
    "260":0.013123359580052493,
    "261":0.026246719160104987,
    "262":0.0,
    "263":0.0,
    "264":0.0,
    "265":0.0,
    "266":0.013123359580052493,
    "267":0.013123359580052493,
    "268":0.0,
    "269":0.0,
    "270":0.0,
    "271":0.013123359580052493,
    "272":0.0,
    "273":0.013123359580052493,
    "274":0.013123359580052493,
    "275":0.0,
    "276":0.0,
    "277":0.0,
    "278":0.013123359580052493,
    "279":0.0,
    "280":0.0,
    "281":0.0,
    "282":0.0,
    "283":0.013123359580052493,
    "284":0.0,
    "285":0.0,
    "286":0.026246719160104987,
    "287":0.0,
    "288":0.0,
    "289":0.013123359580052493,
    "290":0.0,
    "291":0.013123359580052493,
    "292":0.026246719160104987,
    "293":0.0,
    "294":0.013123359580052493,
    "295":0.0,
    "296":0.0,
    "297":0.026246719160104987,
    "298":0.013123359580052493,
    "299":0.0,
    "300":0.0,
    "301":0.0,
    "302":0.0,
    "303":0.0,
    "304":0.013123359580052493,
    "305":0.0,
    "306":0.0,