{
    "0":2.619589977220957,
    "1":0.5011389521640092,
    "2":1.3439635535307517,
    "3":1.3439635535307517,
    "4":2.2551252847380407,
    "5":2.3234624145785876,
    "6":1.2528473804100226,
    "7":0.7972665148063782,
    "8":1.1617312072892938,
    "9":1.0933940774487472,
    "10":1.2072892938496582,
    "11":0.7289293849658315,
    "12":0.6150341685649202,
    "13":1.3211845102505695,
    "14":1.0933940774487472,
    "15":0.8883826879271071,
    "16":0.9567198177676537,
    "17":1.0022779043280183,
    "18":0.979498861047836,
    "19":1.0933940774487472,
    "20":1.5945330296127564,
    "21":1.366742596810934,
    "22":1.6400911161731209,
    "23":1.8906605922551254,
    "24":1.8906605922551254,
    "25":1.7312072892938495,
    "26":1.4123006833712985,
    "27":1.1389521640091116,
    "28":1.3211845102505695,
    "29":1.3895216400911161,
    "30":1.6400911161731209,
    "31":1.2984054669703873,
    "32":1.184510250569476,
    "33":1.2984054669703873,
    "34":1.2300683371298404,
    "35":1.7995444191343963,
    "36":1.1389521640091116,
    "37":1.3439635535307517,
    "38":1.2300683371298404,
    "39":1.4123006833712985,
    "40":1.275626423690205,
    "41":1.3439635535307517,
    "42":1.2072892938496582,
    "43":1.070615034168565,
    "44":1.070615034168565,
    "45":1.1389521640091116,
    "46":1.4350797266514808,
    "47":1.0478359908883828,
    "48":1.2072892938496582,
    "49":1.070615034168565,
    "50":1.0478359908883828,
    "51":1.070615034168565,
    "52":1.070615034168565,
    "53":0.8200455580865604,
    "54":0.7517084282460136,
    "55":0.7289293849658315,
    "56":0.6378132118451025,
    "57":1.0478359908883828,
    "58":0.9339407744874715,
    "59":0.8428246013667425,
    "60":1.0933940774487472,
    "61":0.9111617312072893,
    "62":0.9339407744874715,
    "63":0.6605922551252847,
    "64":0.5466970387243736,
    "65":0.7061503416856493,
    "66":0.5011389521640092,
    "67":0.5466970387243736,
    "68":0.5011389521640092,
    "69":0.5011389521640092,
    "70":0.5011389521640092,
    "71":0.5466970387243736,
    "72":0.45558086560364464,
    "73":0.4100227790432802,
    "74":0.38724373576309795,
    "75":0.592255125284738,
    "76":0.38724373576309795,
    "77":0.47835990888382685,
    "78":0.36446469248291574,
    "79":0.4100227790432802,
    "80":0.31890660592255127,
    "81":0.4100227790432802,
    "82":0.296127562642369,
    "83":0.296127562642369,
    "84":0.2050113895216401,
    "85":0.1366742596810934,
    "86":0.2505694760820046,
    "87":0.2050113895216401,
    "88":0.45558086560364464,
    "89":0.22779043280182232,
    "90":0.2050113895216401,
    "91":0.15945330296127563,
    "92":0.296127562642369,
    "93":0.0683371298405467,
    "94":0.2505694760820046,
    "95":0.36446469248291574,
    "96":0.22779043280182232,
    "97":0.2050113895216401,
    "98":0.09111617312072894,
    "99":0.2050113895216401,
    "100":0.296127562642369,
    "101":0.11389521640091116,
    "102":0.18223234624145787,
    "103":0.2050113895216401,
    "104":0.2505694760820046,
    "105":0.09111617312072894,
    "106":0.22779043280182232,
    "107":0.18223234624145787,
    "108":0.2733485193621868,
    "109":0.11389521640091116,
    "110":0.296127562642369,
    "111":0.1366742596810934,
    "112":0.18223234624145787,
    "113":0.2733485193621868,
    "114":0.09111617312072894,
    "115":0.1366742596810934,
    "116":0.11389521640091116,
    "117":0.11389521640091116,
    "118":0.09111617312072894,
    "119":0.09111617312072894,
    "120":0.09111617312072894,
    "121":0.18223234624145787,
    "122":0.022779043280182234,
    "123":0.0683371298405467,
    "124":0.0683371298405467,
    "125":0.2050113895216401,
    "126":0.022779043280182234,
    "127":0.11389521640091116,
    "128":0.022779043280182234,
    "129":0.09111617312072894,
    "130":0.11389521640091116,
    "131":0.1366742596810934,
    "132":0.0,
    "133":0.0,
    "134":0.0,
    "135":0.04555808656036447,
    "136":0.022779043280182234,
    "137":0.04555808656036447,
    "138":0.0683371298405467,
    "139":0.0683371298405467,
    "140":0.04555808656036447,
    "141":0.022779043280182234,
    "142":0.04555808656036447,
    "143":0.0683371298405467,
    "144":0.04555808656036447,
    "145":0.04555808656036447,
    "146":0.0683371298405467,
    "147":0.09111617312072894,
    "148":0.022779043280182234,
    "149":0.09111617312072894,
    "150":0.0,
    "151":0.04555808656036447,
    "152":0.0683371298405467,
    "153":0.04555808656036447,
    "154":0.09111617312072894,
    "155":0.0683371298405467,
    "156":0.09111617312072894,
    "157":0.11389521640091116,
    "158":0.04555808656036447,
    "159":0.0683371298405467,
    "160":0.0683371298405467,
    "161":0.04555808656036447,
    "162":0.0683371298405467,
    "163":0.04555808656036447,
    "164":0.022779043280182234,
    "165":0.0683371298405467,
    "166":0.04555808656036447,
    "167":0.04555808656036447,
    "168":0.04555808656036447,
    "169":0.09111617312072894,
    "170":0.0683371298405467,
    "171":0.0683371298405467,
    "172":0.022779043280182234,
    "173":0.022779043280182234,
    "174":0.022779043280182234,
    "175":0.0,
    "176":0.022779043280182234,
    "177":0.022779043280182234,
    "178":0.04555808656036447,
    "179":0.04555808656036447,
    "180":0.04555808656036447,
    "181":0.0683371298405467,
    "182":0.04555808656036447,
    "183":0.022779043280182234,
    "184":0.0,
    "185":0.022779043280182234,
    "186":0.0,
    "187":0.11389521640091116,
    "188":0.0,
    "189":0.0,
    "190":0.0,
    "191":0.0683371298405467,
    "192":0.04555808656036447,
    "193":0.0,
    "194":0.0,
    "195":0.0,
    "196":0.04555808656036447,
    "197":0.022779043280182234,
    "198":0.022779043280182234,
    "199":0.0,
    "200":0.0,
    "201":0.0,
    "202":0.022779043280182234,
    "203":0.022779043280182234,
    "204":0.0,
    "205":0.0,
    "206":0.0,
    "207":0.022779043280182234,
    "208":0.09111617312072894,
    "209":0.0,
    "210":0.0,
    "211":0.022779043280182234,
    "212":0.0,
    "213":0.022779043280182234,
    "214":0.022779043280182234,
    "215":0.022779043280182234,
    "216":0.04555808656036447,
    "217":0.0,
    "218":0.022779043280182234,
    "219":0.0,
    "220":0.04555808656036447,
    "221":0.0,
    "222":0.022779043280182234,
    "223":0.022779043280182234,
    "224":0.0683371298405467,
    "225":0.0,
    "226":0.022779043280182234,
    "227":0.022779043280182234,
    "228":0.0,
    "229":0.0,
    "230":0.0,
    "231":0.022779043280182234,
    "232":0.0,
    "233":0.0,
    "234":0.0,
    "235":0.0,
    "236":0.0,
    "237":0.04555808656036447,
    "238":0.04555808656036447,
    "239":0.0,
    "240":0.0,
    "241":0.0,
    "242":0.0,
    "243":0.022779043280182234,
    "244":0.04555808656036447,
    "245":0.022779043280182234,
    "246":0.0,
    "247":0.0,
    "248":0.0,
    "249":0.022779043280182234,
    "250":0.0,
    "251":0.0,
    "252":0.04555808656036447,
    "253":0.022779043280182234,
    "254":0.04555808656036447,
    "255":0.022779043280182234,
    "256":0.022779043280182234,
    "257":0.022779043280182234,
    "258":0.0,
    "259":0.0,
    "260":0.022779043280182234,
    "261":0.0,
    "262":0.022779043280182234,
    "263":0.022779043280182234,
    "264":0.022779043280182234,
    "265":0.04555808656036447,
    "266":0.0683371298405467,
    "267":0.0683371298405467,
    "268":0.09111617312072894,
    "269":0.022779043280182234,
    "270":0.0,
    "271":0.04555808656036447,
    "272":0.0,
    "273":0.0,
    "274":0.0,
    "275":0.0,
    "276":0.0,
    "277":0.0,
    "278":0.0,
    "279":0.022779043280182234,
    "280":0.0,
    "281":0.0,
    "282":0.0,
    "283":0.0,
    "284":0.0683371298405467,
    "285":0.0,
    "286":0.0,
    "287":0.022779043280182234,
    "288":0.022779043280182234,
    "289":0.04555808656036447,
    "290":0.022779043280182234,
    "291":0.04555808656036447,
    "292":0.0,
    "293":0.0,
    "294":0.0,
    "295":0.0,
    "296":0.0,
    "297":0.0,
    "298":0.0,