{
    "0":7.976479611402275,
    "1":8.091524990412886,
    "2":4.716860539434999,
    "3":1.9174229835101624,
    "4":2.594912437683753,
    "5":3.0806595935063275,
    "6":3.0295283139460563,
    "7":2.2114278409817207,
    "8":2.32647321999233,
    "9":1.9046401636200947,
    "10":1.4700242873577911,
    "11":1.3166304486769782,
    "12":1.7001150453790106,
    "13":1.7768119647194172,
    "14":2.0452511824108397,
    "15":1.7768119647194172,
    "16":1.53393838680813,
    "17":1.7001150453790106,
    "18":1.5083727470279944,
    "19":1.521155566918062,
    "20":1.7895947846094848,
    "21":1.6745494055988752,
    "22":1.4955899271379267,
    "23":1.572286846478333,
    "24":1.6617665857088075,
    "25":1.3038476287869103,
    "26":1.6745494055988752,
    "27":1.3677617282372492,
    "28":1.3166304486769782,
    "29":1.1376709702160297,
    "30":0.9459286718650135,
    "31":1.0993225105458264,
    "32":1.0865396906557587,
    "33":1.073756870765691,
    "34":0.8053176530742681,
    "35":1.0481912309855554,
    "36":0.7030550939537262,
    "37":0.5880097149431165,
    "38":0.7030550939537262,
    "39":0.664706634283523,
    "40":0.5752268950530487,
    "41":0.46018151604243895,
    "42":0.6391409945033875,
    "43":0.7286207337338616,
    "44":0.4473986961523712,
    "45":0.6007925348331843,
    "46":0.6263581746133197,
    "47":0.5880097149431165,
    "48":0.47296433593250675,
    "49":0.5880097149431165,
    "50":0.35791895692189696,
    "51":0.3707017768119647,
    "52":0.4346158762623034,
    "53":0.4473986961523712,
    "54":0.3323533171417615,
    "55":0.28122203758149045,
    "56":0.409050236482168,
    "57":0.4473986961523712,
    "58":0.29400485747155825,
    "59":0.24287357791128722,
    "60":0.4985299757126422,
    "61":0.29400485747155825,
    "62":0.28122203758149045,
    "63":0.19174229835101625,
    "64":0.25565639780135496,
    "65":0.16617665857088074,
    "66":0.14061101879074522,
    "67":0.204525118241084,
    "68":0.153393838680813,
    "69":0.26843921769142276,
    "70":0.26843921769142276,
    "71":0.153393838680813,
    "72":0.2173079381311517,
    "73":0.2173079381311517,
    "74":0.28122203758149045,
    "75":0.12782819890067748,
    "76":0.2173079381311517,
    "77":0.204525118241084,
    "78":0.2173079381311517,
    "79":0.23009075802121948,
    "80":0.16617665857088074,
    "81":0.23009075802121948,
    "82":0.08947973923047424,
    "83":0.25565639780135496,
    "84":0.24287357791128722,
    "85":0.19174229835101625,
    "86":0.19174229835101625,
    "87":0.11504537901060974,
    "88":0.16617665857088074,
    "89":0.25565639780135496,
    "90":0.11504537901060974,
    "91":0.11504537901060974,
    "92":0.03834845967020325,
    "93":0.06391409945033874,
    "94":0.102262559120542,
    "95":0.14061101879074522,
    "96":0.153393838680813,
    "97":0.08947973923047424,
    "98":0.102262559120542,
    "99":0.12782819890067748,
    "100":0.17895947846094848,
    "101":0.102262559120542,
    "102":0.17895947846094848,
    "103":0.102262559120542,
    "104":0.08947973923047424,
    "105":0.2173079381311517,
    "106":0.102262559120542,
    "107":0.2173079381311517,
    "108":0.0766969193404065,
    "109":0.11504537901060974,
    "110":0.14061101879074522,
    "111":0.11504537901060974,
    "112":0.051131279560271,
    "113":0.06391409945033874,
    "114":0.08947973923047424,
    "115":0.08947973923047424,
    "116":0.19174229835101625,
    "117":0.051131279560271,
    "118":0.14061101879074522,
    "119":0.03834845967020325,
    "120":0.153393838680813,
    "121":0.08947973923047424,
    "122":0.01278281989006775,
    "123":0.06391409945033874,
    "124":0.0255656397801355,
    "125":0.08947973923047424,
    "126":0.0766969193404065,
    "127":0.03834845967020325,
    "128":0.051131279560271,
    "129":0.0766969193404065,
    "130":0.06391409945033874,
    "131":0.102262559120542,
    "132":0.03834845967020325,
    "133":0.06391409945033874,
    "134":0.11504537901060974,
    "135":0.06391409945033874,
    "136":0.06391409945033874,
    "137":0.06391409945033874,
    "138":0.051131279560271,
    "139":0.0255656397801355,
    "140":0.051131279560271,
    "141":0.03834845967020325,
    "142":0.03834845967020325,
    "143":0.051131279560271,
    "144":0.102262559120542,
    "145":0.01278281989006775,
    "146":0.0255656397801355,
    "147":0.0255656397801355,
    "148":0.102262559120542,
    "149":0.06391409945033874,
    "150":0.03834845967020325,
    "151":0.06391409945033874,
    "152":0.051131279560271,
    "153":0.08947973923047424,
    "154":0.03834845967020325,
    "155":0.0766969193404065,
    "156":0.03834845967020325,
    "157":0.01278281989006775,
    "158":0.0255656397801355,
    "159":0.0255656397801355,
    "160":0.03834845967020325,
    "161":0.01278281989006775,
    "162":0.03834845967020325,
    "163":0.051131279560271,
    "164":0.0,
    "165":0.01278281989006775,
    "166":0.051131279560271,
    "167":0.0255656397801355,
    "168":0.0,
    "169":0.01278281989006775,
    "170":0.01278281989006775,
    "171":0.051131279560271,
    "172":0.01278281989006775,
    "173":0.0255656397801355,
    "174":0.03834845967020325,
    "175":0.0255656397801355,
    "176":0.0255656397801355,
    "177":0.0,
    "178":0.0,
    "179":0.0,
    "180":0.0,
    "181":0.0,
    "182":0.01278281989006775,
    "183":0.0,
    "184":0.0,
    "185":0.0,
    "186":0.0,
    "187":0.0,
    "188":0.0,
    "189":0.0,
    "190":0.0,
    "191":0.0,
    "192":0.0,
    "193":0.0,
    "194":0.0,
    "195":0.0,
    "196":0.0,
    "197":0.0,
    "198":0.0,
    "199":0.0,
    "200":0.0,
    "201":0.0,
    "202":0.0,
    "203":0.0,
    "204":0.01278281989006775,
    "205":0.0,
    "206":0.0,
    "207":0.01278281989006775,
    "208":0.0,
    "209":0.0,
    "210":0.0,
    "211":0.01278281989006775,
    "212":0.0,
    "213":0.0,
    "214":0.0,
    "215":0.0,
    "216":0.0,
    "217":0.0,
    "218":0.0,
    "219":0.0,
    "220":0.0,
    "221":0.0,
    "222":0.0,
    "223":0.0,
    "224":0.0,
    "225":0.0,
    "226":0.0,
    "227":0.0,
    "228":0.0,
    "229":0.0,
    "230":0.0,
    "231":0.0,
    "232":0.0,
    "233":0.0,
    "234":0.0,
    "235":0.0,
    "236":0.0,
    "237":0.0,
    "238":0.0,
    "239":0.0,
    "240":0.0,
    "241":0.0,
    "242":0.0,
    "243":0.01278281989006775,
    "244":0.0,
    "245":0.0,
    "246":0.0,
    "247":0.0,
    "248":0.0,
    "249":0.0,
    "250":0.0,
    "251":0.0,
    "252":0.0,
    "253":0.0,
    "254":0.0,
    "255":0.0,
    "256":0.0,
    "257":0.0,
    "258":0.0,
    "259":0.0,
    "260":0.0,
    "261":0.0,
    "262":0.0,
    "263":0.0,
    "264":0.0,
    "265":0.0,
    "266":0.0,
    "267":0.0,
    "268":0.0,
    "269":0.0,
    "270":0.0,
    "271":0.0,
    "272":0.0,
    "273":0.0,
    "274":0.0,
    "275":0.0,
    "276":0.0,
    "277":0.0,
    "278":0.0,
    "279":0.0,
    "280":0.0,
    "281":0.0,
    "282":0.0,
    "283":0.0,
    "284":0.0,
    "285":0.0,
    "286":0.0,
    "287":0.0,
    "288":0.0,
    "289":0.0,
    "290":0.0,
    "291":0.0,
    "292":0.0,
    "293":0.0,
    "294":0.0,
    "295":0.0,
    "296":0.0,
    "297":0.0,
    "298":0.0,
    "299":0.0,
    "300":0.0,
    "301":0.0,
    "302":0.0,
    "303":0.0,
    "304":0.0,
    "305":0.0,
    "306":0.0,
    "307":0.0,
    "308":0.0,
    "309":0.0,
    "310":0.0,
    "311":0.0,
    "312":0.0,
    "313":0.0,
    "314":0.0,
    "315":0.0,
    "316":0.0,
    "317":0.0,
    "318":0.0,
    "319":0.0,
    "320":0.0,
    "321":0.0,
    "322":0.0,
    "323":0.0,
    "324":0.0,
    "325":0.0,
    "326":0.0,
    "327":0.0,
    "328":0.0,
    "329":0.0,
    "330":0.0,
    "331":0.0,
    "332":0.0,
    "333":0.0,
    "334":0.0,
    "335":0.0,
    "336":0.0,
    "337":0.0,
    "338":0.0,
    "339":0.0,
    "340":0.0,
    "341":0.0,
    "342":0.0,
    "343":0.0,
    "344":0.0,
    "345":0.0,
    "346":0.0,
    "347":0.0,
    "348":0.0,
    "349":0.0,
    "350":0.0,
    "351":0.0,
    "352":0.0,
    "353":0.0,
    "354":0.0,
    "355":0.0,
    "356":0.0,