{
    "0":3.576034705123696,
    "1":5.440262633368508,
    "2":5.440262633368508,
    "3":5.639582600539336,
    "4":3.4118888498065423,
    "5":2.3566654941962715,
    "6":2.368390198147497,
    "7":2.3214913823425958,
    "8":2.579434869269551,
    "9":2.0049243756595145,
    "10":2.1456208230742173,
    "11":1.9580255598546137,
    "12":1.7587055926837847,
    "13":1.8525032242935866,
    "14":2.1573455270254427,
    "15":1.4186891780982531,
    "16":1.6062844413178567,
    "17":1.6062844413178567,
    "18":1.4421385860007034,
    "19":1.618009145269082,
    "20":1.5945597373666316,
    "21":1.7587055926837847,
    "22":1.4186891780982531,
    "23":1.8173291124399111,
    "24":1.6414585531715324,
    "25":1.8407785203423614,
    "26":1.6531832571227576,
    "27":1.4773126978543791,
    "28":1.7000820729276587,
    "29":1.2897174346347755,
    "30":1.2545433227810998,
    "31":1.2310939148786493,
    "32":1.0434986516590457,
    "33":0.9262516121467933,
    "34":1.1255715793176222,
    "35":0.8441786844882168,
    "36":1.066948059561496,
    "37":0.8441786844882168,
    "38":0.8559033884394419,
    "39":0.9262516121467933,
    "40":0.7034822370735139,
    "41":0.5510610857075859,
    "42":0.5979599015124868,
    "43":0.7152069410247391,
    "44":0.48071286200023444,
    "45":0.5627857896588111,
    "46":0.6683081252198383,
    "47":0.7386563489271896,
    "48":0.6917575331222886,
    "49":0.48071286200023444,
    "50":0.5745104936100363,
    "51":0.44553875014655875,
    "52":0.2579434869269551,
    "53":0.3400164145855317,
    "54":0.4220893422441084,
    "55":0.35174111853675694,
    "56":0.3986399343416579,
    "57":0.44553875014655875,
    "58":0.38691523039043263,
    "59":0.3751905264392074,
    "60":0.30484230273185603,
    "61":0.35174111853675694,
    "62":0.3751905264392074,
    "63":0.15242115136592801,
    "64":0.22276937507327937,
    "65":0.24621878297572986,
    "66":0.15242115136592801,
    "67":0.19931996717082895,
    "68":0.19931996717082895,
    "69":0.22276937507327937,
    "70":0.16414585531715323,
    "71":0.26966819087818034,
    "72":0.2579434869269551,
    "73":0.26966819087818034,
    "74":0.16414585531715323,
    "75":0.1875952632196037,
    "76":0.1875952632196037,
    "77":0.2110446711220542,
    "78":0.22276937507327937,
    "79":0.2110446711220542,
    "80":0.14069644741470277,
    "81":0.12897174346347756,
    "82":0.08207292765857661,
    "83":0.07034822370735139,
    "84":0.12897174346347756,
    "85":0.15242115136592801,
    "86":0.1055223355610271,
    "87":0.12897174346347756,
    "88":0.16414585531715323,
    "89":0.09379763160980185,
    "90":0.04689881580490093,
    "91":0.07034822370735139,
    "92":0.07034822370735139,
    "93":0.09379763160980185,
    "94":0.14069644741470277,
    "95":0.14069644741470277,
    "96":0.058623519756126154,
    "97":0.09379763160980185,
    "98":0.12897174346347756,
    "99":0.07034822370735139,
    "100":0.08207292765857661,
    "101":0.07034822370735139,
    "102":0.11724703951225231,
    "103":0.04689881580490093,
    "104":0.09379763160980185,
    "105":0.11724703951225231,
    "106":0.04689881580490093,
    "107":0.08207292765857661,
    "108":0.08207292765857661,
    "109":0.07034822370735139,
    "110":0.023449407902450464,
    "111":0.11724703951225231,
    "112":0.08207292765857661,
    "113":0.1055223355610271,
    "114":0.11724703951225231,
    "115":0.07034822370735139,
    "116":0.035174111853675694,
    "117":0.1055223355610271,
    "118":0.04689881580490093,
    "119":0.04689881580490093,
    "120":0.035174111853675694,
    "121":0.058623519756126154,
    "122":0.058623519756126154,
    "123":0.04689881580490093,
    "124":0.011724703951225232,
    "125":0.04689881580490093,
    "126":0.023449407902450464,
    "127":0.07034822370735139,
    "128":0.023449407902450464,
    "129":0.035174111853675694,
    "130":0.023449407902450464,
    "131":0.023449407902450464,
    "132":0.058623519756126154,
    "133":0.0,
    "134":0.023449407902450464,
    "135":0.07034822370735139,
    "136":0.09379763160980185,
    "137":0.035174111853675694,
    "138":0.011724703951225232,
    "139":0.035174111853675694,
    "140":0.011724703951225232,
    "141":0.011724703951225232,
    "142":0.023449407902450464,
    "143":0.023449407902450464,
    "144":0.023449407902450464,
    "145":0.07034822370735139,
    "146":0.011724703951225232,
    "147":0.0,
    "148":0.011724703951225232,
    "149":0.011724703951225232,
    "150":0.035174111853675694,
    "151":0.035174111853675694,
    "152":0.023449407902450464,
    "153":0.0,
    "154":0.04689881580490093,
    "155":0.035174111853675694,
    "156":0.0,
    "157":0.0,
    "158":0.023449407902450464,
    "159":0.023449407902450464,
    "160":0.011724703951225232,
    "161":0.011724703951225232,
    "162":0.0,
    "163":0.0,
    "164":0.023449407902450464,
    "165":0.011724703951225232,
    "166":0.011724703951225232,
    "167":0.011724703951225232,
    "168":0.023449407902450464,
    "169":0.0,
    "170":0.0,
    "171":0.011724703951225232,
    "172":0.0,
    "173":0.0,
    "174":0.011724703951225232,
    "175":0.0,
    "176":0.0,
    "177":0.023449407902450464,
    "178":0.0,
    "179":0.0,
    "180":0.011724703951225232,
    "181":0.0,
    "182":0.023449407902450464,
    "183":0.023449407902450464,
    "184":0.0,
    "185":0.0,
    "186":0.0,
    "187":0.0,
    "188":0.0,
    "189":0.0,
    "190":0.011724703951225232,
    "191":0.023449407902450464,
    "192":0.0,
    "193":0.011724703951225232,
    "194":0.0,
    "195":0.0,
    "196":0.023449407902450464,
    "197":0.011724703951225232,
    "198":0.0,
    "199":0.0,
    "200":0.011724703951225232,
    "201":0.0,
    "202":0.0,
    "203":0.0,
    "204":0.011724703951225232,
    "205":0.011724703951225232,
    "206":0.011724703951225232,
    "207":0.011724703951225232,
    "208":0.035174111853675694,
    "209":0.023449407902450464,
    "210":0.0,
    "211":0.0,
    "212":0.011724703951225232,
    "213":0.0,
    "214":0.011724703951225232,
    "215":0.0,
    "216":0.0,
    "217":0.0,
    "218":0.011724703951225232,
    "219":0.011724703951225232,
    "220":0.023449407902450464,
    "221":0.011724703951225232,
    "222":0.0,
    "223":0.0,
    "224":0.011724703951225232,
    "225":0.0,
    "226":0.0,
    "227":0.035174111853675694,
    "228":0.0,
    "229":0.023449407902450464,
    "230":0.0,
    "231":0.023449407902450464,
    "232":0.011724703951225232,
    "233":0.011724703951225232,
    "234":0.0,
    "235":0.0,
    "236":0.0,
    "237":0.0,
    "238":0.0,
    "239":0.023449407902450464,
    "240":0.011724703951225232,
    "241":0.023449407902450464,
    "242":0.0,
    "243":0.0,
    "244":0.011724703951225232,
    "245":0.0,
    "246":0.011724703951225232,
    "247":0.023449407902450464,
    "248":0.011724703951225232,
    "249":0.0,
    "250":0.011724703951225232,
    "251":0.0,
    "252":0.0,
    "253":0.023449407902450464,
    "254":0.0,
    "255":0.011724703951225232,
    "256":0.011724703951225232,
    "257":0.0,
    "258":0.0,
    "259":0.0,
    "260":0.035174111853675694,
    "261":0.0,
    "262":0.0,
    "263":0.011724703951225232,
    "264":0.011724703951225232,
    "265":0.0,
    "266":0.011724703951225232,
    "267":0.011724703951225232,
    "268":0.011724703951225232,
    "269":0.0,
    "270":0.0,
    "271":0.011724703951225232,
    "272":0.0,
    "273":0.0,
    "274":0.0,
    "275":0.011724703951225232,
    "276":0.023449407902450464,
    "277":0.011724703951225232,
    "278":0.0,
    "279":0.011724703951225232,
    "280":0.0,
    "281":0.011724703951225232,
    "282":0.0,
    "283":0.011724703951225232,
    "284":0.0,
    "285":0.011724703951225232,
    "286":0.0,
    "287":0.0,
    "288":0.011724703951225232,
    "289":0.0,
    "290":0.0,
    "291":0.0,
    "292":0.011724703951225232,
    "293":0.011724703951225232,
    "294":0.011724703951225232,
    "295":0.011724703951225232,
    "296":0.0,
    "297":0.011724703951225232,
    "298":0.0,
    "299":0.0,