{
    "0":6.80774278215223,
    "1":5.298556430446194,
    "2":9.891732283464567,
    "3":4.429133858267717,
    "4":2.4606299212598426,
    "5":2.575459317585302,
    "6":2.345800524934383,
    "7":2.7723097112860895,
    "8":2.4606299212598426,
    "9":2.65748031496063,
    "10":2.5426509186351707,
    "11":2.2473753280839897,
    "12":1.968503937007874,
    "13":1.9028871391076114,
    "14":1.246719160104987,
    "15":1.3451443569553805,
    "16":1.246719160104987,
    "17":1.1154855643044619,
    "18":1.3615485564304464,
    "19":1.1646981627296589,
    "20":1.5255905511811023,
    "21":1.1482939632545932,
    "22":0.7053805774278216,
    "23":0.6561679790026247,
    "24":0.9678477690288715,
    "25":0.9678477690288715,
    "26":0.9186351706036745,
    "27":0.7217847769028871,
    "28":1.0006561679790027,
    "29":1.0006561679790027,
    "30":0.9678477690288715,
    "31":1.0170603674540681,
    "32":0.7381889763779528,
    "33":0.6069553805774278,
    "34":0.7874015748031495,
    "35":0.6561679790026247,
    "36":0.5741469816272966,
    "37":0.6069553805774278,
    "38":0.639763779527559,
    "39":0.6889763779527559,
    "40":0.5905511811023622,
    "41":0.8202099737532809,
    "42":0.45931758530183725,
    "43":0.6889763779527559,
    "44":0.5413385826771654,
    "45":0.8858267716535433,
    "46":0.6725721784776902,
    "47":0.639763779527559,
    "48":0.5905511811023622,
    "49":0.7381889763779528,
    "50":0.36089238845144356,
    "51":0.36089238845144356,
    "52":0.5085301837270341,
    "53":0.6069553805774278,
    "54":0.5905511811023622,
    "55":0.639763779527559,
    "56":0.42650918635170604,
    "57":0.45931758530183725,
    "58":0.36089238845144356,
    "59":0.36089238845144356,
    "60":0.639763779527559,
    "61":0.41010498687664043,
    "62":0.6069553805774278,
    "63":0.41010498687664043,
    "64":0.5085301837270341,
    "65":0.2952755905511811,
    "66":0.2952755905511811,
    "67":0.44291338582677164,
    "68":0.2952755905511811,
    "69":0.22965879265091863,
    "70":0.24606299212598426,
    "71":0.31167979002624674,
    "72":0.37729658792650916,
    "73":0.18044619422572178,
    "74":0.31167979002624674,
    "75":0.22965879265091863,
    "76":0.22965879265091863,
    "77":0.22965879265091863,
    "78":0.19685039370078738,
    "79":0.19685039370078738,
    "80":0.18044619422572178,
    "81":0.14763779527559054,
    "82":0.14763779527559054,
    "83":0.24606299212598426,
    "84":0.22965879265091863,
    "85":0.24606299212598426,
    "86":0.14763779527559054,
    "87":0.21325459317585302,
    "88":0.11482939632545931,
    "89":0.14763779527559054,
    "90":0.22965879265091863,
    "91":0.14763779527559054,
    "92":0.16404199475065617,
    "93":0.13123359580052493,
    "94":0.27887139107611547,
    "95":0.16404199475065617,
    "96":0.22965879265091863,
    "97":0.16404199475065617,
    "98":0.24606299212598426,
    "99":0.13123359580052493,
    "100":0.11482939632545931,
    "101":0.11482939632545931,
    "102":0.13123359580052493,
    "103":0.14763779527559054,
    "104":0.14763779527559054,
    "105":0.06561679790026247,
    "106":0.13123359580052493,
    "107":0.13123359580052493,
    "108":0.06561679790026247,
    "109":0.09842519685039369,
    "110":0.14763779527559054,
    "111":0.16404199475065617,
    "112":0.049212598425196846,
    "113":0.09842519685039369,
    "114":0.14763779527559054,
    "115":0.09842519685039369,
    "116":0.06561679790026247,
    "117":0.16404199475065617,
    "118":0.03280839895013123,
    "119":0.016404199475065617,
    "120":0.06561679790026247,
    "121":0.0,
    "122":0.0,
    "123":0.0,
    "124":0.0,
    "125":0.016404199475065617,
    "126":0.0,
    "127":0.016404199475065617,
    "128":0.0,
    "129":0.0,
    "130":0.0,
    "131":0.0,
    "132":0.016404199475065617,
    "133":0.016404199475065617,
    "134":0.0,
    "135":0.0,
    "136":0.0,
    "137":0.016404199475065617,
    "138":0.016404199475065617,
    "139":0.0,
    "140":0.0,
    "141":0.016404199475065617,
    "142":0.0,
    "143":0.016404199475065617,
    "144":0.0,
    "145":0.0,
    "146":0.016404199475065617,
    "147":0.0,
    "148":0.0,
    "149":0.03280839895013123,
    "150":0.0,
    "151":0.03280839895013123,
    "152":0.016404199475065617,
    "153":0.0,
    "154":0.016404199475065617,
    "155":0.0,
    "156":0.0,
    "157":0.016404199475065617,
    "158":0.03280839895013123,
    "159":0.08202099737532809,
    "160":0.016404199475065617,
    "161":0.016404199475065617,
    "162":0.03280839895013123,
    "163":0.0,
    "164":0.0,
    "165":0.0,
    "166":0.0,
    "167":0.016404199475065617,
    "168":0.0,
    "169":0.03280839895013123,
    "170":0.0,
    "171":0.0,
    "172":0.0,
    "173":0.016404199475065617,
    "174":0.0,
    "175":0.0,
    "176":0.0,
    "177":0.016404199475065617,
    "178":0.0,
    "179":0.0,
    "180":0.0,
    "181":0.016404199475065617,
    "182":0.016404199475065617,
    "183":0.0,
    "184":0.0,
    "185":0.0,
    "186":0.016404199475065617,
    "187":0.016404199475065617,
    "188":0.0,
    "189":0.0,
    "190":0.0,
    "191":0.016404199475065617,
    "192":0.0,
    "193":0.0,
    "194":0.0,
    "195":0.0,
    "196":0.0,
    "197":0.0,
    "198":0.049212598425196846,
    "199":0.0,
    "200":0.016404199475065617,
    "201":0.0,
    "202":0.0,
    "203":0.0,
    "204":0.0,
    "205":0.0,
    "206":0.0,
    "207":0.0,
    "208":0.016404199475065617,
    "209":0.0,
    "210":0.0,
    "211":0.0,
    "212":0.0,
    "213":0.0,
    "214":0.016404199475065617,
    "215":0.0,
    "216":0.016404199475065617,
    "217":0.0,
    "218":0.016404199475065617,
    "219":0.0,
    "220":0.0,
    "221":0.016404199475065617,
    "222":0.0,
    "223":0.0,
    "224":0.016404199475065617,
    "225":0.03280839895013123,
    "226":0.0,
    "227":0.0,
    "228":0.0,
    "229":0.0,
    "230":0.016404199475065617,
    "231":0.0,
    "232":0.016404199475065617,
    "233":0.0,
    "234":0.016404199475065617,
    "235":0.0,
    "236":0.03280839895013123,
    "237":0.0,
    "238":0.0,
    "239":0.016404199475065617,
    "240":0.03280839895013123,
    "241":0.0,
    "242":0.016404199475065617,
    "243":0.03280839895013123,
    "244":0.0,
    "245":0.0,
    "246":0.016404199475065617,
    "247":0.0,
    "248":0.016404199475065617,
    "249":0.016404199475065617,
    "250":0.0,
    "251":0.0,
    "252":0.0,
    "253":0.0,
    "254":0.0,
    "255":0.03280839895013123,
    "256":0.016404199475065617,
    "257":0.0,
    "258":0.0,
    "259":0.0,
    "260":0.0,
    "261":0.0,
    "262":0.0,
    "263":0.0,
    "264":0.016404199475065617,
    "265":0.016404199475065617,
    "266":0.016404199475065617,
    "267":0.0,
    "268":0.016404199475065617,
    "269":0.0,
    "270":0.0,
    "271":0.016404199475065617,
    "272":0.0,
    "273":0.016404199475065617,
    "274":0.0,
    "275":0.016404199475065617,
    "276":0.0,
    "277":0.0,
    "278":0.016404199475065617,
    "279":0.016404199475065617,
    "280":0.016404199475065617,
    "281":0.0,
    "282":0.016404199475065617,
    "283":0.0,
    "284":0.0,
    "285":0.016404199475065617,
    "286":0.016404199475065617,
    "287":0.0,
    "288":0.0,
    "289":0.016404199475065617,
    "290":0.0,
    "291":0.0,
    "292":0.0,
    "293":0.0,
    "294":0.0,
    "295":0.0,
    "296":0.0,
    "297":0.0,
    "298":0.0,
    "299":0.0,
    "300":0.0,
    "301":0.0,
    "302":0.0,
    "303":0.0,
    "304":0.0,
    "305":0.0,
    "306":0.0,
    "307":0.0,
    "308":0.0,
    "309":0.0,
    "310":0.0,
    "311":0.0,
    "312":0.0,
    "313":0.0,
    "314":0.0,
    "315":0.0,
    "316":0.0,
    "317":0.0,
    "318":0.0,
    "319":0.0,
    "320":0.0,
    "321":0.0,
    "322":0.0,
    "323":0.0,
    "324":0.0,
    "325":0.0,
    "326":0.0,
    "327":0.0,
    "328":0.0,
    "329":0.0,
    "330":0.0,
    "331":0.0,
    "332":0.0,
    "333":0.0,
    "334":0.0,
    "335":0.0,
    "336":0.0,
    "337":0.0,
    "338":0.0,
    "339":0.0,
    "340":0.0,
    "341":0.0,
    "342":0.0,
    "343":0.0,