{
    "0":0.7202016564638098,
    "1":1.620453727043572,
    "2":2.142599927979834,
    "3":2.19661505221462,
    "4":2.412675549153763,
    "5":2.340655383507382,
    "6":2.394670507742168,
    "7":1.386388188692834,
    "8":1.4764133957508103,
    "9":1.4043932301044293,
    "10":1.7104789341015485,
    "11":1.3503781058696434,
    "12":1.2243428159884768,
    "13":1.5124234785740007,
    "14":1.7284839755131436,
    "15":2.124594886568239,
    "16":1.8905293482175007,
    "17":2.2686352178610014,
    "18":2.0885848037450487,
    "19":1.962549513863882,
    "20":2.2866402592725965,
    "21":1.6564638098667626,
    "22":1.8005041411595246,
    "23":1.5844436442203818,
    "24":1.620453727043572,
    "25":1.5664386028087864,
    "26":1.0082823190493337,
    "27":1.7824990997479293,
    "28":1.2783579402232625,
    "29":1.2243428159884768,
    "30":0.9362621534029528,
    "31":0.7562117392870004,
    "32":0.9182571119913576,
    "33":0.7021966150522146,
    "34":0.9362621534029528,
    "35":0.7021966150522146,
    "36":0.8642419877565718,
    "37":0.5761613251710479,
    "38":0.7202016564638098,
    "39":0.7382066978754052,
    "40":0.810226863521786,
    "41":0.7562117392870004,
    "42":0.7202016564638098,
    "43":0.6661865322290241,
    "44":1.026287360460929,
    "45":0.7202016564638098,
    "46":0.7202016564638098,
    "47":0.7202016564638098,
    "48":0.7382066978754052,
    "49":0.9182571119913576,
    "50":0.7202016564638098,
    "51":0.7562117392870004,
    "52":0.5221462009362622,
    "53":0.7202016564638098,
    "54":0.7382066978754052,
    "55":0.6301764494058336,
    "56":0.7382066978754052,
    "57":0.6661865322290241,
    "58":0.6841915736406193,
    "59":0.6841915736406193,
    "60":0.6121714079942384,
    "61":0.5581562837594527,
    "62":0.6121714079942384,
    "63":0.5761613251710479,
    "64":0.5581562837594527,
    "65":0.8282319049333813,
    "66":0.6661865322290241,
    "67":0.5761613251710479,
    "68":0.810226863521786,
    "69":0.5941663665826431,
    "70":0.45012603528988115,
    "71":0.4681310767014764,
    "72":0.5401512423478574,
    "73":0.6121714079942384,
    "74":0.4861361181130717,
    "75":0.4321209938782859,
    "76":0.6121714079942384,
    "77":0.4321209938782859,
    "78":0.5041411595246669,
    "79":0.3601008282319049,
    "80":0.32409074540871446,
    "81":0.45012603528988115,
    "82":0.5221462009362622,
    "83":0.5041411595246669,
    "84":0.39611091105509544,
    "85":0.2340655383507382,
    "86":0.3781058696435002,
    "87":0.3601008282319049,
    "88":0.28808066258552395,
    "89":0.2340655383507382,
    "90":0.3060857039971192,
    "91":0.2340655383507382,
    "92":0.3601008282319049,
    "93":0.41411595246669064,
    "94":0.28808066258552395,
    "95":0.39611091105509544,
    "96":0.41411595246669064,
    "97":0.3060857039971192,
    "98":0.18005041411595246,
    "99":0.34209578682030967,
    "100":0.21606049693914295,
    "101":0.19805545552754772,
    "102":0.14404033129276198,
    "103":0.16204537270435723,
    "104":0.14404033129276198,
    "105":0.12603528988116672,
    "106":0.12603528988116672,
    "107":0.19805545552754772,
    "108":0.19805545552754772,
    "109":0.09002520705797623,
    "110":0.09002520705797623,
    "111":0.19805545552754772,
    "112":0.09002520705797623,
    "113":0.07202016564638099,
    "114":0.18005041411595246,
    "115":0.10803024846957147,
    "116":0.16204537270435723,
    "117":0.05401512423478574,
    "118":0.12603528988116672,
    "119":0.09002520705797623,
    "120":0.10803024846957147,
    "121":0.05401512423478574,
    "122":0.10803024846957147,
    "123":0.07202016564638099,
    "124":0.10803024846957147,
    "125":0.018005041411595247,
    "126":0.07202016564638099,
    "127":0.05401512423478574,
    "128":0.036010082823190494,
    "129":0.07202016564638099,
    "130":0.07202016564638099,
    "131":0.036010082823190494,
    "132":0.12603528988116672,
    "133":0.07202016564638099,
    "134":0.14404033129276198,
    "135":0.09002520705797623,
    "136":0.10803024846957147,
    "137":0.036010082823190494,
    "138":0.07202016564638099,
    "139":0.07202016564638099,
    "140":0.07202016564638099,
    "141":0.07202016564638099,
    "142":0.05401512423478574,
    "143":0.05401512423478574,
    "144":0.05401512423478574,
    "145":0.036010082823190494,
    "146":0.05401512423478574,
    "147":0.0,
    "148":0.036010082823190494,
    "149":0.036010082823190494,
    "150":0.0,
    "151":0.018005041411595247,
    "152":0.05401512423478574,
    "153":0.036010082823190494,
    "154":0.0,
    "155":0.05401512423478574,
    "156":0.018005041411595247,
    "157":0.018005041411595247,
    "158":0.0,
    "159":0.018005041411595247,
    "160":0.0,
    "161":0.0,
    "162":0.0,
    "163":0.018005041411595247,
    "164":0.018005041411595247,
    "165":0.036010082823190494,
    "166":0.05401512423478574,
    "167":0.07202016564638099,
    "168":0.05401512423478574,
    "169":0.036010082823190494,
    "170":0.018005041411595247,
    "171":0.036010082823190494,
    "172":0.07202016564638099,
    "173":0.018005041411595247,
    "174":0.018005041411595247,
    "175":0.018005041411595247,
    "176":0.0,
    "177":0.036010082823190494,
    "178":0.0,
    "179":0.0,
    "180":0.036010082823190494,
    "181":0.036010082823190494,
    "182":0.0,
    "183":0.07202016564638099,
    "184":0.018005041411595247,
    "185":0.0,
    "186":0.0,
    "187":0.018005041411595247,
    "188":0.018005041411595247,
    "189":0.018005041411595247,
    "190":0.018005041411595247,
    "191":0.0,
    "192":0.018005041411595247,
    "193":0.0,
    "194":0.018005041411595247,
    "195":0.0,
    "196":0.0,
    "197":0.018005041411595247,
    "198":0.036010082823190494,
    "199":0.018005041411595247,
    "200":0.036010082823190494,
    "201":0.036010082823190494,
    "202":0.0,
    "203":0.018005041411595247,
    "204":0.036010082823190494,
    "205":0.0,
    "206":0.018005041411595247,
    "207":0.0,
    "208":0.018005041411595247,
    "209":0.0,
    "210":0.05401512423478574,
    "211":0.036010082823190494,
    "212":0.0,
    "213":0.018005041411595247,
    "214":0.0,
    "215":0.036010082823190494,
    "216":0.018005041411595247,
    "217":0.0,
    "218":0.018005041411595247,
    "219":0.018005041411595247,
    "220":0.0,
    "221":0.036010082823190494,
    "222":0.018005041411595247,
    "223":0.018005041411595247,
    "224":0.036010082823190494,
    "225":0.0,
    "226":0.05401512423478574,
    "227":0.0,
    "228":0.036010082823190494,
    "229":0.05401512423478574,
    "230":0.0,
    "231":0.036010082823190494,
    "232":0.0,
    "233":0.036010082823190494,
    "234":0.018005041411595247,
    "235":0.0,
    "236":0.05401512423478574,
    "237":0.0,
    "238":0.0,
    "239":0.036010082823190494,
    "240":0.0,
    "241":0.018005041411595247,
    "242":0.036010082823190494,
    "243":0.0,
    "244":0.036010082823190494,
    "245":0.018005041411595247,
    "246":0.0,
    "247":0.0,
    "248":0.0,
    "249":0.05401512423478574,
    "250":0.018005041411595247,
    "251":0.0,
    "252":0.036010082823190494,
    "253":0.0,
    "254":0.0,
    "255":0.05401512423478574,
    "256":0.018005041411595247,
    "257":0.018005041411595247,
    "258":0.0,
    "259":0.018005041411595247,
    "260":0.018005041411595247,
    "261":0.05401512423478574,
    "262":0.05401512423478574,
    "263":0.05401512423478574,
    "264":0.05401512423478574,
    "265":0.05401512423478574,
    "266":0.0,
    "267":0.0,
    "268":0.0,
    "269":0.0,
    "270":0.0,
    "271":0.0,
    "272":0.0,
    "273":0.018005041411595247,
    "274":0.0,
    "275":0.0,
    "276":0.0,
    "277":0.0,
    "278":0.0,
    "279":0.0,
    "280":0.0,
    "281":0.0,
    "282":0.0,
    "283":0.0,
    "284":0.0,
    "285":0.0,
    "286":0.0,
    "287":0.0,
    "288":0.0,
    "289":0.018005041411595247,
    "290":0.0,
    "291":0.0,
    "292":0.0,
    "293":0.0,
    "294":0.0,
    "295":0.0,
    "296":0.0,
    "297":0.0,
    "298":0.0,
    "299":0.0,