{
    "0":[
        [
            -19.918940067874736,
            -43.942893765982745,
            "300000000001",
            "0"
        ]
    ],
    "1":[
        [
            -19.92092151090995,
            -43.94554230272549,
            "300000000002",
            "3"
        ]
    ],
    "10":[
        [
            -19.92250513202434,
            -43.94286365450417,
            "300000000011",
            "3"
        ]
    ],
    "11":[
        [
            -19.919709663753107,
            -43.94210637809782,
            "300000000012",
            "4"
        ]
    ],
    "12":[
        [
            -19.916147411263246,
            -43.94285991502361,
            "8979076627",
            "4"
        ]
    ],
    "13":[
        [
            -19.920517079345192,
            -43.94148344484749,
            "300000000014",
            "1"
        ]
    ],
    "14":[
        [
            -19.919562100025484,
            -43.94463571998321,
            "300000000015",
            "5"
        ]
    ],
    "15":[
        [
            -19.918065910399157,
            -43.94432849525651,
            "300000000016",
            "2"
        ]
    ],
    "16":[
        [
            -19.917551339104467,
            -43.9443150776216,
            "300000000017",
            "1"
        ]
    ],
    "17":[
        [
            -19.924703080558505,
            -43.944692957586966,
            "300000000018",
            "3"
        ]
    ],
    "18":[
        [
            -19.91942666527463,
            -43.94220763105558,
            "300000000019",
            "4"
        ]
    ],
    "19":[
        [
            -19.915238255527242,
            -43.94602687120339,
            "8984891562",
            "4"
        ]
    ],
    "2":[
        [
            -19.921606653864306,
            -43.940814711803334,
            "300000000003",
            "1"
        ]
    ],
    "20":[
        [
            -19.91984621691184,
            -43.943047244746445,
            "300000000021",
            "5"
        ]
    ],
    "21":[
        [
            -19.919223595780437,
            -43.946486036813276,
            "300000000022",
            "0"
        ]
    ],
    "22":[
        [
            -19.918733491290425,
            -43.94117480475052,
            "300000000023",
            "3"
        ]
    ],
    "23":[
        [
            -19.919874000445194,
            -43.942583267233786,
            "300000000024",
            "0"
        ]
    ],
    "3":[
        [
            -19.922191764576823,
            -43.94047437502447,
            "300000000004",
            "4"
        ]
    ],
    "4":[
        [
            -19.922035167602264,
            -43.94440648717589,
            "300000000005",
            "3"
        ]
    ],
    "5":[
        [
            -19.91985097364872,
            -43.94426964024391,
            "300000000006",
            "0"
        ]
    ],
    "6":[
        [
            -19.91936391792502,
            -43.94131292551249,
            "300000000007",
            "3"
        ]
    ],
    "7":[
        [
            -19.923212723562205,
            -43.94412421095419,
            "300000000008",
            "4"
        ]
    ],
    "8":[
        [
            -19.920308980206173,
            -43.94133514463136,
            "300000000009",
            "1"
        ]
    ],
    "9":[
        [
            -19.92078401540657,
            -43.94252494848966,
            "300000000010",
            "0"
        ]
    ],
    "total_length":5910.184071766762,
    "total_time":1.7797846794128418
}