{
    "0":3.352366918401179,
    "1":0.1841959845275373,
    "2":0.6999447412046418,
    "3":2.247191011235955,
    "4":2.9839749493461043,
    "5":1.7498618530116041,
    "6":1.6577638607478358,
    "7":1.0499171118069628,
    "8":1.6946030576533433,
    "9":1.4183090808620373,
    "10":1.1788543009762387,
    "11":1.1788543009762387,
    "12":1.031497513354209,
    "13":1.2525326947872537,
    "14":0.9025603241849327,
    "15":0.884140725732179,
    "16":0.8288819303739179,
    "17":0.755203536562903,
    "18":0.957819119543194,
    "19":0.7736231350156566,
    "20":0.6999447412046418,
    "21":0.8657211272794254,
    "22":0.9025603241849327,
    "23":1.031497513354209,
    "24":0.9025603241849327,
    "25":0.9946583164487014,
    "26":1.3814698839565298,
    "27":1.4919874746730521,
    "28":1.1051759071652238,
    "29":1.0499171118069628,
    "30":1.6025050653895745,
    "31":1.5288266715785597,
    "32":1.08675630871247,
    "33":1.0499171118069628,
    "34":0.9393995210904402,
    "35":1.1051759071652238,
    "36":0.6999447412046418,
    "37":1.031497513354209,
    "38":0.9946583164487014,
    "39":1.0499171118069628,
    "40":0.7736231350156566,
    "41":0.8288819303739179,
    "42":0.9762387179959477,
    "43":0.7920427334684104,
    "44":0.681525142751888,
    "45":0.7920427334684104,
    "46":0.8657211272794254,
    "47":0.9209799226376865,
    "48":0.6446859458463805,
    "49":0.755203536562903,
    "50":0.755203536562903,
    "51":0.478909559771597,
    "52":0.6262663473936269,
    "53":0.5525879535826119,
    "54":0.5525879535826119,
    "55":0.6262663473936269,
    "56":0.6262663473936269,
    "57":0.7367839381101492,
    "58":0.46048996131884323,
    "59":0.5710075520353656,
    "60":0.681525142751888,
    "61":0.5341683551298582,
    "62":0.478909559771597,
    "63":0.6631055442991343,
    "64":0.4236507644133358,
    "65":0.4420703628660895,
    "66":0.4973291582243507,
    "67":0.4236507644133358,
    "68":0.3683919690550746,
    "69":0.40523116596058206,
    "70":0.4236507644133358,
    "71":0.40523116596058206,
    "72":0.40523116596058206,
    "73":0.4236507644133358,
    "74":0.46048996131884323,
    "75":0.3499723706023209,
    "76":0.5157487566771045,
    "77":0.4236507644133358,
    "78":0.4236507644133358,
    "79":0.40523116596058206,
    "80":0.29471357524405967,
    "81":0.5157487566771045,
    "82":0.6262663473936269,
    "83":0.3868115675078283,
    "84":0.5341683551298582,
    "85":0.4973291582243507,
    "86":0.4973291582243507,
    "87":0.29471357524405967,
    "88":0.4420703628660895,
    "89":0.3868115675078283,
    "90":0.40523116596058206,
    "91":0.3868115675078283,
    "92":0.27629397679130596,
    "93":0.2394547798857985,
    "94":0.33155277214956713,
    "95":0.3131331736968134,
    "96":0.29471357524405967,
    "97":0.4420703628660895,
    "98":0.3131331736968134,
    "99":0.5341683551298582,
    "100":0.2394547798857985,
    "101":0.3868115675078283,
    "102":0.25787437833855226,
    "103":0.33155277214956713,
    "104":0.3499723706023209,
    "105":0.27629397679130596,
    "106":0.25787437833855226,
    "107":0.4420703628660895,
    "108":0.46048996131884323,
    "109":0.3868115675078283,
    "110":0.4236507644133358,
    "111":0.25787437833855226,
    "112":0.25787437833855226,
    "113":0.4973291582243507,
    "114":0.3131331736968134,
    "115":0.20261558298029103,
    "116":0.3499723706023209,
    "117":0.20261558298029103,
    "118":0.3868115675078283,
    "119":0.4236507644133358,
    "120":0.3868115675078283,
    "121":0.22103518143304474,
    "122":0.33155277214956713,
    "123":0.3499723706023209,
    "124":0.22103518143304474,
    "125":0.33155277214956713,
    "126":0.33155277214956713,
    "127":0.33155277214956713,
    "128":0.3868115675078283,
    "129":0.27629397679130596,
    "130":0.20261558298029103,
    "131":0.29471357524405967,
    "132":0.3683919690550746,
    "133":0.12893718916927613,
    "134":0.22103518143304474,
    "135":0.22103518143304474,
    "136":0.16577638607478357,
    "137":0.33155277214956713,
    "138":0.20261558298029103,
    "139":0.20261558298029103,
    "140":0.2394547798857985,
    "141":0.25787437833855226,
    "142":0.2394547798857985,
    "143":0.20261558298029103,
    "144":0.1841959845275373,
    "145":0.2394547798857985,
    "146":0.2394547798857985,
    "147":0.14735678762202983,
    "148":0.2394547798857985,
    "149":0.14735678762202983,
    "150":0.1841959845275373,
    "151":0.22103518143304474,
    "152":0.22103518143304474,
    "153":0.16577638607478357,
    "154":0.09209799226376865,
    "155":0.07367839381101492,
    "156":0.14735678762202983,
    "157":0.16577638607478357,
    "158":0.20261558298029103,
    "159":0.14735678762202983,
    "160":0.11051759071652237,
    "161":0.14735678762202983,
    "162":0.03683919690550746,
    "163":0.055258795358261184,
    "164":0.09209799226376865,
    "165":0.12893718916927613,
    "166":0.055258795358261184,
    "167":0.03683919690550746,
    "168":0.1841959845275373,
    "169":0.09209799226376865,
    "170":0.055258795358261184,
    "171":0.07367839381101492,
    "172":0.07367839381101492,
    "173":0.01841959845275373,
    "174":0.11051759071652237,
    "175":0.07367839381101492,
    "176":0.07367839381101492,
    "177":0.14735678762202983,
    "178":0.055258795358261184,
    "179":0.055258795358261184,
    "180":0.12893718916927613,
    "181":0.09209799226376865,
    "182":0.07367839381101492,
    "183":0.055258795358261184,
    "184":0.07367839381101492,
    "185":0.11051759071652237,
    "186":0.16577638607478357,
    "187":0.09209799226376865,
    "188":0.07367839381101492,
    "189":0.055258795358261184,
    "190":0.055258795358261184,
    "191":0.09209799226376865,
    "192":0.055258795358261184,
    "193":0.03683919690550746,
    "194":0.09209799226376865,
    "195":0.03683919690550746,
    "196":0.16577638607478357,
    "197":0.01841959845275373,
    "198":0.03683919690550746,
    "199":0.07367839381101492,
    "200":0.03683919690550746,
    "201":0.01841959845275373,
    "202":0.09209799226376865,
    "203":0.055258795358261184,
    "204":0.03683919690550746,
    "205":0.0,
    "206":0.01841959845275373,
    "207":0.055258795358261184,
    "208":0.01841959845275373,
    "209":0.03683919690550746,
    "210":0.09209799226376865,
    "211":0.09209799226376865,
    "212":0.01841959845275373,
    "213":0.09209799226376865,
    "214":0.01841959845275373,
    "215":0.03683919690550746,
    "216":0.0,
    "217":0.055258795358261184,
    "218":0.03683919690550746,
    "219":0.03683919690550746,
    "220":0.0,
    "221":0.0,
    "222":0.03683919690550746,
    "223":0.01841959845275373,
    "224":0.055258795358261184,
    "225":0.0,
    "226":0.0,
    "227":0.0,
    "228":0.0,
    "229":0.0,
    "230":0.0,
    "231":0.0,
    "232":0.0,
    "233":0.0,
    "234":0.0,
    "235":0.0,
    "236":0.0,
    "237":0.0,
    "238":0.0,
    "239":0.0,
    "240":0.0,
    "241":0.0,
    "242":0.0,
    "243":0.0,
    "244":0.0,
    "245":0.0,
    "246":0.0,
    "247":0.0,
    "248":0.0,
    "249":0.0,
    "250":0.0,
    "251":0.0,
    "252":0.0,
    "253":0.0,
    "254":0.0,
    "255":0.0,
    "256":0.0,
    "257":0.0,
    "258":0.0,
    "259":0.0,
    "260":0.0,
    "261":0.0,
    "262":0.0,
    "263":0.0,
    "264":0.0,
    "265":0.0,
    "266":0.0,
    "267":0.0,
    "268":0.0,
    "269":0.0,
    "270":0.0,
    "271":0.0,
    "272":0.0,
    "273":0.0,
    "274":0.0,
    "275":0.0,
    "276":0.0,
    "277":0.0,
    "278":0.0,
    "279":0.0,
    "280":0.0,
    "281":0.0,
    "282":0.0,
    "283":0.0,
    "284":0.0,
    "285":0.0,
    "286":0.0,
    "287":0.0,
    "288":0.0,
    "289":0.0,
    "290":0.0,
    "291":0.0,
    "292":0.0,
    "293":0.0,
    "294":0.0,
    "295":0.0,
    "296":0.0,
    "297":0.0,
    "298":0.0,
    "299":0.0,
    "300":0.0,
    "301":0.0,
    "302":0.0,
    "303":0.0,
    "304":0.0,
    "305":0.0,
    "306":0.0,
    "307":0.0,
    "308":0.0,
    "309":0.0,
    "310":0.0,
    "311":0.0,