{
    "0":5.018173291124399,
    "1":1.465587993903154,
    "2":2.9663500996599836,
    "3":2.9663500996599836,
    "4":2.473912533708524,
    "5":1.2897174346347755,
    "6":2.075272599366866,
    "7":1.8290538163911363,
    "8":2.0400984875131902,
    "9":2.4973619416109742,
    "10":2.4856372376597493,
    "11":2.368390198147497,
    "12":2.2628678625864698,
    "13":1.8642279282448118,
    "14":2.1104467112205416,
    "15":1.7938797045374604,
    "16":1.9228514480009378,
    "17":2.01664907961074,
    "18":1.4538632899519286,
    "19":1.4421385860007034,
    "20":1.266268026732325,
    "21":1.676632665025208,
    "22":1.7704302966350098,
    "23":1.4421385860007034,
    "24":1.3014421385860007,
    "25":1.4069644741470277,
    "26":1.5007621057568297,
    "27":1.266268026732325,
    "28":1.2897174346347755,
    "29":1.1490209872200725,
    "30":1.371790362293352,
    "31":1.2310939148786493,
    "32":1.0317739477078205,
    "33":1.2897174346347755,
    "34":1.1255715793176222,
    "35":1.3131668425372258,
    "36":1.2779927306835503,
    "37":1.3483409543909017,
    "38":1.266268026732325,
    "39":1.4304138820494783,
    "40":1.2310939148786493,
    "41":1.1255715793176222,
    "42":0.9614257240004689,
    "43":0.9262516121467933,
    "44":0.7152069410247391,
    "45":0.8910775002931175,
    "46":0.6096846054637121,
    "47":0.9379763160980185,
    "48":0.8441786844882168,
    "49":0.7269316449759643,
    "50":0.7855551647320905,
    "51":0.6565834212686129,
    "52":0.9145269081955681,
    "53":0.7972798686833158,
    "54":0.6448587173173878,
    "55":0.7269316449759643,
    "56":0.504162269902685,
    "57":0.6565834212686129,
    "58":0.5510610857075859,
    "59":0.5158869738539102,
    "60":0.5979599015124868,
    "61":0.4103646382928831,
    "62":0.5158869738539102,
    "63":0.3751905264392074,
    "64":0.35174111853675694,
    "65":0.4338140461953336,
    "66":0.4338140461953336,
    "67":0.3986399343416579,
    "68":0.22276937507327937,
    "69":0.28139289482940555,
    "70":0.2579434869269551,
    "71":0.2110446711220542,
    "72":0.28139289482940555,
    "73":0.12897174346347756,
    "74":0.30484230273185603,
    "75":0.19931996717082895,
    "76":0.12897174346347756,
    "77":0.07034822370735139,
    "78":0.2110446711220542,
    "79":0.17587055926837847,
    "80":0.1875952632196037,
    "81":0.11724703951225231,
    "82":0.16414585531715323,
    "83":0.11724703951225231,
    "84":0.15242115136592801,
    "85":0.12897174346347756,
    "86":0.15242115136592801,
    "87":0.07034822370735139,
    "88":0.08207292765857661,
    "89":0.1055223355610271,
    "90":0.12897174346347756,
    "91":0.08207292765857661,
    "92":0.14069644741470277,
    "93":0.1055223355610271,
    "94":0.058623519756126154,
    "95":0.09379763160980185,
    "96":0.04689881580490093,
    "97":0.07034822370735139,
    "98":0.023449407902450464,
    "99":0.11724703951225231,
    "100":0.07034822370735139,
    "101":0.035174111853675694,
    "102":0.04689881580490093,
    "103":0.08207292765857661,
    "104":0.09379763160980185,
    "105":0.09379763160980185,
    "106":0.11724703951225231,
    "107":0.07034822370735139,
    "108":0.058623519756126154,
    "109":0.08207292765857661,
    "110":0.1055223355610271,
    "111":0.08207292765857661,
    "112":0.07034822370735139,
    "113":0.11724703951225231,
    "114":0.07034822370735139,
    "115":0.07034822370735139,
    "116":0.09379763160980185,
    "117":0.08207292765857661,
    "118":0.07034822370735139,
    "119":0.12897174346347756,
    "120":0.08207292765857661,
    "121":0.035174111853675694,
    "122":0.07034822370735139,
    "123":0.011724703951225232,
    "124":0.04689881580490093,
    "125":0.04689881580490093,
    "126":0.058623519756126154,
    "127":0.04689881580490093,
    "128":0.023449407902450464,
    "129":0.08207292765857661,
    "130":0.09379763160980185,
    "131":0.08207292765857661,
    "132":0.07034822370735139,
    "133":0.023449407902450464,
    "134":0.058623519756126154,
    "135":0.04689881580490093,
    "136":0.035174111853675694,
    "137":0.08207292765857661,
    "138":0.035174111853675694,
    "139":0.035174111853675694,
    "140":0.035174111853675694,
    "141":0.058623519756126154,
    "142":0.07034822370735139,
    "143":0.058623519756126154,
    "144":0.023449407902450464,
    "145":0.07034822370735139,
    "146":0.08207292765857661,
    "147":0.058623519756126154,
    "148":0.0,
    "149":0.023449407902450464,
    "150":0.035174111853675694,
    "151":0.035174111853675694,
    "152":0.011724703951225232,
    "153":0.0,
    "154":0.04689881580490093,
    "155":0.023449407902450464,
    "156":0.04689881580490093,
    "157":0.07034822370735139,
    "158":0.035174111853675694,
    "159":0.04689881580490093,
    "160":0.04689881580490093,
    "161":0.023449407902450464,
    "162":0.023449407902450464,
    "163":0.04689881580490093,
    "164":0.07034822370735139,
    "165":0.08207292765857661,
    "166":0.04689881580490093,
    "167":0.023449407902450464,
    "168":0.011724703951225232,
    "169":0.04689881580490093,
    "170":0.011724703951225232,
    "171":0.011724703951225232,
    "172":0.04689881580490093,
    "173":0.07034822370735139,
    "174":0.023449407902450464,
    "175":0.023449407902450464,
    "176":0.058623519756126154,
    "177":0.04689881580490093,
    "178":0.09379763160980185,
    "179":0.011724703951225232,
    "180":0.035174111853675694,
    "181":0.058623519756126154,
    "182":0.035174111853675694,
    "183":0.04689881580490093,
    "184":0.035174111853675694,
    "185":0.011724703951225232,
    "186":0.011724703951225232,
    "187":0.058623519756126154,
    "188":0.035174111853675694,
    "189":0.0,
    "190":0.0,
    "191":0.011724703951225232,
    "192":0.023449407902450464,
    "193":0.011724703951225232,
    "194":0.011724703951225232,
    "195":0.011724703951225232,
    "196":0.011724703951225232,
    "197":0.0,
    "198":0.023449407902450464,
    "199":0.011724703951225232,
    "200":0.023449407902450464,
    "201":0.04689881580490093,
    "202":0.011724703951225232,
    "203":0.011724703951225232,
    "204":0.023449407902450464,
    "205":0.023449407902450464,
    "206":0.04689881580490093,
    "207":0.0,
    "208":0.0,
    "209":0.0,
    "210":0.0,
    "211":0.0,
    "212":0.0,
    "213":0.0,
    "214":0.011724703951225232,
    "215":0.0,
    "216":0.0,
    "217":0.0,
    "218":0.0,
    "219":0.023449407902450464,
    "220":0.0,
    "221":0.0,
    "222":0.0,
    "223":0.0,
    "224":0.0,
    "225":0.0,
    "226":0.0,
    "227":0.0,
    "228":0.0,
    "229":0.0,
    "230":0.0,
    "231":0.0,
    "232":0.0,
    "233":0.0,
    "234":0.0,
    "235":0.0,
    "236":0.0,
    "237":0.0,
    "238":0.0,
    "239":0.0,
    "240":0.0,
    "241":0.0,
    "242":0.0,
    "243":0.011724703951225232,
    "244":0.0,
    "245":0.0,
    "246":0.0,
    "247":0.0,
    "248":0.0,
    "249":0.0,
    "250":0.0,
    "251":0.0
}