{
    "0":10.063016935801498,
    "1":2.4419062623079952,
    "2":0.7680189050807404,
    "3":0.8074044899566759,
    "4":1.7132729421031903,
    "5":2.3631350925561243,
    "6":2.4812918471839307,
    "7":2.461599054745963,
    "8":2.0086648286727056,
    "9":1.260338716029933,
    "10":1.6148089799133518,
    "11":1.9692792437967706,
    "12":2.2252855454903506,
    "13":2.855454903505317,
    "14":1.8511224891689642,
    "15":2.2449783379283184,
    "16":2.3237495076801893,
    "17":2.5600630169358016,
    "18":2.1465143757384797,
    "19":2.5797558093737694,
    "20":2.461599054745963,
    "21":2.3040567152422216,
    "22":2.048050413548641,
    "23":1.476959432847578,
    "24":1.319417093343836,
    "25":1.3784954706577393,
    "26":1.2012603387160299,
    "27":1.7132729421031903,
    "28":1.4966522252855454,
    "29":1.595116187475384,
    "30":1.4375738479716424,
    "31":1.063410791650256,
    "32":1.1224891689641592,
    "33":1.1421819614021267,
    "34":0.7483261126427727,
    "35":0.8270972823946435,
    "36":0.6301693580149665,
    "37":1.0240252067743205,
    "38":0.8074044899566759,
    "39":0.7483261126427727,
    "40":0.8270972823946435,
    "41":0.669554942890902,
    "42":0.7089405277668374,
    "43":0.7089405277668374,
    "44":0.5907837731390311,
    "45":0.5907837731390311,
    "46":0.8861756597085466,
    "47":0.6498621504529343,
    "48":0.49231981094919264,
    "49":0.5513981882630957,
    "50":0.5710909807010633,
    "51":0.5513981882630957,
    "52":0.5513981882630957,
    "53":0.5907837731390311,
    "54":0.3544702638834187,
    "55":0.6498621504529343,
    "56":0.5907837731390311,
    "57":0.6104765655769988,
    "58":0.4332414336352895,
    "59":0.3544702638834187,
    "60":0.5710909807010633,
    "61":0.3938558487593541,
    "62":0.41354864119732176,
    "63":0.25600630169358013,
    "64":0.49231981094919264,
    "65":0.31508467900748327,
    "66":0.3938558487593541,
    "67":0.23631350925561243,
    "68":0.25600630169358013,
    "69":0.09846396218983852,
    "70":0.17723513194170934,
    "71":0.3544702638834187,
    "72":0.37416305632138636,
    "73":0.31508467900748327,
    "74":0.13784954706577393,
    "75":0.21662071681764475,
    "76":0.23631350925561243,
    "77":0.19692792437967704,
    "78":0.17723513194170934,
    "79":0.21662071681764475,
    "80":0.21662071681764475,
    "81":0.19692792437967704,
    "82":0.23631350925561243,
    "83":0.25600630169358013,
    "84":0.11815675462780621,
    "85":0.37416305632138636,
    "86":0.11815675462780621,
    "87":0.17723513194170934,
    "88":0.21662071681764475,
    "89":0.19692792437967704,
    "90":0.15754233950374164,
    "91":0.09846396218983852,
    "92":0.21662071681764475,
    "93":0.11815675462780621,
    "94":0.19692792437967704,
    "95":0.13784954706577393,
    "96":0.09846396218983852,
    "97":0.07877116975187082,
    "98":0.13784954706577393,
    "99":0.09846396218983852,
    "100":0.07877116975187082,
    "101":0.059078377313903106,
    "102":0.03938558487593541,
    "103":0.17723513194170934,
    "104":0.07877116975187082,
    "105":0.03938558487593541,
    "106":0.07877116975187082,
    "107":0.09846396218983852,
    "108":0.09846396218983852,
    "109":0.09846396218983852,
    "110":0.07877116975187082,
    "111":0.13784954706577393,
    "112":0.03938558487593541,
    "113":0.11815675462780621,
    "114":0.19692792437967704,
    "115":0.03938558487593541,
    "116":0.17723513194170934,
    "117":0.059078377313903106,
    "118":0.03938558487593541,
    "119":0.059078377313903106,
    "120":0.03938558487593541,
    "121":0.03938558487593541,
    "122":0.17723513194170934,
    "123":0.03938558487593541,
    "124":0.13784954706577393,
    "125":0.09846396218983852,
    "126":0.03938558487593541,
    "127":0.03938558487593541,
    "128":0.11815675462780621,
    "129":0.03938558487593541,
    "130":0.03938558487593541,
    "131":0.019692792437967704,
    "132":0.019692792437967704,
    "133":0.03938558487593541,
    "134":0.0,
    "135":0.03938558487593541,
    "136":0.019692792437967704,
    "137":0.0,
    "138":0.03938558487593541,
    "139":0.019692792437967704,
    "140":0.07877116975187082,
    "141":0.03938558487593541,
    "142":0.09846396218983852,
    "143":0.0,
    "144":0.019692792437967704,
    "145":0.0,
    "146":0.019692792437967704,
    "147":0.0,
    "148":0.0,
    "149":0.0,
    "150":0.0,
    "151":0.0,
    "152":0.0,
    "153":0.0,
    "154":0.0,
    "155":0.0,
    "156":0.0,
    "157":0.0,
    "158":0.019692792437967704,
    "159":0.0,
    "160":0.0,
    "161":0.0,
    "162":0.0,
    "163":0.0,
    "164":0.0,
    "165":0.019692792437967704,
    "166":0.0,
    "167":0.0,
    "168":0.0,
    "169":0.0,
    "170":0.0,
    "171":0.0,
    "172":0.0,
    "173":0.0,
    "174":0.0,
    "175":0.019692792437967704,
    "176":0.0,
    "177":0.0,
    "178":0.0,
    "179":0.0,
    "180":0.0,
    "181":0.0,
    "182":0.0,
    "183":0.0,
    "184":0.0,
    "185":0.0,
    "186":0.0,
    "187":0.0,
    "188":0.0,
    "189":0.019692792437967704,
    "190":0.0,
    "191":0.019692792437967704,
    "192":0.019692792437967704,
    "193":0.0,
    "194":0.0,
    "195":0.0,
    "196":0.0,
    "197":0.0,
    "198":0.0,
    "199":0.0,
    "200":0.0,
    "201":0.0,
    "202":0.0,
    "203":0.0,
    "204":0.0,
    "205":0.0,
    "206":0.0,
    "207":0.019692792437967704,
    "208":0.019692792437967704,
    "209":0.0,
    "210":0.0,
    "211":0.019692792437967704,
    "212":0.0,
    "213":0.03938558487593541,
    "214":0.0,
    "215":0.0,
    "216":0.0,
    "217":0.0,
    "218":0.0,
    "219":0.0,
    "220":0.0,
    "221":0.0,
    "222":0.0,
    "223":0.0,
    "224":0.0,
    "225":0.0,
    "226":0.0,
    "227":0.019692792437967704,
    "228":0.0,
    "229":0.0,
    "230":0.0,
    "231":0.0,
    "232":0.0,
    "233":0.0,
    "234":0.0,
    "235":0.0,
    "236":0.0,
    "237":0.0,
    "238":0.0,
    "239":0.0,
    "240":0.0,
    "241":0.0,
    "242":0.0,
    "243":0.0,
    "244":0.0,
    "245":0.019692792437967704,
    "246":0.0,
    "247":0.0,
    "248":0.0,
    "249":0.0,
    "250":0.0,
    "251":0.0,
    "252":0.0,
    "253":0.0,
    "254":0.0,
    "255":0.0,
    "256":0.0,
    "257":0.0,
    "258":0.0,
    "259":0.0,
    "260":0.0,
    "261":0.0,
    "262":0.0,
    "263":0.0,
    "264":0.0,
    "265":0.0,
    "266":0.0,
    "267":0.0,
    "268":0.0,
    "269":0.0,
    "270":0.0,
    "271":0.019692792437967704,
    "272":0.0,
    "273":0.019692792437967704,
    "274":0.0,
    "275":0.0,
    "276":0.0,
    "277":0.0,
    "278":0.0,
    "279":0.0,
    "280":0.0,
    "281":0.0,
    "282":0.0,
    "283":0.019692792437967704,
    "284":0.019692792437967704,
    "285":0.0,
    "286":0.0,
    "287":0.0,
    "288":0.0,
    "289":0.0,
    "290":0.0,
    "291":0.0,
    "292":0.0,
    "293":0.0,
    "294":0.019692792437967704,
    "295":0.0,
    "296":0.0,
    "297":0.0,
    "298":0.0,
    "299":0.0,
    "300":0.0,
    "301":0.0,
    "302":0.0,
    "303":0.0,
    "304":0.0,
    "305":0.0,
    "306":0.0,
    "307":0.0,
    "308":0.0,
    "309":0.0,
    "310":0.0,
    "311":0.0,
    "312":0.0,
    "313":0.0,
    "314":0.019692792437967704,
    "315":0.0,
    "316":0.0,
    "317":0.0,
    "318":0.0,
    "319":0.059078377313903106,
    "320":0.0,
    "321":0.0,
    "322":0.0,
    "323":0.0,
    "324":0.0,
    "325":0.0,
    "326":0.0,
    "327":0.0,
    "328":0.0,
    "329":0.0,
    "330":0.0,
    "331":0.0,
    "332":0.0,
    "333":0.0,
    "334":0.0,
    "335":0.0,
    "336":0.0,
    "337":0.0,
    "338":0.0,
    "339":0.0,
    "340":0.0,
    "341":0.0,
    "342":0.0,
    "343":0.0,
    "344":0.0,
    "345":0.0,
    "346":0.0,
    "347":0.0,
    "348":0.0,
    "349":0.0,
    "350":0.0,
    "351":0.0,
    "352":0.0,
    "353":0.0,
    "354":0.0,
    "355":0.0,
    "356":0.0,
    "357":0.0,
    "358":0.0,
    "359":0.0,
    "360":0.0,
    "361":0.0,
    "362":0.0,
    "363":0.0,
    "364":0.0,
    "365":0.0,
    "366":0.0,
    "367":0.0,
    "368":0.0,
    "369":0.0,