{
    "0":2.996422182468694,
    "1":3.190220632081097,
    "2":4.367918902802623,
    "3":1.937984496124031,
    "4":2.012522361359571,
    "5":3.2796660703637444,
    "6":2.8771615980918304,
    "7":2.7728085867620753,
    "8":2.3553965414430533,
    "9":2.191413237924866,
    "10":2.1168753726893264,
    "11":1.9230769230769231,
    "12":2.429934406678593,
    "13":2.2808586762075134,
    "14":2.2808586762075134,
    "15":2.0721526535480024,
    "16":1.8485390578413834,
    "17":1.520572450805009,
    "18":1.8336314847942754,
    "19":1.3864042933810377,
    "20":1.550387596899225,
    "21":1.3565891472868217,
    "22":1.550387596899225,
    "23":1.4758497316636852,
    "24":1.6547406082289804,
    "25":1.6398330351818722,
    "26":1.3565891472868217,
    "27":1.4758497316636852,
    "28":1.535480023852117,
    "29":1.5802027429934407,
    "30":1.5951103160405484,
    "31":1.3565891472868217,
    "32":1.118067978533095,
    "33":1.073345259391771,
    "34":1.29695885509839,
    "35":0.9988073941562314,
    "36":1.267143709004174,
    "37":1.0584376863446632,
    "38":0.8795468097793678,
    "39":1.088252832438879,
    "40":1.088252832438879,
    "41":0.9093619558735838,
    "42":0.7006559332140727,
    "43":0.6112104949314251,
    "44":0.5963029218843172,
    "45":0.7006559332140727,
    "46":0.5366726296958855,
    "47":0.5366726296958855,
    "48":0.4919499105545617,
    "49":0.5217650566487776,
    "50":0.5068574836016696,
    "51":0.655933214072749,
    "52":0.4472271914132379,
    "53":0.5068574836016696,
    "54":0.5068574836016696,
    "55":0.6112104949314251,
    "56":0.40250447227191416,
    "57":0.40250447227191416,
    "58":0.3875968992248062,
    "59":0.35778175313059035,
    "60":0.43231961836613003,
    "61":0.641025641025641,
    "62":0.3428741800834824,
    "63":0.35778175313059035,
    "64":0.5217650566487776,
    "65":0.43231961836613003,
    "66":0.2534287418008348,
    "67":0.4919499105545617,
    "68":0.31305903398926654,
    "69":0.3279666070363745,
    "70":0.2534287418008348,
    "71":0.3875968992248062,
    "72":0.2832438878950507,
    "73":0.46213476446034585,
    "74":0.26833631484794274,
    "75":0.1937984496124031,
    "76":0.2385211687537269,
    "77":0.31305903398926654,
    "78":0.2534287418008348,
    "79":0.16398330351818724,
    "80":0.17889087656529518,
    "81":0.16398330351818724,
    "82":0.11926058437686345,
    "83":0.17889087656529518,
    "84":0.17889087656529518,
    "85":0.10435301132975551,
    "86":0.13416815742397137,
    "87":0.13416815742397137,
    "88":0.20870602265951102,
    "89":0.11926058437686345,
    "90":0.13416815742397137,
    "91":0.20870602265951102,
    "92":0.05963029218843172,
    "93":0.1937984496124031,
    "94":0.22361359570661896,
    "95":0.13416815742397137,
    "96":0.10435301132975551,
    "97":0.20870602265951102,
    "98":0.1937984496124031,
    "99":0.16398330351818724,
    "100":0.17889087656529518,
    "101":0.11926058437686345,
    "102":0.044722719141323794,
    "103":0.11926058437686345,
    "104":0.08944543828264759,
    "105":0.05963029218843172,
    "106":0.02981514609421586,
    "107":0.044722719141323794,
    "108":0.0,
    "109":0.044722719141323794,
    "110":0.02981514609421586,
    "111":0.01490757304710793,
    "112":0.05963029218843172,
    "113":0.10435301132975551,
    "114":0.0,
    "115":0.05963029218843172,
    "116":0.05963029218843172,
    "117":0.0,
    "118":0.05963029218843172,
    "119":0.044722719141323794,
    "120":0.01490757304710793,
    "121":0.02981514609421586,
    "122":0.07453786523553965,
    "123":0.07453786523553965,
    "124":0.01490757304710793,
    "125":0.05963029218843172,
    "126":0.0,
    "127":0.05963029218843172,
    "128":0.07453786523553965,
    "129":0.044722719141323794,
    "130":0.044722719141323794,
    "131":0.044722719141323794,
    "132":0.044722719141323794,
    "133":0.044722719141323794,
    "134":0.044722719141323794,
    "135":0.044722719141323794,
    "136":0.02981514609421586,
    "137":0.044722719141323794,
    "138":0.08944543828264759,
    "139":0.044722719141323794,
    "140":0.044722719141323794,
    "141":0.05963029218843172,
    "142":0.05963029218843172,
    "143":0.01490757304710793,
    "144":0.07453786523553965,
    "145":0.01490757304710793,
    "146":0.05963029218843172,
    "147":0.044722719141323794,
    "148":0.01490757304710793,
    "149":0.02981514609421586,
    "150":0.05963029218843172,
    "151":0.01490757304710793,
    "152":0.01490757304710793,
    "153":0.01490757304710793,
    "154":0.02981514609421586,
    "155":0.08944543828264759,
    "156":0.01490757304710793,
    "157":0.02981514609421586,
    "158":0.02981514609421586,
    "159":0.11926058437686345,
    "160":0.05963029218843172,
    "161":0.0,
    "162":0.0,
    "163":0.044722719141323794,
    "164":0.0,
    "165":0.02981514609421586,
    "166":0.0,
    "167":0.02981514609421586,
    "168":0.0,
    "169":0.0,
    "170":0.01490757304710793,
    "171":0.0,
    "172":0.044722719141323794,
    "173":0.044722719141323794,
    "174":0.0,
    "175":0.01490757304710793,
    "176":0.02981514609421586,
    "177":0.0,
    "178":0.0,
    "179":0.01490757304710793,
    "180":0.0,
    "181":0.01490757304710793,
    "182":0.02981514609421586,
    "183":0.01490757304710793,
    "184":0.0,
    "185":0.044722719141323794,
    "186":0.0,
    "187":0.0,
    "188":0.05963029218843172,
    "189":0.0,
    "190":0.0,
    "191":0.0,
    "192":0.0,
    "193":0.0,
    "194":0.01490757304710793,
    "195":0.0,
    "196":0.0,
    "197":0.0,
    "198":0.0,
    "199":0.0,
    "200":0.0,
    "201":0.0,
    "202":0.0,
    "203":0.0,
    "204":0.0,
    "205":0.01490757304710793,
    "206":0.0,
    "207":0.01490757304710793,
    "208":0.0,
    "209":0.0,
    "210":0.01490757304710793,
    "211":0.02981514609421586,
    "212":0.0,
    "213":0.0,
    "214":0.0,
    "215":0.01490757304710793,
    "216":0.01490757304710793,
    "217":0.0,
    "218":0.0,
    "219":0.0,
    "220":0.0,
    "221":0.0,
    "222":0.0,
    "223":0.0,
    "224":0.0,
    "225":0.0,
    "226":0.01490757304710793,
    "227":0.0,
    "228":0.0,
    "229":0.0,
    "230":0.0,
    "231":0.01490757304710793,
    "232":0.0,
    "233":0.0,
    "234":0.0,
    "235":0.02981514609421586,
    "236":0.0,
    "237":0.0,
    "238":0.01490757304710793,
    "239":0.01490757304710793,
    "240":0.0,
    "241":0.0,
    "242":0.0,
    "243":0.0,
    "244":0.0,
    "245":0.02981514609421586,
    "246":0.0,
    "247":0.0,
    "248":0.0,
    "249":0.01490757304710793,
    "250":0.0,
    "251":0.0,
    "252":0.0,
    "253":0.0,
    "254":0.01490757304710793,
    "255":0.01490757304710793,
    "256":0.0,
    "257":0.0,
    "258":0.0,
    "259":0.0,
    "260":0.0,
    "261":0.01490757304710793,
    "262":0.0,
    "263":0.0,
    "264":0.01490757304710793,
    "265":0.0,
    "266":0.01490757304710793,
    "267":0.01490757304710793,
    "268":0.05963029218843172,
    "269":0.0,
    "270":0.0,
    "271":0.0,
    "272":0.0,
    "273":0.0,
    "274":0.0,
    "275":0.0,
    "276":0.0,
    "277":0.0,
    "278":0.0,
    "279":0.0,
    "280":0.0,
    "281":0.0,
    "282":0.0,
    "283":0.0,
    "284":0.0,
    "285":0.0,
    "286":0.0,
    "287":0.0,
    "288":0.0,
    "289":0.0,
    "290":0.0,
    "291":0.0,
    "292":0.0,
    "293":0.0,
    "294":0.0,
    "295":0.0,
    "296":0.0,
    "297":0.0,
    "298":0.0,
    "299":0.0,
    "300":0.0,
    "301":0.0,
    "302":0.0,
    "303":0.0,
    "304":0.0,
    "305":0.0,
    "306":0.0,
    "307":0.0,
    "308":0.0,
    "309":0.0,
    "310":0.0,
    "311":0.01490757304710793,
    "312":0.0,
    "313":0.0,
    "314":0.0,
    "315":0.0,
    "316":0.0,
    "317":0.0,
    "318":0.0,
    "319":0.0,
    "320":0.0,
    "321":0.0,
    "322":0.0,
    "323":0.0,
    "324":0.0,
    "325":0.0,
    "326":0.0,
    "327":0.0,
    "328":0.01490757304710793,
    "329":0.0,
    "330":0.0,
    "331":0.0,
    "332":0.0,
    "333":0.0,
    "334":0.0,
    "335":0.0,
    "336":0.0,
    "337":0.0,