{
    "0":4.436468054558507,
    "1":4.235463029432879,
    "2":3.374012921751615,
    "3":4.565685570710697,
    "4":4.709260588657574,
    "5":5.226130653266332,
    "6":4.666188083273511,
    "7":3.5319454414931806,
    "8":3.34529791816224,
    "9":2.5699928212491026,
    "10":1.1629576453697057,
    "11":1.1629576453697057,
    "12":1.0050251256281406,
    "13":1.3783201722900216,
    "14":1.105527638190955,
    "15":1.4501076812634601,
    "16":1.665470208183776,
    "17":1.6080402010050252,
    "18":1.8951902368987794,
    "19":1.564967695620962,
    "20":1.3639626704953338,
    "21":1.407035175879397,
    "22":1.5362526920315864,
    "23":1.5506101938262744,
    "24":1.622397702799713,
    "25":1.521895190236899,
    "26":1.2778176597272075,
    "27":1.521895190236899,
    "28":1.622397702799713,
    "29":1.3208901651112706,
    "30":0.9475951184493897,
    "31":0.8470926058865758,
    "32":0.7753050969131372,
    "33":0.8183776022972002,
    "34":0.9763101220387652,
    "35":0.8901651112706389,
    "36":0.6891600861450108,
    "37":0.574300071787509,
    "38":0.7896625987078248,
    "39":0.9906676238334531,
    "40":0.7896625987078248,
    "41":0.7035175879396985,
    "42":0.5886575735821967,
    "43":0.9045226130653266,
    "44":0.6030150753768844,
    "45":0.5455850681981335,
    "46":0.6173725771715721,
    "47":0.6173725771715721,
    "48":0.6460875807609476,
    "49":0.6891600861450108,
    "50":0.674802584350323,
    "51":0.5886575735821967,
    "52":0.7753050969131372,
    "53":0.6317300789662599,
    "54":0.5312275664034458,
    "55":0.31586503948312994,
    "56":0.37329504666188085,
    "57":0.2871500358937545,
    "58":0.4307250538406317,
    "59":0.2871500358937545,
    "60":0.4307250538406317,
    "61":0.31586503948312994,
    "62":0.37329504666188085,
    "63":0.3589375448671931,
    "64":0.3445800430725054,
    "65":0.37329504666188085,
    "66":0.1722900215362527,
    "67":0.31586503948312994,
    "68":0.1722900215362527,
    "69":0.2297200287150036,
    "70":0.25843503230437903,
    "71":0.5025125628140703,
    "72":0.3445800430725054,
    "73":0.21536252692031585,
    "74":0.2440775305096913,
    "75":0.25843503230437903,
    "76":0.21536252692031585,
    "77":0.27279253409906673,
    "78":0.21536252692031585,
    "79":0.15793251974156497,
    "80":0.27279253409906673,
    "81":0.043072505384063174,
    "82":0.1148600143575018,
    "83":0.15793251974156497,
    "84":0.15793251974156497,
    "85":0.15793251974156497,
    "86":0.21536252692031585,
    "87":0.10050251256281408,
    "88":0.20100502512562815,
    "89":0.12921751615218952,
    "90":0.1722900215362527,
    "91":0.21536252692031585,
    "92":0.07178750897343862,
    "93":0.08614501076812635,
    "94":0.15793251974156497,
    "95":0.1148600143575018,
    "96":0.08614501076812635,
    "97":0.08614501076812635,
    "98":0.20100502512562815,
    "99":0.0574300071787509,
    "100":0.10050251256281408,
    "101":0.1722900215362527,
    "102":0.043072505384063174,
    "103":0.0574300071787509,
    "104":0.07178750897343862,
    "105":0.0574300071787509,
    "106":0.02871500358937545,
    "107":0.043072505384063174,
    "108":0.0574300071787509,
    "109":0.02871500358937545,
    "110":0.02871500358937545,
    "111":0.0574300071787509,
    "112":0.014357501794687725,
    "113":0.08614501076812635,
    "114":0.0574300071787509,
    "115":0.043072505384063174,
    "116":0.12921751615218952,
    "117":0.07178750897343862,
    "118":0.07178750897343862,
    "119":0.014357501794687725,
    "120":0.043072505384063174,
    "121":0.08614501076812635,
    "122":0.02871500358937545,
    "123":0.08614501076812635,
    "124":0.043072505384063174,
    "125":0.014357501794687725,
    "126":0.02871500358937545,
    "127":0.043072505384063174,
    "128":0.02871500358937545,
    "129":0.043072505384063174,
    "130":0.014357501794687725,
    "131":0.02871500358937545,
    "132":0.043072505384063174,
    "133":0.014357501794687725,
    "134":0.014357501794687725,
    "135":0.0,
    "136":0.02871500358937545,
    "137":0.0,
    "138":0.0,
    "139":0.014357501794687725,
    "140":0.02871500358937545,
    "141":0.014357501794687725,
    "142":0.0,
    "143":0.0,
    "144":0.0,
    "145":0.0,
    "146":0.0,
    "147":0.0,
    "148":0.0,
    "149":0.0,
    "150":0.0,
    "151":0.0,
    "152":0.0,
    "153":0.0,
    "154":0.0,
    "155":0.014357501794687725,
    "156":0.0,
    "157":0.0,
    "158":0.0,
    "159":0.0,
    "160":0.0,
    "161":0.0,
    "162":0.0,
    "163":0.0,
    "164":0.0,
    "165":0.0,
    "166":0.0,
    "167":0.0,
    "168":0.0,
    "169":0.0,
    "170":0.0,
    "171":0.0,
    "172":0.0,
    "173":0.0,
    "174":0.0,
    "175":0.0,
    "176":0.0,
    "177":0.0,
    "178":0.0,
    "179":0.0,
    "180":0.0,
    "181":0.0,
    "182":0.0,
    "183":0.0,
    "184":0.0,
    "185":0.0,
    "186":0.0,
    "187":0.0,
    "188":0.0,
    "189":0.0,
    "190":0.0,
    "191":0.0,
    "192":0.0,
    "193":0.014357501794687725,
    "194":0.0,
    "195":0.0,
    "196":0.0,
    "197":0.0,
    "198":0.0,
    "199":0.0,
    "200":0.0,
    "201":0.0,
    "202":0.0,
    "203":0.0,
    "204":0.0,
    "205":0.0,
    "206":0.0,
    "207":0.0,
    "208":0.0,
    "209":0.0,
    "210":0.043072505384063174,
    "211":0.0,
    "212":0.0,
    "213":0.0,
    "214":0.0,
    "215":0.0,
    "216":0.0,
    "217":0.0,
    "218":0.0,
    "219":0.014357501794687725,
    "220":0.014357501794687725,
    "221":0.014357501794687725,
    "222":0.0,
    "223":0.0,
    "224":0.0,
    "225":0.0,
    "226":0.0,
    "227":0.0,
    "228":0.0,
    "229":0.0,
    "230":0.0,
    "231":0.0,
    "232":0.0,
    "233":0.014357501794687725,
    "234":0.0,
    "235":0.0,
    "236":0.043072505384063174,
    "237":0.0,
    "238":0.0,
    "239":0.0,
    "240":0.0,
    "241":0.0,
    "242":0.0,
    "243":0.0,
    "244":0.0,
    "245":0.0,
    "246":0.0,
    "247":0.0,
    "248":0.0,
    "249":0.014357501794687725,
    "250":0.0,
    "251":0.0,
    "252":0.0,
    "253":0.0,
    "254":0.0,
    "255":0.0,
    "256":0.0574300071787509,
    "257":0.0,
    "258":0.0,
    "259":0.0,
    "260":0.0,
    "261":0.0,
    "262":0.0,
    "263":0.0,
    "264":0.0
}