{
    "0":3.6403235843186064,
    "1":1.2030699025098528,
    "2":2.4891101431238334,
    "3":3.007674756274632,
    "4":1.6801493466085875,
    "5":2.0638871603401783,
    "6":2.3542833437046258,
    "7":1.773490976975731,
    "8":1.856461315079859,
    "9":2.0016594067620823,
    "10":2.3957685127566895,
    "11":2.105372329392242,
    "12":1.8979464841319227,
    "13":2.229827836548434,
    "14":1.9601742377100186,
    "15":2.530595312175897,
    "16":2.167600082970338,
    "17":2.177971375233354,
    "18":1.877203899605891,
    "19":1.9186890686579547,
    "20":1.9394316531839866,
    "21":1.887575191868907,
    "22":1.763119684712715,
    "23":1.8979464841319227,
    "24":2.0016594067620823,
    "25":1.1512134411947728,
    "26":1.2549263638249326,
    "27":1.4623522090852519,
    "28":1.6179215930304918,
    "29":1.3586392864550922,
    "30":1.4208670400331882,
    "31":1.3793818709811243,
    "32":1.4208670400331882,
    "33":1.503837378137316,
    "34":1.410495747770172,
    "35":1.1823273179838207,
    "36":1.0060153495125492,
    "37":1.2964115328769965,
    "38":1.2238124870358846,
    "39":1.3482679941920763,
    "40":0.8919311346193736,
    "41":0.8919311346193736,
    "42":0.8193320887782617,
    "43":0.736361750674134,
    "44":0.767475627463182,
    "45":0.8193320887782617,
    "46":0.7156191661481021,
    "47":0.7778469197261979,
    "48":0.7882182119892139,
    "49":1.120099564405725,
    "50":0.757104335200166,
    "51":0.7882182119892139,
    "52":0.9023024268823895,
    "53":0.7467330429371499,
    "54":0.8193320887782617,
    "55":0.4874507363617507,
    "56":0.4874507363617507,
    "57":0.43559427504667086,
    "58":0.4667081518357187,
    "59":0.39410910599460697,
    "60":0.36299522920555904,
    "61":0.43559427504667086,
    "62":0.39410910599460697,
    "63":0.4459655673096868,
    "64":0.40448039825762294,
    "65":0.41485169052063886,
    "66":0.32151006015349515,
    "67":0.39410910599460697,
    "68":0.36299522920555904,
    "69":0.3111387678904792,
    "70":0.3111387678904792,
    "71":0.18668326073428748,
    "72":0.2696535988384153,
    "73":0.2592823065753993,
    "74":0.23853972204936738,
    "75":0.2696535988384153,
    "76":0.20742584526031943,
    "77":0.16594067620825553,
    "78":0.22816842978635138,
    "79":0.3422526446795271,
    "80":0.32151006015349515,
    "81":0.2592823065753993,
    "82":0.28002489110143125,
    "83":0.1763119684712715,
    "84":0.23853972204936738,
    "85":0.22816842978635138,
    "86":0.10371292263015972,
    "87":0.3111387678904792,
    "88":0.22816842978635138,
    "89":0.1763119684712715,
    "90":0.18668326073428748,
    "91":0.11408421489317569,
    "92":0.02074258452603194,
    "93":0.08297033810412777,
    "94":0.11408421489317569,
    "95":0.09334163036714374,
    "96":0.06222775357809583,
    "97":0.05185646131507986,
    "98":0.09334163036714374,
    "99":0.13482679941920764,
    "100":0.13482679941920764,
    "101":0.13482679941920764,
    "102":0.04148516905206388,
    "103":0.05185646131507986,
    "104":0.031113876789047916,
    "105":0.08297033810412777,
    "106":0.02074258452603194,
    "107":0.08297033810412777,
    "108":0.031113876789047916,
    "109":0.04148516905206388,
    "110":0.04148516905206388,
    "111":0.10371292263015972,
    "112":0.05185646131507986,
    "113":0.06222775357809583,
    "114":0.08297033810412777,
    "115":0.0725990458411118,
    "116":0.031113876789047916,
    "117":0.02074258452603194,
    "118":0.10371292263015972,
    "119":0.06222775357809583,
    "120":0.06222775357809583,
    "121":0.031113876789047916,
    "122":0.031113876789047916,
    "123":0.04148516905206388,
    "124":0.05185646131507986,
    "125":0.05185646131507986,
    "126":0.04148516905206388,
    "127":0.06222775357809583,
    "128":0.01037129226301597,
    "129":0.031113876789047916,
    "130":0.08297033810412777,
    "131":0.04148516905206388,
    "132":0.02074258452603194,
    "133":0.031113876789047916,
    "134":0.031113876789047916,
    "135":0.031113876789047916,
    "136":0.02074258452603194,
    "137":0.02074258452603194,
    "138":0.01037129226301597,
    "139":0.02074258452603194,
    "140":0.04148516905206388,
    "141":0.01037129226301597,
    "142":0.01037129226301597,
    "143":0.01037129226301597,
    "144":0.01037129226301597,
    "145":0.02074258452603194,
    "146":0.0,
    "147":0.01037129226301597,
    "148":0.01037129226301597,
    "149":0.031113876789047916,
    "150":0.031113876789047916,
    "151":0.01037129226301597,
    "152":0.0,
    "153":0.02074258452603194,
    "154":0.01037129226301597,
    "155":0.02074258452603194,
    "156":0.01037129226301597,
    "157":0.02074258452603194,
    "158":0.0,
    "159":0.031113876789047916,
    "160":0.031113876789047916,
    "161":0.01037129226301597,
    "162":0.06222775357809583,
    "163":0.01037129226301597,
    "164":0.031113876789047916,
    "165":0.0,
    "166":0.0,
    "167":0.0,
    "168":0.01037129226301597,
    "169":0.01037129226301597,
    "170":0.031113876789047916,
    "171":0.0,
    "172":0.0,
    "173":0.01037129226301597,
    "174":0.0,
    "175":0.01037129226301597,
    "176":0.0,
    "177":0.01037129226301597,
    "178":0.0,
    "179":0.04148516905206388,
    "180":0.0,
    "181":0.01037129226301597,
    "182":0.0,
    "183":0.0,
    "184":0.0,
    "185":0.01037129226301597,
    "186":0.01037129226301597,
    "187":0.0,
    "188":0.01037129226301597,
    "189":0.0,
    "190":0.0,
    "191":0.02074258452603194,
    "192":0.0,
    "193":0.0,
    "194":0.01037129226301597,
    "195":0.0,
    "196":0.0,
    "197":0.0,
    "198":0.01037129226301597,
    "199":0.0,
    "200":0.02074258452603194,
    "201":0.01037129226301597,
    "202":0.01037129226301597,
    "203":0.0,
    "204":0.01037129226301597,
    "205":0.0,
    "206":0.0,
    "207":0.0,
    "208":0.01037129226301597,
    "209":0.02074258452603194,
    "210":0.01037129226301597,
    "211":0.0,
    "212":0.01037129226301597,
    "213":0.0,
    "214":0.01037129226301597,
    "215":0.01037129226301597,
    "216":0.0,
    "217":0.02074258452603194,
    "218":0.0,
    "219":0.01037129226301597,
    "220":0.01037129226301597,
    "221":0.0,
    "222":0.0,
    "223":0.0,
    "224":0.01037129226301597,
    "225":0.01037129226301597,
    "226":0.01037129226301597,
    "227":0.0,
    "228":0.04148516905206388,
    "229":0.0,
    "230":0.0,
    "231":0.0,
    "232":0.0,
    "233":0.0,
    "234":0.0,
    "235":0.0,
    "236":0.0,
    "237":0.0,
    "238":0.0,
    "239":0.0,
    "240":0.0,
    "241":0.0,
    "242":0.0,
    "243":0.0,
    "244":0.0,
    "245":0.0,
    "246":0.0,
    "247":0.0,
    "248":0.0,
    "249":0.0,
    "250":0.0,
    "251":0.0,
    "252":0.0,
    "253":0.0,
    "254":0.0,
    "255":0.0,
    "256":0.0,
    "257":0.0,
    "258":0.0,
    "259":0.0,
    "260":0.0,
    "261":0.0,
    "262":0.0,
    "263":0.0,
    "264":0.0,
    "265":0.0,
    "266":0.0,
    "267":0.0,
    "268":0.0,
    "269":0.0,
    "270":0.0,
    "271":0.0,
    "272":0.0,
    "273":0.0,
    "274":0.0,
    "275":0.0,
    "276":0.0,
    "277":0.0,
    "278":0.0,
    "279":0.0,
    "280":0.0,
    "281":0.0,
    "282":0.0,
    "283":0.0,
    "284":0.0,
    "285":0.0,
    "286":0.0,
    "287":0.0,
    "288":0.0,
    "289":0.0,
    "290":0.0,
    "291":0.0,
    "292":0.0,
    "293":0.0,
    "294":0.0,
    "295":0.0,
    "296":0.0,
    "297":0.0,
    "298":0.0,
    "299":0.0,
    "300":0.0,
    "301":0.0,
    "302":0.0,
    "303":0.0,
    "304":0.0,
    "305":0.0,
    "306":0.0,
    "307":0.0,
    "308":0.0,
    "309":0.0,
    "310":0.0,
    "311":0.0,
    "312":0.0,
    "313":0.0,
    "314":0.0,
    "315":0.0,
    "316":0.0,
    "317":0.0,
    "318":0.0,
    "319":0.0,
    "320":0.0,
    "321":0.0,
    "322":0.0,
    "323":0.0,
    "324":0.0,
    "325":0.0,
    "326":0.0,
    "327":0.0,
    "328":0.0,
    "329":0.0,
    "330":0.0,
    "331":0.0,
    "332":0.0,
    "333":0.0,
    "334":0.0,
    "335":0.0,
    "336":0.0,
    "337":0.0,
    "338":0.0,