{
    "0":2.235563630618532,
    "1":4.739710877636464,
    "2":3.6416778576506834,
    "3":3.2309029149221895,
    "4":2.7016352002527846,
    "5":2.5831424283118727,
    "6":1.9511809779603446,
    "7":1.6667983253021565,
    "8":1.6509992890433682,
    "9":1.5246069989730626,
    "10":1.3903151907733629,
    "11":0.9084445848803222,
    "12":1.556205071490639,
    "13":1.698396397819733,
    "14":1.8168891697606444,
    "15":1.8168891697606444,
    "16":2.0064776048661033,
    "17":2.0775732680306502,
    "18":2.4804486926297495,
    "19":2.282960739394897,
    "20":2.1249703768070147,
    "21":2.140769413065803,
    "22":1.9274824235721622,
    "23":1.8721857966664035,
    "24":1.8958843510545855,
    "25":1.5088079627142745,
    "26":1.698396397819733,
    "27":1.8642862785370091,
    "28":1.5799036258788215,
    "29":1.6430997709139743,
    "30":1.7141954340785213,
    "31":1.263922900703057,
    "32":1.3508176001263923,
    "33":1.3508176001263923,
    "34":1.248123864444269,
    "35":1.2876214550912395,
    "36":1.0585354293388103,
    "37":0.7899518129394107,
    "38":0.7504542222924402,
    "39":0.9558416936566869,
    "40":0.9242436211391105,
    "41":0.9084445848803222,
    "42":0.7899518129394107,
    "43":0.7899518129394107,
    "44":0.813650367327593,
    "45":0.7899518129394107,
    "46":0.6477604866103168,
    "47":0.6872580772572874,
    "48":0.5687653053163757,
    "49":0.5450667509281933,
    "50":0.6398609684809227,
    "51":0.5608657871869817,
    "52":0.49766964215182874,
    "53":0.4739710877636464,
    "54":0.5687653053163757,
    "55":0.5213681965400111,
    "56":0.48187060589304054,
    "57":0.4186744608578877,
    "58":0.30808120704637015,
    "59":0.3633778339521289,
    "60":0.28438265265818785,
    "61":0.3633778339521289,
    "62":0.45027253337546413,
    "63":0.18168891697606446,
    "64":0.4107749427284936,
    "65":0.3001816889169761,
    "66":0.3633778339521289,
    "67":0.27648313452879375,
    "68":0.3001816889169761,
    "69":0.24488506201121732,
    "70":0.4581720515048582,
    "71":0.33967927956394656,
    "72":0.3001816889169761,
    "73":0.33967927956394656,
    "74":0.26068409827000555,
    "75":0.22118650762303502,
    "76":0.3554783158227348,
    "77":0.31598072517576425,
    "78":0.2053874713642468,
    "79":0.31598072517576425,
    "80":0.4186744608578877,
    "81":0.4265739789872818,
    "82":0.26858361639939965,
    "83":0.2527845801406114,
    "84":0.27648313452879375,
    "85":0.3001816889169761,
    "86":0.2369855438818232,
    "87":0.15799036258788213,
    "88":0.18168891697606446,
    "89":0.17378939884667036,
    "90":0.22118650762303502,
    "91":0.17378939884667036,
    "92":0.18168891697606446,
    "93":0.15009084445848805,
    "94":0.17378939884667036,
    "95":0.22118650762303502,
    "96":0.15009084445848805,
    "97":0.16588988071727626,
    "98":0.2053874713642468,
    "99":0.16588988071727626,
    "100":0.14219132632909393,
    "101":0.08689469942333518,
    "102":0.1184927719409116,
    "103":0.07899518129394106,
    "104":0.13429180819969982,
    "105":0.09479421755272928,
    "106":0.11059325381151751,
    "107":0.15009084445848805,
    "108":0.1184927719409116,
    "109":0.07899518129394106,
    "110":0.09479421755272928,
    "111":0.07109566316454696,
    "112":0.06319614503515285,
    "113":0.15009084445848805,
    "114":0.14219132632909393,
    "115":0.07109566316454696,
    "116":0.02369855438818232,
    "117":0.08689469942333518,
    "118":0.04739710877636464,
    "119":0.07109566316454696,
    "120":0.03949759064697053,
    "121":0.04739710877636464,
    "122":0.03949759064697053,
    "123":0.055296626905758754,
    "124":0.015799036258788212,
    "125":0.055296626905758754,
    "126":0.06319614503515285,
    "127":0.031598072517576424,
    "128":0.031598072517576424,
    "129":0.015799036258788212,
    "130":0.031598072517576424,
    "131":0.04739710877636464,
    "132":0.031598072517576424,
    "133":0.0,
    "134":0.031598072517576424,
    "135":0.0,
    "136":0.031598072517576424,
    "137":0.007899518129394106,
    "138":0.015799036258788212,
    "139":0.015799036258788212,
    "140":0.0,
    "141":0.007899518129394106,
    "142":0.055296626905758754,
    "143":0.007899518129394106,
    "144":0.007899518129394106,
    "145":0.007899518129394106,
    "146":0.007899518129394106,
    "147":0.0,
    "148":0.007899518129394106,
    "149":0.0,
    "150":0.0,
    "151":0.0,
    "152":0.0,
    "153":0.0,
    "154":0.02369855438818232,
    "155":0.0,
    "156":0.0,
    "157":0.007899518129394106,
    "158":0.007899518129394106,
    "159":0.0,
    "160":0.0,
    "161":0.0,
    "162":0.007899518129394106,
    "163":0.0,
    "164":0.0,
    "165":0.0,
    "166":0.0,
    "167":0.0,
    "168":0.007899518129394106,
    "169":0.007899518129394106,
    "170":0.007899518129394106,
    "171":0.0,
    "172":0.007899518129394106,
    "173":0.0,
    "174":0.0,
    "175":0.0,
    "176":0.0,
    "177":0.0,
    "178":0.0,
    "179":0.0,
    "180":0.0,
    "181":0.0,
    "182":0.0,
    "183":0.0,
    "184":0.0,
    "185":0.007899518129394106,
    "186":0.007899518129394106,
    "187":0.0,
    "188":0.007899518129394106,
    "189":0.0,
    "190":0.0,
    "191":0.0,
    "192":0.0,
    "193":0.0,
    "194":0.0,
    "195":0.0,
    "196":0.0,
    "197":0.0,
    "198":0.0,
    "199":0.015799036258788212,
    "200":0.007899518129394106,
    "201":0.007899518129394106,
    "202":0.0,
    "203":0.015799036258788212,
    "204":0.0,
    "205":0.0,
    "206":0.0,
    "207":0.0,
    "208":0.0,
    "209":0.0,
    "210":0.0,
    "211":0.007899518129394106,
    "212":0.0,
    "213":0.0,
    "214":0.007899518129394106,
    "215":0.007899518129394106,
    "216":0.0,
    "217":0.0,
    "218":0.007899518129394106,
    "219":0.0,
    "220":0.0,
    "221":0.031598072517576424,
    "222":0.0,
    "223":0.0,
    "224":0.0,
    "225":0.0,
    "226":0.0,
    "227":0.0,
    "228":0.0,
    "229":0.0,
    "230":0.0,
    "231":0.0,
    "232":0.0,
    "233":0.0,
    "234":0.0,
    "235":0.0,
    "236":0.0,
    "237":0.0,
    "238":0.0,
    "239":0.0,
    "240":0.0,
    "241":0.0,
    "242":0.0,
    "243":0.0,
    "244":0.0,
    "245":0.0,
    "246":0.0,
    "247":0.0,
    "248":0.0,
    "249":0.0,
    "250":0.007899518129394106,
    "251":0.0,
    "252":0.0,
    "253":0.0,
    "254":0.0,
    "255":0.0,
    "256":0.0,
    "257":0.0,
    "258":0.0,
    "259":0.0,
    "260":0.0,
    "261":0.0,
    "262":0.007899518129394106,
    "263":0.0,
    "264":0.0,
    "265":0.0,
    "266":0.0,
    "267":0.0,
    "268":0.0,
    "269":0.0,
    "270":0.0,
    "271":0.0,
    "272":0.0,
    "273":0.0,
    "274":0.007899518129394106,
    "275":0.0,
    "276":0.0,
    "277":0.0,
    "278":0.031598072517576424,
    "279":0.0,
    "280":0.0,
    "281":0.0,
    "282":0.0,
    "283":0.0,
    "284":0.0,
    "285":0.0,
    "286":0.0,
    "287":0.0,
    "288":0.007899518129394106,
    "289":0.0,
    "290":0.0,
    "291":0.0,
    "292":0.0,
    "293":0.0,
    "294":0.0,
    "295":0.0,
    "296":0.0,
    "297":0.0
}