{
    "0":3.860536735591729,
    "1":2.2437307523097227,
    "2":0.9348878134623845,
    "3":1.2318521777386713,
    "4":1.9797624285085789,
    "5":2.474703035635724,
    "6":2.1997360316761987,
    "7":1.913770347558293,
    "8":2.012758468983722,
    "9":1.913770347558293,
    "10":2.144742630884294,
    "11":2.309722833260009,
    "12":2.056753189617246,
    "13":2.309722833260009,
    "14":2.298724153101628,
    "15":1.5288165420149582,
    "16":2.2547294324681038,
    "17":2.089749230092389,
    "18":1.6608007039155301,
    "19":1.8367795864496261,
    "20":1.3968323801143863,
    "21":1.5618125824901012,
    "22":1.3528376594808622,
    "23":1.1878574571051475,
    "24":1.4628244610646723,
    "25":1.1878574571051475,
    "26":1.2978442586889574,
    "27":1.2978442586889574,
    "28":1.2648482182138143,
    "29":1.2978442586889574,
    "30":0.9788825340959085,
    "31":1.0778706555213375,
    "32":0.8688957325120986,
    "33":0.9458864936207656,
    "34":0.6049274087109546,
    "35":0.8688957325120986,
    "36":0.7919049714034315,
    "37":0.7809062912450506,
    "38":0.6819181698196217,
    "39":0.8468983721953366,
    "40":0.6269247690277167,
    "41":0.7919049714034315,
    "42":0.6709194896612407,
    "43":0.8798944126704795,
    "44":0.6819181698196217,
    "45":0.7259128904531456,
    "46":0.8029036515618126,
    "47":0.7699076110866696,
    "48":0.8029036515618126,
    "49":0.7259128904531456,
    "50":0.6159260888693356,
    "51":0.6709194896612407,
    "52":0.7039155301363836,
    "53":0.5719313682358117,
    "54":0.5829300483941927,
    "55":0.5279366476022878,
    "56":0.5829300483941927,
    "57":0.4509458864936208,
    "58":0.39595248570171576,
    "59":0.4509458864936208,
    "60":0.4069511658600968,
    "61":0.42894852617685875,
    "62":0.5389353277606688,
    "63":0.34095908490981086,
    "64":0.39595248570171576,
    "65":0.34095908490981086,
    "66":0.5499340079190497,
    "67":0.4729432468103828,
    "68":0.3739551253849538,
    "69":0.4729432468103828,
    "70":0.4179498460184778,
    "71":0.4509458864936208,
    "72":0.39595248570171576,
    "73":0.4069511658600968,
    "74":0.5169379674439067,
    "75":0.4179498460184778,
    "76":0.4179498460184778,
    "77":0.4179498460184778,
    "78":0.32996040475142985,
    "79":0.25296964364276286,
    "80":0.3629564452265728,
    "81":0.29696436427628686,
    "82":0.2419709634843819,
    "83":0.28596568411790585,
    "84":0.4509458864936208,
    "85":0.5389353277606688,
    "86":0.31896172459304883,
    "87":0.25296964364276286,
    "88":0.27496700395952484,
    "89":0.2639683238011439,
    "90":0.32996040475142985,
    "91":0.27496700395952484,
    "92":0.21997360316761988,
    "93":0.3079630444346678,
    "94":0.27496700395952484,
    "95":0.27496700395952484,
    "96":0.2309722833260009,
    "97":0.3739551253849538,
    "98":0.2639683238011439,
    "99":0.31896172459304883,
    "100":0.2089749230092389,
    "101":0.2089749230092389,
    "102":0.2089749230092389,
    "103":0.2089749230092389,
    "104":0.21997360316761988,
    "105":0.25296964364276286,
    "106":0.14298284205895292,
    "107":0.14298284205895292,
    "108":0.1869775626924769,
    "109":0.19797624285085788,
    "110":0.1539815222173339,
    "111":0.10998680158380994,
    "112":0.10998680158380994,
    "113":0.10998680158380994,
    "114":0.09898812142542894,
    "115":0.19797624285085788,
    "116":0.19797624285085788,
    "117":0.12098548174219095,
    "118":0.13198416190057194,
    "119":0.09898812142542894,
    "120":0.13198416190057194,
    "121":0.10998680158380994,
    "122":0.1869775626924769,
    "123":0.13198416190057194,
    "124":0.12098548174219095,
    "125":0.10998680158380994,
    "126":0.06599208095028597,
    "127":0.04399472063352398,
    "128":0.05499340079190497,
    "129":0.1869775626924769,
    "130":0.13198416190057194,
    "131":0.06599208095028597,
    "132":0.05499340079190497,
    "133":0.09898812142542894,
    "134":0.14298284205895292,
    "135":0.09898812142542894,
    "136":0.13198416190057194,
    "137":0.1539815222173339,
    "138":0.09898812142542894,
    "139":0.04399472063352398,
    "140":0.04399472063352398,
    "141":0.06599208095028597,
    "142":0.05499340079190497,
    "143":0.032996040475142985,
    "144":0.05499340079190497,
    "145":0.08798944126704795,
    "146":0.07699076110866696,
    "147":0.04399472063352398,
    "148":0.05499340079190497,
    "149":0.12098548174219095,
    "150":0.07699076110866696,
    "151":0.02199736031676199,
    "152":0.06599208095028597,
    "153":0.02199736031676199,
    "154":0.12098548174219095,
    "155":0.010998680158380994,
    "156":0.0,
    "157":0.04399472063352398,
    "158":0.06599208095028597,
    "159":0.04399472063352398,
    "160":0.05499340079190497,
    "161":0.032996040475142985,
    "162":0.08798944126704795,
    "163":0.02199736031676199,
    "164":0.0,
    "165":0.06599208095028597,
    "166":0.032996040475142985,
    "167":0.032996040475142985,
    "168":0.04399472063352398,
    "169":0.010998680158380994,
    "170":0.04399472063352398,
    "171":0.04399472063352398,
    "172":0.010998680158380994,
    "173":0.05499340079190497,
    "174":0.02199736031676199,
    "175":0.05499340079190497,
    "176":0.08798944126704795,
    "177":0.010998680158380994,
    "178":0.010998680158380994,
    "179":0.032996040475142985,
    "180":0.010998680158380994,
    "181":0.032996040475142985,
    "182":0.06599208095028597,
    "183":0.010998680158380994,
    "184":0.02199736031676199,
    "185":0.07699076110866696,
    "186":0.04399472063352398,
    "187":0.02199736031676199,
    "188":0.05499340079190497,
    "189":0.04399472063352398,
    "190":0.032996040475142985,
    "191":0.010998680158380994,
    "192":0.02199736031676199,
    "193":0.02199736031676199,
    "194":0.032996040475142985,
    "195":0.02199736031676199,
    "196":0.02199736031676199,
    "197":0.02199736031676199,
    "198":0.02199736031676199,
    "199":0.04399472063352398,
    "200":0.07699076110866696,
    "201":0.0,
    "202":0.05499340079190497,
    "203":0.04399472063352398,
    "204":0.0,
    "205":0.010998680158380994,
    "206":0.04399472063352398,
    "207":0.0,
    "208":0.010998680158380994,
    "209":0.032996040475142985,
    "210":0.010998680158380994,
    "211":0.032996040475142985,
    "212":0.02199736031676199,
    "213":0.04399472063352398,
    "214":0.010998680158380994,
    "215":0.010998680158380994,
    "216":0.02199736031676199,
    "217":0.032996040475142985,
    "218":0.02199736031676199,
    "219":0.010998680158380994,
    "220":0.02199736031676199,
    "221":0.010998680158380994,
    "222":0.02199736031676199,
    "223":0.04399472063352398,
    "224":0.0,
    "225":0.0,
    "226":0.0,
    "227":0.010998680158380994,
    "228":0.02199736031676199,
    "229":0.0,
    "230":0.010998680158380994,
    "231":0.010998680158380994,
    "232":0.02199736031676199,
    "233":0.010998680158380994,
    "234":0.04399472063352398,
    "235":0.0,
    "236":0.0,
    "237":0.010998680158380994,
    "238":0.010998680158380994,
    "239":0.0,
    "240":0.02199736031676199,
    "241":0.010998680158380994,
    "242":0.0,
    "243":0.02199736031676199,
    "244":0.0,
    "245":0.0,
    "246":0.010998680158380994,
    "247":0.02199736031676199,
    "248":0.010998680158380994,
    "249":0.010998680158380994,
    "250":0.0,
    "251":0.02199736031676199,
    "252":0.010998680158380994,
    "253":0.02199736031676199,
    "254":0.010998680158380994,
    "255":0.0,
    "256":0.0,
    "257":0.0,
    "258":0.010998680158380994,
    "259":0.010998680158380994,
    "260":0.010998680158380994,
    "261":0.0,
    "262":0.0,
    "263":0.02199736031676199,
    "264":0.010998680158380994,
    "265":0.0,
    "266":0.010998680158380994,
    "267":0.010998680158380994,
    "268":0.0,
    "269":0.010998680158380994,
    "270":0.0,
    "271":0.0,
    "272":0.0,
    "273":0.0,
    "274":0.0,
    "275":0.0,
    "276":0.0,
    "277":0.0,
    "278":0.0,
    "279":0.0,