{
    "0":6.532853626207158,
    "1":4.733951903048665,
    "2":2.953985987502367,
    "3":2.3669759515243327,
    "4":2.5752698352584735,
    "5":1.6284794546487409,
    "6":0.5680742283658398,
    "7":0.719560689263397,
    "8":0.45445938269267183,
    "9":0.7006248816512024,
    "10":0.946790380609733,
    "11":1.3633781480780154,
    "12":1.5148646089755728,
    "13":1.7610301079341035,
    "14":1.3823139556902102,
    "15":1.6474152622609355,
    "16":1.4580571861389888,
    "17":1.6284794546487409,
    "18":2.177617875402386,
    "19":1.117212649119485,
    "20":1.8178375307706873,
    "21":1.5148646089755728,
    "22":1.3633781480780154,
    "23":1.6474152622609355,
    "24":1.3823139556902102,
    "25":1.4012497633024048,
    "26":1.230827494792653,
    "27":1.174020071956069,
    "28":1.3065707252414316,
    "29":1.174020071956069,
    "30":1.4012497633024048,
    "31":1.1550842643438741,
    "32":1.1361484567316795,
    "33":1.5338004165877674,
    "34":1.439121378526794,
    "35":0.9278545729975383,
    "36":1.0035978034463169,
    "37":0.7574323044877864,
    "38":0.8899829577731491,
    "39":0.8521113425487596,
    "40":1.060405226282901,
    "41":0.946790380609733,
    "42":1.2876349176292368,
    "43":0.9657261882219277,
    "44":0.9846619958341223,
    "45":0.833175534936565,
    "46":0.776368112099981,
    "47":1.060405226282901,
    "48":0.719560689263397,
    "49":0.6438174588146184,
    "50":0.8710471501609542,
    "51":0.8142397273243704,
    "52":0.4355235750804771,
    "53":0.49233099791706114,
    "54":0.4733951903048665,
    "55":0.4355235750804771,
    "56":0.20829388373414126,
    "57":0.34084453701950385,
    "58":0.3976519598560878,
    "59":0.3976519598560878,
    "60":0.6059458435902291,
    "61":0.45445938269267183,
    "62":0.4355235750804771,
    "63":0.4165877674682825,
    "64":0.5870100359780345,
    "65":0.6248816512024238,
    "66":0.5680742283658398,
    "67":0.34084453701950385,
    "68":0.5112668055292559,
    "69":0.45445938269267183,
    "70":0.30297292179511454,
    "71":0.3219087294073092,
    "72":0.4733951903048665,
    "73":0.5491384207536452,
    "74":0.2840371141829199,
    "75":0.2840371141829199,
    "76":0.3597803446316985,
    "77":0.3219087294073092,
    "78":0.4165877674682825,
    "79":0.3597803446316985,
    "80":0.30297292179511454,
    "81":0.2840371141829199,
    "82":0.30297292179511454,
    "83":0.3597803446316985,
    "84":0.45445938269267183,
    "85":0.2840371141829199,
    "86":0.24616549895853057,
    "87":0.2651013065707252,
    "88":0.3597803446316985,
    "89":0.3597803446316985,
    "90":0.20829388373414126,
    "91":0.3787161522438932,
    "92":0.34084453701950385,
    "93":0.24616549895853057,
    "94":0.17042226850975192,
    "95":0.17042226850975192,
    "96":0.3597803446316985,
    "97":0.3976519598560878,
    "98":0.3597803446316985,
    "99":0.22722969134633592,
    "100":0.2651013065707252,
    "101":0.15148646089755727,
    "102":0.1893580761219466,
    "103":0.24616549895853057,
    "104":0.3219087294073092,
    "105":0.15148646089755727,
    "106":0.11361484567316796,
    "107":0.1893580761219466,
    "108":0.2840371141829199,
    "109":0.1893580761219466,
    "110":0.1893580761219466,
    "111":0.20829388373414126,
    "112":0.1325506532853626,
    "113":0.2840371141829199,
    "114":0.20829388373414126,
    "115":0.15148646089755727,
    "116":0.15148646089755727,
    "117":0.2651013065707252,
    "118":0.17042226850975192,
    "119":0.1893580761219466,
    "120":0.1893580761219466,
    "121":0.15148646089755727,
    "122":0.0946790380609733,
    "123":0.17042226850975192,
    "124":0.0946790380609733,
    "125":0.07574323044877863,
    "126":0.17042226850975192,
    "127":0.1325506532853626,
    "128":0.0946790380609733,
    "129":0.15148646089755727,
    "130":0.0946790380609733,
    "131":0.03787161522438932,
    "132":0.17042226850975192,
    "133":0.07574323044877863,
    "134":0.15148646089755727,
    "135":0.05680742283658398,
    "136":0.07574323044877863,
    "137":0.1325506532853626,
    "138":0.17042226850975192,
    "139":0.0946790380609733,
    "140":0.01893580761219466,
    "141":0.0946790380609733,
    "142":0.07574323044877863,
    "143":0.0,
    "144":0.05680742283658398,
    "145":0.1325506532853626,
    "146":0.03787161522438932,
    "147":0.03787161522438932,
    "148":0.03787161522438932,
    "149":0.01893580761219466,
    "150":0.01893580761219466,
    "151":0.0,
    "152":0.01893580761219466,
    "153":0.03787161522438932,
    "154":0.03787161522438932,
    "155":0.01893580761219466,
    "156":0.05680742283658398,
    "157":0.03787161522438932,
    "158":0.0,
    "159":0.01893580761219466,
    "160":0.01893580761219466,
    "161":0.01893580761219466,
    "162":0.05680742283658398,
    "163":0.01893580761219466,
    "164":0.01893580761219466,
    "165":0.01893580761219466,
    "166":0.03787161522438932,
    "167":0.07574323044877863,
    "168":0.01893580761219466,
    "169":0.01893580761219466,
    "170":0.03787161522438932,
    "171":0.01893580761219466,
    "172":0.0946790380609733,
    "173":0.05680742283658398,
    "174":0.03787161522438932,
    "175":0.0,
    "176":0.0,
    "177":0.0,
    "178":0.0,
    "179":0.0,
    "180":0.0,
    "181":0.0,
    "182":0.0,
    "183":0.0,
    "184":0.0,
    "185":0.0,
    "186":0.0,
    "187":0.0,
    "188":0.0,
    "189":0.0,
    "190":0.0,
    "191":0.0,
    "192":0.0,
    "193":0.0,
    "194":0.0,
    "195":0.0,
    "196":0.0,
    "197":0.0,
    "198":0.0,
    "199":0.0,
    "200":0.0,
    "201":0.0,
    "202":0.0,
    "203":0.0,
    "204":0.0,
    "205":0.0,
    "206":0.0,
    "207":0.0,
    "208":0.0,
    "209":0.0,
    "210":0.0,
    "211":0.0,
    "212":0.0,
    "213":0.0,
    "214":0.0,
    "215":0.0,
    "216":0.0,
    "217":0.0,
    "218":0.0,
    "219":0.0,
    "220":0.0,
    "221":0.0,
    "222":0.0,
    "223":0.0,
    "224":0.0,
    "225":0.0,
    "226":0.0,
    "227":0.0,
    "228":0.0,
    "229":0.0,
    "230":0.0,
    "231":0.0,
    "232":0.0,
    "233":0.0,
    "234":0.0,
    "235":0.0,
    "236":0.0,
    "237":0.0,
    "238":0.0,
    "239":0.0,
    "240":0.0,
    "241":0.0,
    "242":0.0,
    "243":0.0,
    "244":0.0,
    "245":0.0,
    "246":0.0,
    "247":0.0,
    "248":0.0,
    "249":0.0,
    "250":0.0,
    "251":0.0,
    "252":0.0,
    "253":0.0,
    "254":0.0,
    "255":0.0,
    "256":0.0,
    "257":0.0,
    "258":0.0,
    "259":0.0,
    "260":0.0,
    "261":0.0,
    "262":0.0,
    "263":0.0,
    "264":0.0,
    "265":0.0,
    "266":0.0,
    "267":0.0,
    "268":0.0,
    "269":0.0,
    "270":0.0,
    "271":0.0,
    "272":0.0,
    "273":0.0,
    "274":0.0,
    "275":0.0,
    "276":0.01893580761219466,
    "277":0.0,
    "278":0.0,
    "279":0.0,
    "280":0.0,
    "281":0.0,
    "282":0.0,
    "283":0.0,
    "284":0.0
}