{
    "0":4.940177537630259,
    "1":3.10690852952528,
    "2":4.689309147047472,
    "3":3.299884214588962,
    "4":2.238517946738711,
    "5":1.7946738710922425,
    "6":2.6823620223851794,
    "7":2.045542261675029,
    "8":2.4893863373214975,
    "9":2.122732535700502,
    "10":1.9104592821304514,
    "11":2.064839830181397,
    "12":2.6244693168660747,
    "13":2.9911231184870704,
    "14":2.4893863373214975,
    "15":2.527981474334234,
    "16":2.335005789270552,
    "17":2.0069471246622927,
    "18":2.238517946738711,
    "19":1.949054419143188,
    "20":2.5086839058278656,
    "21":1.6402933230412968,
    "22":1.659590891547665,
    "23":1.3315322269394056,
    "24":1.447317637977615,
    "25":1.3315322269394056,
    "26":1.061366267850251,
    "27":1.3894249324585102,
    "28":1.2543419529139328,
    "29":1.370127363952142,
    "30":1.1578541103820919,
    "31":1.0999614048629873,
    "32":0.6947124662292551,
    "33":0.8490930142802007,
    "34":1.0034735623311464,
    "35":1.0034735623311464,
    "36":0.5982246236974141,
    "37":0.7719027402547279,
    "38":0.984175993824778,
    "39":0.7333076032419915,
    "40":0.5017367811655732,
    "41":0.6368197607101506,
    "42":0.6947124662292551,
    "43":0.8876881512929371,
    "44":0.7140100347356233,
    "45":0.6175221922037823,
    "46":0.5789270551910459,
    "47":0.482439212659205,
    "48":0.5789270551910459,
    "49":0.7140100347356233,
    "50":0.482439212659205,
    "51":0.482439212659205,
    "52":0.5017367811655732,
    "53":0.38595137012736397,
    "54":0.7140100347356233,
    "55":0.5017367811655732,
    "56":0.5403319181783096,
    "57":0.2701659590891548,
    "58":0.17367811655731377,
    "59":0.4052489386337322,
    "60":0.21227325357005017,
    "61":0.2508683905827866,
    "62":0.2508683905827866,
    "63":0.38595137012736397,
    "64":0.34735623311462754,
    "65":0.3087610961018912,
    "66":0.21227325357005017,
    "67":0.1350829795445774,
    "68":0.1543805480509456,
    "69":0.11578541103820918,
    "70":0.2701659590891548,
    "71":0.17367811655731377,
    "72":0.36665380162099576,
    "73":0.1350829795445774,
    "74":0.09648784253184099,
    "75":0.21227325357005017,
    "76":0.2701659590891548,
    "77":0.0771902740254728,
    "78":0.19297568506368198,
    "79":0.17367811655731377,
    "80":0.1543805480509456,
    "81":0.1350829795445774,
    "82":0.2508683905827866,
    "83":0.1350829795445774,
    "84":0.23157082207641835,
    "85":0.11578541103820918,
    "86":0.19297568506368198,
    "87":0.11578541103820918,
    "88":0.17367811655731377,
    "89":0.1543805480509456,
    "90":0.21227325357005017,
    "91":0.11578541103820918,
    "92":0.0771902740254728,
    "93":0.17367811655731377,
    "94":0.11578541103820918,
    "95":0.21227325357005017,
    "96":0.11578541103820918,
    "97":0.1543805480509456,
    "98":0.1543805480509456,
    "99":0.19297568506368198,
    "100":0.11578541103820918,
    "101":0.11578541103820918,
    "102":0.11578541103820918,
    "103":0.0771902740254728,
    "104":0.1543805480509456,
    "105":0.1543805480509456,
    "106":0.2701659590891548,
    "107":0.0771902740254728,
    "108":0.0385951370127364,
    "109":0.11578541103820918,
    "110":0.11578541103820918,
    "111":0.0385951370127364,
    "112":0.0771902740254728,
    "113":0.0771902740254728,
    "114":0.11578541103820918,
    "115":0.0192975685063682,
    "116":0.09648784253184099,
    "117":0.11578541103820918,
    "118":0.0385951370127364,
    "119":0.09648784253184099,
    "120":0.09648784253184099,
    "121":0.09648784253184099,
    "122":0.0771902740254728,
    "123":0.05789270551910459,
    "124":0.0385951370127364,
    "125":0.09648784253184099,
    "126":0.11578541103820918,
    "127":0.05789270551910459,
    "128":0.11578541103820918,
    "129":0.0771902740254728,
    "130":0.0,
    "131":0.0385951370127364,
    "132":0.05789270551910459,
    "133":0.05789270551910459,
    "134":0.09648784253184099,
    "135":0.0771902740254728,
    "136":0.0192975685063682,
    "137":0.11578541103820918,
    "138":0.0,
    "139":0.0,
    "140":0.0192975685063682,
    "141":0.0192975685063682,
    "142":0.0192975685063682,
    "143":0.0,
    "144":0.0771902740254728,
    "145":0.0192975685063682,
    "146":0.0385951370127364,
    "147":0.0,
    "148":0.0,
    "149":0.0192975685063682,
    "150":0.0192975685063682,
    "151":0.0192975685063682,
    "152":0.0385951370127364,
    "153":0.0385951370127364,
    "154":0.0192975685063682,
    "155":0.0,
    "156":0.0,
    "157":0.0,
    "158":0.0192975685063682,
    "159":0.0192975685063682,
    "160":0.0192975685063682,
    "161":0.0385951370127364,
    "162":0.0385951370127364,
    "163":0.0,
    "164":0.05789270551910459,
    "165":0.0,
    "166":0.0771902740254728,
    "167":0.0192975685063682,
    "168":0.0,
    "169":0.0,
    "170":0.0192975685063682,
    "171":0.0385951370127364,
    "172":0.0192975685063682,
    "173":0.0385951370127364,
    "174":0.0385951370127364,
    "175":0.0,
    "176":0.05789270551910459,
    "177":0.0192975685063682,
    "178":0.0,
    "179":0.0192975685063682,
    "180":0.0385951370127364,
    "181":0.0192975685063682,
    "182":0.0192975685063682,
    "183":0.05789270551910459,
    "184":0.0192975685063682,
    "185":0.0192975685063682,
    "186":0.0,
    "187":0.0192975685063682,
    "188":0.0,
    "189":0.0385951370127364,
    "190":0.0,
    "191":0.0192975685063682,
    "192":0.0,
    "193":0.0192975685063682,
    "194":0.0385951370127364,
    "195":0.0192975685063682,
    "196":0.0192975685063682,
    "197":0.0,
    "198":0.0,
    "199":0.0192975685063682,
    "200":0.0192975685063682,
    "201":0.0,
    "202":0.0,
    "203":0.05789270551910459,
    "204":0.0385951370127364,
    "205":0.0,
    "206":0.0192975685063682,
    "207":0.0192975685063682,
    "208":0.0192975685063682,
    "209":0.0192975685063682,
    "210":0.0192975685063682,
    "211":0.05789270551910459,
    "212":0.0192975685063682,
    "213":0.0,
    "214":0.0192975685063682,
    "215":0.0192975685063682,
    "216":0.0192975685063682,
    "217":0.0192975685063682,
    "218":0.0,
    "219":0.0385951370127364,
    "220":0.0192975685063682,
    "221":0.09648784253184099,
    "222":0.0771902740254728,
    "223":0.0,
    "224":0.0,
    "225":0.0,
    "226":0.0,
    "227":0.0,
    "228":0.0,
    "229":0.0,
    "230":0.0,
    "231":0.0
}