{
    "0":5.088133745229874,
    "1":3.779756496456478,
    "2":3.779756496456478,
    "3":2.107941123023805,
    "4":1.4174086861711792,
    "5":2.1806287479556605,
    "6":1.7445029983645284,
    "7":1.6172996547337817,
    "8":1.235689623841541,
    "9":2.107941123023805,
    "10":2.107941123023805,
    "11":1.689987279665637,
    "12":1.9625658731600943,
    "13":1.4355805924041432,
    "14":1.235689623841541,
    "15":1.780846810830456,
    "16":1.780846810830456,
    "17":1.8171906232963837,
    "18":1.5082682173359987,
    "19":1.3265491550063602,
    "20":1.1630019989096856,
    "21":1.017626749045975,
    "22":0.8177357804833727,
    "23":1.1084862802107942,
    "24":1.2720334363074686,
    "25":1.471924404870071,
    "26":0.9631110303470833,
    "27":1.017626749045975,
    "28":0.8722514991822642,
    "29":1.3083772487733962,
    "30":0.7268762493185534,
    "31":0.890423405415228,
    "32":0.9085953116481919,
    "33":1.0539705615119026,
    "34":1.0357986552789387,
    "35":1.0903143739778303,
    "36":0.9085953116481919,
    "37":1.0903143739778303,
    "38":0.8177357804833727,
    "39":0.8177357804833727,
    "40":0.7450481555515174,
    "41":0.5815009994548428,
    "42":0.7268762493185534,
    "43":0.7995638742504089,
    "44":0.6360167181537343,
    "45":0.672360530619662,
    "46":0.6905324368526258,
    "47":0.6541886243866981,
    "48":0.6905324368526258,
    "49":0.7632200617844812,
    "50":0.4542976558240959,
    "51":0.6541886243866981,
    "52":0.3816100308922406,
    "53":0.5451571869889151,
    "54":0.47246956205705976,
    "55":0.5088133745229875,
    "56":0.3816100308922406,
    "57":0.6360167181537343,
    "58":0.5451571869889151,
    "59":0.563329093221879,
    "60":0.6178448119207705,
    "61":0.563329093221879,
    "62":0.4361257495911321,
    "63":0.4361257495911321,
    "64":0.4906414682900236,
    "65":0.563329093221879,
    "66":0.32709431219334906,
    "67":0.32709431219334906,
    "68":0.47246956205705976,
    "69":0.47246956205705976,
    "70":0.4542976558240959,
    "71":0.3089224059603852,
    "72":0.39978193712520443,
    "73":0.3634381246592767,
    "74":0.32709431219334906,
    "75":0.3089224059603852,
    "76":0.32709431219334906,
    "77":0.3634381246592767,
    "78":0.3816100308922406,
    "79":0.3089224059603852,
    "80":0.19989096856260222,
    "81":0.27257859349445757,
    "82":0.25440668726149374,
    "83":0.23623478102852988,
    "84":0.21806287479556605,
    "85":0.41795384335816826,
    "86":0.3452662184263129,
    "87":0.21806287479556605,
    "88":0.4542976558240959,
    "89":0.23623478102852988,
    "90":0.27257859349445757,
    "91":0.32709431219334906,
    "92":0.2907504997274214,
    "93":0.25440668726149374,
    "94":0.32709431219334906,
    "95":0.21806287479556605,
    "96":0.16354715609667453,
    "97":0.47246956205705976,
    "98":0.19989096856260222,
    "99":0.23623478102852988,
    "100":0.27257859349445757,
    "101":0.23623478102852988,
    "102":0.21806287479556605,
    "103":0.21806287479556605,
    "104":0.07268762493185535,
    "105":0.16354715609667453,
    "106":0.09085953116481918,
    "107":0.23623478102852988,
    "108":0.27257859349445757,
    "109":0.16354715609667453,
    "110":0.10903143739778302,
    "111":0.19989096856260222,
    "112":0.19989096856260222,
    "113":0.09085953116481918,
    "114":0.12720334363074687,
    "115":0.19989096856260222,
    "116":0.27257859349445757,
    "117":0.21806287479556605,
    "118":0.25440668726149374,
    "119":0.16354715609667453,
    "120":0.16354715609667453,
    "121":0.19989096856260222,
    "122":0.1453752498637107,
    "123":0.18171906232963836,
    "124":0.23623478102852988,
    "125":0.18171906232963836,
    "126":0.3089224059603852,
    "127":0.18171906232963836,
    "128":0.16354715609667453,
    "129":0.10903143739778302,
    "130":0.2907504997274214,
    "131":0.18171906232963836,
    "132":0.1453752498637107,
    "133":0.18171906232963836,
    "134":0.18171906232963836,
    "135":0.10903143739778302,
    "136":0.18171906232963836,
    "137":0.10903143739778302,
    "138":0.12720334363074687,
    "139":0.07268762493185535,
    "140":0.1453752498637107,
    "141":0.09085953116481918,
    "142":0.12720334363074687,
    "143":0.12720334363074687,
    "144":0.10903143739778302,
    "145":0.16354715609667453,
    "146":0.18171906232963836,
    "147":0.09085953116481918,
    "148":0.1453752498637107,
    "149":0.10903143739778302,
    "150":0.10903143739778302,
    "151":0.12720334363074687,
    "152":0.036343812465927675,
    "153":0.10903143739778302,
    "154":0.16354715609667453,
    "155":0.09085953116481918,
    "156":0.036343812465927675,
    "157":0.018171906232963837,
    "158":0.16354715609667453,
    "159":0.018171906232963837,
    "160":0.07268762493185535,
    "161":0.12720334363074687,
    "162":0.09085953116481918,
    "163":0.12720334363074687,
    "164":0.1453752498637107,
    "165":0.10903143739778302,
    "166":0.09085953116481918,
    "167":0.018171906232963837,
    "168":0.07268762493185535,
    "169":0.07268762493185535,
    "170":0.05451571869889151,
    "171":0.10903143739778302,
    "172":0.036343812465927675,
    "173":0.036343812465927675,
    "174":0.0,
    "175":0.018171906232963837,
    "176":0.036343812465927675,
    "177":0.018171906232963837,
    "178":0.07268762493185535,
    "179":0.018171906232963837,
    "180":0.05451571869889151,
    "181":0.0,
    "182":0.05451571869889151,
    "183":0.018171906232963837,
    "184":0.12720334363074687,
    "185":0.0,
    "186":0.07268762493185535,
    "187":0.0,
    "188":0.036343812465927675,
    "189":0.036343812465927675,
    "190":0.036343812465927675,
    "191":0.036343812465927675,
    "192":0.036343812465927675,
    "193":0.018171906232963837,
    "194":0.036343812465927675,
    "195":0.0,
    "196":0.0,
    "197":0.018171906232963837,
    "198":0.018171906232963837,
    "199":0.018171906232963837,
    "200":0.018171906232963837,
    "201":0.036343812465927675,
    "202":0.036343812465927675,
    "203":0.018171906232963837,
    "204":0.018171906232963837,
    "205":0.036343812465927675,
    "206":0.018171906232963837,
    "207":0.018171906232963837,
    "208":0.036343812465927675,
    "209":0.018171906232963837,
    "210":0.036343812465927675,
    "211":0.036343812465927675,
    "212":0.0,
    "213":0.0,
    "214":0.018171906232963837,
    "215":0.036343812465927675,
    "216":0.018171906232963837,
    "217":0.0,
    "218":0.0,
    "219":0.0,
    "220":0.0,
    "221":0.0,
    "222":0.0,
    "223":0.0,
    "224":0.0,
    "225":0.0,
    "226":0.0,
    "227":0.0,
    "228":0.0,
    "229":0.0,
    "230":0.0,
    "231":0.0,
    "232":0.0,
    "233":0.0,
    "234":0.0,
    "235":0.0,
    "236":0.0,
    "237":0.0,
    "238":0.0,
    "239":0.0,
    "240":0.0,
    "241":0.0,
    "242":0.0,
    "243":0.0,
    "244":0.0,
    "245":0.0,
    "246":0.0,
    "247":0.0,
    "248":0.0,
    "249":0.0,
    "250":0.0,
    "251":0.0,
    "252":0.0,
    "253":0.0,
    "254":0.0,
    "255":0.0,
    "256":0.0,
    "257":0.0,
    "258":0.0,
    "259":0.0,
    "260":0.0,
    "261":0.0,
    "262":0.0,
    "263":0.0,
    "264":0.0,
    "265":0.0,
    "266":0.0,
    "267":0.0,
    "268":0.0,
    "269":0.0,
    "270":0.0,
    "271":0.0,
    "272":0.018171906232963837,
    "273":0.0,
    "274":0.0,
    "275":0.0,
    "276":0.0,
    "277":0.0,
    "278":0.0,
    "279":0.0,
    "280":0.0,
    "281":0.0,
    "282":0.0,
    "283":0.0,
    "284":0.0,
    "285":0.0,
    "286":0.0,
    "287":0.0,
    "288":0.0,
    "289":0.0,
    "290":0.0,
    "291":0.0,
    "292":0.0,
    "293":0.0,
    "294":0.0,
    "295":0.0,
    "296":0.0,
    "297":0.0,
    "298":0.018171906232963837,
    "299":0.0,
    "300":0.0,
    "301":0.0,
    "302":0.0,
    "303":0.0,
    "304":0.0,
    "305":0.0,
    "306":0.0,
    "307":0.0,
    "308":0.0,
    "309":0.0,
    "310":0.0,
    "311":0.0,
    "312":0.018171906232963837,
    "313":0.0,
    "314":0.0,
    "315":0.0,
    "316":0.0,
    "317":0.0,