{
    "0":1.7320832671221993,
    "1":0.5720641983155887,
    "2":1.0487843635785794,
    "3":2.192912760209757,
    "4":1.9068806610519624,
    "5":1.0646750357540125,
    "6":1.350707134911807,
    "7":1.2871444462100747,
    "8":1.7797552836484982,
    "9":1.2712537740346417,
    "10":0.778642936596218,
    "11":0.9693310027014143,
    "12":1.477832512315271,
    "13":1.4460511679644048,
    "14":1.7161925949467662,
    "15":1.7320832671221993,
    "16":1.0964563801048786,
    "17":1.0487843635785794,
    "18":1.2871444462100747,
    "19":1.4301604957889718,
    "20":1.4301604957889718,
    "21":1.541395201017003,
    "22":1.477832512315271,
    "23":1.9227713332273955,
    "24":1.3665978070872398,
    "25":1.4301604957889718,
    "26":1.509613856666137,
    "27":1.1918004131574766,
    "28":1.350707134911807,
    "29":1.493723184490704,
    "30":1.3030351183855078,
    "31":1.0170030192277133,
    "32":1.493723184490704,
    "33":1.350707134911807,
    "34":1.1441283966311775,
    "35":1.3189257905609408,
    "36":1.2076910853329097,
    "37":1.0328936914031464,
    "38":1.0964563801048786,
    "39":1.0487843635785794,
    "40":0.7627522644207849,
    "41":1.0964563801048786,
    "42":0.794533608771651,
    "43":0.5085015096138567,
    "44":0.826314953122517,
    "45":0.6356268870173208,
    "46":0.6991895757190528,
    "47":0.6832989035436199,
    "48":0.6515175591927539,
    "49":0.6356268870173208,
    "50":0.6356268870173208,
    "51":0.5085015096138567,
    "52":0.6197362148418878,
    "53":0.5243921817892897,
    "54":0.5879548704910218,
    "55":0.5402828539647228,
    "56":0.49261083743842365,
    "57":0.49261083743842365,
    "58":0.5243921817892897,
    "59":0.5720641983155887,
    "60":0.5879548704910218,
    "61":0.5085015096138567,
    "62":0.44493882091212456,
    "63":0.5402828539647228,
    "64":0.3019227713332274,
    "65":0.4131574765612585,
    "66":0.3972668043858255,
    "67":0.42904814873669156,
    "68":0.42904814873669156,
    "69":0.4608294930875576,
    "70":0.38137613221039246,
    "71":0.3972668043858255,
    "72":0.2701414269823614,
    "73":0.3972668043858255,
    "74":0.2383600826314953,
    "75":0.3019227713332274,
    "76":0.4131574765612585,
    "77":0.19068806610519623,
    "78":0.4131574765612585,
    "79":0.3019227713332274,
    "80":0.2383600826314953,
    "81":0.36548546003495946,
    "82":0.2860320991577944,
    "83":0.2383600826314953,
    "84":0.3178134435086604,
    "85":0.2383600826314953,
    "86":0.19068806610519623,
    "87":0.2542507548069283,
    "88":0.22246941045606228,
    "89":0.20657873828062925,
    "90":0.19068806610519623,
    "91":0.2860320991577944,
    "92":0.22246941045606228,
    "93":0.1430160495788972,
    "94":0.3972668043858255,
    "95":0.33370411568409347,
    "96":0.3178134435086604,
    "97":0.20657873828062925,
    "98":0.33370411568409347,
    "99":0.2701414269823614,
    "100":0.22246941045606228,
    "101":0.2701414269823614,
    "102":0.22246941045606228,
    "103":0.3019227713332274,
    "104":0.1589067217543302,
    "105":0.33370411568409347,
    "106":0.2383600826314953,
    "107":0.3178134435086604,
    "108":0.22246941045606228,
    "109":0.2701414269823614,
    "110":0.1589067217543302,
    "111":0.3178134435086604,
    "112":0.22246941045606228,
    "113":0.19068806610519623,
    "114":0.2860320991577944,
    "115":0.1747973939297632,
    "116":0.2542507548069283,
    "117":0.19068806610519623,
    "118":0.12712537740346416,
    "119":0.20657873828062925,
    "120":0.19068806610519623,
    "121":0.20657873828062925,
    "122":0.2701414269823614,
    "123":0.20657873828062925,
    "124":0.1589067217543302,
    "125":0.2701414269823614,
    "126":0.2701414269823614,
    "127":0.1747973939297632,
    "128":0.2701414269823614,
    "129":0.2383600826314953,
    "130":0.2701414269823614,
    "131":0.2383600826314953,
    "132":0.09534403305259812,
    "133":0.2701414269823614,
    "134":0.3019227713332274,
    "135":0.11123470522803114,
    "136":0.2542507548069283,
    "137":0.2542507548069283,
    "138":0.19068806610519623,
    "139":0.1589067217543302,
    "140":0.1589067217543302,
    "141":0.22246941045606228,
    "142":0.2542507548069283,
    "143":0.1589067217543302,
    "144":0.22246941045606228,
    "145":0.20657873828062925,
    "146":0.1589067217543302,
    "147":0.1589067217543302,
    "148":0.22246941045606228,
    "149":0.22246941045606228,
    "150":0.2701414269823614,
    "151":0.1589067217543302,
    "152":0.1747973939297632,
    "153":0.1589067217543302,
    "154":0.2542507548069283,
    "155":0.1747973939297632,
    "156":0.22246941045606228,
    "157":0.1589067217543302,
    "158":0.1589067217543302,
    "159":0.12712537740346416,
    "160":0.06356268870173208,
    "161":0.20657873828062925,
    "162":0.2860320991577944,
    "163":0.03178134435086604,
    "164":0.1430160495788972,
    "165":0.1747973939297632,
    "166":0.1589067217543302,
    "167":0.0794533608771651,
    "168":0.20657873828062925,
    "169":0.12712537740346416,
    "170":0.12712537740346416,
    "171":0.1747973939297632,
    "172":0.1589067217543302,
    "173":0.2383600826314953,
    "174":0.06356268870173208,
    "175":0.09534403305259812,
    "176":0.11123470522803114,
    "177":0.3178134435086604,
    "178":0.19068806610519623,
    "179":0.04767201652629906,
    "180":0.1430160495788972,
    "181":0.20657873828062925,
    "182":0.09534403305259812,
    "183":0.09534403305259812,
    "184":0.0794533608771651,
    "185":0.0794533608771651,
    "186":0.06356268870173208,
    "187":0.12712537740346416,
    "188":0.0794533608771651,
    "189":0.0794533608771651,
    "190":0.0794533608771651,
    "191":0.03178134435086604,
    "192":0.06356268870173208,
    "193":0.01589067217543302,
    "194":0.06356268870173208,
    "195":0.11123470522803114,
    "196":0.06356268870173208,
    "197":0.06356268870173208,
    "198":0.01589067217543302,
    "199":0.04767201652629906,
    "200":0.01589067217543302,
    "201":0.06356268870173208,
    "202":0.01589067217543302,
    "203":0.01589067217543302,
    "204":0.04767201652629906,
    "205":0.04767201652629906,
    "206":0.0794533608771651,
    "207":0.09534403305259812,
    "208":0.06356268870173208,
    "209":0.1589067217543302,
    "210":0.01589067217543302,
    "211":0.03178134435086604,
    "212":0.03178134435086604,
    "213":0.0794533608771651,
    "214":0.03178134435086604,
    "215":0.03178134435086604,
    "216":0.03178134435086604,
    "217":0.01589067217543302,
    "218":0.03178134435086604,
    "219":0.0794533608771651,
    "220":0.04767201652629906,
    "221":0.04767201652629906,
    "222":0.04767201652629906,
    "223":0.04767201652629906,
    "224":0.03178134435086604,
    "225":0.03178134435086604,
    "226":0.01589067217543302,
    "227":0.06356268870173208,
    "228":0.06356268870173208,
    "229":0.0,
    "230":0.0,
    "231":0.01589067217543302,
    "232":0.03178134435086604,
    "233":0.0,
    "234":0.01589067217543302,
    "235":0.06356268870173208,
    "236":0.01589067217543302,
    "237":0.01589067217543302,
    "238":0.03178134435086604,
    "239":0.03178134435086604,
    "240":0.01589067217543302,
    "241":0.06356268870173208,
    "242":0.0,
    "243":0.0,
    "244":0.0,
    "245":0.01589067217543302,
    "246":0.04767201652629906,
    "247":0.01589067217543302,
    "248":0.0,
    "249":0.03178134435086604,
    "250":0.0,
    "251":0.0,
    "252":0.0,
    "253":0.0,
    "254":0.0,
    "255":0.0,
    "256":0.03178134435086604,
    "257":0.01589067217543302,
    "258":0.01589067217543302,
    "259":0.01589067217543302,
    "260":0.0,
    "261":0.03178134435086604,
    "262":0.03178134435086604,
    "263":0.03178134435086604,
    "264":0.0,
    "265":0.01589067217543302,
    "266":0.01589067217543302,
    "267":0.0,
    "268":0.0,
    "269":0.0,
    "270":0.03178134435086604,
    "271":0.01589067217543302,
    "272":0.03178134435086604,
    "273":0.01589067217543302,
    "274":0.01589067217543302,