{
    "0":7.677977378576181,
    "1":5.229540918163673,
    "2":6.05455755156354,
    "3":1.4770459081836327,
    "4":2.4617431803060548,
    "5":3.273453093812375,
    "6":3.5528942115768465,
    "7":2.887558216899534,
    "8":2.08915502328676,
    "9":1.823020625415835,
    "10":2.1689953426480373,
    "11":1.716566866267465,
    "12":1.383898868928809,
    "13":1.4637391882900865,
    "14":1.716566866267465,
    "15":2.102461743180306,
    "16":2.1823020625415834,
    "17":2.062541583499667,
    "18":2.155688622754491,
    "19":2.075848303393214,
    "20":2.08915502328676,
    "21":1.9161676646706587,
    "22":1.87624750499002,
    "23":2.075848303393214,
    "24":1.7964071856287425,
    "25":1.7032601463739188,
    "26":1.5968063872255487,
    "27":1.6899534264803724,
    "28":1.4238190286094476,
    "29":1.5701929474384562,
    "30":1.0778443113772456,
    "31":1.157684630738523,
    "32":1.157684630738523,
    "33":0.8250166333998669,
    "34":1.0778443113772456,
    "35":0.8516300731869594,
    "36":0.5455755156353959,
    "37":0.49234863606121093,
    "38":0.6387225548902196,
    "39":0.47904191616766467,
    "40":0.4258150365934797,
    "41":0.6520292747837658,
    "42":0.38589487691284097,
    "43":0.3193612774451098,
    "44":0.3193612774451098,
    "45":0.37258815701929476,
    "46":0.3060545575515636,
    "47":0.3193612774451098,
    "48":0.23952095808383234,
    "49":0.21290751829673984,
    "50":0.4657351962741184,
    "51":0.39920159680638717,
    "52":0.3060545575515636,
    "53":0.19960079840319359,
    "54":0.2528276779773786,
    "55":0.2927478376580173,
    "56":0.2528276779773786,
    "57":0.23952095808383234,
    "58":0.3592814371257485,
    "59":0.23952095808383234,
    "60":0.23952095808383234,
    "61":0.27944111776447106,
    "62":0.2528276779773786,
    "63":0.27944111776447106,
    "64":0.22621423819028608,
    "65":0.27944111776447106,
    "66":0.2927478376580173,
    "67":0.37258815701929476,
    "68":0.22621423819028608,
    "69":0.14637391882900866,
    "70":0.18629407850964738,
    "71":0.1330671989354624,
    "72":0.2927478376580173,
    "73":0.2661343978709248,
    "74":0.23952095808383234,
    "75":0.22621423819028608,
    "76":0.17298735861610112,
    "77":0.3060545575515636,
    "78":0.22621423819028608,
    "79":0.19960079840319359,
    "80":0.19960079840319359,
    "81":0.17298735861610112,
    "82":0.1596806387225549,
    "83":0.18629407850964738,
    "84":0.21290751829673984,
    "85":0.18629407850964738,
    "86":0.18629407850964738,
    "87":0.18629407850964738,
    "88":0.1330671989354624,
    "89":0.1330671989354624,
    "90":0.18629407850964738,
    "91":0.1330671989354624,
    "92":0.05322687957418496,
    "93":0.09314703925482369,
    "94":0.10645375914836992,
    "95":0.1596806387225549,
    "96":0.11976047904191617,
    "97":0.14637391882900866,
    "98":0.14637391882900866,
    "99":0.09314703925482369,
    "100":0.10645375914836992,
    "101":0.05322687957418496,
    "102":0.18629407850964738,
    "103":0.09314703925482369,
    "104":0.0665335994677312,
    "105":0.14637391882900866,
    "106":0.11976047904191617,
    "107":0.22621423819028608,
    "108":0.18629407850964738,
    "109":0.1330671989354624,
    "110":0.17298735861610112,
    "111":0.11976047904191617,
    "112":0.18629407850964738,
    "113":0.14637391882900866,
    "114":0.1596806387225549,
    "115":0.07984031936127745,
    "116":0.02661343978709248,
    "117":0.09314703925482369,
    "118":0.0665335994677312,
    "119":0.05322687957418496,
    "120":0.09314703925482369,
    "121":0.05322687957418496,
    "122":0.0665335994677312,
    "123":0.07984031936127745,
    "124":0.07984031936127745,
    "125":0.02661343978709248,
    "126":0.07984031936127745,
    "127":0.11976047904191617,
    "128":0.03992015968063872,
    "129":0.0665335994677312,
    "130":0.03992015968063872,
    "131":0.02661343978709248,
    "132":0.05322687957418496,
    "133":0.11976047904191617,
    "134":0.05322687957418496,
    "135":0.03992015968063872,
    "136":0.0665335994677312,
    "137":0.02661343978709248,
    "138":0.05322687957418496,
    "139":0.01330671989354624,
    "140":0.02661343978709248,
    "141":0.05322687957418496,
    "142":0.01330671989354624,
    "143":0.02661343978709248,
    "144":0.01330671989354624,
    "145":0.03992015968063872,
    "146":0.0,
    "147":0.01330671989354624,
    "148":0.0,
    "149":0.03992015968063872,
    "150":0.0,
    "151":0.0,
    "152":0.02661343978709248,
    "153":0.03992015968063872,
    "154":0.0,
    "155":0.0,
    "156":0.0,
    "157":0.0,
    "158":0.0,
    "159":0.0,
    "160":0.0,
    "161":0.0,
    "162":0.0,
    "163":0.0,
    "164":0.0,
    "165":0.01330671989354624,
    "166":0.01330671989354624,
    "167":0.0,
    "168":0.0,
    "169":0.0,
    "170":0.0,
    "171":0.0,
    "172":0.0,
    "173":0.01330671989354624,
    "174":0.0,
    "175":0.0,
    "176":0.0,
    "177":0.0,
    "178":0.0,
    "179":0.0,
    "180":0.0,
    "181":0.0,
    "182":0.01330671989354624,
    "183":0.0,
    "184":0.0,
    "185":0.0,
    "186":0.0,
    "187":0.0,
    "188":0.0,
    "189":0.0,
    "190":0.0,
    "191":0.0,
    "192":0.0,
    "193":0.0,
    "194":0.0,
    "195":0.0,
    "196":0.0,
    "197":0.0,
    "198":0.0,
    "199":0.0,
    "200":0.0,
    "201":0.0,
    "202":0.0,
    "203":0.0,
    "204":0.0,
    "205":0.0,
    "206":0.0,
    "207":0.0,
    "208":0.0,
    "209":0.0,
    "210":0.0,
    "211":0.0,
    "212":0.0,
    "213":0.0,
    "214":0.0,
    "215":0.0,
    "216":0.0,
    "217":0.0,
    "218":0.0,
    "219":0.0,
    "220":0.0,
    "221":0.0,
    "222":0.0,
    "223":0.0,
    "224":0.0,
    "225":0.0,
    "226":0.0,
    "227":0.0,
    "228":0.0,
    "229":0.0,
    "230":0.0,
    "231":0.0,
    "232":0.0,
    "233":0.0,
    "234":0.0,
    "235":0.0,
    "236":0.0,
    "237":0.0,
    "238":0.0,
    "239":0.0,
    "240":0.0,
    "241":0.0,
    "242":0.0,
    "243":0.01330671989354624,
    "244":0.0,
    "245":0.0,
    "246":0.0,
    "247":0.0,
    "248":0.0,
    "249":0.0,
    "250":0.0,
    "251":0.0,
    "252":0.0,
    "253":0.0,
    "254":0.0,
    "255":0.0,
    "256":0.0,
    "257":0.0,
    "258":0.0,
    "259":0.01330671989354624,
    "260":0.0,
    "261":0.0,
    "262":0.0,
    "263":0.0,
    "264":0.0,
    "265":0.0,
    "266":0.0,
    "267":0.0,
    "268":0.0,
    "269":0.0,
    "270":0.0,
    "271":0.0,
    "272":0.0,
    "273":0.0,
    "274":0.0,
    "275":0.0,
    "276":0.0,
    "277":0.0,
    "278":0.0,
    "279":0.0,
    "280":0.0,
    "281":0.0,
    "282":0.0,
    "283":0.0,
    "284":0.0,
    "285":0.0,
    "286":0.0,
    "287":0.0,
    "288":0.0,
    "289":0.0,
    "290":0.0,
    "291":0.0,
    "292":0.0,
    "293":0.0,
    "294":0.0,
    "295":0.0,
    "296":0.0,
    "297":0.0,
    "298":0.0,
    "299":0.0,
    "300":0.0,
    "301":0.0,
    "302":0.0,
    "303":0.0,
    "304":0.0,
    "305":0.0,
    "306":0.0,
    "307":0.0,
    "308":0.0,
    "309":0.0,
    "310":0.0,
    "311":0.0,
    "312":0.0,
    "313":0.0,
    "314":0.0,
    "315":0.0,
    "316":0.0,
    "317":0.0,
    "318":0.0,
    "319":0.0,
    "320":0.0,
    "321":0.0,
    "322":0.0,
    "323":0.0,
    "324":0.0,
    "325":0.0,
    "326":0.0,
    "327":0.0,
    "328":0.0,
    "329":0.0,
    "330":0.0,
    "331":0.0,
    "332":0.0,
    "333":0.0,
    "334":0.0,
    "335":0.0,
    "336":0.0,
    "337":0.0,
    "338":0.0,
    "339":0.0,
    "340":0.0,
    "341":0.0,
    "342":0.0,
    "343":0.0,
    "344":0.0,
    "345":0.0,
    "346":0.0,
    "347":0.0,
    "348":0.0,
    "349":0.0,
    "350":0.0,
    "351":0.0,
    "352":0.0,
    "353":0.0,
    "354":0.0,
    "355":0.0,
    "356":0.0,
    "357":0.0,
    "358":0.0,
    "359":0.0,
    "360":0.0,
    "361":0.0,
    "362":0.0,
    "363":0.0,
    "364":0.0,
    "365":0.0,
    "366":0.0,
    "367":0.0,
    "368":0.0,
    "369":0.0,
    "370":0.0,
    "371":0.0,
    "372":0.0,
    "373":0.0,
    "374":0.0,
    "375":0.0,
    "376":0.0,
    "377":0.0,
    "378":0.0,
    "379":0.0,