{
    "0":4.784920251329145,
    "1":2.7710649266956664,
    "2":4.865474464314484,
    "3":4.156597390043499,
    "4":2.96439503786048,
    "5":2.7388432415015305,
    "6":3.0127275656516836,
    "7":1.9816336394393428,
    "8":1.7399710004833253,
    "9":1.756081843080393,
    "10":1.836636056065732,
    "11":1.11164813919768,
    "12":1.6594167874979864,
    "13":2.319961333977767,
    "14":2.658289028516191,
    "15":2.094409537618817,
    "16":2.2716288061865635,
    "17":2.22329627839536,
    "18":1.868857741259868,
    "19":2.2071854357982925,
    "20":2.0621878524246817,
    "21":2.577734815530852,
    "22":2.336072176574835,
    "23":2.416626389560174,
    "24":2.2716288061865635,
    "25":1.675527630095054,
    "26":1.3533107781536975,
    "27":1.0472047688094086,
    "28":1.304978250362494,
    "29":1.0955372966006123,
    "30":1.0310939262123409,
    "31":0.8055421298533914,
    "32":1.11164813919768,
    "33":0.9505397132270018,
    "34":0.7249879168680522,
    "35":0.7733204446592556,
    "36":0.5155469631061704,
    "37":0.5316578057032383,
    "38":0.7572096020621879,
    "39":0.8860963428387304,
    "40":0.644433703882713,
    "41":0.6766553890768487,
    "42":0.7249879168680522,
    "43":0.7249879168680522,
    "44":0.6122120186885774,
    "45":0.5316578057032383,
    "46":0.37054937973256,
    "47":0.43499275012083133,
    "48":0.4511035927178992,
    "49":0.4511035927178992,
    "50":0.4511035927178992,
    "51":0.5155469631061704,
    "52":0.5155469631061704,
    "53":0.5155469631061704,
    "54":0.4188819075237635,
    "55":0.3866602223296278,
    "56":0.28999516674722087,
    "57":0.3866602223296278,
    "58":0.35443853713549217,
    "59":0.3866602223296278,
    "60":0.5316578057032383,
    "61":0.35443853713549217,
    "62":0.467214435314967,
    "63":0.3383276945384244,
    "64":0.4511035927178992,
    "65":0.43499275012083133,
    "66":0.2577734815530852,
    "67":0.20944095376188174,
    "68":0.37054937973256,
    "69":0.3222168519413565,
    "70":0.3383276945384244,
    "71":0.28999516674722087,
    "72":0.3222168519413565,
    "73":0.2416626389560174,
    "74":0.1127758981794748,
    "75":0.2416626389560174,
    "76":0.16110842597067826,
    "77":0.1127758981794748,
    "78":0.16110842597067826,
    "79":0.1127758981794748,
    "80":0.16110842597067826,
    "81":0.2577734815530852,
    "82":0.20944095376188174,
    "83":0.27388432415015307,
    "84":0.16110842597067826,
    "85":0.2416626389560174,
    "86":0.16110842597067826,
    "87":0.16110842597067826,
    "88":0.14499758337361043,
    "89":0.14499758337361043,
    "90":0.14499758337361043,
    "91":0.08055421298533913,
    "92":0.2255517963589496,
    "93":0.17721926856774609,
    "94":0.1288867407765426,
    "95":0.2416626389560174,
    "96":0.1127758981794748,
    "97":0.1127758981794748,
    "98":0.17721926856774609,
    "99":0.08055421298533913,
    "100":0.14499758337361043,
    "101":0.14499758337361043,
    "102":0.09666505558240696,
    "103":0.09666505558240696,
    "104":0.08055421298533913,
    "105":0.1127758981794748,
    "106":0.1127758981794748,
    "107":0.09666505558240696,
    "108":0.09666505558240696,
    "109":0.08055421298533913,
    "110":0.14499758337361043,
    "111":0.0644433703882713,
    "112":0.08055421298533913,
    "113":0.0644433703882713,
    "114":0.0644433703882713,
    "115":0.0644433703882713,
    "116":0.016110842597067826,
    "117":0.0644433703882713,
    "118":0.1288867407765426,
    "119":0.04833252779120348,
    "120":0.0644433703882713,
    "121":0.08055421298533913,
    "122":0.1127758981794748,
    "123":0.016110842597067826,
    "124":0.08055421298533913,
    "125":0.1127758981794748,
    "126":0.1127758981794748,
    "127":0.08055421298533913,
    "128":0.0644433703882713,
    "129":0.0644433703882713,
    "130":0.016110842597067826,
    "131":0.09666505558240696,
    "132":0.16110842597067826,
    "133":0.03222168519413565,
    "134":0.0,
    "135":0.04833252779120348,
    "136":0.04833252779120348,
    "137":0.0644433703882713,
    "138":0.016110842597067826,
    "139":0.03222168519413565,
    "140":0.0644433703882713,
    "141":0.04833252779120348,
    "142":0.016110842597067826,
    "143":0.016110842597067826,
    "144":0.016110842597067826,
    "145":0.04833252779120348,
    "146":0.04833252779120348,
    "147":0.0,
    "148":0.0644433703882713,
    "149":0.0,
    "150":0.0644433703882713,
    "151":0.016110842597067826,
    "152":0.0,
    "153":0.016110842597067826,
    "154":0.0,
    "155":0.016110842597067826,
    "156":0.0,
    "157":0.03222168519413565,
    "158":0.08055421298533913,
    "159":0.0,
    "160":0.0,
    "161":0.0,
    "162":0.0,
    "163":0.0,
    "164":0.0,
    "165":0.0,
    "166":0.0,
    "167":0.0,
    "168":0.0,
    "169":0.0,
    "170":0.0,
    "171":0.0,
    "172":0.0,
    "173":0.0,
    "174":0.0,
    "175":0.0,
    "176":0.0,
    "177":0.0,
    "178":0.0,
    "179":0.0,
    "180":0.0,
    "181":0.0,
    "182":0.0,
    "183":0.0,
    "184":0.0,
    "185":0.0,
    "186":0.0,
    "187":0.0,
    "188":0.0,
    "189":0.0,
    "190":0.0,
    "191":0.0,
    "192":0.0,
    "193":0.0,
    "194":0.0,
    "195":0.0,
    "196":0.0,
    "197":0.0,
    "198":0.0,
    "199":0.0,
    "200":0.0,
    "201":0.0,
    "202":0.0,
    "203":0.0,
    "204":0.0,
    "205":0.0,
    "206":0.0,
    "207":0.0,
    "208":0.0,
    "209":0.0,
    "210":0.0,
    "211":0.0,
    "212":0.0,
    "213":0.0,
    "214":0.0,
    "215":0.0,
    "216":0.0,
    "217":0.0,
    "218":0.0,
    "219":0.0,
    "220":0.0,
    "221":0.016110842597067826,
    "222":0.0,
    "223":0.0,
    "224":0.0,
    "225":0.0,
    "226":0.0,
    "227":0.0,
    "228":0.0,
    "229":0.0,
    "230":0.0
}