{
    "0":3.0824372759856633,
    "1":3.2138590203106334,
    "2":3.5364396654719235,
    "3":2.5448028673835124,
    "4":1.8518518518518516,
    "5":1.947431302270012,
    "6":2.998805256869773,
    "7":3.4169653524492234,
    "8":3.106332138590203,
    "9":2.807646356033453,
    "10":2.915173237753883,
    "11":2.2341696535244924,
    "12":2.078853046594982,
    "13":1.3859020310633214,
    "14":1.3978494623655915,
    "15":1.1708482676224612,
    "16":1.3620071684587813,
    "17":1.4934289127837514,
    "18":1.3381123058542415,
    "19":1.4336917562724014,
    "20":1.816009557945042,
    "21":1.995221027479092,
    "22":1.995221027479092,
    "23":2.0908004778972518,
    "24":2.126642771804062,
    "25":1.875746714456392,
    "26":2.2341696535244924,
    "27":2.066905615292712,
    "28":2.174432497013142,
    "29":1.971326164874552,
    "30":1.8518518518518516,
    "31":2.043010752688172,
    "32":1.7801672640382318,
    "33":1.5053763440860215,
    "34":1.4814814814814816,
    "35":1.5770609318996418,
    "36":1.5651135005973715,
    "37":1.1589008363201911,
    "38":1.3620071684587813,
    "39":0.9318996415770611,
    "40":0.8841099163679809,
    "41":0.7168458781362007,
    "42":0.8004778972520908,
    "43":0.5137395459976105,
    "44":0.5615292712066905,
    "45":0.4778972520908005,
    "46":0.5017921146953405,
    "47":0.6451612903225806,
    "48":0.5973715651135006,
    "49":0.5256869772998806,
    "50":0.5017921146953405,
    "51":0.5495818399044206,
    "52":0.5017921146953405,
    "53":0.5615292712066905,
    "54":0.4778972520908005,
    "55":0.5017921146953405,
    "56":0.5137395459976105,
    "57":0.5017921146953405,
    "58":0.4181600955794504,
    "59":0.46594982078853053,
    "60":0.4540023894862605,
    "61":0.4540023894862605,
    "62":0.2986857825567503,
    "63":0.34647550776583036,
    "64":0.33452807646356036,
    "65":0.4181600955794504,
    "66":0.19115890083632017,
    "67":0.14336917562724014,
    "68":0.17921146953405018,
    "69":0.05973715651135006,
    "70":0.04778972520908004,
    "71":0.08363201911589009,
    "72":0.08363201911589009,
    "73":0.17921146953405018,
    "74":0.09557945041816009,
    "75":0.09557945041816009,
    "76":0.15531660692951016,
    "77":0.11947431302270012,
    "78":0.15531660692951016,
    "79":0.09557945041816009,
    "80":0.09557945041816009,
    "81":0.10752688172043011,
    "82":0.14336917562724014,
    "83":0.09557945041816009,
    "84":0.09557945041816009,
    "85":0.04778972520908004,
    "86":0.04778972520908004,
    "87":0.04778972520908004,
    "88":0.08363201911589009,
    "89":0.04778972520908004,
    "90":0.04778972520908004,
    "91":0.07168458781362007,
    "92":0.10752688172043011,
    "93":0.04778972520908004,
    "94":0.07168458781362007,
    "95":0.02389486260454002,
    "96":0.04778972520908004,
    "97":0.02389486260454002,
    "98":0.10752688172043011,
    "99":0.08363201911589009,
    "100":0.07168458781362007,
    "101":0.05973715651135006,
    "102":0.05973715651135006,
    "103":0.04778972520908004,
    "104":0.05973715651135006,
    "105":0.05973715651135006,
    "106":0.08363201911589009,
    "107":0.05973715651135006,
    "108":0.02389486260454002,
    "109":0.07168458781362007,
    "110":0.01194743130227001,
    "111":0.05973715651135006,
    "112":0.02389486260454002,
    "113":0.04778972520908004,
    "114":0.09557945041816009,
    "115":0.02389486260454002,
    "116":0.05973715651135006,
    "117":0.02389486260454002,
    "118":0.07168458781362007,
    "119":0.02389486260454002,
    "120":0.035842293906810034,
    "121":0.01194743130227001,
    "122":0.04778972520908004,
    "123":0.04778972520908004,
    "124":0.04778972520908004,
    "125":0.0,
    "126":0.02389486260454002,
    "127":0.0,
    "128":0.035842293906810034,
    "129":0.02389486260454002,
    "130":0.04778972520908004,
    "131":0.035842293906810034,
    "132":0.02389486260454002,
    "133":0.05973715651135006,
    "134":0.035842293906810034,
    "135":0.01194743130227001,
    "136":0.035842293906810034,
    "137":0.04778972520908004,
    "138":0.035842293906810034,
    "139":0.02389486260454002,
    "140":0.01194743130227001,
    "141":0.01194743130227001,
    "142":0.02389486260454002,
    "143":0.02389486260454002,
    "144":0.01194743130227001,
    "145":0.07168458781362007,
    "146":0.0,
    "147":0.035842293906810034,
    "148":0.0,
    "149":0.01194743130227001,
    "150":0.0,
    "151":0.02389486260454002,
    "152":0.02389486260454002,
    "153":0.01194743130227001,
    "154":0.02389486260454002,
    "155":0.02389486260454002,
    "156":0.01194743130227001,
    "157":0.0,
    "158":0.0,
    "159":0.0,
    "160":0.02389486260454002,
    "161":0.0,
    "162":0.0,
    "163":0.01194743130227001,
    "164":0.0,
    "165":0.0,
    "166":0.035842293906810034,
    "167":0.04778972520908004,
    "168":0.01194743130227001,
    "169":0.02389486260454002,
    "170":0.0,
    "171":0.0,
    "172":0.02389486260454002,
    "173":0.0,
    "174":0.0,
    "175":0.0,
    "176":0.0,
    "177":0.01194743130227001,
    "178":0.0,
    "179":0.035842293906810034,
    "180":0.01194743130227001,
    "181":0.05973715651135006,
    "182":0.0,
    "183":0.0,
    "184":0.0,
    "185":0.0,
    "186":0.0,
    "187":0.0,
    "188":0.0,
    "189":0.01194743130227001,
    "190":0.0,
    "191":0.0,
    "192":0.0,
    "193":0.0,
    "194":0.0,
    "195":0.0,
    "196":0.0,
    "197":0.0,
    "198":0.0,
    "199":0.0,
    "200":0.0,
    "201":0.04778972520908004,
    "202":0.0,
    "203":0.0,
    "204":0.0,
    "205":0.0,
    "206":0.0,
    "207":0.0,
    "208":0.0,
    "209":0.0,
    "210":0.0,
    "211":0.0,
    "212":0.0,
    "213":0.0,
    "214":0.0,
    "215":0.0,
    "216":0.0,
    "217":0.0,
    "218":0.0,
    "219":0.0,
    "220":0.0,
    "221":0.0,
    "222":0.0,
    "223":0.0,
    "224":0.0,
    "225":0.0,
    "226":0.0,
    "227":0.0,
    "228":0.0,
    "229":0.0,
    "230":0.01194743130227001,
    "231":0.0,
    "232":0.0,
    "233":0.0,
    "234":0.0,
    "235":0.0,
    "236":0.0,
    "237":0.0,
    "238":0.0,
    "239":0.0,
    "240":0.0,
    "241":0.0,
    "242":0.0,
    "243":0.0,
    "244":0.0,
    "245":0.0,
    "246":0.0,
    "247":0.0,
    "248":0.0,
    "249":0.0,
    "250":0.0,
    "251":0.0,
    "252":0.0,
    "253":0.0,
    "254":0.0,
    "255":0.0,
    "256":0.0,
    "257":0.0,
    "258":0.0,
    "259":0.0,
    "260":0.0,
    "261":0.0,
    "262":0.0,
    "263":0.0,
    "264":0.0,
    "265":0.0,
    "266":0.0,
    "267":0.0,
    "268":0.01194743130227001,
    "269":0.0,
    "270":0.0,
    "271":0.0,
    "272":0.0,
    "273":0.0,
    "274":0.0,
    "275":0.0,
    "276":0.0,
    "277":0.0,
    "278":0.0,
    "279":0.0,
    "280":0.0,
    "281":0.0,
    "282":0.0,
    "283":0.0,
    "284":0.0,
    "285":0.0,
    "286":0.0,
    "287":0.0,
    "288":0.0,
    "289":0.0,
    "290":0.0,
    "291":0.0,
    "292":0.0,
    "293":0.0,
    "294":0.0,
    "295":0.0,
    "296":0.0,
    "297":0.0,
    "298":0.0,
    "299":0.0,
    "300":0.0,
    "301":0.0,
    "302":0.0,
    "303":0.0,
    "304":0.0,
    "305":0.0,
    "306":0.0,
    "307":0.0,
    "308":0.0,
    "309":0.0,
    "310":0.0,
    "311":0.0,
    "312":0.0,
    "313":0.0,
    "314":0.0,
    "315":0.0,
    "316":0.0,
    "317":0.0,
    "318":0.0,
    "319":0.0,
    "320":0.0,
    "321":0.0,
    "322":0.0,
    "323":0.0,
    "324":0.01194743130227001,
    "325":0.0,
    "326":0.0,
    "327":0.0,
    "328":0.0,
    "329":0.0,
    "330":0.0,
    "331":0.0,
    "332":0.0,
    "333":0.0,
    "334":0.0,
    "335":0.0,
    "336":0.0,
    "337":0.0,
    "338":0.0,
    "339":0.0,
    "340":0.0,
    "341":0.0,
    "342":0.0,
    "343":0.0,
    "344":0.0,
    "345":0.0,
    "346":0.0,
    "347":0.0,
    "348":0.01194743130227001,
    "349":0.0,
    "350":0.0,
    "351":0.0,
    "352":0.0,
    "353":0.0,
    "354":0.0,
    "355":0.0,
    "356":0.0,
    "357":0.0,
    "358":0.0,
    "359":0.0,
    "360":0.0,
    "361":0.0,
    "362":0.0,
    "363":0.0,