{
    "0":2.5846153846153843,
    "1":2.0307692307692307,
    "2":4.246153846153846,
    "3":1.3948717948717948,
    "4":2.2974358974358977,
    "5":2.112820512820513,
    "6":1.682051282051282,
    "7":1.353846153846154,
    "8":1.7846153846153845,
    "9":1.2923076923076922,
    "10":1.3128205128205128,
    "11":1.4974358974358974,
    "12":1.805128205128205,
    "13":2.2974358974358977,
    "14":2.4410256410256412,
    "15":2.3794871794871795,
    "16":1.948717948717949,
    "17":1.8871794871794874,
    "18":1.8461538461538463,
    "19":1.764102564102564,
    "20":1.8256410256410254,
    "21":2.071794871794872,
    "22":2.235897435897436,
    "23":1.8871794871794874,
    "24":1.7846153846153845,
    "25":1.2512820512820513,
    "26":1.353846153846154,
    "27":1.3128205128205128,
    "28":0.8615384615384615,
    "29":1.2717948717948717,
    "30":0.9846153846153847,
    "31":1.0666666666666667,
    "32":0.8205128205128205,
    "33":0.9025641025641025,
    "34":1.087179487179487,
    "35":1.0256410256410255,
    "36":0.841025641025641,
    "37":1.1897435897435897,
    "38":0.9025641025641025,
    "39":0.6974358974358974,
    "40":0.9641025641025641,
    "41":0.9230769230769231,
    "42":1.0256410256410255,
    "43":0.8,
    "44":0.9025641025641025,
    "45":0.8205128205128205,
    "46":0.8615384615384615,
    "47":0.6153846153846154,
    "48":0.676923076923077,
    "49":0.6564102564102564,
    "50":0.676923076923077,
    "51":0.5743589743589744,
    "52":0.6358974358974359,
    "53":0.5128205128205128,
    "54":0.49230769230769234,
    "55":0.5128205128205128,
    "56":0.5538461538461538,
    "57":0.6153846153846154,
    "58":0.717948717948718,
    "59":0.3076923076923077,
    "60":0.3282051282051282,
    "61":0.2871794871794872,
    "62":0.3692307692307692,
    "63":0.3692307692307692,
    "64":0.20512820512820512,
    "65":0.3487179487179487,
    "66":0.5128205128205128,
    "67":0.3487179487179487,
    "68":0.3282051282051282,
    "69":0.2871794871794872,
    "70":0.3076923076923077,
    "71":0.22564102564102562,
    "72":0.3282051282051282,
    "73":0.1435897435897436,
    "74":0.1846153846153846,
    "75":0.3282051282051282,
    "76":0.20512820512820512,
    "77":0.3282051282051282,
    "78":0.24615384615384617,
    "79":0.1846153846153846,
    "80":0.22564102564102562,
    "81":0.22564102564102562,
    "82":0.24615384615384617,
    "83":0.3282051282051282,
    "84":0.12307692307692308,
    "85":0.12307692307692308,
    "86":0.3076923076923077,
    "87":0.3282051282051282,
    "88":0.22564102564102562,
    "89":0.22564102564102562,
    "90":0.22564102564102562,
    "91":0.12307692307692308,
    "92":0.12307692307692308,
    "93":0.22564102564102562,
    "94":0.20512820512820512,
    "95":0.1846153846153846,
    "96":0.24615384615384617,
    "97":0.22564102564102562,
    "98":0.3076923076923077,
    "99":0.1435897435897436,
    "100":0.20512820512820512,
    "101":0.22564102564102562,
    "102":0.24615384615384617,
    "103":0.08205128205128205,
    "104":0.1641025641025641,
    "105":0.1641025641025641,
    "106":0.1641025641025641,
    "107":0.06153846153846154,
    "108":0.08205128205128205,
    "109":0.10256410256410256,
    "110":0.08205128205128205,
    "111":0.1846153846153846,
    "112":0.10256410256410256,
    "113":0.1846153846153846,
    "114":0.1846153846153846,
    "115":0.1846153846153846,
    "116":0.1641025641025641,
    "117":0.06153846153846154,
    "118":0.08205128205128205,
    "119":0.10256410256410256,
    "120":0.020512820512820513,
    "121":0.1641025641025641,
    "122":0.10256410256410256,
    "123":0.10256410256410256,
    "124":0.12307692307692308,
    "125":0.1846153846153846,
    "126":0.10256410256410256,
    "127":0.08205128205128205,
    "128":0.1435897435897436,
    "129":0.041025641025641026,
    "130":0.041025641025641026,
    "131":0.08205128205128205,
    "132":0.10256410256410256,
    "133":0.1435897435897436,
    "134":0.08205128205128205,
    "135":0.1435897435897436,
    "136":0.041025641025641026,
    "137":0.1435897435897436,
    "138":0.06153846153846154,
    "139":0.041025641025641026,
    "140":0.08205128205128205,
    "141":0.08205128205128205,
    "142":0.12307692307692308,
    "143":0.10256410256410256,
    "144":0.08205128205128205,
    "145":0.08205128205128205,
    "146":0.12307692307692308,
    "147":0.12307692307692308,
    "148":0.10256410256410256,
    "149":0.1846153846153846,
    "150":0.10256410256410256,
    "151":0.08205128205128205,
    "152":0.08205128205128205,
    "153":0.041025641025641026,
    "154":0.041025641025641026,
    "155":0.1435897435897436,
    "156":0.08205128205128205,
    "157":0.10256410256410256,
    "158":0.12307692307692308,
    "159":0.041025641025641026,
    "160":0.10256410256410256,
    "161":0.12307692307692308,
    "162":0.12307692307692308,
    "163":0.0,
    "164":0.041025641025641026,
    "165":0.10256410256410256,
    "166":0.12307692307692308,
    "167":0.041025641025641026,
    "168":0.0,
    "169":0.06153846153846154,
    "170":0.06153846153846154,
    "171":0.020512820512820513,
    "172":0.0,
    "173":0.041025641025641026,
    "174":0.020512820512820513,
    "175":0.020512820512820513,
    "176":0.041025641025641026,
    "177":0.020512820512820513,
    "178":0.020512820512820513,
    "179":0.0,
    "180":0.0,
    "181":0.041025641025641026,
    "182":0.0,
    "183":0.06153846153846154,
    "184":0.041025641025641026,
    "185":0.0,
    "186":0.06153846153846154,
    "187":0.020512820512820513,
    "188":0.08205128205128205,
    "189":0.041025641025641026,
    "190":0.020512820512820513,
    "191":0.041025641025641026,
    "192":0.06153846153846154,
    "193":0.020512820512820513,
    "194":0.06153846153846154,
    "195":0.08205128205128205,
    "196":0.020512820512820513,
    "197":0.041025641025641026,
    "198":0.10256410256410256,
    "199":0.020512820512820513,
    "200":0.0,
    "201":0.041025641025641026,
    "202":0.06153846153846154,
    "203":0.0,
    "204":0.020512820512820513,
    "205":0.020512820512820513,
    "206":0.020512820512820513,
    "207":0.12307692307692308,
    "208":0.10256410256410256,
    "209":0.0,
    "210":0.020512820512820513,
    "211":0.020512820512820513,
    "212":0.041025641025641026,
    "213":0.020512820512820513,
    "214":0.06153846153846154,
    "215":0.0,
    "216":0.0,
    "217":0.041025641025641026,
    "218":0.020512820512820513,
    "219":0.020512820512820513,
    "220":0.020512820512820513,
    "221":0.020512820512820513,
    "222":0.0,
    "223":0.0,
    "224":0.08205128205128205,
    "225":0.08205128205128205,
    "226":0.0,
    "227":0.020512820512820513,
    "228":0.041025641025641026,
    "229":0.020512820512820513,
    "230":0.041025641025641026,
    "231":0.041025641025641026,
    "232":0.041025641025641026,
    "233":0.041025641025641026,
    "234":0.020512820512820513,
    "235":0.020512820512820513,
    "236":0.0,
    "237":0.08205128205128205,
    "238":0.020512820512820513,
    "239":0.041025641025641026,
    "240":0.06153846153846154,
    "241":0.0,
    "242":0.08205128205128205,
    "243":0.10256410256410256,
    "244":0.1435897435897436,
    "245":0.0,
    "246":0.041025641025641026,
    "247":0.041025641025641026,
    "248":0.0,
    "249":0.020512820512820513,
    "250":0.0,
    "251":0.0,
    "252":0.0,
    "253":0.0,
    "254":0.020512820512820513,
    "255":0.0,
    "256":0.0,
    "257":0.0,
    "258":0.0,
    "259":0.10256410256410256,
    "260":0.0,
    "261":0.0,
    "262":0.0,
    "263":0.0,
    "264":0.0,
    "265":0.0,
    "266":0.0,
    "267":0.0,
    "268":0.0,
    "269":0.0,
    "270":0.0,
    "271":0.0,
    "272":0.0,
    "273":0.020512820512820513,
    "274":0.0,
    "275":0.0,
    "276":0.0,
    "277":0.0,
    "278":0.0,
    "279":0.0,
    "280":0.0,
    "281":0.020512820512820513,
    "282":0.0,
    "283":0.0,
    "284":0.0,
    "285":0.0,
    "286":0.0,
    "287":0.0,
    "288":0.0,
    "289":0.0,
    "290":0.0,
    "291":0.0,
    "292":0.0,
    "293":0.0,