{
    "0":3.2677112628900495,
    "1":6.736306414892192,
    "2":3.321280299986608,
    "3":3.0802196330520957,
    "4":3.6560867818400964,
    "5":2.5043524842640954,
    "6":1.9686621132985134,
    "7":1.419579483058792,
    "8":1.4865407794294898,
    "9":1.5267175572519083,
    "10":1.4999330387036294,
    "11":1.4061872237846524,
    "12":1.7677782241864202,
    "13":2.0222311503950716,
    "14":1.9284853354760947,
    "15":2.102584706039909,
    "16":2.129369224588188,
    "17":1.982054372572653,
    "18":2.07580018749163,
    "19":2.169546002410607,
    "20":1.8615240391053973,
    "21":1.687424668541583,
    "22":1.6740324092674435,
    "23":1.834739520557118,
    "24":1.2320878532208384,
    "25":1.419579483058792,
    "26":1.1115575197535823,
    "27":1.0713807419311638,
    "28":1.2320878532208384,
    "29":1.2186955939466988,
    "30":0.5892594080621402,
    "31":0.8972813713673496,
    "32":0.9106736306414892,
    "33":1.1651265568501405,
    "34":1.3392259274139549,
    "35":0.5892594080621402,
    "36":0.7767510379000937,
    "37":0.8437123342707915,
    "38":0.9240658899156288,
    "39":1.004419445560466,
    "40":0.7499665193518147,
    "41":0.9374581491897684,
    "42":0.7901432971742333,
    "43":0.6830052229811169,
    "44":0.8972813713673496,
    "45":0.709789741529396,
    "46":0.8169278157225124,
    "47":0.7231820008035356,
    "48":1.0178117048346056,
    "49":0.9508504084639078,
    "50":0.8571045935449311,
    "51":0.5892594080621402,
    "52":0.6696129637069774,
    "53":0.6562207044328379,
    "54":0.6294361858845587,
    "55":0.6294361858845587,
    "56":0.6696129637069774,
    "57":0.5222981116914424,
    "58":0.6160439266104192,
    "59":0.4553368153207446,
    "60":0.415160037498326,
    "61":0.4687290745948842,
    "62":0.4553368153207446,
    "63":0.6562207044328379,
    "64":0.4017677782241864,
    "65":0.6160439266104192,
    "66":0.5089058524173028,
    "67":0.5089058524173028,
    "68":0.38837551895004685,
    "69":0.38837551895004685,
    "70":0.3080219633052096,
    "71":0.4017677782241864,
    "72":0.5624748895138609,
    "73":0.415160037498326,
    "74":0.5089058524173028,
    "75":0.3481987411276282,
    "76":0.38837551895004685,
    "77":0.32141422257934915,
    "78":0.24106066693451184,
    "79":0.2946297040310701,
    "80":0.2544529262086514,
    "81":0.24106066693451184,
    "82":0.2544529262086514,
    "83":0.2008838891120932,
    "84":0.16070711128967458,
    "85":0.12053033346725592,
    "86":0.2008838891120932,
    "87":0.28123744475693047,
    "88":0.16070711128967458,
    "89":0.2276684076603723,
    "90":0.08035355564483729,
    "91":0.21427614838623277,
    "92":0.2544529262086514,
    "93":0.13392259274139548,
    "94":0.13392259274139548,
    "95":0.14731485201553504,
    "96":0.32141422257934915,
    "97":0.2008838891120932,
    "98":0.12053033346725592,
    "99":0.08035355564483729,
    "100":0.026784518548279096,
    "101":0.1740993705638141,
    "102":0.08035355564483729,
    "103":0.040176777822418644,
    "104":0.12053033346725592,
    "105":0.06696129637069774,
    "106":0.08035355564483729,
    "107":0.12053033346725592,
    "108":0.06696129637069774,
    "109":0.12053033346725592,
    "110":0.18749162983795367,
    "111":0.08035355564483729,
    "112":0.040176777822418644,
    "113":0.040176777822418644,
    "114":0.013392259274139548,
    "115":0.08035355564483729,
    "116":0.0,
    "117":0.013392259274139548,
    "118":0.013392259274139548,
    "119":0.0,
    "120":0.013392259274139548,
    "121":0.0,
    "122":0.0,
    "123":0.013392259274139548,
    "124":0.0,
    "125":0.013392259274139548,
    "126":0.013392259274139548,
    "127":0.013392259274139548,
    "128":0.026784518548279096,
    "129":0.013392259274139548,
    "130":0.0,
    "131":0.013392259274139548,
    "132":0.026784518548279096,
    "133":0.013392259274139548,
    "134":0.0,
    "135":0.0,
    "136":0.0,
    "137":0.0,
    "138":0.0,
    "139":0.0,
    "140":0.0,
    "141":0.0,
    "142":0.0,
    "143":0.013392259274139548,
    "144":0.0,
    "145":0.0,
    "146":0.0,
    "147":0.0,
    "148":0.0,
    "149":0.0,
    "150":0.0,
    "151":0.0,
    "152":0.0,
    "153":0.0,
    "154":0.0,
    "155":0.0,
    "156":0.0,
    "157":0.0,
    "158":0.0,
    "159":0.0,
    "160":0.0,
    "161":0.0,
    "162":0.0,
    "163":0.0,
    "164":0.0,
    "165":0.0,
    "166":0.0,
    "167":0.0,
    "168":0.0,
    "169":0.0,
    "170":0.0,
    "171":0.0,
    "172":0.0,
    "173":0.0,
    "174":0.0,
    "175":0.0,
    "176":0.0,
    "177":0.0,
    "178":0.0,
    "179":0.0,
    "180":0.0,
    "181":0.0,
    "182":0.0,
    "183":0.0,
    "184":0.0,
    "185":0.0,
    "186":0.013392259274139548,
    "187":0.0,
    "188":0.0,
    "189":0.0,
    "190":0.0,
    "191":0.0,
    "192":0.0,
    "193":0.0,
    "194":0.0,
    "195":0.0,
    "196":0.0,
    "197":0.0,
    "198":0.0,
    "199":0.0,
    "200":0.0,
    "201":0.0,
    "202":0.040176777822418644,
    "203":0.0,
    "204":0.0,
    "205":0.0,
    "206":0.0,
    "207":0.0,
    "208":0.0,
    "209":0.0,
    "210":0.0,
    "211":0.0,
    "212":0.0,
    "213":0.0,
    "214":0.0,
    "215":0.0,
    "216":0.0,
    "217":0.0,
    "218":0.0,
    "219":0.0,
    "220":0.0,
    "221":0.0,
    "222":0.0,
    "223":0.0,
    "224":0.0,
    "225":0.0,
    "226":0.0,
    "227":0.0,
    "228":0.0,
    "229":0.0,
    "230":0.0,
    "231":0.0,
    "232":0.0,
    "233":0.0,
    "234":0.0,
    "235":0.0,
    "236":0.0,
    "237":0.0,
    "238":0.0,
    "239":0.0,
    "240":0.0,
    "241":0.0,
    "242":0.0,
    "243":0.0,
    "244":0.0,
    "245":0.0,
    "246":0.0,
    "247":0.0,
    "248":0.0,
    "249":0.0,
    "250":0.0,
    "251":0.0,
    "252":0.0,
    "253":0.0,
    "254":0.0,
    "255":0.0,
    "256":0.0,
    "257":0.0,
    "258":0.0,
    "259":0.0,
    "260":0.0,
    "261":0.0,
    "262":0.0,
    "263":0.0,
    "264":0.0,
    "265":0.0,
    "266":0.013392259274139548,
    "267":0.0,
    "268":0.0,
    "269":0.0,
    "270":0.0,
    "271":0.0,
    "272":0.0,
    "273":0.0,
    "274":0.0,
    "275":0.0
}