{
    "0":7.749695493300853,
    "1":0.8221680876979294,
    "2":1.6291108404384895,
    "3":2.5274056029232645,
    "4":3.912911084043849,
    "5":4.400121802679659,
    "6":3.182095006090134,
    "7":2.0554202192448234,
    "8":1.0962241169305724,
    "9":0.7764920828258222,
    "10":0.9439707673568819,
    "11":1.0200974421437272,
    "12":1.3550548112058465,
    "13":1.4007308160779537,
    "14":1.9488428745432398,
    "15":2.0249695493300854,
    "16":1.8422655298416566,
    "17":1.705237515225335,
    "18":1.8118148599269184,
    "19":1.750913520097442,
    "20":1.964068209500609,
    "21":1.705237515225335,
    "22":1.9336175395858708,
    "23":1.3702801461632157,
    "24":1.9488428745432398,
    "25":1.9183922046285016,
    "26":1.6747868453105967,
    "27":1.5529841656516443,
    "28":1.3093788063337393,
    "29":0.989646772228989,
    "30":1.202801461632156,
    "31":1.5225334957369063,
    "32":1.1114494518879416,
    "33":1.248477466504263,
    "34":1.0809987819732034,
    "35":1.4159561510353227,
    "36":1.2180267965895248,
    "37":1.202801461632156,
    "38":1.507308160779537,
    "39":1.446406820950061,
    "40":1.2941534713763703,
    "41":1.1723507917174179,
    "42":1.0048721071863582,
    "43":1.1114494518879416,
    "44":0.8221680876979294,
    "45":1.0657734470158342,
    "46":0.9287454323995128,
    "47":0.5328867235079171,
    "48":0.7612667478684532,
    "49":0.6090133982947624,
    "50":0.6546894031668696,
    "51":0.6394640682095006,
    "52":0.5785627283800243,
    "53":0.5785627283800243,
    "54":0.3958587088915956,
    "55":0.6090133982947624,
    "56":0.48721071863580995,
    "57":0.3958587088915956,
    "58":0.45676004872107184,
    "59":0.3958587088915956,
    "60":0.6090133982947624,
    "61":0.5176613885505481,
    "62":0.5633373934226552,
    "63":0.47198538367844095,
    "64":0.4415347137637028,
    "65":0.28928136419001216,
    "66":0.24360535931790497,
    "67":0.2740560292326431,
    "68":0.1979293544457978,
    "69":0.24360535931790497,
    "70":0.25883069427527405,
    "71":0.3045066991473812,
    "72":0.1979293544457978,
    "73":0.24360535931790497,
    "74":0.16747868453105969,
    "75":0.12180267965895249,
    "76":0.18270401948842874,
    "77":0.13702801461632155,
    "78":0.10657734470158343,
    "79":0.09135200974421437,
    "80":0.10657734470158343,
    "81":0.16747868453105969,
    "82":0.13702801461632155,
    "83":0.10657734470158343,
    "84":0.13702801461632155,
    "85":0.1522533495736906,
    "86":0.0761266747868453,
    "87":0.06090133982947624,
    "88":0.06090133982947624,
    "89":0.10657734470158343,
    "90":0.0761266747868453,
    "91":0.10657734470158343,
    "92":0.1979293544457978,
    "93":0.045676004872107184,
    "94":0.1522533495736906,
    "95":0.12180267965895249,
    "96":0.03045066991473812,
    "97":0.0761266747868453,
    "98":0.1522533495736906,
    "99":0.0761266747868453,
    "100":0.0761266747868453,
    "101":0.06090133982947624,
    "102":0.09135200974421437,
    "103":0.045676004872107184,
    "104":0.06090133982947624,
    "105":0.01522533495736906,
    "106":0.09135200974421437,
    "107":0.10657734470158343,
    "108":0.045676004872107184,
    "109":0.01522533495736906,
    "110":0.045676004872107184,
    "111":0.045676004872107184,
    "112":0.06090133982947624,
    "113":0.06090133982947624,
    "114":0.0761266747868453,
    "115":0.06090133982947624,
    "116":0.03045066991473812,
    "117":0.18270401948842874,
    "118":0.09135200974421437,
    "119":0.045676004872107184,
    "120":0.045676004872107184,
    "121":0.045676004872107184,
    "122":0.045676004872107184,
    "123":0.045676004872107184,
    "124":0.09135200974421437,
    "125":0.12180267965895249,
    "126":0.0761266747868453,
    "127":0.01522533495736906,
    "128":0.0761266747868453,
    "129":0.06090133982947624,
    "130":0.06090133982947624,
    "131":0.10657734470158343,
    "132":0.03045066991473812,
    "133":0.01522533495736906,
    "134":0.01522533495736906,
    "135":0.03045066991473812,
    "136":0.03045066991473812,
    "137":0.045676004872107184,
    "138":0.03045066991473812,
    "139":0.045676004872107184,
    "140":0.03045066991473812,
    "141":0.01522533495736906,
    "142":0.06090133982947624,
    "143":0.0761266747868453,
    "144":0.045676004872107184,
    "145":0.09135200974421437,
    "146":0.01522533495736906,
    "147":0.03045066991473812,
    "148":0.03045066991473812,
    "149":0.045676004872107184,
    "150":0.09135200974421437,
    "151":0.045676004872107184,
    "152":0.03045066991473812,
    "153":0.01522533495736906,
    "154":0.03045066991473812,
    "155":0.06090133982947624,
    "156":0.01522533495736906,
    "157":0.0,
    "158":0.03045066991473812,
    "159":0.06090133982947624,
    "160":0.01522533495736906,
    "161":0.03045066991473812,
    "162":0.0,
    "163":0.0,
    "164":0.01522533495736906,
    "165":0.03045066991473812,
    "166":0.03045066991473812,
    "167":0.06090133982947624,
    "168":0.03045066991473812,
    "169":0.045676004872107184,
    "170":0.045676004872107184,
    "171":0.06090133982947624,
    "172":0.045676004872107184,
    "173":0.01522533495736906,
    "174":0.01522533495736906,
    "175":0.06090133982947624,
    "176":0.0,
    "177":0.01522533495736906,
    "178":0.03045066991473812,
    "179":0.045676004872107184,
    "180":0.0,
    "181":0.01522533495736906,
    "182":0.01522533495736906,
    "183":0.03045066991473812,
    "184":0.03045066991473812,
    "185":0.045676004872107184,
    "186":0.0,
    "187":0.01522533495736906,
    "188":0.01522533495736906,
    "189":0.06090133982947624,
    "190":0.10657734470158343,
    "191":0.01522533495736906,
    "192":0.01522533495736906,
    "193":0.0,
    "194":0.0,
    "195":0.01522533495736906,
    "196":0.0,
    "197":0.03045066991473812,
    "198":0.03045066991473812,
    "199":0.045676004872107184,
    "200":0.0,
    "201":0.0,
    "202":0.0,
    "203":0.0,
    "204":0.0,
    "205":0.0,
    "206":0.0,
    "207":0.0,
    "208":0.0,
    "209":0.0,
    "210":0.0,
    "211":0.0,
    "212":0.0,
    "213":0.0,
    "214":0.01522533495736906,
    "215":0.0,
    "216":0.0,
    "217":0.0,
    "218":0.0,
    "219":0.0,
    "220":0.01522533495736906,
    "221":0.0,
    "222":0.0,
    "223":0.0,
    "224":0.0,
    "225":0.0,
    "226":0.0,
    "227":0.0,
    "228":0.0,
    "229":0.0,
    "230":0.0,
    "231":0.0,
    "232":0.0,
    "233":0.0,
    "234":0.0,
    "235":0.01522533495736906,
    "236":0.01522533495736906,
    "237":0.0,
    "238":0.0,
    "239":0.0,
    "240":0.0,
    "241":0.0,
    "242":0.0,
    "243":0.0,
    "244":0.0,
    "245":0.0,
    "246":0.0,
    "247":0.0,
    "248":0.0,
    "249":0.0,
    "250":0.0,
    "251":0.0,
    "252":0.0,
    "253":0.0,
    "254":0.0,
    "255":0.0,
    "256":0.06090133982947624,
    "257":0.0,
    "258":0.0,
    "259":0.0,
    "260":0.0,
    "261":0.0,
    "262":0.0,
    "263":0.0,
    "264":0.0,
    "265":0.0,
    "266":0.0,
    "267":0.0,
    "268":0.0,
    "269":0.0,
    "270":0.0,
    "271":0.0,
    "272":0.0,
    "273":0.0,
    "274":0.0,
    "275":0.0,
    "276":0.0,
    "277":0.0,
    "278":0.0,
    "279":0.0,
    "280":0.0,
    "281":0.0,
    "282":0.0,
    "283":0.0,
    "284":0.0,
    "285":0.0,
    "286":0.0,
    "287":0.0,
    "288":0.0,
    "289":0.0,
    "290":0.0,
    "291":0.0,
    "292":0.0,
    "293":0.0,
    "294":0.0,
    "295":0.0,
    "296":0.0,
    "297":0.0,
    "298":0.0,
    "299":0.0,
    "300":0.0,
    "301":0.0,
    "302":0.0,
    "303":0.0,
    "304":0.0,
    "305":0.0,
    "306":0.0,
    "307":0.0,
    "308":0.0,
    "309":0.0,
    "310":0.0,
    "311":0.0,
    "312":0.0,
    "313":0.0,
    "314":0.0,
    "315":0.0,
    "316":0.0,
    "317":0.0,
    "318":0.0,
    "319":0.0,
    "320":0.0,
    "321":0.0,
    "322":0.0,
    "323":0.0,
    "324":0.0,
    "325":0.0,
    "326":0.0,
    "327":0.01522533495736906,
    "328":0.0,
    "329":0.0,
    "330":0.0,
    "331":0.0,
    "332":0.0,
    "333":0.0,
    "334":0.0,