{
    "0":7.838165582625951,
    "1":2.348142431925918,
    "2":5.390805864844008,
    "3":6.81292029544703,
    "4":5.115202293021717,
    "5":3.395436004850623,
    "6":2.392239003417484,
    "7":1.4331385734759121,
    "8":1.5874765736963952,
    "9":1.6646455738066366,
    "10":2.2709734318156762,
    "11":2.127659574468085,
    "12":1.7307904310439863,
    "13":1.6756697166795282,
    "14":2.2268768603241096,
    "15":2.2158527174512184,
    "16":1.9733215742476022,
    "17":1.807959431154228,
    "18":1.7197662881710947,
    "19":1.5544041450777202,
    "20":1.7197662881710947,
    "21":1.8630801455186858,
    "22":1.8961525741373608,
    "23":1.807959431154228,
    "24":1.6866938595524197,
    "25":1.6756697166795282,
    "26":1.3669937162385624,
    "27":1.5544041450777202,
    "28":1.1244625730349467,
    "29":1.1024142872891634,
    "30":1.1575350016536214,
    "31":1.168559144526513,
    "32":1.1906074302722964,
    "33":1.1906074302722964,
    "34":1.0583177157975967,
    "35":0.9260280013228971,
    "36":0.9811487156873553,
    "37":0.8488590012126558,
    "38":0.9480762870686804,
    "39":1.1354867159078381,
    "40":0.7716900011024143,
    "41":0.6394002866277146,
    "42":0.5512071436445817,
    "43":0.36379671480542386,
    "44":0.5071105721530151,
    "45":0.36379671480542386,
    "46":0.4078932862969904,
    "47":0.2645794289493992,
    "48":0.2976518575680741,
    "49":0.35277257193253225,
    "50":0.37482085767831547,
    "51":0.38584500055120713,
    "52":0.330724286186749,
    "53":0.2645794289493992,
    "54":0.4078932862969904,
    "55":0.2645794289493992,
    "56":0.3417484290596406,
    "57":0.28662771469518245,
    "58":0.24253114320361593,
    "59":0.28662771469518245,
    "60":0.2645794289493992,
    "61":0.37482085767831547,
    "62":0.27560357182229084,
    "63":0.22048285745783266,
    "64":0.18741042883915773,
    "65":0.3417484290596406,
    "66":0.3197001433138573,
    "67":0.28662771469518245,
    "68":0.20945871458494103,
    "69":0.15433800022048286,
    "70":0.1984345717120494,
    "71":0.27560357182229084,
    "72":0.18741042883915773,
    "73":0.24253114320361593,
    "74":0.22048285745783266,
    "75":0.17638628596626613,
    "76":0.1653621430933745,
    "77":0.22048285745783266,
    "78":0.22048285745783266,
    "79":0.14331385734759122,
    "80":0.15433800022048286,
    "81":0.0992172858560247,
    "82":0.1322897144746996,
    "83":0.1984345717120494,
    "84":0.14331385734759122,
    "85":0.2645794289493992,
    "86":0.07716900011024143,
    "87":0.0992172858560247,
    "88":0.0661448572373498,
    "89":0.0661448572373498,
    "90":0.1322897144746996,
    "91":0.04409657149156653,
    "92":0.1322897144746996,
    "93":0.12126557160180797,
    "94":0.1322897144746996,
    "95":0.0661448572373498,
    "96":0.12126557160180797,
    "97":0.0330724286186749,
    "98":0.011024142872891633,
    "99":0.04409657149156653,
    "100":0.0330724286186749,
    "101":0.04409657149156653,
    "102":0.022048285745783266,
    "103":0.0661448572373498,
    "104":0.04409657149156653,
    "105":0.04409657149156653,
    "106":0.055120714364458166,
    "107":0.04409657149156653,
    "108":0.011024142872891633,
    "109":0.022048285745783266,
    "110":0.022048285745783266,
    "111":0.0,
    "112":0.0661448572373498,
    "113":0.0330724286186749,
    "114":0.022048285745783266,
    "115":0.022048285745783266,
    "116":0.055120714364458166,
    "117":0.011024142872891633,
    "118":0.0,
    "119":0.0661448572373498,
    "120":0.011024142872891633,
    "121":0.055120714364458166,
    "122":0.022048285745783266,
    "123":0.04409657149156653,
    "124":0.0,
    "125":0.022048285745783266,
    "126":0.011024142872891633,
    "127":0.011024142872891633,
    "128":0.0,
    "129":0.022048285745783266,
    "130":0.011024142872891633,
    "131":0.011024142872891633,
    "132":0.011024142872891633,
    "133":0.022048285745783266,
    "134":0.022048285745783266,
    "135":0.022048285745783266,
    "136":0.0,
    "137":0.0330724286186749,
    "138":0.0,
    "139":0.04409657149156653,
    "140":0.0,
    "141":0.0,
    "142":0.011024142872891633,
    "143":0.04409657149156653,
    "144":0.0330724286186749,
    "145":0.04409657149156653,
    "146":0.011024142872891633,
    "147":0.022048285745783266,
    "148":0.022048285745783266,
    "149":0.0,
    "150":0.0,
    "151":0.011024142872891633,
    "152":0.0330724286186749,
    "153":0.022048285745783266,
    "154":0.011024142872891633,
    "155":0.0,
    "156":0.0,
    "157":0.0,
    "158":0.0330724286186749,
    "159":0.0,
    "160":0.0,
    "161":0.04409657149156653,
    "162":0.022048285745783266,
    "163":0.011024142872891633,
    "164":0.0,
    "165":0.011024142872891633,
    "166":0.0,
    "167":0.011024142872891633,
    "168":0.0,
    "169":0.0,
    "170":0.011024142872891633,
    "171":0.0330724286186749,
    "172":0.011024142872891633,
    "173":0.011024142872891633,
    "174":0.0,
    "175":0.011024142872891633,
    "176":0.011024142872891633,
    "177":0.0,
    "178":0.0,
    "179":0.0,
    "180":0.011024142872891633,
    "181":0.0,
    "182":0.022048285745783266,
    "183":0.011024142872891633,
    "184":0.011024142872891633,
    "185":0.011024142872891633,
    "186":0.0,
    "187":0.0,
    "188":0.0,
    "189":0.011024142872891633,
    "190":0.0,
    "191":0.011024142872891633,
    "192":0.011024142872891633,
    "193":0.011024142872891633,
    "194":0.0,
    "195":0.011024142872891633,
    "196":0.0,
    "197":0.022048285745783266,
    "198":0.0,
    "199":0.0,
    "200":0.011024142872891633,
    "201":0.0,
    "202":0.0,
    "203":0.0,
    "204":0.0,
    "205":0.0330724286186749,
    "206":0.0,
    "207":0.0,
    "208":0.0,
    "209":0.0,
    "210":0.0,
    "211":0.0,
    "212":0.011024142872891633,
    "213":0.0,
    "214":0.0,
    "215":0.0,
    "216":0.0,
    "217":0.0,
    "218":0.0,
    "219":0.0,
    "220":0.0,
    "221":0.0,
    "222":0.0,
    "223":0.0,
    "224":0.011024142872891633,
    "225":0.0,
    "226":0.0,
    "227":0.0,
    "228":0.0,
    "229":0.0,
    "230":0.0,
    "231":0.0,
    "232":0.011024142872891633,
    "233":0.0,
    "234":0.0,
    "235":0.0,
    "236":0.0,
    "237":0.0,
    "238":0.0,
    "239":0.0,
    "240":0.0,
    "241":0.0,
    "242":0.0,
    "243":0.0,
    "244":0.0,
    "245":0.0,
    "246":0.0,
    "247":0.0,
    "248":0.011024142872891633,
    "249":0.0,
    "250":0.0,
    "251":0.0,
    "252":0.0,
    "253":0.0,
    "254":0.0,
    "255":0.0,
    "256":0.0,
    "257":0.0,
    "258":0.0,
    "259":0.0,
    "260":0.0,
    "261":0.0,
    "262":0.0,
    "263":0.0,
    "264":0.0,
    "265":0.0,
    "266":0.0,
    "267":0.0,
    "268":0.0,
    "269":0.0,
    "270":0.0,
    "271":0.0,
    "272":0.0,
    "273":0.0,
    "274":0.0,
    "275":0.0,
    "276":0.0,
    "277":0.0,
    "278":0.0,
    "279":0.0,
    "280":0.0,
    "281":0.0,
    "282":0.0,
    "283":0.0,
    "284":0.0,
    "285":0.0,
    "286":0.0,
    "287":0.0,
    "288":0.0,
    "289":0.0,
    "290":0.0,
    "291":0.0,
    "292":0.0,
    "293":0.0,
    "294":0.0,
    "295":0.0,
    "296":0.0,
    "297":0.0,
    "298":0.0,
    "299":0.0,
    "300":0.0,
    "301":0.0,
    "302":0.0,
    "303":0.0,
    "304":0.0,
    "305":0.011024142872891633,
    "306":0.0,
    "307":0.0,
    "308":0.0,
    "309":0.0,
    "310":0.0,
    "311":0.0,
    "312":0.0,
    "313":0.0
}