{
    "0":[
        [
            -19.92266992756658,
            -43.94481170244123,
            "300000000001",
            "0"
        ]
    ],
    "1":[
        [
            -19.920912007465773,
            -43.94647612911274,
            "300000000002",
            "3"
        ]
    ],
    "10":[
        [
            -19.92221605939167,
            -43.94406842960642,
            "300000000011",
            "3"
        ]
    ],
    "11":[
        [
            -19.920869996032142,
            -43.94434549736064,
            "300000000012",
            "4"
        ]
    ],
    "12":[
        [
            -19.916557153955072,
            -43.94666122452599,
            "300000000013",
            "4"
        ]
    ],
    "13":[
        [
            -19.920841621798978,
            -43.94448122043131,
            "300000000014",
            "1"
        ]
    ],
    "14":[
        [
            -19.920146404240437,
            -43.945440994989866,
            "300000000015",
            "5"
        ]
    ],
    "15":[
        [
            -19.921632005104666,
            -43.94397359964816,
            "300000000016",
            "2"
        ]
    ],
    "16":[
        [
            -19.918289124812166,
            -43.94426557064614,
            "300000000017",
            "1"
        ]
    ],
    "17":[
        [
            -19.920624274351532,
            -43.94349460069886,
            "300000000018",
            "3"
        ]
    ],
    "18":[
        [
            -19.920337591164202,
            -43.94279716249088,
            "300000000019",
            "4"
        ]
    ],
    "19":[
        [
            -19.91942168237803,
            -43.94379132871533,
            "300000000020",
            "4"
        ]
    ],
    "2":[
        [
            -19.91798217365817,
            -43.94609368425459,
            "300000000003",
            "1"
        ]
    ],
    "20":[
        [
            -19.916730112892207,
            -43.94252303478663,
            "300000000021",
            "5"
        ]
    ],
    "21":[
        [
            -19.919919514598206,
            -43.94645784168316,
            "300000000022",
            "0"
        ]
    ],
    "22":[
        [
            -19.923339401097103,
            -43.9451372421516,
            "300000000023",
            "3"
        ]
    ],
    "23":[
        [
            -19.915533948092502,
            -43.94409570044035,
            "300000000024",
            "0"
        ]
    ],
    "3":[
        [
            -19.92177279883373,
            -43.942138242360016,
            "300000000004",
            "4"
        ]
    ],
    "4":[
        [
            -19.92139605245658,
            -43.9448365939926,
            "300000000005",
            "3"
        ]
    ],
    "5":[
        [
            -19.918780015392528,
            -43.943290892044395,
            "300000000006",
            "0"
        ]
    ],
    "6":[
        [
            -19.919590548838542,
            -43.94507375305097,
            "8979076638",
            "3"
        ]
    ],
    "7":[
        [
            -19.917051093051693,
            -43.947647014839255,
            "300000000008",
            "4"
        ]
    ],
    "8":[
        [
            -19.919000780054684,
            -43.9453495943672,
            "300000000009",
            "1"
        ]
    ],
    "9":[
        [
            -19.920695114106497,
            -43.94379616117254,
            "300000000010",
            "0"
        ]
    ],
    "total_length":5553.79082112937,
    "total_time":2.320542573928833
}