{
    "0":7.254606559276858,
    "1":4.670297832889095,
    "2":2.2829991887820142,
    "3":1.3558929192258662,
    "4":1.7267354270483253,
    "5":2.6770193533433773,
    "6":2.595897554757214,
    "7":1.5644918298759998,
    "8":1.7962683972650366,
    "9":1.2863599490091553,
    "10":1.1009386950979256,
    "11":1.158882836945185,
    "12":1.1357051802062812,
    "13":1.4949588596592884,
    "14":1.81944605400394,
    "15":1.9585119944373623,
    "16":1.912156680959555,
    "17":2.3409433306292735,
    "18":2.062811449762429,
    "19":1.9701008228068144,
    "20":1.7267354270483253,
    "21":2.13234441997914,
    "22":2.0048673079151698,
    "23":2.2598215320431105,
    "24":2.1671109050874957,
    "25":2.2714103604125624,
    "26":2.2714103604125624,
    "27":1.9585119944373623,
    "28":1.9353343376984589,
    "29":1.5644918298759998,
    "30":1.5413141731370958,
    "31":1.2052381504229923,
    "32":0.9850504114034072,
    "33":1.4022482327036738,
    "34":1.3906594043342217,
    "35":1.0082280681423108,
    "36":0.8691621277088887,
    "37":0.8228068142310813,
    "38":1.2052381504229923,
    "39":1.0893498667284738,
    "40":1.0314057248812145,
    "41":1.0082280681423108,
    "42":1.0198168965117627,
    "43":0.764862672383822,
    "44":0.6489743886893035,
    "45":0.4867307915169776,
    "46":0.7300961872754664,
    "47":0.764862672383822,
    "48":0.6373855603198517,
    "49":0.5562637617336887,
    "50":0.5678525901031406,
    "51":0.42878664966971836,
    "52":0.44037547803917027,
    "53":0.2433653957584888,
    "54":0.44037547803917027,
    "55":0.37084250782245914,
    "56":0.3360760227141036,
    "57":0.31289836597519993,
    "58":0.41719782130026656,
    "59":0.2897207092362962,
    "60":0.3013095376057481,
    "61":0.3013095376057481,
    "62":0.2433653957584888,
    "63":0.31289836597519993,
    "64":0.25495422412794067,
    "65":0.31289836597519993,
    "66":0.3360760227141036,
    "67":0.27813188086684437,
    "68":0.3592536794530073,
    "69":0.37084250782245914,
    "70":0.25495422412794067,
    "71":0.34766485108355544,
    "72":0.382431336191911,
    "73":0.3592536794530073,
    "74":0.27813188086684437,
    "75":0.31289836597519993,
    "76":0.3360760227141036,
    "77":0.17383242554177772,
    "78":0.2897207092362962,
    "79":0.2433653957584888,
    "80":0.17383242554177772,
    "81":0.20859891065013328,
    "82":0.11588828369451848,
    "83":0.13906594043342219,
    "84":0.16224359717232587,
    "85":0.13906594043342219,
    "86":0.16224359717232587,
    "87":0.09271062695561479,
    "88":0.09271062695561479,
    "89":0.15065476880287404,
    "90":0.10429945532506664,
    "91":0.12747711206397033,
    "92":0.06953297021671109,
    "93":0.15065476880287404,
    "94":0.15065476880287404,
    "95":0.13906594043342219,
    "96":0.05794414184725924,
    "97":0.11588828369451848,
    "98":0.09271062695561479,
    "99":0.06953297021671109,
    "100":0.06953297021671109,
    "101":0.16224359717232587,
    "102":0.12747711206397033,
    "103":0.11588828369451848,
    "104":0.13906594043342219,
    "105":0.10429945532506664,
    "106":0.08112179858616293,
    "107":0.06953297021671109,
    "108":0.10429945532506664,
    "109":0.023177656738903697,
    "110":0.08112179858616293,
    "111":0.011588828369451848,
    "112":0.08112179858616293,
    "113":0.0,
    "114":0.04635531347780739,
    "115":0.023177656738903697,
    "116":0.034766485108355547,
    "117":0.011588828369451848,
    "118":0.023177656738903697,
    "119":0.011588828369451848,
    "120":0.0,
    "121":0.034766485108355547,
    "122":0.023177656738903697,
    "123":0.06953297021671109,
    "124":0.05794414184725924,
    "125":0.034766485108355547,
    "126":0.034766485108355547,
    "127":0.011588828369451848,
    "128":0.04635531347780739,
    "129":0.04635531347780739,
    "130":0.04635531347780739,
    "131":0.011588828369451848,
    "132":0.034766485108355547,
    "133":0.023177656738903697,
    "134":0.034766485108355547,
    "135":0.023177656738903697,
    "136":0.011588828369451848,
    "137":0.05794414184725924,
    "138":0.04635531347780739,
    "139":0.09271062695561479,
    "140":0.08112179858616293,
    "141":0.023177656738903697,
    "142":0.04635531347780739,
    "143":0.0,
    "144":0.034766485108355547,
    "145":0.04635531347780739,
    "146":0.011588828369451848,
    "147":0.0,
    "148":0.023177656738903697,
    "149":0.011588828369451848,
    "150":0.04635531347780739,
    "151":0.023177656738903697,
    "152":0.04635531347780739,
    "153":0.011588828369451848,
    "154":0.011588828369451848,
    "155":0.023177656738903697,
    "156":0.011588828369451848,
    "157":0.05794414184725924,
    "158":0.0,
    "159":0.023177656738903697,
    "160":0.0,
    "161":0.011588828369451848,
    "162":0.023177656738903697,
    "163":0.023177656738903697,
    "164":0.011588828369451848,
    "165":0.034766485108355547,
    "166":0.0,
    "167":0.011588828369451848,
    "168":0.04635531347780739,
    "169":0.023177656738903697,
    "170":0.0,
    "171":0.06953297021671109,
    "172":0.0,
    "173":0.023177656738903697,
    "174":0.011588828369451848,
    "175":0.0,
    "176":0.023177656738903697,
    "177":0.011588828369451848,
    "178":0.011588828369451848,
    "179":0.023177656738903697,
    "180":0.0,
    "181":0.011588828369451848,
    "182":0.011588828369451848,
    "183":0.034766485108355547,
    "184":0.011588828369451848,
    "185":0.0,
    "186":0.0,
    "187":0.011588828369451848,
    "188":0.011588828369451848,
    "189":0.034766485108355547,
    "190":0.0,
    "191":0.011588828369451848,
    "192":0.023177656738903697,
    "193":0.034766485108355547,
    "194":0.034766485108355547,
    "195":0.034766485108355547,
    "196":0.011588828369451848,
    "197":0.023177656738903697,
    "198":0.011588828369451848,
    "199":0.011588828369451848,
    "200":0.034766485108355547,
    "201":0.034766485108355547,
    "202":0.0,
    "203":0.023177656738903697,
    "204":0.011588828369451848,
    "205":0.0,
    "206":0.04635531347780739,
    "207":0.023177656738903697,
    "208":0.023177656738903697,
    "209":0.034766485108355547,
    "210":0.034766485108355547,
    "211":0.023177656738903697,
    "212":0.011588828369451848,
    "213":0.011588828369451848,
    "214":0.011588828369451848,
    "215":0.034766485108355547,
    "216":0.011588828369451848,
    "217":0.0,
    "218":0.0,
    "219":0.011588828369451848,
    "220":0.023177656738903697,
    "221":0.0,
    "222":0.011588828369451848,
    "223":0.011588828369451848,
    "224":0.011588828369451848,
    "225":0.0,
    "226":0.0,
    "227":0.0,
    "228":0.023177656738903697,
    "229":0.011588828369451848,
    "230":0.011588828369451848,
    "231":0.023177656738903697,
    "232":0.04635531347780739,
    "233":0.023177656738903697,
    "234":0.0,
    "235":0.0,
    "236":0.011588828369451848,
    "237":0.011588828369451848,
    "238":0.011588828369451848,
    "239":0.0,
    "240":0.011588828369451848,
    "241":0.0,
    "242":0.0,
    "243":0.0,
    "244":0.0,
    "245":0.0,
    "246":0.0,
    "247":0.0,
    "248":0.011588828369451848,
    "249":0.0,
    "250":0.0,
    "251":0.0,
    "252":0.0,
    "253":0.0,
    "254":0.0,
    "255":0.011588828369451848,
    "256":0.0,
    "257":0.0,
    "258":0.0,
    "259":0.0,
    "260":0.0,
    "261":0.0,
    "262":0.0,
    "263":0.0,
    "264":0.0,
    "265":0.0,
    "266":0.0,
    "267":0.0,
    "268":0.0,
    "269":0.0,
    "270":0.0,
    "271":0.0,
    "272":0.0,
    "273":0.0,
    "274":0.0,
    "275":0.0,
    "276":0.0,
    "277":0.0,
    "278":0.0,
    "279":0.0,
    "280":0.0,
    "281":0.0,
    "282":0.0,
    "283":0.0,
    "284":0.0,
    "285":0.0,
    "286":0.0,
    "287":0.0,
    "288":0.0,
    "289":0.0,
    "290":0.0,
    "291":0.0,
    "292":0.0,
    "293":0.0,
    "294":0.0,
    "295":0.0,
    "296":0.0,
    "297":0.0,
    "298":0.0,
    "299":0.0,
    "300":0.0,
    "301":0.0,
    "302":0.0,
    "303":0.0,
    "304":0.0,
    "305":0.0,
    "306":0.0,