{
    "0":9.498327759197323,
    "1":1.1594202898550725,
    "2":0.6911928651059085,
    "3":1.6276477146042363,
    "4":2.229654403567447,
    "5":1.9843924191750277,
    "6":1.516164994425864,
    "7":2.0066889632107023,
    "8":2.2073578595317724,
    "9":1.5830546265328875,
    "10":0.8472686733556299,
    "11":1.1371237458193981,
    "12":1.2486064659977705,
    "13":1.3154960981047938,
    "14":1.8060200668896322,
    "15":1.6722408026755853,
    "16":1.4938684503901896,
    "17":1.8060200668896322,
    "18":2.0066889632107023,
    "19":2.608695652173913,
    "20":2.3634336677814938,
    "21":2.4526198439241917,
    "22":2.5863991081382385,
    "23":2.430323299888517,
    "24":2.2519509476031216,
    "25":2.3634336677814938,
    "26":2.051282051282051,
    "27":1.382385730211817,
    "28":1.516164994425864,
    "29":1.6276477146042363,
    "30":1.471571906354515,
    "31":1.4938684503901896,
    "32":1.1594202898550725,
    "33":1.0256410256410255,
    "34":1.0256410256410255,
    "35":0.9364548494983277,
    "36":1.2263099219620959,
    "37":0.9810479375696768,
    "38":0.7803790412486065,
    "39":0.8918617614269788,
    "40":0.6688963210702341,
    "41":0.5351170568561873,
    "42":0.6465997770345596,
    "43":0.6465997770345596,
    "44":0.6243032329988852,
    "45":0.42363433667781497,
    "46":0.5351170568561873,
    "47":0.6243032329988852,
    "48":0.4459308807134894,
    "49":0.4459308807134894,
    "50":0.42363433667781497,
    "51":0.5574136008918618,
    "52":0.46822742474916385,
    "53":0.6688963210702341,
    "54":0.6020066889632106,
    "55":0.6020066889632106,
    "56":0.5797101449275363,
    "57":0.4905239687848384,
    "58":0.5128205128205128,
    "59":0.5797101449275363,
    "60":0.5128205128205128,
    "61":0.379041248606466,
    "62":0.3121516164994426,
    "63":0.2229654403567447,
    "64":0.2898550724637681,
    "65":0.2452619843924192,
    "66":0.4013377926421404,
    "67":0.26755852842809363,
    "68":0.2229654403567447,
    "69":0.2229654403567447,
    "70":0.11148272017837235,
    "71":0.17837235228539577,
    "72":0.1560758082497213,
    "73":0.11148272017837235,
    "74":0.2229654403567447,
    "75":0.1560758082497213,
    "76":0.13377926421404682,
    "77":0.2006688963210702,
    "78":0.2006688963210702,
    "79":0.2229654403567447,
    "80":0.13377926421404682,
    "81":0.26755852842809363,
    "82":0.2006688963210702,
    "83":0.06688963210702341,
    "84":0.1560758082497213,
    "85":0.2452619843924192,
    "86":0.13377926421404682,
    "87":0.11148272017837235,
    "88":0.08918617614269789,
    "89":0.06688963210702341,
    "90":0.2452619843924192,
    "91":0.11148272017837235,
    "92":0.06688963210702341,
    "93":0.11148272017837235,
    "94":0.11148272017837235,
    "95":0.06688963210702341,
    "96":0.11148272017837235,
    "97":0.13377926421404682,
    "98":0.022296544035674472,
    "99":0.044593088071348944,
    "100":0.13377926421404682,
    "101":0.08918617614269789,
    "102":0.11148272017837235,
    "103":0.11148272017837235,
    "104":0.11148272017837235,
    "105":0.022296544035674472,
    "106":0.17837235228539577,
    "107":0.13377926421404682,
    "108":0.08918617614269789,
    "109":0.06688963210702341,
    "110":0.044593088071348944,
    "111":0.11148272017837235,
    "112":0.06688963210702341,
    "113":0.11148272017837235,
    "114":0.11148272017837235,
    "115":0.08918617614269789,
    "116":0.2006688963210702,
    "117":0.044593088071348944,
    "118":0.11148272017837235,
    "119":0.1560758082497213,
    "120":0.11148272017837235,
    "121":0.08918617614269789,
    "122":0.2229654403567447,
    "123":0.08918617614269789,
    "124":0.1560758082497213,
    "125":0.06688963210702341,
    "126":0.11148272017837235,
    "127":0.2229654403567447,
    "128":0.13377926421404682,
    "129":0.11148272017837235,
    "130":0.044593088071348944,
    "131":0.06688963210702341,
    "132":0.13377926421404682,
    "133":0.11148272017837235,
    "134":0.13377926421404682,
    "135":0.11148272017837235,
    "136":0.13377926421404682,
    "137":0.1560758082497213,
    "138":0.06688963210702341,
    "139":0.044593088071348944,
    "140":0.044593088071348944,
    "141":0.044593088071348944,
    "142":0.08918617614269789,
    "143":0.022296544035674472,
    "144":0.044593088071348944,
    "145":0.044593088071348944,
    "146":0.022296544035674472,
    "147":0.17837235228539577,
    "148":0.044593088071348944,
    "149":0.044593088071348944,
    "150":0.044593088071348944,
    "151":0.13377926421404682,
    "152":0.022296544035674472,
    "153":0.06688963210702341,
    "154":0.1560758082497213,
    "155":0.11148272017837235,
    "156":0.044593088071348944,
    "157":0.044593088071348944,
    "158":0.044593088071348944,
    "159":0.044593088071348944,
    "160":0.08918617614269789,
    "161":0.0,
    "162":0.08918617614269789,
    "163":0.044593088071348944,
    "164":0.13377926421404682,
    "165":0.044593088071348944,
    "166":0.022296544035674472,
    "167":0.06688963210702341,
    "168":0.0,
    "169":0.08918617614269789,
    "170":0.06688963210702341,
    "171":0.022296544035674472,
    "172":0.06688963210702341,
    "173":0.17837235228539577,
    "174":0.08918617614269789,
    "175":0.06688963210702341,
    "176":0.044593088071348944,
    "177":0.0,
    "178":0.044593088071348944,
    "179":0.06688963210702341,
    "180":0.08918617614269789,
    "181":0.08918617614269789,
    "182":0.06688963210702341,
    "183":0.0,
    "184":0.08918617614269789,
    "185":0.022296544035674472,
    "186":0.11148272017837235,
    "187":0.06688963210702341,
    "188":0.044593088071348944,
    "189":0.06688963210702341,
    "190":0.0,
    "191":0.06688963210702341,
    "192":0.044593088071348944,
    "193":0.044593088071348944,
    "194":0.044593088071348944,
    "195":0.08918617614269789,
    "196":0.044593088071348944,
    "197":0.11148272017837235,
    "198":0.08918617614269789,
    "199":0.022296544035674472,
    "200":0.0,
    "201":0.0,
    "202":0.0,
    "203":0.0,
    "204":0.0,
    "205":0.0,
    "206":0.0,
    "207":0.0,
    "208":0.0,
    "209":0.022296544035674472,
    "210":0.0,
    "211":0.022296544035674472,
    "212":0.0,
    "213":0.0,
    "214":0.022296544035674472,
    "215":0.022296544035674472,
    "216":0.0,
    "217":0.0,
    "218":0.022296544035674472,
    "219":0.0,
    "220":0.022296544035674472,
    "221":0.022296544035674472,
    "222":0.06688963210702341,
    "223":0.0,
    "224":0.022296544035674472,
    "225":0.0,
    "226":0.022296544035674472,
    "227":0.022296544035674472,
    "228":0.0,
    "229":0.0,
    "230":0.022296544035674472,
    "231":0.022296544035674472,
    "232":0.022296544035674472,
    "233":0.0,
    "234":0.0,
    "235":0.022296544035674472,
    "236":0.0,
    "237":0.0,
    "238":0.022296544035674472,
    "239":0.0,
    "240":0.022296544035674472,
    "241":0.022296544035674472,
    "242":0.022296544035674472,
    "243":0.0,
    "244":0.0,
    "245":0.0,
    "246":0.0,
    "247":0.0,
    "248":0.022296544035674472,
    "249":0.022296544035674472,
    "250":0.022296544035674472,
    "251":0.022296544035674472,
    "252":0.0,
    "253":0.022296544035674472,
    "254":0.0,
    "255":0.0,
    "256":0.0,
    "257":0.022296544035674472,
    "258":0.044593088071348944,
    "259":0.0,
    "260":0.022296544035674472,
    "261":0.0,
    "262":0.022296544035674472,
    "263":0.022296544035674472,
    "264":0.0,
    "265":0.022296544035674472,
    "266":0.022296544035674472,
    "267":0.0,
    "268":0.0,
    "269":0.0,
    "270":0.0,
    "271":0.022296544035674472,
    "272":0.0,
    "273":0.0,
    "274":0.0,
    "275":0.022296544035674472,
    "276":0.0,
    "277":0.022296544035674472,
    "278":0.0,
    "279":0.0,
    "280":0.0,
    "281":0.0,
    "282":0.0,
    "283":0.022296544035674472,
    "284":0.0,
    "285":0.0,
    "286":0.06688963210702341,
    "287":0.0,
    "288":0.0,
    "289":0.0,
    "290":0.0,
    "291":0.0,
    "292":0.0,
    "293":0.0,
    "294":0.0,