{
    "0":6.0084241823587705,
    "1":2.180376610505451,
    "2":8.387016848364718,
    "3":4.918235877106046,
    "4":4.137760158572845,
    "5":3.109514370664024,
    "6":2.7378592666005943,
    "7":2.539643211100099,
    "8":2.192765113974232,
    "9":2.192765113974232,
    "10":2.55203171456888,
    "11":2.093657086223984,
    "12":1.2264618434093162,
    "13":1.1892963330029733,
    "14":0.9415262636273538,
    "15":0.8548067393458871,
    "16":0.867195242814668,
    "17":1.325569871159564,
    "18":1.350346878097126,
    "19":1.251238850346878,
    "20":1.0406342913776017,
    "21":0.9415262636273538,
    "22":0.8919722497522299,
    "23":1.0654112983151636,
    "24":1.1521308225966305,
    "25":1.4246778989098117,
    "26":1.325569871159564,
    "27":1.6228939544103074,
    "28":1.2388503468780971,
    "29":1.350346878097126,
    "30":1.808721506442022,
    "31":1.2264618434093162,
    "32":1.3999008919722498,
    "33":1.4494549058473738,
    "34":1.0034687809712588,
    "35":0.9167492566897919,
    "36":1.0282457879088207,
    "37":1.1025768087215064,
    "38":0.9291377601585729,
    "39":0.904360753221011,
    "40":1.2016848364717543,
    "41":1.0158572844400395,
    "42":1.1397423191278493,
    "43":0.8919722497522299,
    "44":0.867195242814668,
    "45":0.8424182358771061,
    "46":0.8424182358771061,
    "47":1.0158572844400395,
    "48":0.7433102081268582,
    "49":0.8052527254707632,
    "50":0.7185332011892963,
    "51":0.6937561942517344,
    "52":0.6813676907829535,
    "53":0.45837462834489595,
    "54":0.4955401387512388,
    "55":0.5327056491575818,
    "56":0.39643211100099107,
    "57":0.5574826560951437,
    "58":0.39643211100099107,
    "59":0.44598612487611494,
    "60":0.4955401387512388,
    "61":0.3344895936570862,
    "62":0.433597621407334,
    "63":0.29732408325074333,
    "64":0.3344895936570862,
    "65":0.42120911793855303,
    "66":0.3344895936570862,
    "67":0.32210109018830524,
    "68":0.433597621407334,
    "69":0.2477700693756194,
    "70":0.32210109018830524,
    "71":0.3344895936570862,
    "72":0.23538156590683845,
    "73":0.2477700693756194,
    "74":0.3344895936570862,
    "75":0.1734390485629336,
    "76":0.1734390485629336,
    "77":0.18582755203171455,
    "78":0.1734390485629336,
    "79":0.1734390485629336,
    "80":0.1734390485629336,
    "81":0.13627353815659068,
    "82":0.13627353815659068,
    "83":0.11149653121902874,
    "84":0.13627353815659068,
    "85":0.21060455896927652,
    "86":0.13627353815659068,
    "87":0.09910802775024777,
    "88":0.16105054509415262,
    "89":0.16105054509415262,
    "90":0.037165510406342916,
    "91":0.09910802775024777,
    "92":0.024777006937561942,
    "93":0.09910802775024777,
    "94":0.07433102081268583,
    "95":0.1734390485629336,
    "96":0.012388503468780971,
    "97":0.037165510406342916,
    "98":0.07433102081268583,
    "99":0.0867195242814668,
    "100":0.049554013875123884,
    "101":0.037165510406342916,
    "102":0.049554013875123884,
    "103":0.06194251734390485,
    "104":0.07433102081268583,
    "105":0.012388503468780971,
    "106":0.024777006937561942,
    "107":0.07433102081268583,
    "108":0.024777006937561942,
    "109":0.07433102081268583,
    "110":0.037165510406342916,
    "111":0.049554013875123884,
    "112":0.012388503468780971,
    "113":0.09910802775024777,
    "114":0.037165510406342916,
    "115":0.012388503468780971,
    "116":0.037165510406342916,
    "117":0.0,
    "118":0.024777006937561942,
    "119":0.024777006937561942,
    "120":0.0,
    "121":0.0,
    "122":0.0,
    "123":0.0,
    "124":0.012388503468780971,
    "125":0.012388503468780971,
    "126":0.012388503468780971,
    "127":0.049554013875123884,
    "128":0.037165510406342916,
    "129":0.0,
    "130":0.012388503468780971,
    "131":0.0,
    "132":0.024777006937561942,
    "133":0.012388503468780971,
    "134":0.012388503468780971,
    "135":0.049554013875123884,
    "136":0.0,
    "137":0.0,
    "138":0.0,
    "139":0.0,
    "140":0.0,
    "141":0.0,
    "142":0.012388503468780971,
    "143":0.012388503468780971,
    "144":0.0,
    "145":0.0,
    "146":0.0,
    "147":0.0,
    "148":0.0,
    "149":0.0,
    "150":0.0,
    "151":0.012388503468780971,
    "152":0.012388503468780971,
    "153":0.0,
    "154":0.0,
    "155":0.0,
    "156":0.0,
    "157":0.0,
    "158":0.0,
    "159":0.0,
    "160":0.0,
    "161":0.0,
    "162":0.0,
    "163":0.0,
    "164":0.0,
    "165":0.0,
    "166":0.0,
    "167":0.0,
    "168":0.0,
    "169":0.0,
    "170":0.0,
    "171":0.0,
    "172":0.049554013875123884,
    "173":0.0,
    "174":0.0,
    "175":0.0,
    "176":0.0,
    "177":0.0,
    "178":0.0,
    "179":0.0,
    "180":0.0,
    "181":0.0,
    "182":0.0,
    "183":0.0,
    "184":0.0,
    "185":0.0,
    "186":0.0,
    "187":0.0,
    "188":0.0,
    "189":0.0,
    "190":0.0,
    "191":0.0,
    "192":0.0,
    "193":0.0,
    "194":0.0,
    "195":0.0,
    "196":0.0,
    "197":0.0,
    "198":0.0,
    "199":0.0,
    "200":0.0,
    "201":0.0,
    "202":0.0,
    "203":0.0,
    "204":0.0,
    "205":0.0,
    "206":0.0,
    "207":0.0,
    "208":0.0,
    "209":0.0,
    "210":0.0,
    "211":0.0,
    "212":0.0,
    "213":0.0,
    "214":0.0,
    "215":0.0,
    "216":0.0,
    "217":0.0,
    "218":0.0,
    "219":0.0,
    "220":0.0,
    "221":0.0,
    "222":0.0,
    "223":0.0,
    "224":0.0,
    "225":0.0,
    "226":0.012388503468780971,
    "227":0.0,
    "228":0.0,
    "229":0.0,
    "230":0.0,
    "231":0.0,
    "232":0.0,
    "233":0.0,
    "234":0.0,
    "235":0.0,
    "236":0.0,
    "237":0.0,
    "238":0.0,
    "239":0.0,
    "240":0.0,
    "241":0.0,
    "242":0.0,
    "243":0.0,
    "244":0.0,
    "245":0.0,
    "246":0.0,
    "247":0.0,
    "248":0.0,
    "249":0.0,
    "250":0.0,
    "251":0.0,
    "252":0.0,
    "253":0.0,
    "254":0.0,
    "255":0.0,
    "256":0.0,
    "257":0.0,
    "258":0.0,
    "259":0.0,
    "260":0.0,
    "261":0.0,
    "262":0.0,
    "263":0.0,
    "264":0.0,
    "265":0.0,
    "266":0.0,
    "267":0.0,
    "268":0.0,
    "269":0.0,
    "270":0.0,
    "271":0.0,
    "272":0.0,
    "273":0.0,
    "274":0.0,
    "275":0.0,
    "276":0.0,
    "277":0.0,
    "278":0.0,
    "279":0.0,
    "280":0.0,
    "281":0.0,
    "282":0.0,
    "283":0.0,
    "284":0.0,
    "285":0.0,
    "286":0.0,
    "287":0.0,
    "288":0.0,
    "289":0.0,
    "290":0.0,
    "291":0.0,
    "292":0.0,
    "293":0.0,
    "294":0.0,
    "295":0.0,
    "296":0.0,
    "297":0.0,
    "298":0.0,
    "299":0.0,
    "300":0.0,
    "301":0.0,
    "302":0.0,
    "303":0.0,
    "304":0.0,
    "305":0.0,
    "306":0.0,
    "307":0.0,
    "308":0.0,
    "309":0.0,
    "310":0.0,
    "311":0.0,
    "312":0.0,
    "313":0.0,
    "314":0.0,
    "315":0.0,
    "316":0.0,
    "317":0.0,
    "318":0.0,
    "319":0.0,
    "320":0.0,
    "321":0.0,
    "322":0.0,
    "323":0.0,
    "324":0.0,
    "325":0.0,
    "326":0.0,
    "327":0.0,
    "328":0.0,
    "329":0.0,
    "330":0.0,
    "331":0.0,
    "332":0.0,
    "333":0.0,
    "334":0.0,
    "335":0.0,
    "336":0.0,
    "337":0.0,
    "338":0.0,
    "339":0.0,
    "340":0.0,
    "341":0.0,
    "342":0.0,
    "343":0.0,
    "344":0.0,
    "345":0.0,
    "346":0.0,
    "347":0.0,
    "348":0.0,
    "349":0.0,
    "350":0.0,
    "351":0.0,
    "352":0.0,
    "353":0.0,
    "354":0.0,
    "355":0.0,
    "356":0.0,
    "357":0.0,
    "358":0.0,
    "359":0.0,
    "360":0.0,
    "361":0.0,
    "362":0.0,
    "363":0.0,
    "364":0.0,
    "365":0.0,
    "366":0.0,
    "367":0.0,
    "368":0.0,
    "369":0.0,
    "370":0.0,
    "371":0.0,
    "372":0.0,
    "373":0.0,
    "374":0.0,
    "375":0.0,
    "376":0.0,
    "377":0.0,
    "378":0.0,
    "379":0.0,
    "380":0.0,
    "381":0.0,
    "382":0.0,
    "383":0.0,
    "384":0.0,
    "385":0.0,
    "386":0.0,
    "387":0.0,
    "388":0.0,
    "389":0.0,
    "390":0.0,
    "391":0.0,
    "392":0.0,
    "393":0.0,
    "394":0.0,
    "395":0.0,
    "396":0.0,
    "397":0.0,
    "398":0.0,
    "399":0.0,