{
    "0":3.5157492841234492,
    "1":1.9726376073814826,
    "2":0.3977091950365892,
    "3":1.1772192173083043,
    "4":1.8612790327712374,
    "5":1.702195354756602,
    "6":1.2249443207126949,
    "7":1.1135857461024499,
    "8":1.3840279987273305,
    "9":1.4953865733375755,
    "10":1.1294941139039136,
    "11":1.702195354756602,
    "12":2.290804963410754,
    "13":2.0521794463888003,
    "14":2.083996181991728,
    "15":1.5749284123448934,
    "16":1.702195354756602,
    "17":1.7817371937639197,
    "18":1.3363028953229399,
    "19":1.1613108495068405,
    "20":1.702195354756602,
    "21":1.3999363665287943,
    "22":1.288577791918549,
    "23":0.9067769646834235,
    "24":0.9863188036907413,
    "25":0.9067769646834235,
    "26":0.8908685968819599,
    "27":0.7636016544702514,
    "28":0.8749602290804964,
    "29":0.8590518612790328,
    "30":1.0022271714922049,
    "31":0.8749602290804964,
    "32":0.8431434934775692,
    "33":0.8908685968819599,
    "34":0.6840598154629335,
    "35":0.6999681832643971,
    "36":0.9385937002863507,
    "37":0.8272351256761056,
    "38":0.8113267578746421,
    "39":0.9863188036907413,
    "40":0.6045179764556157,
    "41":0.7636016544702514,
    "42":0.5886096086541521,
    "43":0.6681514476614699,
    "44":0.7158765510658607,
    "45":0.6522430798600064,
    "46":0.47725103404390706,
    "47":0.7317849188673242,
    "48":0.6045179764556157,
    "49":0.6204263442570792,
    "50":0.6522430798600064,
    "51":0.6204263442570792,
    "52":0.6363347120585428,
    "53":0.6522430798600064,
    "54":0.5408845052497614,
    "55":0.6999681832643971,
    "56":0.7317849188673242,
    "57":0.6522430798600064,
    "58":0.5886096086541521,
    "59":0.49315940184537066,
    "60":0.49315940184537066,
    "61":0.6363347120585428,
    "62":0.4613426662424435,
    "63":0.6681514476614699,
    "64":0.2704422526248807,
    "65":0.34998409163219857,
    "66":0.4295259306395164,
    "67":0.4454342984409799,
    "68":0.23862551702195353,
    "69":0.4295259306395164,
    "70":0.2545338848234171,
    "71":0.5090677696468342,
    "72":0.49315940184537066,
    "73":0.5090677696468342,
    "74":0.4136175628380528,
    "75":0.28635062042634424,
    "76":0.47725103404390706,
    "77":0.4454342984409799,
    "78":0.34998409163219857,
    "79":0.4454342984409799,
    "80":0.5567928730512249,
    "81":0.34998409163219857,
    "82":0.3977091950365892,
    "83":0.19090041361756285,
    "84":0.3181673560292714,
    "85":0.47725103404390706,
    "86":0.47725103404390706,
    "87":0.33407572383073497,
    "88":0.33407572383073497,
    "89":0.4136175628380528,
    "90":0.2704422526248807,
    "91":0.4295259306395164,
    "92":0.4613426662424435,
    "93":0.5090677696468342,
    "94":0.4136175628380528,
    "95":0.4136175628380528,
    "96":0.4613426662424435,
    "97":0.5567928730512249,
    "98":0.3977091950365892,
    "99":0.3818008272351257,
    "100":0.3818008272351257,
    "101":0.22271714922048996,
    "102":0.28635062042634424,
    "103":0.30225898822780783,
    "104":0.3181673560292714,
    "105":0.28635062042634424,
    "106":0.22271714922048996,
    "107":0.2068087814190264,
    "108":0.3818008272351257,
    "109":0.2068087814190264,
    "110":0.17499204581609928,
    "111":0.4295259306395164,
    "112":0.3977091950365892,
    "113":0.19090041361756285,
    "114":0.30225898822780783,
    "115":0.2704422526248807,
    "116":0.30225898822780783,
    "117":0.2545338848234171,
    "118":0.19090041361756285,
    "119":0.3658924594336621,
    "120":0.33407572383073497,
    "121":0.3658924594336621,
    "122":0.14317531021317212,
    "123":0.3181673560292714,
    "124":0.3181673560292714,
    "125":0.22271714922048996,
    "126":0.33407572383073497,
    "127":0.28635062042634424,
    "128":0.22271714922048996,
    "129":0.28635062042634424,
    "130":0.2068087814190264,
    "131":0.11135857461024498,
    "132":0.2704422526248807,
    "133":0.2068087814190264,
    "134":0.23862551702195353,
    "135":0.2704422526248807,
    "136":0.30225898822780783,
    "137":0.4295259306395164,
    "138":0.2704422526248807,
    "139":0.30225898822780783,
    "140":0.17499204581609928,
    "141":0.2545338848234171,
    "142":0.14317531021317212,
    "143":0.14317531021317212,
    "144":0.1590836780146357,
    "145":0.2545338848234171,
    "146":0.1590836780146357,
    "147":0.1590836780146357,
    "148":0.17499204581609928,
    "149":0.09545020680878143,
    "150":0.12726694241170855,
    "151":0.30225898822780783,
    "152":0.23862551702195353,
    "153":0.1590836780146357,
    "154":0.14317531021317212,
    "155":0.14317531021317212,
    "156":0.14317531021317212,
    "157":0.12726694241170855,
    "158":0.11135857461024498,
    "159":0.06363347120585428,
    "160":0.09545020680878143,
    "161":0.04772510340439071,
    "162":0.01590836780146357,
    "163":0.07954183900731784,
    "164":0.07954183900731784,
    "165":0.07954183900731784,
    "166":0.07954183900731784,
    "167":0.07954183900731784,
    "168":0.09545020680878143,
    "169":0.03181673560292714,
    "170":0.09545020680878143,
    "171":0.07954183900731784,
    "172":0.11135857461024498,
    "173":0.06363347120585428,
    "174":0.12726694241170855,
    "175":0.04772510340439071,
    "176":0.11135857461024498,
    "177":0.06363347120585428,
    "178":0.09545020680878143,
    "179":0.17499204581609928,
    "180":0.0,
    "181":0.04772510340439071,
    "182":0.03181673560292714,
    "183":0.04772510340439071,
    "184":0.09545020680878143,
    "185":0.01590836780146357,
    "186":0.01590836780146357,
    "187":0.04772510340439071,
    "188":0.03181673560292714,
    "189":0.04772510340439071,
    "190":0.03181673560292714,
    "191":0.03181673560292714,
    "192":0.07954183900731784,
    "193":0.03181673560292714,
    "194":0.06363347120585428,
    "195":0.03181673560292714,
    "196":0.04772510340439071,
    "197":0.04772510340439071,
    "198":0.03181673560292714,
    "199":0.04772510340439071,
    "200":0.01590836780146357,
    "201":0.03181673560292714,
    "202":0.09545020680878143,
    "203":0.0,
    "204":0.0,
    "205":0.03181673560292714,
    "206":0.01590836780146357,
    "207":0.0,
    "208":0.0,
    "209":0.06363347120585428,
    "210":0.03181673560292714,
    "211":0.0,
    "212":0.04772510340439071,
    "213":0.04772510340439071,
    "214":0.01590836780146357,
    "215":0.01590836780146357,
    "216":0.03181673560292714,
    "217":0.0,
    "218":0.03181673560292714,
    "219":0.01590836780146357,
    "220":0.0,
    "221":0.03181673560292714,
    "222":0.01590836780146357,
    "223":0.0,
    "224":0.0,
    "225":0.01590836780146357,
    "226":0.0,
    "227":0.03181673560292714,
    "228":0.01590836780146357,
    "229":0.0,
    "230":0.0,
    "231":0.01590836780146357,
    "232":0.03181673560292714,
    "233":0.0,
    "234":0.0,
    "235":0.0,
    "236":0.01590836780146357,
    "237":0.01590836780146357,
    "238":0.0,
    "239":0.0,
    "240":0.01590836780146357,
    "241":0.01590836780146357,
    "242":0.01590836780146357,
    "243":0.01590836780146357,
    "244":0.01590836780146357,
    "245":0.0,
    "246":0.03181673560292714,
    "247":0.01590836780146357,
    "248":0.0,
    "249":0.01590836780146357,
    "250":0.01590836780146357,
    "251":0.0,
    "252":0.0,
    "253":0.01590836780146357,
    "254":0.0,
    "255":0.01590836780146357,
    "256":0.0,
    "257":0.0,
    "258":0.01590836780146357,
    "259":0.01590836780146357,
    "260":0.0,
    "261":0.03181673560292714,
    "262":0.04772510340439071,
    "263":0.03181673560292714,
    "264":0.0,
    "265":0.01590836780146357,
    "266":0.0,
    "267":0.03181673560292714,
    "268":0.0,
    "269":0.0,
    "270":0.03181673560292714,
    "271":0.01590836780146357,
    "272":0.0,
    "273":0.03181673560292714,
    "274":0.01590836780146357,
    "275":0.01590836780146357,
    "276":0.03181673560292714,
    "277":0.01590836780146357,
    "278":0.0,
    "279":0.01590836780146357,
    "280":0.0,
    "281":0.01590836780146357,