{
    "0":3.6256544502617802,
    "1":1.9895287958115182,
    "2":2.7225130890052354,
    "3":1.256544502617801,
    "4":0.6544502617801047,
    "5":0.981675392670157,
    "6":1.531413612565445,
    "7":1.6099476439790577,
    "8":1.5968586387434556,
    "9":1.387434554973822,
    "10":1.0471204188481675,
    "11":0.9293193717277487,
    "12":0.8376963350785341,
    "13":0.968586387434555,
    "14":0.7591623036649214,
    "15":1.0732984293193717,
    "16":0.9162303664921465,
    "17":1.1518324607329842,
    "18":1.1256544502617802,
    "19":1.1910994764397906,
    "20":1.5445026178010473,
    "21":1.256544502617801,
    "22":1.2696335078534031,
    "23":1.531413612565445,
    "24":1.5445026178010473,
    "25":1.3089005235602094,
    "26":1.3612565445026177,
    "27":1.1518324607329842,
    "28":1.1518324607329842,
    "29":1.243455497382199,
    "30":1.2958115183246073,
    "31":1.243455497382199,
    "32":1.1780104712041886,
    "33":0.9424083769633508,
    "34":1.0078534031413613,
    "35":1.0340314136125655,
    "36":0.8900523560209425,
    "37":0.8900523560209425,
    "38":1.0340314136125655,
    "39":0.981675392670157,
    "40":0.8115183246073299,
    "41":0.7329842931937173,
    "42":1.0078534031413613,
    "43":0.7853403141361256,
    "44":0.8638743455497382,
    "45":0.8769633507853403,
    "46":0.9554973821989529,
    "47":0.6544502617801047,
    "48":0.8376963350785341,
    "49":0.7068062827225131,
    "50":0.7068062827225131,
    "51":0.7460732984293195,
    "52":0.6675392670157069,
    "53":0.7722513089005236,
    "54":0.4712041884816754,
    "55":0.7198952879581152,
    "56":0.6413612565445026,
    "57":0.7068062827225131,
    "58":0.824607329842932,
    "59":0.6413612565445026,
    "60":0.6675392670157069,
    "61":0.7329842931937173,
    "62":0.6282722513089005,
    "63":0.6151832460732984,
    "64":0.6151832460732984,
    "65":0.824607329842932,
    "66":0.7198952879581152,
    "67":0.5628272251308901,
    "68":0.4712041884816754,
    "69":0.7722513089005236,
    "70":0.7329842931937173,
    "71":0.6544502617801047,
    "72":0.4712041884816754,
    "73":0.5759162303664921,
    "74":0.6020942408376962,
    "75":0.5759162303664921,
    "76":0.5890052356020943,
    "77":0.6675392670157069,
    "78":0.5235602094240838,
    "79":0.5104712041884817,
    "80":0.5759162303664921,
    "81":0.45811518324607325,
    "82":0.35340314136125656,
    "83":0.4712041884816754,
    "84":0.40575916230366493,
    "85":0.36649214659685864,
    "86":0.41884816753926707,
    "87":0.41884816753926707,
    "88":0.3926701570680628,
    "89":0.27486910994764396,
    "90":0.3010471204188481,
    "91":0.28795811518324604,
    "92":0.3010471204188481,
    "93":0.22251308900523561,
    "94":0.45811518324607325,
    "95":0.2617801047120419,
    "96":0.3403141361256544,
    "97":0.35340314136125656,
    "98":0.36649214659685864,
    "99":0.22251308900523561,
    "100":0.22251308900523561,
    "101":0.3010471204188481,
    "102":0.2356020942408377,
    "103":0.3403141361256544,
    "104":0.20942408376963353,
    "105":0.22251308900523561,
    "106":0.20942408376963353,
    "107":0.22251308900523561,
    "108":0.18324607329842932,
    "109":0.24869109947643978,
    "110":0.22251308900523561,
    "111":0.2356020942408377,
    "112":0.13089005235602094,
    "113":0.11780104712041885,
    "114":0.27486910994764396,
    "115":0.20942408376963353,
    "116":0.18324607329842932,
    "117":0.28795811518324604,
    "118":0.15706806282722513,
    "119":0.15706806282722513,
    "120":0.2617801047120419,
    "121":0.13089005235602094,
    "122":0.09162303664921466,
    "123":0.11780104712041885,
    "124":0.18324607329842932,
    "125":0.1701570680628272,
    "126":0.11780104712041885,
    "127":0.24869109947643978,
    "128":0.13089005235602094,
    "129":0.052356020942408384,
    "130":0.1963350785340314,
    "131":0.11780104712041885,
    "132":0.1963350785340314,
    "133":0.09162303664921466,
    "134":0.14397905759162302,
    "135":0.052356020942408384,
    "136":0.1701570680628272,
    "137":0.13089005235602094,
    "138":0.09162303664921466,
    "139":0.1963350785340314,
    "140":0.13089005235602094,
    "141":0.10471204188481677,
    "142":0.09162303664921466,
    "143":0.09162303664921466,
    "144":0.09162303664921466,
    "145":0.15706806282722513,
    "146":0.14397905759162302,
    "147":0.11780104712041885,
    "148":0.06544502617801047,
    "149":0.06544502617801047,
    "150":0.06544502617801047,
    "151":0.03926701570680628,
    "152":0.03926701570680628,
    "153":0.07853403141361257,
    "154":0.11780104712041885,
    "155":0.03926701570680628,
    "156":0.013089005235602096,
    "157":0.026178010471204192,
    "158":0.03926701570680628,
    "159":0.07853403141361257,
    "160":0.07853403141361257,
    "161":0.10471204188481677,
    "162":0.09162303664921466,
    "163":0.03926701570680628,
    "164":0.06544502617801047,
    "165":0.07853403141361257,
    "166":0.06544502617801047,
    "167":0.11780104712041885,
    "168":0.06544502617801047,
    "169":0.07853403141361257,
    "170":0.07853403141361257,
    "171":0.07853403141361257,
    "172":0.026178010471204192,
    "173":0.09162303664921466,
    "174":0.09162303664921466,
    "175":0.03926701570680628,
    "176":0.026178010471204192,
    "177":0.026178010471204192,
    "178":0.052356020942408384,
    "179":0.026178010471204192,
    "180":0.052356020942408384,
    "181":0.06544502617801047,
    "182":0.052356020942408384,
    "183":0.052356020942408384,
    "184":0.013089005235602096,
    "185":0.03926701570680628,
    "186":0.09162303664921466,
    "187":0.03926701570680628,
    "188":0.07853403141361257,
    "189":0.052356020942408384,
    "190":0.052356020942408384,
    "191":0.013089005235602096,
    "192":0.052356020942408384,
    "193":0.11780104712041885,
    "194":0.06544502617801047,
    "195":0.03926701570680628,
    "196":0.10471204188481677,
    "197":0.052356020942408384,
    "198":0.07853403141361257,
    "199":0.11780104712041885,
    "200":0.07853403141361257,
    "201":0.09162303664921466,
    "202":0.09162303664921466,
    "203":0.013089005235602096,
    "204":0.06544502617801047,
    "205":0.026178010471204192,
    "206":0.09162303664921466,
    "207":0.09162303664921466,
    "208":0.026178010471204192,
    "209":0.026178010471204192,
    "210":0.07853403141361257,
    "211":0.03926701570680628,
    "212":0.09162303664921466,
    "213":0.013089005235602096,
    "214":0.013089005235602096,
    "215":0.07853403141361257,
    "216":0.026178010471204192,
    "217":0.07853403141361257,
    "218":0.052356020942408384,
    "219":0.03926701570680628,
    "220":0.013089005235602096,
    "221":0.0,
    "222":0.052356020942408384,
    "223":0.03926701570680628,
    "224":0.052356020942408384,
    "225":0.026178010471204192,
    "226":0.03926701570680628,
    "227":0.052356020942408384,
    "228":0.026178010471204192,
    "229":0.013089005235602096,
    "230":0.013089005235602096,
    "231":0.03926701570680628,
    "232":0.026178010471204192,
    "233":0.026178010471204192,
    "234":0.026178010471204192,
    "235":0.013089005235602096,
    "236":0.013089005235602096,
    "237":0.026178010471204192,
    "238":0.0,
    "239":0.026178010471204192,
    "240":0.013089005235602096,
    "241":0.0,
    "242":0.0,
    "243":0.0,
    "244":0.09162303664921466,
    "245":0.0,
    "246":0.013089005235602096,
    "247":0.013089005235602096,
    "248":0.026178010471204192,
    "249":0.0,
    "250":0.026178010471204192,
    "251":0.013089005235602096,
    "252":0.03926701570680628,
    "253":0.013089005235602096,
    "254":0.0,
    "255":0.0,
    "256":0.03926701570680628,
    "257":0.026178010471204192,
    "258":0.03926701570680628,
    "259":0.026178010471204192,
    "260":0.026178010471204192,
    "261":0.026178010471204192,
    "262":0.013089005235602096,
    "263":0.013089005235602096,
    "264":0.0,
    "265":0.052356020942408384,
    "266":0.0,
    "267":0.0,
    "268":0.013089005235602096,
    "269":0.0,