{
    "0":7.425540595675234,
    "1":3.2027743778049773,
    "2":5.405956752345982,
    "3":3.508771929824561,
    "4":3.10077519379845,
    "5":1.142390860873113,
    "6":1.38718890248878,
    "7":0.8159934720522236,
    "8":0.44879640962872297,
    "9":0.6119951040391677,
    "10":0.42839657282741733,
    "11":0.8159934720522236,
    "12":0.8567931456548347,
    "13":0.7547939616483068,
    "14":0.9995920032639738,
    "15":1.0811913504691963,
    "16":1.4075887392900857,
    "17":1.1627906976744187,
    "18":1.6319869441044472,
    "19":1.7951856385148919,
    "20":1.4075887392900857,
    "21":1.4687882496940026,
    "22":1.2647898816809464,
    "23":1.1627906976744187,
    "24":1.3259893920848633,
    "25":1.4279885760913913,
    "26":1.346389228886169,
    "27":1.142390860873113,
    "28":1.040391676866585,
    "29":1.0811913504691963,
    "30":0.9995920032639738,
    "31":1.0199918400652794,
    "32":0.9179926560587516,
    "33":0.8363933088535292,
    "34":0.795593635250918,
    "35":0.46919624643002855,
    "36":0.5303957568339454,
    "37":0.6119951040391677,
    "38":0.5915952672378622,
    "39":0.5915952672378622,
    "40":0.69359445124439,
    "41":0.6731946144430845,
    "42":0.550795593635251,
    "43":1.040391676866585,
    "44":0.69359445124439,
    "45":0.6527947776417788,
    "46":0.8975928192574459,
    "47":0.9179926560587516,
    "48":0.5711954304365565,
    "49":0.6527947776417788,
    "50":0.5711954304365565,
    "51":0.6323949408404732,
    "52":0.4895960832313341,
    "53":0.69359445124439,
    "54":0.6527947776417788,
    "55":0.5303957568339454,
    "56":0.69359445124439,
    "57":0.6731946144430845,
    "58":0.36719706242350064,
    "59":0.42839657282741733,
    "60":0.6731946144430845,
    "61":0.6527947776417788,
    "62":0.4895960832313341,
    "63":0.550795593635251,
    "64":0.42839657282741733,
    "65":0.5711954304365565,
    "66":0.36719706242350064,
    "67":0.5915952672378622,
    "68":0.5099959200326397,
    "69":0.5303957568339454,
    "70":0.4079967360261118,
    "71":0.44879640962872297,
    "72":0.6323949408404732,
    "73":0.7547939616483068,
    "74":0.5711954304365565,
    "75":0.346797225622195,
    "76":0.5711954304365565,
    "77":0.5099959200326397,
    "78":0.5099959200326397,
    "79":0.5099959200326397,
    "80":0.346797225622195,
    "81":0.346797225622195,
    "82":0.346797225622195,
    "83":0.36719706242350064,
    "84":0.30599755201958384,
    "85":0.42839657282741733,
    "86":0.4895960832313341,
    "87":0.24479804161566704,
    "88":0.346797225622195,
    "89":0.22439820481436148,
    "90":0.346797225622195,
    "91":0.3263973888208894,
    "92":0.44879640962872297,
    "93":0.24479804161566704,
    "94":0.346797225622195,
    "95":0.24479804161566704,
    "96":0.22439820481436148,
    "97":0.14279885760913913,
    "98":0.24479804161566704,
    "99":0.2039983680130559,
    "100":0.10199918400652795,
    "101":0.18359853121175032,
    "102":0.10199918400652795,
    "103":0.14279885760913913,
    "104":0.08159934720522236,
    "105":0.06119951040391676,
    "106":0.08159934720522236,
    "107":0.1631986944104447,
    "108":0.12239902080783352,
    "109":0.04079967360261118,
    "110":0.08159934720522236,
    "111":0.14279885760913913,
    "112":0.04079967360261118,
    "113":0.12239902080783352,
    "114":0.10199918400652795,
    "115":0.12239902080783352,
    "116":0.10199918400652795,
    "117":0.10199918400652795,
    "118":0.02039983680130559,
    "119":0.08159934720522236,
    "120":0.10199918400652795,
    "121":0.14279885760913913,
    "122":0.10199918400652795,
    "123":0.10199918400652795,
    "124":0.1631986944104447,
    "125":0.08159934720522236,
    "126":0.12239902080783352,
    "127":0.2039983680130559,
    "128":0.08159934720522236,
    "129":0.08159934720522236,
    "130":0.18359853121175032,
    "131":0.12239902080783352,
    "132":0.2039983680130559,
    "133":0.14279885760913913,
    "134":0.04079967360261118,
    "135":0.08159934720522236,
    "136":0.12239902080783352,
    "137":0.12239902080783352,
    "138":0.08159934720522236,
    "139":0.1631986944104447,
    "140":0.08159934720522236,
    "141":0.2651978784169727,
    "142":0.14279885760913913,
    "143":0.2039983680130559,
    "144":0.12239902080783352,
    "145":0.18359853121175032,
    "146":0.12239902080783352,
    "147":0.08159934720522236,
    "148":0.12239902080783352,
    "149":0.06119951040391676,
    "150":0.08159934720522236,
    "151":0.1631986944104447,
    "152":0.2039983680130559,
    "153":0.14279885760913913,
    "154":0.02039983680130559,
    "155":0.08159934720522236,
    "156":0.04079967360261118,
    "157":0.06119951040391676,
    "158":0.06119951040391676,
    "159":0.08159934720522236,
    "160":0.10199918400652795,
    "161":0.08159934720522236,
    "162":0.10199918400652795,
    "163":0.04079967360261118,
    "164":0.02039983680130559,
    "165":0.02039983680130559,
    "166":0.06119951040391676,
    "167":0.04079967360261118,
    "168":0.18359853121175032,
    "169":0.02039983680130559,
    "170":0.2039983680130559,
    "171":0.04079967360261118,
    "172":0.10199918400652795,
    "173":0.10199918400652795,
    "174":0.04079967360261118,
    "175":0.08159934720522236,
    "176":0.08159934720522236,
    "177":0.08159934720522236,
    "178":0.08159934720522236,
    "179":0.06119951040391676,
    "180":0.06119951040391676,
    "181":0.08159934720522236,
    "182":0.10199918400652795,
    "183":0.04079967360261118,
    "184":0.08159934720522236,
    "185":0.12239902080783352,
    "186":0.08159934720522236,
    "187":0.12239902080783352,
    "188":0.10199918400652795,
    "189":0.04079967360261118,
    "190":0.12239902080783352,
    "191":0.02039983680130559,
    "192":0.06119951040391676,
    "193":0.0,
    "194":0.04079967360261118,
    "195":0.06119951040391676,
    "196":0.02039983680130559,
    "197":0.04079967360261118,
    "198":0.10199918400652795,
    "199":0.04079967360261118,
    "200":0.02039983680130559,
    "201":0.02039983680130559,
    "202":0.04079967360261118,
    "203":0.0,
    "204":0.06119951040391676,
    "205":0.08159934720522236,
    "206":0.06119951040391676,
    "207":0.02039983680130559,
    "208":0.04079967360261118,
    "209":0.02039983680130559,
    "210":0.06119951040391676,
    "211":0.02039983680130559,
    "212":0.02039983680130559,
    "213":0.0,
    "214":0.02039983680130559,
    "215":0.0,
    "216":0.06119951040391676,
    "217":0.02039983680130559,
    "218":0.06119951040391676,
    "219":0.02039983680130559,
    "220":0.0,
    "221":0.04079967360261118,
    "222":0.0,
    "223":0.10199918400652795,
    "224":0.10199918400652795,
    "225":0.02039983680130559,
    "226":0.02039983680130559,
    "227":0.0,
    "228":0.0,
    "229":0.02039983680130559,
    "230":0.02039983680130559,
    "231":0.0,
    "232":0.02039983680130559,
    "233":0.02039983680130559,
    "234":0.0,
    "235":0.0,
    "236":0.04079967360261118,
    "237":0.06119951040391676,
    "238":0.04079967360261118,
    "239":0.0,
    "240":0.0,
    "241":0.10199918400652795,
    "242":0.02039983680130559,
    "243":0.0,
    "244":0.0,
    "245":0.0,
    "246":0.0,
    "247":0.02039983680130559,
    "248":0.0,
    "249":0.0,
    "250":0.02039983680130559,
    "251":0.02039983680130559,
    "252":0.02039983680130559,
    "253":0.0,
    "254":0.0,
    "255":0.0,
    "256":0.02039983680130559,
    "257":0.0,
    "258":0.0,
    "259":0.02039983680130559,
    "260":0.0,
    "261":0.04079967360261118,
    "262":0.02039983680130559,
    "263":0.04079967360261118,
    "264":0.0,
    "265":0.0,
    "266":0.0,
    "267":0.0,
    "268":0.0,
    "269":0.02039983680130559,
    "270":0.04079967360261118,
    "271":0.0,
    "272":0.0,
    "273":0.0,
    "274":0.02039983680130559,
    "275":0.0,
    "276":0.02039983680130559,
    "277":0.02039983680130559,
    "278":0.0,
    "279":0.04079967360261118,
    "280":0.0,
    "281":0.0,
    "282":0.04079967360261118,
    "283":0.02039983680130559,
    "284":0.0,