{
    "0":7.263405255287332,
    "1":1.217688528092288,
    "2":3.8560136722922453,
    "3":4.774620807519761,
    "4":3.8453321939756466,
    "5":3.204443494979705,
    "6":2.595599230933561,
    "7":2.8305917538987395,
    "8":2.0294808801538133,
    "9":2.2644734031189917,
    "10":2.040162358470412,
    "11":1.8799401837214271,
    "12":2.104251228370006,
    "13":2.1256141850032044,
    "14":1.9974364452040163,
    "15":1.9226660969878233,
    "16":2.3178807947019866,
    "17":1.9760734885708182,
    "18":1.5915402691732534,
    "19":1.5167699209570606,
    "20":1.5060884426404615,
    "21":1.5701773125400558,
    "22":1.3885921811578723,
    "23":1.6022217474898526,
    "24":1.4206366161076693,
    "25":1.3245033112582782,
    "26":1.249732963042085,
    "27":1.153599658192694,
    "28":1.174962614825892,
    "29":1.6449476607562488,
    "30":1.239051484725486,
    "31":1.3458662678914763,
    "32":1.1001922666096988,
    "33":1.1322367015594959,
    "34":1.185644093142491,
    "35":0.9720145268105105,
    "36":0.9292886135441145,
    "37":0.9720145268105105,
    "38":0.8331553086947234,
    "39":0.8865627002777184,
    "40":0.7156590472121342,
    "41":0.8438367870113224,
    "42":0.48066652424695583,
    "43":0.5233924375133518,
    "44":0.5661183507797479,
    "45":0.44862208929715874,
    "46":0.5233924375133518,
    "47":0.3738517410809656,
    "48":0.5233924375133518,
    "49":0.4165776543473617,
    "50":0.4165776543473617,
    "51":0.3631702627643666,
    "52":0.5233924375133518,
    "53":0.3738517410809656,
    "54":0.4272591326639607,
    "55":0.40589617603076267,
    "56":0.3204443494979705,
    "57":0.3631702627643666,
    "58":0.3204443494979705,
    "59":0.43794061098055975,
    "60":0.4272591326639607,
    "61":0.34180730613116855,
    "62":0.2990813928647725,
    "63":0.3204443494979705,
    "64":0.2990813928647725,
    "65":0.3738517410809656,
    "66":0.20294808801538133,
    "67":0.20294808801538133,
    "68":0.2563554795983764,
    "69":0.2349925229651784,
    "70":0.1815851313821833,
    "71":0.2563554795983764,
    "72":0.2349925229651784,
    "73":0.17090365306558428,
    "74":0.13885921811578722,
    "75":0.27771843623157444,
    "76":0.26703695791497545,
    "77":0.16022217474898526,
    "78":0.17090365306558428,
    "79":0.16022217474898526,
    "80":0.17090365306558428,
    "81":0.19226660969878231,
    "82":0.14954069643238624,
    "83":0.16022217474898526,
    "84":0.17090365306558428,
    "85":0.1815851313821833,
    "86":0.1281777397991882,
    "87":0.16022217474898526,
    "88":0.07477034821619312,
    "89":0.16022217474898526,
    "90":0.1815851313821833,
    "91":0.1281777397991882,
    "92":0.13885921811578722,
    "93":0.1281777397991882,
    "94":0.07477034821619312,
    "95":0.08545182653279214,
    "96":0.08545182653279214,
    "97":0.21362956633198035,
    "98":0.1174962614825892,
    "99":0.1174962614825892,
    "100":0.10681478316599018,
    "101":0.09613330484939116,
    "102":0.13885921811578722,
    "103":0.1815851313821833,
    "104":0.1281777397991882,
    "105":0.10681478316599018,
    "106":0.05340739158299509,
    "107":0.07477034821619312,
    "108":0.07477034821619312,
    "109":0.021362956633198035,
    "110":0.010681478316599017,
    "111":0.08545182653279214,
    "112":0.08545182653279214,
    "113":0.0640888698995941,
    "114":0.1174962614825892,
    "115":0.09613330484939116,
    "116":0.05340739158299509,
    "117":0.0640888698995941,
    "118":0.05340739158299509,
    "119":0.04272591326639607,
    "120":0.04272591326639607,
    "121":0.08545182653279214,
    "122":0.0640888698995941,
    "123":0.05340739158299509,
    "124":0.04272591326639607,
    "125":0.03204443494979705,
    "126":0.07477034821619312,
    "127":0.07477034821619312,
    "128":0.0640888698995941,
    "129":0.010681478316599017,
    "130":0.07477034821619312,
    "131":0.010681478316599017,
    "132":0.04272591326639607,
    "133":0.05340739158299509,
    "134":0.1174962614825892,
    "135":0.0640888698995941,
    "136":0.08545182653279214,
    "137":0.04272591326639607,
    "138":0.04272591326639607,
    "139":0.04272591326639607,
    "140":0.1281777397991882,
    "141":0.021362956633198035,
    "142":0.04272591326639607,
    "143":0.0640888698995941,
    "144":0.08545182653279214,
    "145":0.021362956633198035,
    "146":0.08545182653279214,
    "147":0.08545182653279214,
    "148":0.0640888698995941,
    "149":0.04272591326639607,
    "150":0.07477034821619312,
    "151":0.03204443494979705,
    "152":0.021362956633198035,
    "153":0.021362956633198035,
    "154":0.04272591326639607,
    "155":0.021362956633198035,
    "156":0.08545182653279214,
    "157":0.03204443494979705,
    "158":0.021362956633198035,
    "159":0.021362956633198035,
    "160":0.05340739158299509,
    "161":0.04272591326639607,
    "162":0.03204443494979705,
    "163":0.05340739158299509,
    "164":0.0,
    "165":0.05340739158299509,
    "166":0.021362956633198035,
    "167":0.0,
    "168":0.010681478316599017,
    "169":0.0640888698995941,
    "170":0.010681478316599017,
    "171":0.04272591326639607,
    "172":0.04272591326639607,
    "173":0.03204443494979705,
    "174":0.021362956633198035,
    "175":0.03204443494979705,
    "176":0.021362956633198035,
    "177":0.021362956633198035,
    "178":0.03204443494979705,
    "179":0.021362956633198035,
    "180":0.03204443494979705,
    "181":0.010681478316599017,
    "182":0.03204443494979705,
    "183":0.021362956633198035,
    "184":0.021362956633198035,
    "185":0.010681478316599017,
    "186":0.0640888698995941,
    "187":0.021362956633198035,
    "188":0.010681478316599017,
    "189":0.010681478316599017,
    "190":0.010681478316599017,
    "191":0.05340739158299509,
    "192":0.010681478316599017,
    "193":0.0,
    "194":0.0,
    "195":0.0,
    "196":0.0,
    "197":0.0,
    "198":0.0,
    "199":0.0,
    "200":0.0,
    "201":0.0,
    "202":0.010681478316599017,
    "203":0.010681478316599017,
    "204":0.010681478316599017,
    "205":0.0,
    "206":0.0,
    "207":0.010681478316599017,
    "208":0.0,
    "209":0.0,
    "210":0.010681478316599017,
    "211":0.0,
    "212":0.0,
    "213":0.0,
    "214":0.021362956633198035,
    "215":0.021362956633198035,
    "216":0.04272591326639607,
    "217":0.0,
    "218":0.0,
    "219":0.0,
    "220":0.0,
    "221":0.0,
    "222":0.0,
    "223":0.0,
    "224":0.0
}