{
    "0":[
        [
            -19.917378565792028,
            -43.94478067132572,
            "8979076621",
            "5"
        ]
    ],
    "1":[
        [
            -19.92193479285602,
            -43.94503204551107,
            "300000000001",
            "0"
        ]
    ],
    "10":[
        [
            -19.922593634924553,
            -43.943681746139916,
            "300000000010",
            "0"
        ]
    ],
    "11":[
        [
            -19.918949944203717,
            -43.9432865050903,
            "300000000011",
            "3"
        ]
    ],
    "12":[
        [
            -19.921074099326667,
            -43.943080325051156,
            "300000000012",
            "4"
        ]
    ],
    "13":[
        [
            -19.917525924565314,
            -43.9424751081156,
            "300000000013",
            "4"
        ]
    ],
    "14":[
        [
            -19.918377651773135,
            -43.94446078416925,
            "300000000014",
            "1"
        ]
    ],
    "15":[
        [
            -19.920606236285106,
            -43.941595738071165,
            "300000000016",
            "2"
        ]
    ],
    "16":[
        [
            -19.921938879367683,
            -43.943436207813534,
            "300000000017",
            "1"
        ]
    ],
    "17":[
        [
            -19.917600051947915,
            -43.943735002348674,
            "300000000018",
            "3"
        ]
    ],
    "18":[
        [
            -19.921266434040383,
            -43.9479009499298,
            "300000000019",
            "4"
        ]
    ],
    "19":[
        [
            -19.918976547217195,
            -43.94476806925971,
            "300000000020",
            "4"
        ]
    ],
    "2":[
        [
            -19.92302011668245,
            -43.941879747728905,
            "300000000002",
            "3"
        ]
    ],
    "20":[
        [
            -19.91850317010812,
            -43.94072998586774,
            "300000000021",
            "5"
        ]
    ],
    "21":[
        [
            -19.920441968571787,
            -43.942141331265965,
            "300000000022",
            "0"
        ]
    ],
    "22":[
        [
            -19.92099060158743,
            -43.94319781430861,
            "300000000023",
            "3"
        ]
    ],
    "23":[
        [
            -19.92167577204578,
            -43.94259415587723,
            "300000000024",
            "5"
        ]
    ],
    "24":[
        [
            -19.921800019820235,
            -43.94377476523808,
            "300000000025",
            "0"
        ]
    ],
    "25":[
        [
            -19.91809800543861,
            -43.945793274525954,
            "300000000026",
            "3"
        ]
    ],
    "26":[
        [
            -19.92009329213281,
            -43.943667123650535,
            "300000000027",
            "4"
        ]
    ],
    "27":[
        [
            -19.923217502034728,
            -43.94349067689404,
            "300000000028",
            "1"
        ]
    ],
    "28":[
        [
            -19.922213438819604,
            -43.94317171771074,
            "300000000029",
            "4"
        ]
    ],
    "29":[
        [
            -19.92266182401354,
            -43.94491824207616,
            "300000000030",
            "0"
        ]
    ],
    "3":[
        [
            -19.92244264207123,
            -43.94507145023549,
            "300000000003",
            "1"
        ]
    ],
    "4":[
        [
            -19.91838319667807,
            -43.9430388841817,
            "300000000004",
            "4"
        ]
    ],
    "5":[
        [
            -19.92006684206336,
            -43.943296140764254,
            "300000000005",
            "3"
        ]
    ],
    "6":[
        [
            -19.9208753117253,
            -43.94373497202198,
            "300000000006",
            "0"
        ]
    ],
    "7":[
        [
            -19.917657522653933,
            -43.94351375572217,
            "300000000007",
            "3"
        ]
    ],
    "8":[
        [
            -19.922792532430538,
            -43.94407873086914,
            "300000000008",
            "4"
        ]
    ],
    "9":[
        [
            -19.919165533644314,
            -43.94455630736039,
            "300000000009",
            "1"
        ]
    ],
    "total_length":6459.60110843405,
    "total_time":12.893924474716187
}