{
    "0":[
        [
            -19.921468878564607,
            -43.94010068224981,
            "300000000001",
            "0"
        ]
    ],
    "1":[
        [
            -19.91223720360681,
            -43.945462885778134,
            "300000000002",
            "3"
        ]
    ],
    "10":[
        [
            -19.917822653993174,
            -43.942389062432014,
            "300000000011",
            "3"
        ]
    ],
    "11":[
        [
            -19.922609640263243,
            -43.94248822934773,
            "300000000012",
            "4"
        ]
    ],
    "12":[
        [
            -19.921132951456848,
            -43.94789278251637,
            "300000000013",
            "4"
        ]
    ],
    "13":[
        [
            -19.919318787143595,
            -43.94091758818476,
            "300000000014",
            "1"
        ]
    ],
    "14":[
        [
            -19.92255997658767,
            -43.94157075021359,
            "300000000015",
            "5"
        ]
    ],
    "15":[
        [
            -19.919183199906854,
            -43.94125456907248,
            "300000000016",
            "2"
        ]
    ],
    "16":[
        [
            -19.92329287198568,
            -43.94585187962084,
            "300000000017",
            "1"
        ]
    ],
    "17":[
        [
            -19.919515027995878,
            -43.94576279172863,
            "300000000018",
            "3"
        ]
    ],
    "18":[
        [
            -19.92508898185967,
            -43.943191594136145,
            "300000000019",
            "4"
        ]
    ],
    "19":[
        [
            -19.922165895415752,
            -43.94480083617151,
            "300000000020",
            "4"
        ]
    ],
    "2":[
        [
            -19.920624790866594,
            -43.94509428322969,
            "300000000003",
            "1"
        ]
    ],
    "20":[
        [
            -19.915283842434587,
            -43.944588379182285,
            "300000000021",
            "5"
        ]
    ],
    "21":[
        [
            -19.915413416082803,
            -43.94448327398784,
            "300000000022",
            "0"
        ]
    ],
    "22":[
        [
            -19.921248326551005,
            -43.94202834785767,
            "300000000023",
            "3"
        ]
    ],
    "23":[
        [
            -19.920365716500644,
            -43.94257467979908,
            "300000000024",
            "5"
        ]
    ],
    "24":[
        [
            -19.92067293686501,
            -43.9417028296703,
            "300000000025",
            "0"
        ]
    ],
    "25":[
        [
            -19.917428289831918,
            -43.94124438288262,
            "300000000026",
            "3"
        ]
    ],
    "26":[
        [
            -19.923059217029376,
            -43.94244046688866,
            "300000000027",
            "4"
        ]
    ],
    "27":[
        [
            -19.918929239224493,
            -43.946342536718525,
            "300000000028",
            "1"
        ]
    ],
    "28":[
        [
            -19.91771206472038,
            -43.94251447199334,
            "300000000029",
            "4"
        ]
    ],
    "29":[
        [
            -19.920466780053626,
            -43.94380571332443,
            "300000000030",
            "0"
        ]
    ],
    "3":[
        [
            -19.91832898821116,
            -43.94244654573916,
            "300000000004",
            "4"
        ]
    ],
    "4":[
        [
            -19.918000470625884,
            -43.946175235749564,
            "300000000005",
            "3"
        ]
    ],
    "5":[
        [
            -19.923884727960644,
            -43.9467540651538,
            "300000000006",
            "0"
        ]
    ],
    "6":[
        [
            -19.92012239089402,
            -43.945210860144016,
            "300000000007",
            "3"
        ]
    ],
    "7":[
        [
            -19.92111674232034,
            -43.94386329761365,
            "300000000008",
            "4"
        ]
    ],
    "8":[
        [
            -19.92049516176047,
            -43.94346047459873,
            "300000000009",
            "1"
        ]
    ],
    "9":[
        [
            -19.920410742854337,
            -43.94175977930159,
            "300000000010",
            "0"
        ]
    ],
    "total_length":11142.00962385488,
    "total_time":45.28108525276184
}