{
    "0":3.3029767568302297,
    "1":2.7728693761043903,
    "2":6.252548593176567,
    "3":5.7632187032757916,
    "4":3.139866793529972,
    "5":2.460241946445562,
    "6":2.4330569525621857,
    "7":2.5825744189207556,
    "8":2.963164333288025,
    "9":3.0719043088215305,
    "10":3.506864210955553,
    "11":3.1262742965882837,
    "12":2.3922794617371212,
    "13":2.161207013728422,
    "14":2.229169498436863,
    "15":1.9165420687780346,
    "16":2.2427619953785514,
    "17":1.821394590186217,
    "18":2.283539486203616,
    "19":1.8757645779529701,
    "20":1.6854696207693354,
    "21":1.5223596574690772,
    "22":1.671877123827647,
    "23":1.671877123827647,
    "24":1.9301345657197229,
    "25":1.821394590186217,
    "26":1.8349870871279053,
    "27":1.7534321054777764,
    "28":1.4543971727606362,
    "29":1.3592496941688188,
    "30":1.4408046758189479,
    "31":1.2505097186353131,
    "32":1.1145847492184315,
    "33":0.9786597798015495,
    "34":0.7475873317928503,
    "35":0.48932988990077475,
    "36":0.7339948348511621,
    "37":0.4621448960173984,
    "38":0.5301073807258394,
    "39":0.4621448960173984,
    "40":0.42136740519233384,
    "41":0.5165148837841511,
    "42":0.434959902134022,
    "43":0.42136740519233384,
    "44":0.5844773684925921,
    "45":0.5980698654342803,
    "46":0.3941824113089574,
    "47":0.5301073807258394,
    "48":0.3534049204838929,
    "49":0.6116623623759685,
    "50":0.3534049204838929,
    "51":0.47573739295908657,
    "52":0.40777490825064566,
    "53":0.42136740519233384,
    "54":0.40777490825064566,
    "55":0.36699741742558106,
    "56":0.36699741742558106,
    "57":0.2718499388337638,
    "58":0.3398124235422047,
    "59":0.29903493271714016,
    "60":0.3534049204838929,
    "61":0.25825744189207556,
    "62":0.24466494495038738,
    "63":0.2718499388337638,
    "64":0.17670246024194644,
    "65":0.16310996330025826,
    "66":0.12233247247519369,
    "67":0.2718499388337638,
    "68":0.2310724480086992,
    "69":0.2718499388337638,
    "70":0.19029495718363465,
    "71":0.285442435775452,
    "72":0.217479951067011,
    "73":0.217479951067011,
    "74":0.14951746635857008,
    "75":0.285442435775452,
    "76":0.17670246024194644,
    "77":0.25825744189207556,
    "78":0.19029495718363465,
    "79":0.09514747859181732,
    "80":0.08155498165012913,
    "81":0.14951746635857008,
    "82":0.19029495718363465,
    "83":0.08155498165012913,
    "84":0.05436998776675275,
    "85":0.08155498165012913,
    "86":0.027184993883376377,
    "87":0.14951746635857008,
    "88":0.040777490825064565,
    "89":0.040777490825064565,
    "90":0.08155498165012913,
    "91":0.05436998776675275,
    "92":0.040777490825064565,
    "93":0.06796248470844095,
    "94":0.06796248470844095,
    "95":0.040777490825064565,
    "96":0.1359249694168819,
    "97":0.040777490825064565,
    "98":0.0,
    "99":0.027184993883376377,
    "100":0.040777490825064565,
    "101":0.05436998776675275,
    "102":0.040777490825064565,
    "103":0.040777490825064565,
    "104":0.013592496941688188,
    "105":0.09514747859181732,
    "106":0.0,
    "107":0.027184993883376377,
    "108":0.040777490825064565,
    "109":0.027184993883376377,
    "110":0.027184993883376377,
    "111":0.05436998776675275,
    "112":0.040777490825064565,
    "113":0.08155498165012913,
    "114":0.0,
    "115":0.040777490825064565,
    "116":0.013592496941688188,
    "117":0.05436998776675275,
    "118":0.0,
    "119":0.013592496941688188,
    "120":0.013592496941688188,
    "121":0.027184993883376377,
    "122":0.08155498165012913,
    "123":0.013592496941688188,
    "124":0.013592496941688188,
    "125":0.013592496941688188,
    "126":0.040777490825064565,
    "127":0.0,
    "128":0.027184993883376377,
    "129":0.0,
    "130":0.013592496941688188,
    "131":0.013592496941688188,
    "132":0.040777490825064565,
    "133":0.0,
    "134":0.027184993883376377,
    "135":0.027184993883376377,
    "136":0.040777490825064565,
    "137":0.1087399755335055,
    "138":0.013592496941688188,
    "139":0.027184993883376377,
    "140":0.027184993883376377,
    "141":0.013592496941688188,
    "142":0.0,
    "143":0.0,
    "144":0.027184993883376377,
    "145":0.040777490825064565,
    "146":0.013592496941688188,
    "147":0.013592496941688188,
    "148":0.013592496941688188,
    "149":0.06796248470844095,
    "150":0.013592496941688188,
    "151":0.013592496941688188,
    "152":0.027184993883376377,
    "153":0.013592496941688188,
    "154":0.013592496941688188,
    "155":0.0,
    "156":0.013592496941688188,
    "157":0.0,
    "158":0.05436998776675275,
    "159":0.0,
    "160":0.013592496941688188,
    "161":0.05436998776675275,
    "162":0.05436998776675275,
    "163":0.027184993883376377,
    "164":0.013592496941688188,
    "165":0.013592496941688188,
    "166":0.013592496941688188,
    "167":0.05436998776675275,
    "168":0.027184993883376377,
    "169":0.013592496941688188,
    "170":0.013592496941688188,
    "171":0.013592496941688188,
    "172":0.0,
    "173":0.0,
    "174":0.027184993883376377,
    "175":0.040777490825064565,
    "176":0.040777490825064565,
    "177":0.0,
    "178":0.040777490825064565,
    "179":0.05436998776675275,
    "180":0.013592496941688188,
    "181":0.0,
    "182":0.0,
    "183":0.013592496941688188,
    "184":0.0,
    "185":0.013592496941688188,
    "186":0.0,
    "187":0.0,
    "188":0.013592496941688188,
    "189":0.013592496941688188,
    "190":0.0,
    "191":0.027184993883376377,
    "192":0.0,
    "193":0.0,
    "194":0.013592496941688188,
    "195":0.013592496941688188,
    "196":0.013592496941688188,
    "197":0.05436998776675275,
    "198":0.0,
    "199":0.0,
    "200":0.0,
    "201":0.0,
    "202":0.0,
    "203":0.0,
    "204":0.0,
    "205":0.0,
    "206":0.0
}