{
    "0":[
        [
            -19.92155444410369,
            -43.94237365758266,
            "300000000001",
            "0"
        ]
    ],
    "1":[
        [
            -19.915911364185437,
            -43.941248327361365,
            "300000000002",
            "3"
        ]
    ],
    "10":[
        [
            -19.91857948019955,
            -43.94174589850852,
            "300000000011",
            "3"
        ]
    ],
    "11":[
        [
            -19.91646474154908,
            -43.94304852429334,
            "300000000012",
            "4"
        ]
    ],
    "12":[
        [
            -19.91567383377736,
            -43.9426669811421,
            "300000000013",
            "4"
        ]
    ],
    "13":[
        [
            -19.919341415677607,
            -43.944754396900066,
            "8979076638",
            "1"
        ]
    ],
    "14":[
        [
            -19.922904022358658,
            -43.9444750753251,
            "300000000015",
            "5"
        ]
    ],
    "15":[
        [
            -19.92065925063565,
            -43.945497608951754,
            "300000000016",
            "2"
        ]
    ],
    "16":[
        [
            -19.92032121294442,
            -43.942331705101466,
            "300000000017",
            "1"
        ]
    ],
    "17":[
        [
            -19.921030217125267,
            -43.944123629036184,
            "300000000018",
            "3"
        ]
    ],
    "18":[
        [
            -19.925557145332434,
            -43.94308237745968,
            "300000000019",
            "4"
        ]
    ],
    "19":[
        [
            -19.918263802680595,
            -43.94544219715062,
            "300000000020",
            "4"
        ]
    ],
    "2":[
        [
            -19.921016965921883,
            -43.946973132511296,
            "300000000003",
            "1"
        ]
    ],
    "20":[
        [
            -19.920194599351195,
            -43.94361282217724,
            "300000000021",
            "5"
        ]
    ],
    "21":[
        [
            -19.921586505484616,
            -43.94523269570793,
            "300000000022",
            "0"
        ]
    ],
    "22":[
        [
            -19.919657260719067,
            -43.94411772902268,
            "300000000023",
            "3"
        ]
    ],
    "23":[
        [
            -19.923250786162654,
            -43.94484263161902,
            "300000000024",
            "5"
        ]
    ],
    "24":[
        [
            -19.918843365312526,
            -43.9431564048077,
            "300000000025",
            "0"
        ]
    ],
    "25":[
        [
            -19.919013582995515,
            -43.94295443221023,
            "300000000026",
            "3"
        ]
    ],
    "26":[
        [
            -19.92085684141354,
            -43.94322958956313,
            "300000000027",
            "4"
        ]
    ],
    "27":[
        [
            -19.920188503933186,
            -43.9457803785985,
            "300000000028",
            "1"
        ]
    ],
    "28":[
        [
            -19.9212879679651,
            -43.94537633885533,
            "300000000029",
            "4"
        ]
    ],
    "29":[
        [
            -19.91732266012948,
            -43.94564562138923,
            "300000000030",
            "0"
        ]
    ],
    "3":[
        [
            -19.920909937199273,
            -43.942109607047016,
            "300000000004",
            "4"
        ]
    ],
    "4":[
        [
            -19.923026545571837,
            -43.94329376097326,
            "300000000005",
            "3"
        ]
    ],
    "5":[
        [
            -19.917278599490967,
            -43.94477416661633,
            "300000000006",
            "0"
        ]
    ],
    "6":[
        [
            -19.921718207360033,
            -43.94238623230718,
            "300000000007",
            "3"
        ]
    ],
    "7":[
        [
            -19.919217182048722,
            -43.94274857804934,
            "300000000008",
            "4"
        ]
    ],
    "8":[
        [
            -19.922037935938206,
            -43.94697667860801,
            "300000000009",
            "1"
        ]
    ],
    "9":[
        [
            -19.91710938972395,
            -43.94447012569154,
            "300000000010",
            "0"
        ]
    ],
    "total_length":8895.525206525066,
    "total_time":40.91072726249695
}