{
    "0":[
        [
            -19.924070691008218,
            -43.94441780096559,
            "300000000001",
            "0"
        ]
    ],
    "1":[
        [
            -19.92131664470578,
            -43.941974252779254,
            "300000000002",
            "3"
        ]
    ],
    "10":[
        [
            -19.92296861880121,
            -43.94610359691646,
            "300000000011",
            "3"
        ]
    ],
    "11":[
        [
            -19.925740521583513,
            -43.94528108124346,
            "6913922195",
            "4"
        ]
    ],
    "12":[
        [
            -19.919366062858987,
            -43.94214504866056,
            "300000000013",
            "4"
        ]
    ],
    "13":[
        [
            -19.92318031622049,
            -43.94241004309454,
            "300000000014",
            "1"
        ]
    ],
    "14":[
        [
            -19.91867172372655,
            -43.94403802038033,
            "300000000015",
            "5"
        ]
    ],
    "15":[
        [
            -19.91648421644138,
            -43.94716181291384,
            "300000000016",
            "2"
        ]
    ],
    "16":[
        [
            -19.917619913291258,
            -43.94636329142799,
            "300000000017",
            "1"
        ]
    ],
    "17":[
        [
            -19.92007622383873,
            -43.94266109410249,
            "300000000018",
            "3"
        ]
    ],
    "18":[
        [
            -19.920234289414196,
            -43.94218210929686,
            "300000000019",
            "4"
        ]
    ],
    "19":[
        [
            -19.9203223945639,
            -43.941551770604114,
            "300000000020",
            "4"
        ]
    ],
    "2":[
        [
            -19.91779487640651,
            -43.94529602818759,
            "300000000003",
            "1"
        ]
    ],
    "20":[
        [
            -19.918984408267168,
            -43.94001508877093,
            "300000000021",
            "5"
        ]
    ],
    "21":[
        [
            -19.915110988234034,
            -43.94407153308173,
            "300000000022",
            "0"
        ]
    ],
    "22":[
        [
            -19.922592270122532,
            -43.9430404101306,
            "300000000023",
            "3"
        ]
    ],
    "23":[
        [
            -19.9207857785507,
            -43.943652712834925,
            "300000000024",
            "5"
        ]
    ],
    "24":[
        [
            -19.919586592548576,
            -43.942403619727415,
            "300000000025",
            "0"
        ]
    ],
    "25":[
        [
            -19.91970138472794,
            -43.94583152000605,
            "29096835",
            "3"
        ]
    ],
    "26":[
        [
            -19.91846800631281,
            -43.94264978101147,
            "29145509",
            "4"
        ]
    ],
    "27":[
        [
            -19.91988308190059,
            -43.94414549977721,
            "300000000028",
            "1"
        ]
    ],
    "28":[
        [
            -19.9228611103606,
            -43.94536186369274,
            "300000000029",
            "4"
        ]
    ],
    "29":[
        [
            -19.920433950153747,
            -43.94501425510403,
            "300000000030",
            "0"
        ]
    ],
    "3":[
        [
            -19.920300326166387,
            -43.94264157229364,
            "300000000004",
            "4"
        ]
    ],
    "4":[
        [
            -19.918666767956765,
            -43.94429432819421,
            "300000000005",
            "3"
        ]
    ],
    "5":[
        [
            -19.925339252923433,
            -43.94520048646963,
            "300000000006",
            "0"
        ]
    ],
    "6":[
        [
            -19.920111589753972,
            -43.945552108237294,
            "300000000007",
            "3"
        ]
    ],
    "7":[
        [
            -19.921762626839534,
            -43.94279547239411,
            "300000000008",
            "4"
        ]
    ],
    "8":[
        [
            -19.91918992319838,
            -43.94228745586114,
            "300000000009",
            "1"
        ]
    ],
    "9":[
        [
            -19.922878814471037,
            -43.94215987787362,
            "300000000010",
            "0"
        ]
    ],
    "total_length":10521.21457991475,
    "total_time":42.831048250198364
}